id	family	row	field	japanese	full_english	display	glossary_references	wording_status	notes
ally.dialogue.001.0	dialogue	1	0	$m0「うへへへ。<CR>$xおいら　あんたのために<CR>$xがんばるよ～。	"$m0: ""Heh heh heh. I'll do my best for you!"""		enemy.drooling_ghoul	independent_dialogue_existing_glossary	Independent translation from the pinned Japanese. Full eight-response set for this species; existing glossary names retained. Voice and sound effects are project dialogue choices. $x indentation replaced by measured English pages.
ally.dialogue.001.1	dialogue	1	1	$m0「おいら<CR>$x身体は　ちっこいけど<CR>$x勇気だけは　人いち倍さ！	"$m0: ""I may be small, but I've got more courage than anyone!"""		enemy.drooling_ghoul	independent_dialogue_existing_glossary	Independent translation from the pinned Japanese. Full eight-response set for this species; existing glossary names retained. Voice and sound effects are project dialogue choices. $x indentation replaced by measured English pages.
ally.dialogue.001.2	dialogue	1	2	$m0「う～ん。<CR>$xおいら　ちょっと　ケガしてるけど<CR>$xまだまだ　いけるよ～。	"$m0: ""Hmm... I'm a little hurt, but I've still got plenty of fight in me!"""		enemy.drooling_ghoul	independent_dialogue_existing_glossary	Independent translation from the pinned Japanese. Full eight-response set for this species; existing glossary names retained. Voice and sound effects are project dialogue choices. $x indentation replaced by measured English pages.
ally.dialogue.001.3	dialogue	1	3	$m0「ん～　なんか<CR>$xだいぶ　体力が　減ってるよ。	"$m0: ""Hmm... I've lost quite a lot of strength."""		enemy.drooling_ghoul	independent_dialogue_existing_glossary	Independent translation from the pinned Japanese. Full eight-response set for this species; existing glossary names retained. Voice and sound effects are project dialogue choices. $x indentation replaced by measured English pages.
ally.dialogue.001.4	dialogue	1	4	$m0「うう……。<CR>$xおいら　そろそろ　ダメみたい。<CR>$x役に立てなくて　ゴメンよ～。	"$m0: ""Ugh... I don't think I can last much longer. Sorry I couldn't help more..."""		enemy.drooling_ghoul	independent_dialogue_existing_glossary	Independent translation from the pinned Japanese. Full eight-response set for this species; existing glossary names retained. Voice and sound effects are project dialogue choices. $x indentation replaced by measured English pages.
ally.dialogue.001.5	dialogue	1	5	$m0「あう。<CR>$xおいら　もう　残りの体力が<CR>$xぜんぜん　ないみたい……。	"$m0: ""Oof... I don't think I've got any strength left..."""		enemy.drooling_ghoul	independent_dialogue_existing_glossary	Independent translation from the pinned Japanese. Full eight-response set for this species; existing glossary names retained. Voice and sound effects are project dialogue choices. $x indentation replaced by measured English pages.
ally.dialogue.001.6	dialogue	1	6	$m0「おいら　レベルが上がったよ。<CR>$xもっともっと　がんばるよ～。	"$m0: ""I've levelled up! I'll work even harder for you!"""		enemy.drooling_ghoul	independent_dialogue_existing_glossary	Independent translation from the pinned Japanese. Full eight-response set for this species; existing glossary names retained. Voice and sound effects are project dialogue choices. $x indentation replaced by measured English pages.
ally.dialogue.001.7	dialogue	1	7	$m0「わ～い。<CR>$xレベルが　上がった～。	"$m0: ""Hooray! My level went up!"""		enemy.drooling_ghoul	independent_dialogue_existing_glossary	Independent translation from the pinned Japanese. Full eight-response set for this species; existing glossary names retained. Voice and sound effects are project dialogue choices. $x indentation replaced by measured English pages.
ally.dialogue.002.0	dialogue	2	0	$m0「うふふふふ。<CR>$x今日も　ボクのベロは<CR>$x絶好調なんだベロ～。	"$m0: ""Hee hee hee! My tongue's in tip-top shape today!"""		enemy.frolicker	independent_dialogue_existing_glossary	Independent translation from the pinned Japanese. Full eight-response set for this species; existing glossary names retained. Voice and sound effects are project dialogue choices. $x indentation replaced by measured English pages.
ally.dialogue.002.1	dialogue	2	1	$m0「ほーら　こんなに<CR>$xのびるんだよ　ボクのベロ。	"$m0: ""Look how far I can stretch my tongue!"""		enemy.frolicker	independent_dialogue_existing_glossary	Independent translation from the pinned Japanese. Full eight-response set for this species; existing glossary names retained. Voice and sound effects are project dialogue choices. $x indentation replaced by measured English pages.
ally.dialogue.002.2	dialogue	2	2	$m0「ボクのベロは<CR>$xこんな　ていどじゃ　まだまだ<CR>$xなめるのを　やめないベロ！	"$m0: ""A little knock like that won't stop this tongue! I'm not licked yet!"""		enemy.frolicker	independent_dialogue_existing_glossary	Independent translation from the pinned Japanese. Full eight-response set for this species; existing glossary names retained. Voice and sound effects are project dialogue choices. $x indentation replaced by measured English pages.
ally.dialogue.002.3	dialogue	2	3	$m0「むむむ。<CR>$xベロの　のびが　イマイチだな～。<CR>$x体力減ってるからベロ？	"$m0: ""Hmm... My tongue won't stretch very far. Am I running out of strength?"""		enemy.frolicker	independent_dialogue_existing_glossary	Independent translation from the pinned Japanese. Full eight-response set for this species; existing glossary names retained. Voice and sound effects are project dialogue choices. $x indentation replaced by measured English pages.
ally.dialogue.002.4	dialogue	2	4	$m0「なにを　なめても<CR>$x味が　しないんベロ……。	"$m0: ""Whatever I lick, I can't taste a thing..."""		enemy.frolicker	independent_dialogue_existing_glossary	Independent translation from the pinned Japanese. Full eight-response set for this species; existing glossary names retained. Voice and sound effects are project dialogue choices. $x indentation replaced by measured English pages.
ally.dialogue.002.5	dialogue	2	5	$m0「うう　ベロが……。<CR>$xボクのベロが　ぜんぜん<CR>$xのびなくなっちゃったベロ……。	"$m0: ""Ugh, my tongue... I can't stretch it at all any more..."""		enemy.frolicker	independent_dialogue_existing_glossary	Independent translation from the pinned Japanese. Full eight-response set for this species; existing glossary names retained. Voice and sound effects are project dialogue choices. $x indentation replaced by measured English pages.
ally.dialogue.002.6	dialogue	2	6	$m0「あれ？<CR>$xもしかして　ボク　ちょっと<CR>$x強くなったベロ？	"$m0: ""Huh? Did I just get a little stronger?"""		enemy.frolicker	independent_dialogue_existing_glossary	Independent translation from the pinned Japanese. Full eight-response set for this species; existing glossary names retained. Voice and sound effects are project dialogue choices. $x indentation replaced by measured English pages.
ally.dialogue.002.7	dialogue	2	7	$m0「レベルアップだ！<CR>$xベロも　もっと　のびるように<CR>$xなったベロ？	"$m0: ""Level up! Can I stretch my tongue even further now?"""		enemy.frolicker	independent_dialogue_existing_glossary	Independent translation from the pinned Japanese. Full eight-response set for this species; existing glossary names retained. Voice and sound effects are project dialogue choices. $x indentation replaced by measured English pages.
ally.dialogue.003.0	dialogue	3	0	$m0「え？　ああ<CR>$xボク　逃げてないよー<CR>$xちゃんと　戦ってるよ。	"$m0: ""Huh? Oh, I'm not running away! I'm fighting, honest!"""		enemy.liquid_metal_slime	independent_dialogue_existing_glossary	Independent translation from the pinned Japanese. Full eight-response set for this species; existing glossary names retained. Voice and sound effects are project dialogue choices. $x indentation replaced by measured English pages.
ally.dialogue.003.1	dialogue	3	1	$m0「体力マックスの<CR>$xボクのスピードに　キミは<CR>$xついてこれるかな！？	"$m0: ""With my HP full, can you keep up with my speed!?"""		enemy.liquid_metal_slime,hp	independent_dialogue_existing_glossary	Independent translation from the pinned Japanese. Full eight-response set for this species; existing glossary names retained. Voice and sound effects are project dialogue choices. $x indentation replaced by measured English pages.
ally.dialogue.003.2	dialogue	3	2	$m0「そろそろ<CR>$xここから　逃げ出そうかな～。	"$m0: ""Maybe it's about time I slipped out of here..."""		enemy.liquid_metal_slime	independent_dialogue_existing_glossary	Independent translation from the pinned Japanese. Full eight-response set for this species; existing glossary names retained. Voice and sound effects are project dialogue choices. $x indentation replaced by measured English pages.
ally.dialogue.003.3	dialogue	3	3	$m0「おっと　体力が<CR>$x減っているとはいえ　このボクが<CR>$x追いつかれるとは……。	"$m0: ""Whoa! Even with my HP down, I never thought anyone would catch up to me..."""		enemy.liquid_metal_slime,hp	independent_dialogue_existing_glossary	Independent translation from the pinned Japanese. Full eight-response set for this species; existing glossary names retained. Voice and sound effects are project dialogue choices. $x indentation replaced by measured English pages.
ally.dialogue.003.4	dialogue	3	4	$m0「もう　逃げる！<CR>$xすぐ逃げる！　今から逃げる！！	"$m0: ""I'm running away! Right away! Starting NOW!"""		enemy.liquid_metal_slime	independent_dialogue_existing_glossary	Independent translation from the pinned Japanese. Full eight-response set for this species; existing glossary names retained. Voice and sound effects are project dialogue choices. $x indentation replaced by measured English pages.
ally.dialogue.003.5	dialogue	3	5	$m0「ダメだ……。<CR>$x体力がないから　ジマンの逃げ足が<CR>$xにぶっているみたい……。	"$m0: ""Oh no... I'm so weak, even my famous getaway speed is suffering..."""		enemy.liquid_metal_slime	independent_dialogue_existing_glossary	Independent translation from the pinned Japanese. Full eight-response set for this species; existing glossary names retained. Voice and sound effects are project dialogue choices. $x indentation replaced by measured English pages.
ally.dialogue.003.6	dialogue	3	6	$m0「レベルが<CR>$x上がったから　もうちょっと<CR>$x逃げないで　戦おうかな～。	"$m0: ""Since I've levelled up, maybe I'll stay and fight a little longer..."""		enemy.liquid_metal_slime	independent_dialogue_existing_glossary	Independent translation from the pinned Japanese. Full eight-response set for this species; existing glossary names retained. Voice and sound effects are project dialogue choices. $x indentation replaced by measured English pages.
ally.dialogue.003.7	dialogue	3	7	$m0「ふふふ　さらに<CR>$xスピードアップだよ！	"$m0: ""Heh heh! Now I'm even faster!"""		enemy.liquid_metal_slime	independent_dialogue_existing_glossary	Independent translation from the pinned Japanese. Full eight-response set for this species; existing glossary names retained. Voice and sound effects are project dialogue choices. $x indentation replaced by measured English pages.
ally.dialogue.004.0	dialogue	4	0	$m0「オレに　さわると<CR>$x毒を食らうぜ　気をつけな！	"$m0: ""Watch it! Touch me and you'll get poisoned!"""		enemy.slime	independent_dialogue_existing_glossary	Independent translation from the pinned Japanese. Full eight-response set for this species; existing glossary names retained. Voice and sound effects are project dialogue choices. $x indentation replaced by measured English pages.
ally.dialogue.004.1	dialogue	4	1	$m0「毒って　いいよな。<CR>$x楽して　相手を弱くして<CR>$xやれるからな。	"$m0: ""Poison's great, isn't it? You can weaken your enemies without lifting a finger."""		enemy.slime	independent_dialogue_existing_glossary	Independent translation from the pinned Japanese. Full eight-response set for this species; existing glossary names retained. Voice and sound effects are project dialogue choices. $x indentation replaced by measured English pages.
ally.dialogue.004.2	dialogue	4	2	$m0「こんな　くずれた<CR>$x身体だけど　これ以上<CR>$xくずれちゃ　こまるんだよ！	"$m0: ""My body's already a mess, but I can't have it falling apart any more!"""		enemy.slime	independent_dialogue_existing_glossary	Independent translation from the pinned Japanese. Full eight-response set for this species; existing glossary names retained. Voice and sound effects are project dialogue choices. $x indentation replaced by measured English pages.
ally.dialogue.004.3	dialogue	4	3	$m0「みんな　キライだ！<CR>$xオレの体力を　半分に<CR>$xしちまいやがったからな！	"$m0: ""I hate everyone! They've gone and cut my HP in half!"""		enemy.slime,hp	independent_dialogue_existing_glossary	Independent translation from the pinned Japanese. Full eight-response set for this species; existing glossary names retained. Voice and sound effects are project dialogue choices. $x indentation replaced by measured English pages.
ally.dialogue.004.4	dialogue	4	4	$m0「なんだよ。<CR>$xオレって　やっぱり<CR>$xきらわれ者だったって　わけか？	"$m0: ""What? So nobody likes me after all, is that it?"""		enemy.slime	independent_dialogue_existing_glossary	Independent translation from the pinned Japanese. Full eight-response set for this species; existing glossary names retained. Voice and sound effects are project dialogue choices. $x indentation replaced by measured English pages.
ally.dialogue.004.5	dialogue	4	5	$m0「体力が　もう<CR>$x少しも　残ってない……。<CR>$xグレてやる～！	"$m0: ""I've got hardly any strength left... Now I'm really going to be nasty!"""		enemy.slime	independent_dialogue_existing_glossary	Independent translation from the pinned Japanese. Full eight-response set for this species; existing glossary names retained. Voice and sound effects are project dialogue choices. $x indentation replaced by measured English pages.
ally.dialogue.004.6	dialogue	4	6	$m0「レベル？<CR>$xべつに　そんなもん上がっても<CR>$xたいして　うれしくないや。	"$m0: ""My level? Going up a level doesn't make me all that happy."""		enemy.slime	independent_dialogue_existing_glossary	Independent translation from the pinned Japanese. Full eight-response set for this species; existing glossary names retained. Voice and sound effects are project dialogue choices. $x indentation replaced by measured English pages.
ally.dialogue.004.7	dialogue	4	7	$m0「ははん。<CR>$xオレの　レベルアップが<CR>$xうらやましいのか？	"$m0: ""Hah! Jealous that I've levelled up, are you?"""		enemy.slime	independent_dialogue_existing_glossary	Independent translation from the pinned Japanese. Full eight-response set for this species; existing glossary names retained. Voice and sound effects are project dialogue choices. $x indentation replaced by measured English pages.
ally.dialogue.005.0	dialogue	5	0	$m0「オラは<CR>$x寒いところが　好きなんだな。	"$m0: ""I like cold places, I do."""		enemy.powie_yowie	independent_dialogue_existing_glossary	Independent translation from the pinned Japanese. Full eight-response set for this species; existing glossary names retained. Voice and sound effects are project dialogue choices. $x indentation replaced by measured English pages.
ally.dialogue.005.1	dialogue	5	1	$m0「なにか　オラに<CR>$x用でも　あるのかな？<CR>$xないなら　ほっといてほしいんだな。	"$m0: ""Did you want something? If not, I'd like to be left alone, I would."""		enemy.powie_yowie	independent_dialogue_existing_glossary	Independent translation from the pinned Japanese. Full eight-response set for this species; existing glossary names retained. Voice and sound effects are project dialogue choices. $x indentation replaced by measured English pages.
ally.dialogue.005.2	dialogue	5	2	$m0「いたた……。<CR>$xちょっと　ケガしたんだな。	"$m0: ""Ow... I've got a bit hurt, I have."""		enemy.powie_yowie	independent_dialogue_existing_glossary	Independent translation from the pinned Japanese. Full eight-response set for this species; existing glossary names retained. Voice and sound effects are project dialogue choices. $x indentation replaced by measured English pages.
ally.dialogue.005.3	dialogue	5	3	$m0「オラの体力が<CR>$xもう　半分くらいになって<CR>$xしまったんだな。	"$m0: ""I've only got about half my HP left, I have."""		enemy.powie_yowie,hp	independent_dialogue_existing_glossary	Independent translation from the pinned Japanese. Full eight-response set for this species; existing glossary names retained. Voice and sound effects are project dialogue choices. $x indentation replaced by measured English pages.
ally.dialogue.005.4	dialogue	5	4	$m0「オラ　もう<CR>$x死んじゃうかも　知れないんだな。	"$m0: ""I might be about to die, I might."""		enemy.powie_yowie	independent_dialogue_existing_glossary	Independent translation from the pinned Japanese. Full eight-response set for this species; existing glossary names retained. Voice and sound effects are project dialogue choices. $x indentation replaced by measured English pages.
ally.dialogue.005.5	dialogue	5	5	$m0「オラの体力が<CR>$xもう　ぜんぜん残ってないんだな。	"$m0: ""I've got hardly any strength left, I haven't."""		enemy.powie_yowie	independent_dialogue_existing_glossary	Independent translation from the pinned Japanese. Full eight-response set for this species; existing glossary names retained. Voice and sound effects are project dialogue choices. $x indentation replaced by measured English pages.
ally.dialogue.005.6	dialogue	5	6	$m0「オラ<CR>$xレベルアップ　したんだな。	"$m0: ""I've gone up a level, I have."""		enemy.powie_yowie	independent_dialogue_existing_glossary	Independent translation from the pinned Japanese. Full eight-response set for this species; existing glossary names retained. Voice and sound effects are project dialogue choices. $x indentation replaced by measured English pages.
ally.dialogue.005.7	dialogue	5	7	$m0「オラ　すこし<CR>$x強くなったんだな。	"$m0: ""I've got a little stronger, I have."""		enemy.powie_yowie	independent_dialogue_existing_glossary	Independent translation from the pinned Japanese. Full eight-response set for this species; existing glossary names retained. Voice and sound effects are project dialogue choices. $x indentation replaced by measured English pages.
ally.dialogue.006.0	dialogue	6	0	$m0「もふーん。<CR>$xばおばおばお。	"$m0: ""Muffoo! Bao, bao, bao!"""		enemy.sasquash	independent_dialogue_existing_glossary	Independent translation from the pinned Japanese. Full eight-response set for this species; existing glossary names retained. Voice and sound effects are project dialogue choices. $x indentation replaced by measured English pages.
ally.dialogue.006.1	dialogue	6	1	$m0「ばお？	"$m0: ""Bao?"""		enemy.sasquash	independent_dialogue_existing_glossary	Independent translation from the pinned Japanese. Full eight-response set for this species; existing glossary names retained. Voice and sound effects are project dialogue choices. $x indentation replaced by measured English pages.
ally.dialogue.006.2	dialogue	6	2	$m0「いたいいたい。<CR>$xでも　まだ平気　もふーん。	"$m0: ""Owie, owie! But I'm still all right. Muffoo!"""		enemy.sasquash	independent_dialogue_existing_glossary	Independent translation from the pinned Japanese. Full eight-response set for this species; existing glossary names retained. Voice and sound effects are project dialogue choices. $x indentation replaced by measured English pages.
ally.dialogue.006.3	dialogue	6	3	$m0「もふーん。<CR>$x体力が　半分に減ってるもふーん。	"$m0: ""Muffoo! My HP's gone down to half. Muffoo!"""		enemy.sasquash,hp	independent_dialogue_existing_glossary	Independent translation from the pinned Japanese. Full eight-response set for this species; existing glossary names retained. Voice and sound effects are project dialogue choices. $x indentation replaced by measured English pages.
ally.dialogue.006.4	dialogue	6	4	$m0「うぎいいい。<CR>$xもうダメ　もふーん。	"$m0: ""Ugggh! Can't go on. Muffoo..."""		enemy.sasquash	independent_dialogue_existing_glossary	Independent translation from the pinned Japanese. Full eight-response set for this species; existing glossary names retained. Voice and sound effects are project dialogue choices. $x indentation replaced by measured English pages.
ally.dialogue.006.5	dialogue	6	5	$m0「体力が<CR>$xなくなりそう……　もふもふ。	"$m0: ""I'm running out of strength... Muff, muff..."""		enemy.sasquash	independent_dialogue_existing_glossary	Independent translation from the pinned Japanese. Full eight-response set for this species; existing glossary names retained. Voice and sound effects are project dialogue choices. $x indentation replaced by measured English pages.
ally.dialogue.006.6	dialogue	6	6	$m0「もふーん。<CR>$xレベル上がったよん。	"$m0: ""Muffoo! My level went up!"""		enemy.sasquash	independent_dialogue_existing_glossary	Independent translation from the pinned Japanese. Full eight-response set for this species; existing glossary names retained. Voice and sound effects are project dialogue choices. $x indentation replaced by measured English pages.
ally.dialogue.006.7	dialogue	6	7	$m0「レベルアップで<CR>$xもふもふーん。	"$m0: ""Level up! Muff-muffoo!"""		enemy.sasquash	independent_dialogue_existing_glossary	Independent translation from the pinned Japanese. Full eight-response set for this species; existing glossary names retained. Voice and sound effects are project dialogue choices. $x indentation replaced by measured English pages.
ally.dialogue.007.0	dialogue	7	0	$m0「にぎにぎ。	"$m0: ""Clench, clench."""		enemy.muddy_hand	independent_dialogue_existing_glossary	Independent translation from the pinned Japanese. Full eight-response set for this species; existing glossary names retained. Voice and sound effects are project dialogue choices. $x indentation replaced by measured English pages.
ally.dialogue.007.1	dialogue	7	1	$m0「地面の下……。<CR>$xうでの先……　気になる？	"$m0: ""Under the ground... Beyond my wrist... Curious?"""		enemy.muddy_hand	independent_dialogue_existing_glossary	Independent translation from the pinned Japanese. Full eight-response set for this species; existing glossary names retained. Voice and sound effects are project dialogue choices. $x indentation replaced by measured English pages.
ally.dialogue.007.2	dialogue	7	2	$m0「ゆびが……。<CR>$xゆびが　いたいー。	"$m0: ""My fingers... My fingers hurt..."""		enemy.muddy_hand	independent_dialogue_existing_glossary	Independent translation from the pinned Japanese. Full eight-response set for this species; existing glossary names retained. Voice and sound effects are project dialogue choices. $x indentation replaced by measured English pages.
ally.dialogue.007.3	dialogue	7	3	$m0「残りの体力が<CR>$x半分くらいなんで　よろしく。	"$m0: ""I've only got about half my HP, so go easy on me."""		enemy.muddy_hand,hp	independent_dialogue_existing_glossary	Independent translation from the pinned Japanese. Full eight-response set for this species; existing glossary names retained. Voice and sound effects are project dialogue choices. $x indentation replaced by measured English pages.
ally.dialogue.007.4	dialogue	7	4	$m0「うでが……。<CR>$xうでが　いたいー！	"$m0: ""My arm... My arm hurts!"""		enemy.muddy_hand	independent_dialogue_existing_glossary	Independent translation from the pinned Japanese. Full eight-response set for this species; existing glossary names retained. Voice and sound effects are project dialogue choices. $x indentation replaced by measured English pages.
ally.dialogue.007.5	dialogue	7	5	$m0「残りの体力が<CR>$xそろそろ　なくなりそうなので<CR>$xあの世で　よろしく。	"$m0: ""I'm nearly out of strength. See you on the other side."""		enemy.muddy_hand	independent_dialogue_existing_glossary	Independent translation from the pinned Japanese. Full eight-response set for this species; existing glossary names retained. Voice and sound effects are project dialogue choices. $x indentation replaced by measured English pages.
ally.dialogue.007.6	dialogue	7	6	$m0「レベル上がっても<CR>$xゆびが増えたり　うでが　はえたり<CR>$xしないんで　よろしく。	"$m0: ""Levelling up won't give me more fingers or another arm, you know."""		enemy.muddy_hand	independent_dialogue_existing_glossary	Independent translation from the pinned Japanese. Full eight-response set for this species; existing glossary names retained. Voice and sound effects are project dialogue choices. $x indentation replaced by measured English pages.
ally.dialogue.007.7	dialogue	7	7	$m0「ぶい！	"$m0: ""V for victory!"""		enemy.muddy_hand	independent_dialogue_existing_glossary	Independent translation from the pinned Japanese. Full eight-response set for this species; existing glossary names retained. Voice and sound effects are project dialogue choices. $x indentation replaced by measured English pages.
ally.dialogue.008.0	dialogue	8	0	$m0「血が好き……。	"$m0: ""I like blood..."""		enemy.bloody_hand	independent_dialogue_existing_glossary	Independent translation from the pinned Japanese. Full eight-response set for this species; existing glossary names retained. Voice and sound effects are project dialogue choices. $x indentation replaced by measured English pages.
ally.dialogue.008.1	dialogue	8	1	$m0「赤が好き……。	"$m0: ""I like red..."""		enemy.bloody_hand	independent_dialogue_existing_glossary	Independent translation from the pinned Japanese. Full eight-response set for this species; existing glossary names retained. Voice and sound effects are project dialogue choices. $x indentation replaced by measured English pages.
ally.dialogue.008.2	dialogue	8	2	$m0「血が……。<CR>$x足りない……。	"$m0: ""Blood... Not enough..."""		enemy.bloody_hand	independent_dialogue_existing_glossary	Independent translation from the pinned Japanese. Full eight-response set for this species; existing glossary names retained. Voice and sound effects are project dialogue choices. $x indentation replaced by measured English pages.
ally.dialogue.008.3	dialogue	8	3	$m0「体力が……。<CR>$x半分に……。	"$m0: ""My HP... Down to half..."""		enemy.bloody_hand,hp	independent_dialogue_existing_glossary	Independent translation from the pinned Japanese. Full eight-response set for this species; existing glossary names retained. Voice and sound effects are project dialogue choices. $x indentation replaced by measured English pages.
ally.dialogue.008.4	dialogue	8	4	$m0「血……。<CR>$x血をくれないと　死ぬ……。	"$m0: ""Blood... Give me blood or I'll die..."""		enemy.bloody_hand	independent_dialogue_existing_glossary	Independent translation from the pinned Japanese. Full eight-response set for this species; existing glossary names retained. Voice and sound effects are project dialogue choices. $x indentation replaced by measured English pages.
ally.dialogue.008.5	dialogue	8	5	$m0「体力が……。<CR>$xもうない……。	"$m0: ""My strength... Almost gone..."""		enemy.bloody_hand	independent_dialogue_existing_glossary	Independent translation from the pinned Japanese. Full eight-response set for this species; existing glossary names retained. Voice and sound effects are project dialogue choices. $x indentation replaced by measured English pages.
ally.dialogue.008.6	dialogue	8	6	$m0「レベルアップ。<CR>$xもっと　血がほしい……。	"$m0: ""Level up. I want more blood..."""		enemy.bloody_hand	independent_dialogue_existing_glossary	Independent translation from the pinned Japanese. Full eight-response set for this species; existing glossary names retained. Voice and sound effects are project dialogue choices. $x indentation replaced by measured English pages.
ally.dialogue.008.7	dialogue	8	7	$m0「レベルアップ。<CR>$xちょっと　チカラが<CR>$xみなぎった……かも。	"$m0: ""Level up. I feel a little stronger... Maybe."""		enemy.bloody_hand	independent_dialogue_existing_glossary	Independent translation from the pinned Japanese. Full eight-response set for this species; existing glossary names retained. Voice and sound effects are project dialogue choices. $x indentation replaced by measured English pages.
ally.dialogue.009.0	dialogue	9	0	$m0「わしゃあ<CR>$xトシ寄りじゃが　魔法は<CR>$x得意なんよ。	"$m0: ""I may be old, but I know a thing or two about magic."""		enemy_hermit_pixie	independent_dialogue_existing_glossary	Independent translation from the pinned Japanese. Full eight-response set for this species; existing glossary names retained. Voice and sound effects are project dialogue choices. $x indentation replaced by measured English pages.
ally.dialogue.009.1	dialogue	9	1	$m0「ほっほっほ。<CR>$xトシ寄りと思って　あまく<CR>$x見るでないぞ。	"$m0: ""Ho ho ho! Don't underestimate me just because I'm old!"""		enemy_hermit_pixie	independent_dialogue_existing_glossary	Independent translation from the pinned Japanese. Full eight-response set for this species; existing glossary names retained. Voice and sound effects are project dialogue choices. $x indentation replaced by measured English pages.
ally.dialogue.009.2	dialogue	9	2	$m0「トシ寄りには<CR>$xちと　つらいのう……。	"$m0: ""This is a little hard on an old fellow..."""		enemy_hermit_pixie	independent_dialogue_existing_glossary	Independent translation from the pinned Japanese. Full eight-response set for this species; existing glossary names retained. Voice and sound effects are project dialogue choices. $x indentation replaced by measured English pages.
ally.dialogue.009.3	dialogue	9	3	$m0「体力半分に<CR>$xなってしもうた。<CR>$xトシ寄りは　いたわらにゃあ……。	"$m0: ""My HP's down to half. You ought to take better care of your elders..."""		enemy_hermit_pixie,hp	independent_dialogue_existing_glossary	Independent translation from the pinned Japanese. Full eight-response set for this species; existing glossary names retained. Voice and sound effects are project dialogue choices. $x indentation replaced by measured English pages.
ally.dialogue.009.4	dialogue	9	4	$m0「ぜえぜえ……。<CR>$xトシ寄りに　こんな無理を<CR>$xさせるとはのう……。	"$m0: ""Wheeze... Making an old fellow work this hard..."""		enemy_hermit_pixie	independent_dialogue_existing_glossary	Independent translation from the pinned Japanese. Full eight-response set for this species; existing glossary names retained. Voice and sound effects are project dialogue choices. $x indentation replaced by measured English pages.
ally.dialogue.009.5	dialogue	9	5	$m0「わしゃあ<CR>$xもうダメじゃ。<CR>$xおむかえは　近いのかのう。	"$m0: ""I'm done for. Is my time nearly up?"""		enemy_hermit_pixie	independent_dialogue_existing_glossary	Independent translation from the pinned Japanese. Full eight-response set for this species; existing glossary names retained. Voice and sound effects are project dialogue choices. $x indentation replaced by measured English pages.
ally.dialogue.009.6	dialogue	9	6	$m0「このトシになると<CR>$xレベルなんぞ　上がっても<CR>$xうれしく　ないわい。	"$m0: ""At my age, going up a level is nothing to get excited about."""		enemy_hermit_pixie	independent_dialogue_existing_glossary	Independent translation from the pinned Japanese. Full eight-response set for this species; existing glossary names retained. Voice and sound effects are project dialogue choices. $x indentation replaced by measured English pages.
ally.dialogue.009.7	dialogue	9	7	$m0「ほっほほ。<CR>$xレベルが上がりよったわ。	"$m0: ""Ho ho ho! I've gone up a level!"""		enemy_hermit_pixie	independent_dialogue_existing_glossary	Independent translation from the pinned Japanese. Full eight-response set for this species; existing glossary names retained. Voice and sound effects are project dialogue choices. $x indentation replaced by measured English pages.
ally.dialogue.010.0	dialogue	10	0	$m0「ハエだからといって<CR>$xバカにするでないぞ。<CR>$xこう見えても　わしゃあ……。	"$m0: ""Don't look down on me just because I'm a fly! I'll have you know, I'm..."""		enemy_goblin_pixie	independent_dialogue_existing_glossary	Independent translation from the pinned Japanese. Full eight-response set for this species; existing glossary names retained. Voice and sound effects are project dialogue choices. $x indentation replaced by measured English pages.
ally.dialogue.010.1	dialogue	10	1	$m0「わしゃあ<CR>$xチカラはないが　その分は<CR>$x魔法で　がんばるぞい！	"$m0: ""I may not be strong, but I'll make up for it with my magic!"""		enemy_goblin_pixie	independent_dialogue_existing_glossary	Independent translation from the pinned Japanese. Full eight-response set for this species; existing glossary names retained. Voice and sound effects are project dialogue choices. $x indentation replaced by measured English pages.
ally.dialogue.010.2	dialogue	10	2	$m0「うーむ。<CR>$xやはり　わしには<CR>$x戦いは　ムリかのう。	"$m0: ""Hmm... Perhaps I'm not cut out for battle after all."""		enemy_goblin_pixie	independent_dialogue_existing_glossary	Independent translation from the pinned Japanese. Full eight-response set for this species; existing glossary names retained. Voice and sound effects are project dialogue choices. $x indentation replaced by measured English pages.
ally.dialogue.010.3	dialogue	10	3	$m0「むう……。<CR>$x体力が　半分になってしもうた。	"$m0: ""Hmm... My HP's gone down to half."""		enemy_goblin_pixie,hp	independent_dialogue_existing_glossary	Independent translation from the pinned Japanese. Full eight-response set for this species; existing glossary names retained. Voice and sound effects are project dialogue choices. $x indentation replaced by measured English pages.
ally.dialogue.010.4	dialogue	10	4	$m0「おお……。<CR>$xそろそろ　おむかえが<CR>$x来そうじゃわい……。	"$m0: ""Oh... I think my time may be coming..."""		enemy_goblin_pixie	independent_dialogue_existing_glossary	Independent translation from the pinned Japanese. Full eight-response set for this species; existing glossary names retained. Voice and sound effects are project dialogue choices. $x indentation replaced by measured English pages.
ally.dialogue.010.5	dialogue	10	5	$m0「ひいい。<CR>$xこのままでは　わしゃあ<CR>$x天国行きじゃあああ！	"$m0: ""Eeeek! At this rate, I'll be off to heaven!"""		enemy_goblin_pixie	independent_dialogue_existing_glossary	Independent translation from the pinned Japanese. Full eight-response set for this species; existing glossary names retained. Voice and sound effects are project dialogue choices. $x indentation replaced by measured English pages.
ally.dialogue.010.6	dialogue	10	6	$m0「レベルアップじゃ！<CR>$xまだまだ　若いもんには<CR>$x負けられんわい！	"$m0: ""Level up! I can't let the youngsters show me up yet!"""		enemy_goblin_pixie	independent_dialogue_existing_glossary	Independent translation from the pinned Japanese. Full eight-response set for this species; existing glossary names retained. Voice and sound effects are project dialogue choices. $x indentation replaced by measured English pages.
ally.dialogue.010.7	dialogue	10	7	$m0「ほほほ。<CR>$xレベルが　上がったぞい。<CR>$xうれしいのう。	"$m0: ""Ho ho ho! I've gone up a level. What a joy!"""		enemy_goblin_pixie	independent_dialogue_existing_glossary	Independent translation from the pinned Japanese. Full eight-response set for this species; existing glossary names retained. Voice and sound effects are project dialogue choices. $x indentation replaced by measured English pages.
ally.dialogue.011.0	dialogue	11	0	$m0「あたしの矢で<CR>$xみんな　イチコロよ！	"$m0: ""My arrows will have everyone falling for me!"""		enemy.bodkin_archer	independent_dialogue_existing_glossary	Independent translation from the pinned Japanese. Full eight-response set for this species; existing glossary names retained. Voice and sound effects are project dialogue choices. $x indentation replaced by measured English pages.
ally.dialogue.011.1	dialogue	11	1	$m0「あたしは　森の妖精！<CR>$x弓矢で　あなたのハートを<CR>$x射抜くの！	"$m0: ""I'm a fairy of the forest! My arrows will pierce your heart!"""		enemy.bodkin_archer	independent_dialogue_existing_glossary	Independent translation from the pinned Japanese. Full eight-response set for this species; existing glossary names retained. Voice and sound effects are project dialogue choices. $x indentation replaced by measured English pages.
ally.dialogue.011.2	dialogue	11	2	$m0「あら　あたしのこと<CR>$x心配して　くれてるの？<CR>$xまだまだ　平気よ！	"$m0: ""Oh, are you worried about me? I'm still perfectly fine!"""		enemy.bodkin_archer	independent_dialogue_existing_glossary	Independent translation from the pinned Japanese. Full eight-response set for this species; existing glossary names retained. Voice and sound effects are project dialogue choices. $x indentation replaced by measured English pages.
ally.dialogue.011.3	dialogue	11	3	$m0「いやーん。<CR>$x体力が半分に　なっちゃったわ。	"$m0: ""Oh, no! My HP's gone down to half!"""		enemy.bodkin_archer,hp	independent_dialogue_existing_glossary	Independent translation from the pinned Japanese. Full eight-response set for this species; existing glossary names retained. Voice and sound effects are project dialogue choices. $x indentation replaced by measured English pages.
ally.dialogue.011.4	dialogue	11	4	$m0「あたし　そろそろ<CR>$xヤバイかも。	"$m0: ""I might be in trouble soon."""		enemy.bodkin_archer	independent_dialogue_existing_glossary	Independent translation from the pinned Japanese. Full eight-response set for this species; existing glossary names retained. Voice and sound effects are project dialogue choices. $x indentation replaced by measured English pages.
ally.dialogue.011.5	dialogue	11	5	$m0「あたし　もう<CR>$xぜんぜん　体力ないの。<CR>$xあなたに会えて　良かった……。	"$m0: ""I've got almost no strength left. I'm glad I got to meet you..."""		enemy.bodkin_archer	independent_dialogue_existing_glossary	Independent translation from the pinned Japanese. Full eight-response set for this species; existing glossary names retained. Voice and sound effects are project dialogue choices. $x indentation replaced by measured English pages.
ally.dialogue.011.6	dialogue	11	6	$m0「やったわ。<CR>$xレベルアップよ！	"$m0: ""I did it! Level up!"""		enemy.bodkin_archer	independent_dialogue_existing_glossary	Independent translation from the pinned Japanese. Full eight-response set for this species; existing glossary names retained. Voice and sound effects are project dialogue choices. $x indentation replaced by measured English pages.
ally.dialogue.011.7	dialogue	11	7	$m0「レベルアップで<CR>$xあたしのみりょくも　アップ！	"$m0: ""A level up means I'm even more charming!"""		enemy.bodkin_archer	independent_dialogue_existing_glossary	Independent translation from the pinned Japanese. Full eight-response set for this species; existing glossary names retained. Voice and sound effects are project dialogue choices. $x indentation replaced by measured English pages.
ally.dialogue.012.0	dialogue	12	0	$m0「ふふふ。<CR>$x弓矢って　いいよね。<CR>$x遠くから　当てられるからねー。	"$m0: ""Heh heh! Bows are great, aren't they? You can hit things from far away!"""		enemy.bodkin_bowyer	independent_dialogue_existing_glossary	Independent translation from the pinned Japanese. Full eight-response set for this species; existing glossary names retained. Voice and sound effects are project dialogue choices. $x indentation replaced by measured English pages.
ally.dialogue.012.1	dialogue	12	1	$m0「おいらの<CR>$x鉄の矢の　いりょくは<CR>$xどうだい！	"$m0: ""How do you like the power of my Iron arrows!?"""		combined_item_117,enemy.bodkin_bowyer	independent_dialogue_existing_glossary	Independent translation from the pinned Japanese. Full eight-response set for this species; existing glossary names retained. Voice and sound effects are project dialogue choices. $x indentation replaced by measured English pages.
ally.dialogue.012.2	dialogue	12	2	$m0「弓矢を<CR>$xうつスキを　ねらわれちゃった。<CR>$xしっぱい　しっぱい。	"$m0: ""They caught me while I was shooting! That was a mistake..."""		enemy.bodkin_bowyer	independent_dialogue_existing_glossary	Independent translation from the pinned Japanese. Full eight-response set for this species; existing glossary names retained. Voice and sound effects are project dialogue choices. $x indentation replaced by measured English pages.
ally.dialogue.012.3	dialogue	12	3	$m0「まずい……。<CR>$x体力が　半分になったぞ。<CR>$xどうしよう……。	"$m0: ""This is bad... My HP's down to half. What should I do...?"""		enemy.bodkin_bowyer,hp	independent_dialogue_existing_glossary	Independent translation from the pinned Japanese. Full eight-response set for this species; existing glossary names retained. Voice and sound effects are project dialogue choices. $x indentation replaced by measured English pages.
ally.dialogue.012.4	dialogue	12	4	$m0「いたた……。<CR>$xこのままじゃ　あぶないな。	"$m0: ""Ow... I can't keep this up for much longer."""		enemy.bodkin_bowyer	independent_dialogue_existing_glossary	Independent translation from the pinned Japanese. Full eight-response set for this species; existing glossary names retained. Voice and sound effects are project dialogue choices. $x indentation replaced by measured English pages.
ally.dialogue.012.5	dialogue	12	5	$m0「やばい……。<CR>$xもう　体力が　ほとんど<CR>$x残ってないや……。	"$m0: ""Oh no... I've hardly got any strength left..."""		enemy.bodkin_bowyer	independent_dialogue_existing_glossary	Independent translation from the pinned Japanese. Full eight-response set for this species; existing glossary names retained. Voice and sound effects are project dialogue choices. $x indentation replaced by measured English pages.
ally.dialogue.012.6	dialogue	12	6	$m0「よしっ！<CR>$xレベルアップしたよ！！	"$m0: ""All right! I've levelled up!"""		enemy.bodkin_bowyer	independent_dialogue_existing_glossary	Independent translation from the pinned Japanese. Full eight-response set for this species; existing glossary names retained. Voice and sound effects are project dialogue choices. $x indentation replaced by measured English pages.
ally.dialogue.012.7	dialogue	12	7	$m0「レベルが<CR>$x上がったんなら　もっと<CR>$xいい矢を　うちたいなあ。	"$m0: ""Now that I've levelled up, I'd like to shoot some better arrows."""		enemy.bodkin_bowyer	independent_dialogue_existing_glossary	Independent translation from the pinned Japanese. Full eight-response set for this species; existing glossary names retained. Voice and sound effects are project dialogue choices. $x indentation replaced by measured English pages.
ally.dialogue.013.0	dialogue	13	0	$m0「オレの矢には<CR>$x毒が　ぬってあるんだぜ。<CR>$xおまえ　知ってたか？	"$m0: ""My arrows are coated with poison. Did you know that?"""		enemy.bodkin_fletcher	independent_dialogue_existing_glossary	Independent translation from the pinned Japanese. Full eight-response set for this species; existing glossary names retained. Voice and sound effects are project dialogue choices. $x indentation replaced by measured English pages.
ally.dialogue.013.1	dialogue	13	1	$m0「毒矢は　ひきょう？<CR>$xふっ　なんとでも　いうがいいさ。	"$m0: ""Poison arrows are cheating? Heh. Say what you like."""		enemy.bodkin_fletcher	independent_dialogue_existing_glossary	Independent translation from the pinned Japanese. Full eight-response set for this species; existing glossary names retained. Voice and sound effects are project dialogue choices. $x indentation replaced by measured English pages.
ally.dialogue.013.2	dialogue	13	2	$m0「ふっ。<CR>$xまだまだ　こんなもんじゃ<CR>$xオレの矢は　止まらないぜ。	"$m0: ""Heh. A little damage like that won't stop my arrows!"""		enemy.bodkin_fletcher	independent_dialogue_existing_glossary	Independent translation from the pinned Japanese. Full eight-response set for this species; existing glossary names retained. Voice and sound effects are project dialogue choices. $x indentation replaced by measured English pages.
ally.dialogue.013.3	dialogue	13	3	$m0「ちっ。<CR>$xこのオレが　ここまで<CR>$xダメージを　受けるとはな！	"$m0: ""Tch! How could I have taken this much damage!?"""		enemy.bodkin_fletcher	independent_dialogue_existing_glossary	Independent translation from the pinned Japanese. Full eight-response set for this species; existing glossary names retained. Voice and sound effects are project dialogue choices. $x indentation replaced by measured English pages.
ally.dialogue.013.4	dialogue	13	4	$m0「くそっ。<CR>$xちょっと　ダメージを<CR>$x食らいすぎたか……。	"$m0: ""Blast... Maybe I've taken a few too many hits..."""		enemy.bodkin_fletcher	independent_dialogue_existing_glossary	Independent translation from the pinned Japanese. Full eight-response set for this species; existing glossary names retained. Voice and sound effects are project dialogue choices. $x indentation replaced by measured English pages.
ally.dialogue.013.5	dialogue	13	5	$m0「くっ……。<CR>$xオレは　こんなところでは<CR>$x死ねない……。	"$m0: ""Ugh... I can't die in a place like this..."""		enemy.bodkin_fletcher	independent_dialogue_existing_glossary	Independent translation from the pinned Japanese. Full eight-response set for this species; existing glossary names retained. Voice and sound effects are project dialogue choices. $x indentation replaced by measured English pages.
ally.dialogue.013.6	dialogue	13	6	$m0「ふふっ。<CR>$xレベルが上がったオレに<CR>$xこわいものは　ないぜ！	"$m0: ""Heh heh! Now that I've levelled up, I've got nothing to fear!"""		enemy.bodkin_fletcher	independent_dialogue_existing_glossary	Independent translation from the pinned Japanese. Full eight-response set for this species; existing glossary names retained. Voice and sound effects are project dialogue choices. $x indentation replaced by measured English pages.
ally.dialogue.013.7	dialogue	13	7	$m0「レベルアップ？<CR>$xそんなの　しなくても<CR>$xオレは　強いのにな。	"$m0: ""Level up? I was strong enough without it."""		enemy.bodkin_fletcher	independent_dialogue_existing_glossary	Independent translation from the pinned Japanese. Full eight-response set for this species; existing glossary names retained. Voice and sound effects are project dialogue choices. $x indentation replaced by measured English pages.
ally.dialogue.014.0	dialogue	14	0	$m0「おいらの弓で<CR>$x射抜けないものは　ないワン！	"$m0: ""There's nothing my bow can't pierce! Woof!"""		enemy_sniping_barksman	independent_dialogue_existing_glossary	Independent translation from the pinned Japanese. Full eight-response set for this species; existing glossary names retained. Voice and sound effects are project dialogue choices. $x indentation replaced by measured English pages.
ally.dialogue.014.1	dialogue	14	1	$m0「空からの　弓矢は<CR>$xなかなか　よけられないワン！<CR>$xうちまくるワン～！	"$m0: ""Arrows from the sky aren't easy to dodge! I'll keep firing! Woof!"""		enemy_sniping_barksman	independent_dialogue_existing_glossary	Independent translation from the pinned Japanese. Full eight-response set for this species; existing glossary names retained. Voice and sound effects are project dialogue choices. $x indentation replaced by measured English pages.
ally.dialogue.014.2	dialogue	14	2	$m0「ちょっと　痛いけど<CR>$xこのくらいのキズ　たいしたこと<CR>$xないワン！	"$m0: ""It hurts a little, but scratches like these are nothing! Woof!"""		enemy_sniping_barksman	independent_dialogue_existing_glossary	Independent translation from the pinned Japanese. Full eight-response set for this species; existing glossary names retained. Voice and sound effects are project dialogue choices. $x indentation replaced by measured English pages.
ally.dialogue.014.3	dialogue	14	3	$m0「おいらの体力が<CR>$x残り半分を　切ったワン！<CR>$xでも　うちまくるワン！！	"$m0: ""I'm below half my HP! But I'll keep firing! Woof!"""		enemy_sniping_barksman,hp	independent_dialogue_existing_glossary	Independent translation from the pinned Japanese. Full eight-response set for this species; existing glossary names retained. Voice and sound effects are project dialogue choices. $x indentation replaced by measured English pages.
ally.dialogue.014.4	dialogue	14	4	$m0「おいら　そろそろ<CR>$xダメかもしれないワン……。	"$m0: ""I might be about to give out... Woof..."""		enemy_sniping_barksman	independent_dialogue_existing_glossary	Independent translation from the pinned Japanese. Full eight-response set for this species; existing glossary names retained. Voice and sound effects are project dialogue choices. $x indentation replaced by measured English pages.
ally.dialogue.014.5	dialogue	14	5	$m0「もう　弓を引く<CR>$x体力が　残ってないワン……。	"$m0: ""I haven't got the strength to draw my bow any more... Woof..."""		enemy_sniping_barksman	independent_dialogue_existing_glossary	Independent translation from the pinned Japanese. Full eight-response set for this species; existing glossary names retained. Voice and sound effects are project dialogue choices. $x indentation replaced by measured English pages.
ally.dialogue.014.6	dialogue	14	6	$m0「やったワン！<CR>$xレベルアップだワン！	"$m0: ""I did it! Woof! Level up! Woof!"""		enemy_sniping_barksman	independent_dialogue_existing_glossary	Independent translation from the pinned Japanese. Full eight-response set for this species; existing glossary names retained. Voice and sound effects are project dialogue choices. $x indentation replaced by measured English pages.
ally.dialogue.014.7	dialogue	14	7	$m0「まだまだ！<CR>$xおいら　もっと強くなりたいワン！	"$m0: ""Not yet! I want to get even stronger! Woof!"""		enemy_sniping_barksman	independent_dialogue_existing_glossary	Independent translation from the pinned Japanese. Full eight-response set for this species; existing glossary names retained. Voice and sound effects are project dialogue choices. $x indentation replaced by measured English pages.
ally.dialogue.015.0	dialogue	15	0	$m0「ゴーレムー。	"$m0: ""Gooolem!"""		enemy.golem	independent_dialogue_existing_glossary	Independent translation from the pinned Japanese. Full eight-response set for this species; existing glossary names retained. Voice and sound effects are project dialogue choices. $x indentation replaced by measured English pages.
ally.dialogue.015.1	dialogue	15	1	$m0「オラ<CR>$xパワー　自信　ある。	"$m0: ""Me strong. Me know it."""		enemy.golem	independent_dialogue_existing_glossary	Independent translation from the pinned Japanese. Full eight-response set for this species; existing glossary names retained. Voice and sound effects are project dialogue choices. $x indentation replaced by measured English pages.
ally.dialogue.015.2	dialogue	15	2	$m0「ゴ……。<CR>$xフンガーフンガー。	"$m0: ""Goh... Hrrngh! Hrrngh!"""		enemy.golem	independent_dialogue_existing_glossary	Independent translation from the pinned Japanese. Full eight-response set for this species; existing glossary names retained. Voice and sound effects are project dialogue choices. $x indentation replaced by measured English pages.
ally.dialogue.015.3	dialogue	15	3	$m0「フンガー。<CR>$x体力　減った。	"$m0: ""Hrrngh. HP gone down."""		enemy.golem,hp	independent_dialogue_existing_glossary	Independent translation from the pinned Japanese. Full eight-response set for this species; existing glossary names retained. Voice and sound effects are project dialogue choices. $x indentation replaced by measured English pages.
ally.dialogue.015.4	dialogue	15	4	$m0「……。	"$m0: ""..."""		enemy.golem	independent_dialogue_existing_glossary	Independent translation from the pinned Japanese. Full eight-response set for this species; existing glossary names retained. Voice and sound effects are project dialogue choices. $x indentation replaced by measured English pages.
ally.dialogue.015.5	dialogue	15	5	$m0「ゴ……。<CR>$x体力　ない　死ぬ。	"$m0: ""Goh... No strength. Me die."""		enemy.golem	independent_dialogue_existing_glossary	Independent translation from the pinned Japanese. Full eight-response set for this species; existing glossary names retained. Voice and sound effects are project dialogue choices. $x indentation replaced by measured English pages.
ally.dialogue.015.6	dialogue	15	6	$m0「ゴゴゴ……。<CR>$xゴーーーレムーーーーー！	"$m0: ""Go-go-go... GOOOLEM!"""		enemy.golem	independent_dialogue_existing_glossary	Independent translation from the pinned Japanese. Full eight-response set for this species; existing glossary names retained. Voice and sound effects are project dialogue choices. $x indentation replaced by measured English pages.
ally.dialogue.015.7	dialogue	15	7	$m0「レベル　アップ。	"$m0: ""Level. Up."""		enemy.golem	independent_dialogue_existing_glossary	Independent translation from the pinned Japanese. Full eight-response set for this species; existing glossary names retained. Voice and sound effects are project dialogue choices. $x indentation replaced by measured English pages.
ally.dialogue.016.0	dialogue	16	0	$m0「おれ　殴るしか<CR>$xできないけど　がんばる。	"$m0: ""Me only know how to punch. But me try hard."""		enemy.stone_golem	independent_dialogue_existing_glossary	Independent translation from the pinned Japanese. Full eight-response set for this species; existing glossary names retained. Voice and sound effects are project dialogue choices. $x indentation replaced by measured English pages.
ally.dialogue.016.1	dialogue	16	1	$m0「おれ　チカラある。<CR>$x身体も　石だから　カタい。	"$m0: ""Me strong. Body stone, so me hard too."""		enemy.stone_golem	independent_dialogue_existing_glossary	Independent translation from the pinned Japanese. Full eight-response set for this species; existing glossary names retained. Voice and sound effects are project dialogue choices. $x indentation replaced by measured English pages.
ally.dialogue.016.2	dialogue	16	2	$m0「身体　けずれた。<CR>$xでも　おれ　まだ平気。	"$m0: ""Body chipped. Me still all right."""		enemy.stone_golem	independent_dialogue_existing_glossary	Independent translation from the pinned Japanese. Full eight-response set for this species; existing glossary names retained. Voice and sound effects are project dialogue choices. $x indentation replaced by measured English pages.
ally.dialogue.016.3	dialogue	16	3	$m0「やられた。<CR>$x体力　半分になってる。	"$m0: ""They got me. HP down to half."""		enemy.stone_golem,hp	independent_dialogue_existing_glossary	Independent translation from the pinned Japanese. Full eight-response set for this species; existing glossary names retained. Voice and sound effects are project dialogue choices. $x indentation replaced by measured English pages.
ally.dialogue.016.4	dialogue	16	4	$m0「ぐう……。<CR>$x身体　いっぱいけずれた。<CR>$x立つのが　やっと。	"$m0: ""Ugh... Body badly chipped. Can barely stand."""		enemy.stone_golem	independent_dialogue_existing_glossary	Independent translation from the pinned Japanese. Full eight-response set for this species; existing glossary names retained. Voice and sound effects are project dialogue choices. $x indentation replaced by measured English pages.
ally.dialogue.016.5	dialogue	16	5	$m0「体力ない。<CR>$xおれ　もうすぐ　こわれる。	"$m0: ""No strength. Me break soon."""		enemy.stone_golem	independent_dialogue_existing_glossary	Independent translation from the pinned Japanese. Full eight-response set for this species; existing glossary names retained. Voice and sound effects are project dialogue choices. $x indentation replaced by measured English pages.
ally.dialogue.016.6	dialogue	16	6	$m0「おれ<CR>$xレベル　上がった。	"$m0: ""Me level went up."""		enemy.stone_golem	independent_dialogue_existing_glossary	Independent translation from the pinned Japanese. Full eight-response set for this species; existing glossary names retained. Voice and sound effects are project dialogue choices. $x indentation replaced by measured English pages.
ally.dialogue.016.7	dialogue	16	7	$m0「レベルが<CR>$x上がると　なにか　いいこと<CR>$xあるのか？	"$m0: ""Anything good happen when level goes up?"""		enemy.stone_golem	independent_dialogue_existing_glossary	Independent translation from the pinned Japanese. Full eight-response set for this species; existing glossary names retained. Voice and sound effects are project dialogue choices. $x indentation replaced by measured English pages.
ally.dialogue.017.0	dialogue	17	0	$m0「オラの身体は<CR>$xきんきらきん。<CR>$xキレイ　キレイ。	"$m0: ""Me body all shiny gold. Pretty, pretty!"""		combined_item_341	independent_dialogue_existing_glossary	Independent translation from the pinned Japanese. Full eight-response set for this species; existing glossary names retained. Voice and sound effects are project dialogue choices. $x indentation replaced by measured English pages.
ally.dialogue.017.1	dialogue	17	1	$m0「オラの身体<CR>$x金で　できてるから<CR>$xキレイだぞ。	"$m0: ""Me body made of gold. That why me pretty."""		combined_item_341	independent_dialogue_existing_glossary	Independent translation from the pinned Japanese. Full eight-response set for this species; existing glossary names retained. Voice and sound effects are project dialogue choices. $x indentation replaced by measured English pages.
ally.dialogue.017.2	dialogue	17	2	$m0「オラの身体の<CR>$xかがやきが……。	"$m0: ""Me body's shine..."""		combined_item_341	independent_dialogue_existing_glossary	Independent translation from the pinned Japanese. Full eight-response set for this species; existing glossary names retained. Voice and sound effects are project dialogue choices. $x indentation replaced by measured English pages.
ally.dialogue.017.3	dialogue	17	3	$m0「オラの体力が<CR>$x半分に　なっちゃったぞ。<CR>$xどうしよう……。	"$m0: ""Me HP down to half. What me do...?"""		combined_item_341,hp	independent_dialogue_existing_glossary	Independent translation from the pinned Japanese. Full eight-response set for this species; existing glossary names retained. Voice and sound effects are project dialogue choices. $x indentation replaced by measured English pages.
ally.dialogue.017.4	dialogue	17	4	$m0「オラ<CR>$xもう　ダメだ……。	"$m0: ""Me... Me done for..."""		combined_item_341	independent_dialogue_existing_glossary	Independent translation from the pinned Japanese. Full eight-response set for this species; existing glossary names retained. Voice and sound effects are project dialogue choices. $x indentation replaced by measured English pages.
ally.dialogue.017.5	dialogue	17	5	$m0「オラの体力が<CR>$xもう　なくなっちゃう。<CR>$xただの金のかたまりに……。	"$m0: ""Me strength almost gone. Soon just a lump of gold..."""		combined_item_341	independent_dialogue_existing_glossary	Independent translation from the pinned Japanese. Full eight-response set for this species; existing glossary names retained. Voice and sound effects are project dialogue choices. $x indentation replaced by measured English pages.
ally.dialogue.017.6	dialogue	17	6	$m0「レベルが<CR>$x上がった　きんきらりん。	"$m0: ""Level went up! Glitter, glitter!"""		combined_item_341	independent_dialogue_existing_glossary	Independent translation from the pinned Japanese. Full eight-response set for this species; existing glossary names retained. Voice and sound effects are project dialogue choices. $x indentation replaced by measured English pages.
ally.dialogue.017.7	dialogue	17	7	$m0「よし。<CR>$xオラ　レベルが上がったぞ。<CR>$xうれしいなあ。	"$m0: ""Good! Me level went up. Me happy!"""		combined_item_341	independent_dialogue_existing_glossary	Independent translation from the pinned Japanese. Full eight-response set for this species; existing glossary names retained. Voice and sound effects are project dialogue choices. $x indentation replaced by measured English pages.
ally.dialogue.018.0	dialogue	18	0	$m0「ん？　なになに。<CR>$xホイミして　ほしいの？	"$m0: ""Hmm? What's that? Would you like me to cast Heal?"""		enemy.healslime,spell.heal	independent_dialogue_existing_glossary	Independent translation from the pinned Japanese. Full eight-response set for this species; existing glossary names retained. Voice and sound effects are project dialogue choices. $x indentation replaced by measured English pages.
ally.dialogue.018.1	dialogue	18	1	$m0「ボクの<CR>$xホイミを使えば　みんなの体力を<CR>$x回復して　あげられるよ！	"$m0: ""With my Heal spell, I can restore everyone's HP!"""		enemy.healslime,hp,spell.heal	independent_dialogue_existing_glossary	Independent translation from the pinned Japanese. Full eight-response set for this species; existing glossary names retained. Voice and sound effects are project dialogue choices. $x indentation replaced by measured English pages.
ally.dialogue.018.2	dialogue	18	2	$m0「うーん……<CR>$x自分にも　ホイミかけたいけど<CR>$xみんなのためにしか　使わないんだぞ。	"$m0: ""Hmm... I'd like to cast Heal on myself, but I only use it for everyone else."""		enemy.healslime,spell.heal	independent_dialogue_existing_glossary	Independent translation from the pinned Japanese. Full eight-response set for this species; existing glossary names retained. Voice and sound effects are project dialogue choices. $x indentation replaced by measured English pages.
ally.dialogue.018.3	dialogue	18	3	$m0「ボクの体力<CR>$xだいぶ　減ってきちゃったなあ。<CR>$xボクにも　ホイミしてくれないかな。	"$m0: ""My HP's getting pretty low. Couldn't someone cast Heal on me too?"""		enemy.healslime,hp,spell.heal	independent_dialogue_existing_glossary	Independent translation from the pinned Japanese. Full eight-response set for this species; existing glossary names retained. Voice and sound effects are project dialogue choices. $x indentation replaced by measured English pages.
ally.dialogue.018.4	dialogue	18	4	$m0「ごめんね。<CR>$x今は　よゆうなくて　キミに<CR>$xホイミ　かけられないかも。	"$m0: ""Sorry. I'm in such a bad way, I might not be able to cast Heal on you."""		enemy.healslime,spell.heal	independent_dialogue_existing_glossary	Independent translation from the pinned Japanese. Full eight-response set for this species; existing glossary names retained. Voice and sound effects are project dialogue choices. $x indentation replaced by measured English pages.
ally.dialogue.018.5	dialogue	18	5	$m0「……ごめんね　ボク<CR>$xそろそろ　ダメみたい。<CR>$xホイミ　もっと　したかったな。	"$m0: ""...Sorry. I don't think I'll last much longer. I wanted to cast Heal some more."""		enemy.healslime,spell.heal	independent_dialogue_existing_glossary	Independent translation from the pinned Japanese. Full eight-response set for this species; existing glossary names retained. Voice and sound effects are project dialogue choices. $x indentation replaced by measured English pages.
ally.dialogue.018.6	dialogue	18	6	$m0「ふう　やっと<CR>$xレベルが　上がったよ。	"$m0: ""Phew! I finally went up a level."""		enemy.healslime	independent_dialogue_existing_glossary	Independent translation from the pinned Japanese. Full eight-response set for this species; existing glossary names retained. Voice and sound effects are project dialogue choices. $x indentation replaced by measured English pages.
ally.dialogue.018.7	dialogue	18	7	$m0「レベルが<CR>$x上がるって　とっても<CR>$xうれしいよね～。	"$m0: ""Going up a level feels wonderful, doesn't it?"""		enemy.healslime	independent_dialogue_existing_glossary	Independent translation from the pinned Japanese. Full eight-response set for this species; existing glossary names retained. Voice and sound effects are project dialogue choices. $x indentation replaced by measured English pages.
ally.dialogue.019.0	dialogue	19	0	$m0「べホマって<CR>$xとっても　いいよね。<CR>$x体力　ばっちり回復するもんね～。	"$m0: ""Fullheal's wonderful, isn't it? It does wonders for your HP!"""		enemy.cureslime,hp,spell.fullheal	independent_dialogue_existing_glossary	Independent translation from the pinned Japanese. Full eight-response set for this species; existing glossary names retained. Voice and sound effects are project dialogue choices. $x indentation replaced by measured English pages. The Japanese emphatic healing boast is retained without turning ばっちり into a quantified full-HP guarantee.
ally.dialogue.019.1	dialogue	19	1	$m0「あんまり<CR>$xべホマに　たよるのも<CR>$xどうかと　思わない？	"$m0: ""Don't you think relying too much on Fullheal might be a bad idea?"""		enemy.cureslime,spell.fullheal	independent_dialogue_existing_glossary	Independent translation from the pinned Japanese. Full eight-response set for this species; existing glossary names retained. Voice and sound effects are project dialogue choices. $x indentation replaced by measured English pages.
ally.dialogue.019.2	dialogue	19	2	$m0「ふーむ。<CR>$xだいぶ　ケガしちゃったけど<CR>$xまだまだ　イケるかな。	"$m0: ""Hmm... I'm pretty battered, but perhaps I can still keep going."""		enemy.cureslime	independent_dialogue_existing_glossary	Independent translation from the pinned Japanese. Full eight-response set for this species; existing glossary names retained. Voice and sound effects are project dialogue choices. $x indentation replaced by measured English pages.
ally.dialogue.019.3	dialogue	19	3	$m0「おっと。<CR>$x残りの体力が　半分だ。<CR>$xそろそろ　まずいかな？	"$m0: ""Whoops! I've only got half my HP left. Is it time to worry?"""		enemy.cureslime,hp	independent_dialogue_existing_glossary	Independent translation from the pinned Japanese. Full eight-response set for this species; existing glossary names retained. Voice and sound effects are project dialogue choices. $x indentation replaced by measured English pages.
ally.dialogue.019.4	dialogue	19	4	$m0「そろそろ　マズい。<CR>$xだれか　こっちにも　ベホマ<CR>$xしてくれないかなっ。	"$m0: ""This is getting bad. Couldn't someone cast Fullheal on me too?"""		enemy.cureslime,spell.fullheal	independent_dialogue_existing_glossary	Independent translation from the pinned Japanese. Full eight-response set for this species; existing glossary names retained. Voice and sound effects are project dialogue choices. $x indentation replaced by measured English pages.
ally.dialogue.019.5	dialogue	19	5	$m0「うわあ。<CR>$x残りの体力が　もうないよ！<CR>$xもう　ダメだあっ。	"$m0: ""Aaaah! I've hardly any HP left! I'm done for!"""		enemy.cureslime,hp	independent_dialogue_existing_glossary	Independent translation from the pinned Japanese. Full eight-response set for this species; existing glossary names retained. Voice and sound effects are project dialogue choices. $x indentation replaced by measured English pages.
ally.dialogue.019.6	dialogue	19	6	$m0「うふふ。<CR>$xレベルが　上がっちゃった！	"$m0: ""Hee hee! I've gone up a level!"""		enemy.cureslime	independent_dialogue_existing_glossary	Independent translation from the pinned Japanese. Full eight-response set for this species; existing glossary names retained. Voice and sound effects are project dialogue choices. $x indentation replaced by measured English pages.
ally.dialogue.019.7	dialogue	19	7	$m0「ボクは<CR>$xべホマばかり　かけてるから<CR>$xレベルが　上がりにくいよ～。	"$m0: ""I spend all my time casting Fullheal, so it's hard to level up!"""		enemy.cureslime,spell.fullheal	independent_dialogue_existing_glossary	Independent translation from the pinned Japanese. Full eight-response set for this species; existing glossary names retained. Voice and sound effects are project dialogue choices. $x indentation replaced by measured English pages.
ally.dialogue.020.0	dialogue	20	0	$m0「チクチク。<CR>$xチクチクしていい……？	"$m0: ""Sting, sting. Can I sting you...?"""		enemy.man_o_war	independent_dialogue_existing_glossary	Independent translation from the pinned Japanese. Full eight-response set for this species; existing glossary names retained. Voice and sound effects are project dialogue choices. $x indentation replaced by measured English pages.
ally.dialogue.020.1	dialogue	20	1	$m0「なに？<CR>$xキミも　チクチクしてほしい？<CR>$xマヒしちゃうけど。	"$m0: ""What? Would you like a sting too? It'll paralyse you, though."""		enemy.man_o_war	independent_dialogue_existing_glossary	Independent translation from the pinned Japanese. Full eight-response set for this species; existing glossary names retained. Voice and sound effects are project dialogue choices. $x indentation replaced by measured English pages.
ally.dialogue.020.2	dialogue	20	2	$m0「あう。<CR>$xちょっと　ケガしちゃった。<CR>$xでも　まだチクチクするよ。	"$m0: ""Oof! I've got a little hurt. But I'll keep on stinging."""		enemy.man_o_war	independent_dialogue_existing_glossary	Independent translation from the pinned Japanese. Full eight-response set for this species; existing glossary names retained. Voice and sound effects are project dialogue choices. $x indentation replaced by measured English pages.
ally.dialogue.020.3	dialogue	20	3	$m0「チクチク。<CR>$x体力が半分まで　へっちゃった。	"$m0: ""Sting, sting. My HP's down to half."""		enemy.man_o_war,hp	independent_dialogue_existing_glossary	Independent translation from the pinned Japanese. Full eight-response set for this species; existing glossary names retained. Voice and sound effects are project dialogue choices. $x indentation replaced by measured English pages.
ally.dialogue.020.4	dialogue	20	4	$m0「うわーん。<CR>$xもう　やられちゃいそう。<CR>$xもっと　チクチクしたいのに。	"$m0: ""Waaah! I'm nearly finished. I wanted to sting some more!"""		enemy.man_o_war	independent_dialogue_existing_glossary	Independent translation from the pinned Japanese. Full eight-response set for this species; existing glossary names retained. Voice and sound effects are project dialogue choices. $x indentation replaced by measured English pages.
ally.dialogue.020.5	dialogue	20	5	$m0「チクチク。<CR>$x残りの体力が　なくなるよ。<CR>$xチクチク……。	"$m0: ""Sting, sting. I'm running out of strength. Sting..."""		enemy.man_o_war	independent_dialogue_existing_glossary	Independent translation from the pinned Japanese. Full eight-response set for this species; existing glossary names retained. Voice and sound effects are project dialogue choices. $x indentation replaced by measured English pages.
ally.dialogue.020.6	dialogue	20	6	$m0「レベルアップ！<CR>$xまだまだ　チクチクするよ！	"$m0: ""Level up! I'll keep on stinging!"""		enemy.man_o_war	independent_dialogue_existing_glossary	Independent translation from the pinned Japanese. Full eight-response set for this species; existing glossary names retained. Voice and sound effects are project dialogue choices. $x indentation replaced by measured English pages.
ally.dialogue.020.7	dialogue	20	7	$m0「よっし。<CR>$xチクチクしまくった　おかげで<CR>$xレベルが　上がったよ！	"$m0: ""All right! All that stinging has made my level go up!"""		enemy.man_o_war	independent_dialogue_existing_glossary	Independent translation from the pinned Japanese. Full eight-response set for this species; existing glossary names retained. Voice and sound effects are project dialogue choices. $x indentation replaced by measured English pages.
ally.dialogue.021.0	dialogue	21	0	$m0「ボクは<CR>$xとっても弱い　スライムだけど<CR>$xキミのために　戦うよ！	"$m0: ""I'm just a very weak Slime, but I'll fight for you!"""		enemy.slime	independent_dialogue_existing_glossary	Independent translation from the pinned Japanese. Full eight-response set for this species; existing glossary names retained. Voice and sound effects are project dialogue choices. $x indentation replaced by measured English pages.
ally.dialogue.021.1	dialogue	21	1	$m0「仲間にしてくれて<CR>$xありがとう！	"$m0: ""Thanks for letting me join you!"""		enemy.slime	independent_dialogue_existing_glossary	Independent translation from the pinned Japanese. Full eight-response set for this species; existing glossary names retained. Voice and sound effects are project dialogue choices. $x indentation replaced by measured English pages.
ally.dialogue.021.2	dialogue	21	2	$m0「ちょっと<CR>$xケガしてるけど　まだまだ<CR>$x戦えるよ！	"$m0: ""I'm a little hurt, but I can still fight!"""		enemy.slime	independent_dialogue_existing_glossary	Independent translation from the pinned Japanese. Full eight-response set for this species; existing glossary names retained. Voice and sound effects are project dialogue choices. $x indentation replaced by measured English pages.
ally.dialogue.021.3	dialogue	21	3	$m0「まだ　体力は<CR>$x半分くらい　あるから<CR>$xじゅうぶん戦えるよ！	"$m0: ""I've still got about half my HP. That's plenty to keep fighting!"""		enemy.slime,hp	independent_dialogue_existing_glossary	Independent translation from the pinned Japanese. Full eight-response set for this species; existing glossary names retained. Voice and sound effects are project dialogue choices. $x indentation replaced by measured English pages.
ally.dialogue.021.4	dialogue	21	4	$m0「うっ……。<CR>$x死んじゃったら　ゴメンね……。	"$m0: ""Ugh... Sorry if I die..."""		enemy.slime	independent_dialogue_existing_glossary	Independent translation from the pinned Japanese. Full eight-response set for this species; existing glossary names retained. Voice and sound effects are project dialogue choices. $x indentation replaced by measured English pages.
ally.dialogue.021.5	dialogue	21	5	$m0「うわ～ん。<CR>$xもう体力が　すっからかんだよう。	"$m0: ""Waaah! I'm completely out of strength!"""		enemy.slime	independent_dialogue_existing_glossary	Independent translation from the pinned Japanese. Full eight-response set for this species; existing glossary names retained. Voice and sound effects are project dialogue choices. $x indentation replaced by measured English pages.
ally.dialogue.021.6	dialogue	21	6	$m0「レベル上がって<CR>$xちょっとは　強くなったかなあ。	"$m0: ""Has going up a level made me a little stronger?"""		enemy.slime	independent_dialogue_existing_glossary	Independent translation from the pinned Japanese. Full eight-response set for this species; existing glossary names retained. Voice and sound effects are project dialogue choices. $x indentation replaced by measured English pages.
ally.dialogue.021.7	dialogue	21	7	$m0「もっともっと<CR>$xレベルアップしたいな～。	"$m0: ""I want to go up lots and lots more levels!"""		enemy.slime	independent_dialogue_existing_glossary	Independent translation from the pinned Japanese. Full eight-response set for this species; existing glossary names retained. Voice and sound effects are project dialogue choices. $x indentation replaced by measured English pages.
ally.dialogue.022.0	dialogue	22	0	$m0「ボクは<CR>$xただのスライムじゃないよ。<CR>$xスライムべスさ！	"$m0: ""I'm not just any old slime. I'm a She-slime!"""		enemy.she_slime	independent_dialogue_existing_glossary	Independent translation from the pinned Japanese. Full eight-response set for this species; existing glossary names retained. Voice and sound effects are project dialogue choices. $x indentation replaced by measured English pages. Species name follows official She-slime; Japanese first-person boku is not a separate gender claim.
ally.dialogue.022.1	dialogue	22	1	$m0「この赤い身体は<CR>$xただのスライムとは　ちがうって<CR>$x証明さ！	"$m0: ""This red body's proof that I'm different from an ordinary slime!"""		enemy.she_slime	independent_dialogue_existing_glossary	Independent translation from the pinned Japanese. Full eight-response set for this species; existing glossary names retained. Voice and sound effects are project dialogue choices. $x indentation replaced by measured English pages. Species name follows official She-slime; Japanese first-person boku is not a separate gender claim.
ally.dialogue.022.2	dialogue	22	2	$m0「ケガ？<CR>$xこんなの　たいしたことないよ。<CR>$xボクは　べスだからね！	"$m0: ""Hurt? These scratches are nothing! I'm a She-slime, after all!"""		enemy.she_slime	independent_dialogue_existing_glossary	Independent translation from the pinned Japanese. Full eight-response set for this species; existing glossary names retained. Voice and sound effects are project dialogue choices. $x indentation replaced by measured English pages. Species name follows official She-slime; Japanese first-person boku is not a separate gender claim.
ally.dialogue.022.3	dialogue	22	3	$m0「むむ。<CR>$x体力が　半分になってしまった。<CR>$xでも　まだイケるもんね！	"$m0: ""Hmm. My HP's down to half. But I've still got plenty of fight in me!"""		enemy.she_slime,hp	independent_dialogue_existing_glossary	Independent translation from the pinned Japanese. Full eight-response set for this species; existing glossary names retained. Voice and sound effects are project dialogue choices. $x indentation replaced by measured English pages. Species name follows official She-slime; Japanese first-person boku is not a separate gender claim.
ally.dialogue.022.4	dialogue	22	4	$m0「べスである<CR>$xこのボクが　こんなに<CR>$xダメージを　食らうとは……。	"$m0: ""To think a She-slime like me could take this much damage..."""		enemy.she_slime	independent_dialogue_existing_glossary	Independent translation from the pinned Japanese. Full eight-response set for this species; existing glossary names retained. Voice and sound effects are project dialogue choices. $x indentation replaced by measured English pages. Species name follows official She-slime; Japanese first-person boku is not a separate gender claim.
ally.dialogue.022.5	dialogue	22	5	$m0「マズイ……。<CR>$x体力が　底をつきそうだ。<CR>$xこれ以上は……。	"$m0: ""This is bad... I'm nearly out of strength. I can't take much more..."""		enemy.she_slime	independent_dialogue_existing_glossary	Independent translation from the pinned Japanese. Full eight-response set for this species; existing glossary names retained. Voice and sound effects are project dialogue choices. $x indentation replaced by measured English pages. Species name follows official She-slime; Japanese first-person boku is not a separate gender claim.
ally.dialogue.022.6	dialogue	22	6	$m0「ふふ。<CR>$xレベルが　上がったぞ。	"$m0: ""Heh heh. I've gone up a level."""		enemy.she_slime	independent_dialogue_existing_glossary	Independent translation from the pinned Japanese. Full eight-response set for this species; existing glossary names retained. Voice and sound effects are project dialogue choices. $x indentation replaced by measured English pages. Species name follows official She-slime; Japanese first-person boku is not a separate gender claim.
ally.dialogue.022.7	dialogue	22	7	$m0「見てくれ。<CR>$xレベルが　上がったんだよ。<CR>$xまた　強くなったぜっ。	"$m0: ""Look! My level went up. I'm stronger again!"""		enemy.she_slime	independent_dialogue_existing_glossary	Independent translation from the pinned Japanese. Full eight-response set for this species; existing glossary names retained. Voice and sound effects are project dialogue choices. $x indentation replaced by measured English pages. Species name follows official She-slime; Japanese first-person boku is not a separate gender claim.
ally.dialogue.023.0	dialogue	23	0	$m0「ボクのメタルボディ<CR>$xとても　キレイでしょ？	"$m0: ""My metal body is beautiful, isn't it?"""		enemy.metal_slime	independent_dialogue_existing_glossary	Independent translation from the pinned Japanese. Full eight-response set for this species; existing glossary names retained. Voice and sound effects are project dialogue choices. $x indentation replaced by measured English pages.
ally.dialogue.023.1	dialogue	23	1	$m0「ふふっ　ボクに<CR>$xダメージを与えられるヤツは<CR>$xそうそう　いないよ！	"$m0: ""Heh! There aren't many who can put a dent in me!"""		enemy.metal_slime	independent_dialogue_existing_glossary	Independent translation from the pinned Japanese. Full eight-response set for this species; existing glossary names retained. Voice and sound effects are project dialogue choices. $x indentation replaced by measured English pages.
ally.dialogue.023.2	dialogue	23	2	$m0「ねえねえ　ボクの<CR>$xメタルボディ　キズついてない？	"$m0: ""Hey, is my metal body scratched?"""		enemy.metal_slime	independent_dialogue_existing_glossary	Independent translation from the pinned Japanese. Full eight-response set for this species; existing glossary names retained. Voice and sound effects are project dialogue choices. $x indentation replaced by measured English pages.
ally.dialogue.023.3	dialogue	23	3	$m0「まだまだ！<CR>$x半分も体力あるから　ぜんぜん<CR>$x問題ないさ！	"$m0: ""I'm not done yet! I've still got half my HP. No problem at all!"""		enemy.metal_slime,hp	independent_dialogue_existing_glossary	Independent translation from the pinned Japanese. Full eight-response set for this species; existing glossary names retained. Voice and sound effects are project dialogue choices. $x indentation replaced by measured English pages.
ally.dialogue.023.4	dialogue	23	4	$m0「ボクのメタルボディ<CR>$xなんか　けずれて　へってる……。	"$m0: ""My metal body's getting chipped away..."""		enemy.metal_slime	independent_dialogue_existing_glossary	Independent translation from the pinned Japanese. Full eight-response set for this species; existing glossary names retained. Voice and sound effects are project dialogue choices. $x indentation replaced by measured English pages.
ally.dialogue.023.5	dialogue	23	5	$m0「このボクが<CR>$xこれほどのダメージを<CR>$x受けるなんて……。	"$m0: ""To think that I could take so much damage..."""		enemy.metal_slime	independent_dialogue_existing_glossary	Independent translation from the pinned Japanese. Full eight-response set for this species; existing glossary names retained. Voice and sound effects are project dialogue choices. $x indentation replaced by measured English pages.
ally.dialogue.023.6	dialogue	23	6	$m0「レベル上がって<CR>$xメタルボディの　かがやきが<CR>$xさらに　アップさ！	"$m0: ""My level's gone up, and my metal body shines brighter than ever!"""		enemy.metal_slime	independent_dialogue_existing_glossary	Independent translation from the pinned Japanese. Full eight-response set for this species; existing glossary names retained. Voice and sound effects are project dialogue choices. $x indentation replaced by measured English pages.
ally.dialogue.023.7	dialogue	23	7	$m0「ふう　やっと<CR>$xレベルが上がったよ。	"$m0: ""Phew! I finally went up a level."""		enemy.metal_slime	independent_dialogue_existing_glossary	Independent translation from the pinned Japanese. Full eight-response set for this species; existing glossary names retained. Voice and sound effects are project dialogue choices. $x indentation replaced by measured English pages.
ally.dialogue.024.0	dialogue	24	0	$m0「おにおに。<CR>$xおれっちは　オニオーンだよ。<CR>$xおにおに。	"$m0: ""Onion, onion! I'm an Ornery onion! Onion, onion!"""		enemy_ornery_onion	independent_dialogue_existing_glossary	Independent translation from the pinned Japanese. Full eight-response set for this species; existing glossary names retained. Voice and sound effects are project dialogue choices. $x indentation replaced by measured English pages.
ally.dialogue.024.1	dialogue	24	1	$m0「おにおに。<CR>$x人間のために　戦うのって<CR>$xなんか　変な気分おに。	"$m0: ""Onion, onion! Fighting for a human feels a little strange, onion!"""		enemy_ornery_onion	independent_dialogue_existing_glossary	Independent translation from the pinned Japanese. Full eight-response set for this species; existing glossary names retained. Voice and sound effects are project dialogue choices. $x indentation replaced by measured English pages.
ally.dialogue.024.2	dialogue	24	2	$m0「おにおに。<CR>$xなん枚か　ムケちゃった。	"$m0: ""Onion, onion! I've lost a few layers!"""		enemy_ornery_onion	independent_dialogue_existing_glossary	Independent translation from the pinned Japanese. Full eight-response set for this species; existing glossary names retained. Voice and sound effects are project dialogue choices. $x indentation replaced by measured English pages.
ally.dialogue.024.3	dialogue	24	3	$m0「おれっちの<CR>$x体力が　半分になっちゃった。<CR>$xおーにーーー！	"$m0: ""My HP's gone down to half! Oooonion!"""		enemy_ornery_onion,hp	independent_dialogue_existing_glossary	Independent translation from the pinned Japanese. Full eight-response set for this species; existing glossary names retained. Voice and sound effects are project dialogue choices. $x indentation replaced by measured English pages.
ally.dialogue.024.4	dialogue	24	4	$m0「おにおに。<CR>$xどうしよう　もう全部<CR>$xムケちゃうよー。	"$m0: ""Onion, onion! What do I do? I'm losing all my layers!"""		enemy_ornery_onion	independent_dialogue_existing_glossary	Independent translation from the pinned Japanese. Full eight-response set for this species; existing glossary names retained. Voice and sound effects are project dialogue choices. $x indentation replaced by measured English pages.
ally.dialogue.024.5	dialogue	24	5	$m0「おに……。<CR>$xおれっちの体力が　もう<CR>$xからっぽに　なっちゃうよ。	"$m0: ""Onion... I'm nearly out of strength..."""		enemy_ornery_onion	independent_dialogue_existing_glossary	Independent translation from the pinned Japanese. Full eight-response set for this species; existing glossary names retained. Voice and sound effects are project dialogue choices. $x indentation replaced by measured English pages.
ally.dialogue.024.6	dialogue	24	6	$m0「おにおに。<CR>$xレベルアップしたんだもんね。<CR>$xおにー。	"$m0: ""Onion, onion! I've gone up a level! Onion!"""		enemy_ornery_onion	independent_dialogue_existing_glossary	Independent translation from the pinned Japanese. Full eight-response set for this species; existing glossary names retained. Voice and sound effects are project dialogue choices. $x indentation replaced by measured English pages.
ally.dialogue.024.7	dialogue	24	7	$m0「うひひ。<CR>$xレベルが　上がった　おにー。	"$m0: ""Hee hee! Level up, onion!"""		enemy_ornery_onion	independent_dialogue_existing_glossary	Independent translation from the pinned Japanese. Full eight-response set for this species; existing glossary names retained. Voice and sound effects are project dialogue choices. $x indentation replaced by measured English pages.
ally.dialogue.025.0	dialogue	25	0	$m0「オラは<CR>$xたまねぎのバケモノなのさ～。	"$m0: ""I'm an onion monster, I am!"""		enemy_loathsome_leek	independent_dialogue_existing_glossary	Independent translation from the pinned Japanese. Full eight-response set for this species; existing glossary names retained. Voice and sound effects are project dialogue choices. $x indentation replaced by measured English pages. Japanese calls itself an onion monster; retained as written despite official species name Loathsome leek.
ally.dialogue.025.1	dialogue	25	1	$m0「オラの皮<CR>$xむきたがるヤツ　いるけど<CR>$xやめとけ～。	"$m0: ""Some folks want to peel my skin. You'd better not!"""		enemy_loathsome_leek	independent_dialogue_existing_glossary	Independent translation from the pinned Japanese. Full eight-response set for this species; existing glossary names retained. Voice and sound effects are project dialogue choices. $x indentation replaced by measured English pages.
ally.dialogue.025.2	dialogue	25	2	$m0「オラ　ちょびっと<CR>$xケガしちまったんだな。	"$m0: ""I've got a wee bit hurt, I have."""		enemy_loathsome_leek	independent_dialogue_existing_glossary	Independent translation from the pinned Japanese. Full eight-response set for this species; existing glossary names retained. Voice and sound effects are project dialogue choices. $x indentation replaced by measured English pages.
ally.dialogue.025.3	dialogue	25	3	$m0「おっと。<CR>$xオラの体力が　もう半分しか<CR>$x残ってないんだな。	"$m0: ""Whoops. I've only got half my HP left, I have."""		enemy_loathsome_leek,hp	independent_dialogue_existing_glossary	Independent translation from the pinned Japanese. Full eight-response set for this species; existing glossary names retained. Voice and sound effects are project dialogue choices. $x indentation replaced by measured English pages.
ally.dialogue.025.4	dialogue	25	4	$m0「うっく。<CR>$xオラ　もうダメなんだなー。<CR>$xでも最後まで　がんばるんだな。	"$m0: ""Urgh! I can't take much more. But I'll do my best right to the end!"""		enemy_loathsome_leek	independent_dialogue_existing_glossary	Independent translation from the pinned Japanese. Full eight-response set for this species; existing glossary names retained. Voice and sound effects are project dialogue choices. $x indentation replaced by measured English pages.
ally.dialogue.025.5	dialogue	25	5	$m0「まずいんだな。<CR>$xオラの体力が　もう　さっぱり<CR>$x残ってないんだな。	"$m0: ""This is bad. I've got hardly any strength left, I haven't."""		enemy_loathsome_leek	independent_dialogue_existing_glossary	Independent translation from the pinned Japanese. Full eight-response set for this species; existing glossary names retained. Voice and sound effects are project dialogue choices. $x indentation replaced by measured English pages.
ally.dialogue.025.6	dialogue	25	6	$m0「うっし。<CR>$xレベルアップで　元気でた！	"$m0: ""All right! Going up a level has perked me up!"""		enemy_loathsome_leek	independent_dialogue_existing_glossary	Independent translation from the pinned Japanese. Full eight-response set for this species; existing glossary names retained. Voice and sound effects are project dialogue choices. $x indentation replaced by measured English pages.
ally.dialogue.025.7	dialogue	25	7	$m0「オラ　さっき<CR>$xレベルアップしたんだな。	"$m0: ""I went up a level just now, I did."""		enemy_loathsome_leek	independent_dialogue_existing_glossary	Independent translation from the pinned Japanese. Full eight-response set for this species; existing glossary names retained. Voice and sound effects are project dialogue choices. $x indentation replaced by measured English pages.
ally.dialogue.026.0	dialogue	26	0	$m0「ひとりじゃ<CR>$xさびしいなあ。<CR>$x誰か　呼ぼうかなあ。	"$m0: ""It's lonely on my own. Maybe I should call someone..."""		enemy_malevolamp	independent_dialogue_existing_glossary	Independent translation from the pinned Japanese. Full eight-response set for this species; existing glossary names retained. Voice and sound effects are project dialogue choices. $x indentation replaced by measured English pages.
ally.dialogue.026.1	dialogue	26	1	$m0「ららんぷ　らんぷ<CR>$xらんぷっぷ～。	"$m0: ""La-lamp, la-lamp, lampety-lamp!"""		enemy_malevolamp	independent_dialogue_existing_glossary	Independent translation from the pinned Japanese. Full eight-response set for this species; existing glossary names retained. Voice and sound effects are project dialogue choices. $x indentation replaced by measured English pages.
ally.dialogue.026.2	dialogue	26	2	$m0「ポットの中身が<CR>$xだいぶ　出ちゃった。<CR>$xでも　まだ平気かなあ。	"$m0: ""Quite a lot has spilled out of my pot. But I think I'm still all right."""		enemy_malevolamp	independent_dialogue_existing_glossary	Independent translation from the pinned Japanese. Full eight-response set for this species; existing glossary names retained. Voice and sound effects are project dialogue choices. $x indentation replaced by measured English pages.
ally.dialogue.026.3	dialogue	26	3	$m0「体力が　半分に<CR>$xなっちゃったっぽい。	"$m0: ""Looks like my HP's down to half."""		enemy_malevolamp,hp	independent_dialogue_existing_glossary	Independent translation from the pinned Japanese. Full eight-response set for this species; existing glossary names retained. Voice and sound effects are project dialogue choices. $x indentation replaced by measured English pages.
ally.dialogue.026.4	dialogue	26	4	$m0「ポットの中身が<CR>$xもう　ないよう。<CR>$x誰か　たすけて～。	"$m0: ""My pot's nearly empty! Somebody help me!"""		enemy_malevolamp	independent_dialogue_existing_glossary	Independent translation from the pinned Japanese. Full eight-response set for this species; existing glossary names retained. Voice and sound effects are project dialogue choices. $x indentation replaced by measured English pages.
ally.dialogue.026.5	dialogue	26	5	$m0「体力が　もう<CR>$xカラッポに　なっちゃうよう。	"$m0: ""I'm nearly all out of strength!"""		enemy_malevolamp	independent_dialogue_existing_glossary	Independent translation from the pinned Japanese. Full eight-response set for this species; existing glossary names retained. Voice and sound effects are project dialogue choices. $x indentation replaced by measured English pages.
ally.dialogue.026.6	dialogue	26	6	$m0「レベルが<CR>$x上がった　うれしいなあ。	"$m0: ""I've gone up a level! I'm so happy!"""		enemy_malevolamp	independent_dialogue_existing_glossary	Independent translation from the pinned Japanese. Full eight-response set for this species; existing glossary names retained. Voice and sound effects are project dialogue choices. $x indentation replaced by measured English pages.
ally.dialogue.026.7	dialogue	26	7	$m0「レベルが<CR>$x上がっても　ランプはランプ。	"$m0: ""Even after levelling up, a lamp is still a lamp."""		enemy_malevolamp	independent_dialogue_existing_glossary	Independent translation from the pinned Japanese. Full eight-response set for this species; existing glossary names retained. Voice and sound effects are project dialogue choices. $x indentation replaced by measured English pages.
ally.dialogue.027.0	dialogue	27	0	$m0「熱い……。<CR>$x身体が　焼けるようだ。<CR>$xもっと　熱くしてくれ……。	"$m0: ""Hot... My body feels like it's burning. Make it hotter..."""		enemy.magmalice	independent_dialogue_existing_glossary	Independent translation from the pinned Japanese. Full eight-response set for this species; existing glossary names retained. Voice and sound effects are project dialogue choices. $x indentation replaced by measured English pages.
ally.dialogue.027.1	dialogue	27	1	$m0「オレの熱は<CR>$xなんでも　溶かす……。	"$m0: ""My heat can melt anything..."""		enemy.magmalice	independent_dialogue_existing_glossary	Independent translation from the pinned Japanese. Full eight-response set for this species; existing glossary names retained. Voice and sound effects are project dialogue choices. $x indentation replaced by measured English pages.
ally.dialogue.027.2	dialogue	27	2	$m0「熱が……。<CR>$x熱が　足りない。<CR>$x熱をくれ……。	"$m0: ""Heat... Not enough heat. Give me heat..."""		enemy.magmalice	independent_dialogue_existing_glossary	Independent translation from the pinned Japanese. Full eight-response set for this species; existing glossary names retained. Voice and sound effects are project dialogue choices. $x indentation replaced by measured English pages.
ally.dialogue.027.3	dialogue	27	3	$m0「体力が……。<CR>$x半分に　なってしまった。<CR>$x誰のせいだ……。	"$m0: ""My HP... Down to half. Whose fault is this...?"""		enemy.magmalice,hp	independent_dialogue_existing_glossary	Independent translation from the pinned Japanese. Full eight-response set for this species; existing glossary names retained. Voice and sound effects are project dialogue choices. $x indentation replaced by measured English pages.
ally.dialogue.027.4	dialogue	27	4	$m0「ダメだ……。<CR>$xこのままでは　身体が<CR>$x冷えてしまう……。	"$m0: ""No... At this rate, my body will cool down..."""		enemy.magmalice	independent_dialogue_existing_glossary	Independent translation from the pinned Japanese. Full eight-response set for this species; existing glossary names retained. Voice and sound effects are project dialogue choices. $x indentation replaced by measured English pages.
ally.dialogue.027.5	dialogue	27	5	$m0「ぐ……。<CR>$x体力が　もうない。<CR>$x熱を　く…れ……。	"$m0: ""Ugh... No strength left. Give me... heat..."""		enemy.magmalice	independent_dialogue_existing_glossary	Independent translation from the pinned Japanese. Full eight-response set for this species; existing glossary names retained. Voice and sound effects are project dialogue choices. $x indentation replaced by measured English pages.
ally.dialogue.027.6	dialogue	27	6	$m0「熱い……。<CR>$xレベルアップしたようだ。<CR>$xいい感じだ……。	"$m0: ""Hot... It seems I've levelled up. This feels good..."""		enemy.magmalice	independent_dialogue_existing_glossary	Independent translation from the pinned Japanese. Full eight-response set for this species; existing glossary names retained. Voice and sound effects are project dialogue choices. $x indentation replaced by measured English pages.
ally.dialogue.027.7	dialogue	27	7	$m0「おお……。<CR>$xレベルが　上がっていたのか。<CR>$x気づかなかった……。	"$m0: ""Oh... So my level had gone up. I hadn't noticed..."""		enemy.magmalice	independent_dialogue_existing_glossary	Independent translation from the pinned Japanese. Full eight-response set for this species; existing glossary names retained. Voice and sound effects are project dialogue choices. $x indentation replaced by measured English pages.
ally.dialogue.028.0	dialogue	28	0	$m0「寒い……。<CR>$x凍えて　しまいそうだ。<CR>$xもっと　冷やしてくれ……。	"$m0: ""Cold... I feel as though I'll freeze. Make it colder..."""		enemy.firn_fiend	independent_dialogue_existing_glossary	Independent translation from the pinned Japanese. Full eight-response set for this species; existing glossary names retained. Voice and sound effects are project dialogue choices. $x indentation replaced by measured English pages.
ally.dialogue.028.1	dialogue	28	1	$m0「ふーーー。<CR>$xオレの息で　凍らぬモノは<CR>$xないのだ……。	"$m0: ""Fwooo... There is nothing my breath cannot freeze..."""		enemy.firn_fiend	independent_dialogue_existing_glossary	Independent translation from the pinned Japanese. Full eight-response set for this species; existing glossary names retained. Voice and sound effects are project dialogue choices. $x indentation replaced by measured English pages.
ally.dialogue.028.2	dialogue	28	2	$m0「いかん……。<CR>$x温度が　上がってきた。<CR>$x寒さが　ほしい……。	"$m0: ""No... My temperature is rising. I need cold..."""		enemy.firn_fiend	independent_dialogue_existing_glossary	Independent translation from the pinned Japanese. Full eight-response set for this species; existing glossary names retained. Voice and sound effects are project dialogue choices. $x indentation replaced by measured English pages.
ally.dialogue.028.3	dialogue	28	3	$m0「体力が……。<CR>$x半分に　なってしまった。<CR>$xなぜだ　どうしてだ……。	"$m0: ""My HP... Down to half. Why? How could this happen...?"""		enemy.firn_fiend,hp	independent_dialogue_existing_glossary	Independent translation from the pinned Japanese. Full eight-response set for this species; existing glossary names retained. Voice and sound effects are project dialogue choices. $x indentation replaced by measured English pages.
ally.dialogue.028.4	dialogue	28	4	$m0「うう……。<CR>$xこのままでは　ただの<CR>$xまじんに　なってしまう……。	"$m0: ""Ugh... At this rate, I'll be just an ordinary fiend..."""		enemy.firn_fiend	independent_dialogue_existing_glossary	Independent translation from the pinned Japanese. Full eight-response set for this species; existing glossary names retained. Voice and sound effects are project dialogue choices. $x indentation replaced by measured English pages.
ally.dialogue.028.5	dialogue	28	5	$m0「ぐ……。<CR>$x体力が　もうない。<CR>$x誰か　冷やして…くれ……。	"$m0: ""Ugh... No strength left. Someone... cool me down..."""		enemy.firn_fiend	independent_dialogue_existing_glossary	Independent translation from the pinned Japanese. Full eight-response set for this species; existing glossary names retained. Voice and sound effects are project dialogue choices. $x indentation replaced by measured English pages.
ally.dialogue.028.6	dialogue	28	6	$m0「よし……。<CR>$xレベルが　上がったようだ。<CR>$xもっと　寒くしよう……。	"$m0: ""Good... It seems I've levelled up. Let's make it colder..."""		enemy.firn_fiend	independent_dialogue_existing_glossary	Independent translation from the pinned Japanese. Full eight-response set for this species; existing glossary names retained. Voice and sound effects are project dialogue choices. $x indentation replaced by measured English pages.
ally.dialogue.028.7	dialogue	28	7	$m0「寒い……。<CR>$xレベルアップしたら　なおさら<CR>$x寒く…もっと……。	"$m0: ""Cold... Levelling up has made me colder still... More..."""		enemy.firn_fiend	independent_dialogue_existing_glossary	Independent translation from the pinned Japanese. Full eight-response set for this species; existing glossary names retained. Voice and sound effects are project dialogue choices. $x indentation replaced by measured English pages.
ally.dialogue.029.0	dialogue	29	0	$m0「オレの<CR>$x生前の話　聞きたい？<CR>$xいらない？　あっ　そう。	"$m0: ""Want to hear about my life before I died? No? Oh. Right."""		enemy_spirit	independent_dialogue_existing_glossary	Independent translation from the pinned Japanese. Full eight-response set for this species; existing glossary names retained. Voice and sound effects are project dialogue choices. $x indentation replaced by measured English pages.
ally.dialogue.029.1	dialogue	29	1	$m0「キミも　もし<CR>$x死んじゃったら　ゆうれいに<CR>$xなってみないか？	"$m0: ""If you die, why not give being a ghost a try?"""		enemy_spirit	independent_dialogue_existing_glossary	Independent translation from the pinned Japanese. Full eight-response set for this species; existing glossary names retained. Voice and sound effects are project dialogue choices. $x indentation replaced by measured English pages.
ally.dialogue.029.2	dialogue	29	2	$m0「オレは<CR>$xいちど　死んでるからね。<CR>$xこれくらいのケガは　平気さ。	"$m0: ""I've already died once. Injuries like these don't bother me."""		enemy_spirit	independent_dialogue_existing_glossary	Independent translation from the pinned Japanese. Full eight-response set for this species; existing glossary names retained. Voice and sound effects are project dialogue choices. $x indentation replaced by measured English pages.
ally.dialogue.029.3	dialogue	29	3	$m0「体力が<CR>$x半分に　なっちゃったぜ。<CR>$x死んでても　へるんだな。	"$m0: ""My HP's down to half. I suppose it still goes down when you're dead."""		enemy_spirit,hp	independent_dialogue_existing_glossary	Independent translation from the pinned Japanese. Full eight-response set for this species; existing glossary names retained. Voice and sound effects are project dialogue choices. $x indentation replaced by measured English pages.
ally.dialogue.029.4	dialogue	29	4	$m0「いかん。<CR>$xもういちど　死にそう……。	"$m0: ""Oh no. I think I'm about to die again..."""		enemy_spirit	independent_dialogue_existing_glossary	Independent translation from the pinned Japanese. Full eight-response set for this species; existing glossary names retained. Voice and sound effects are project dialogue choices. $x indentation replaced by measured English pages.
ally.dialogue.029.5	dialogue	29	5	$m0「体力がない。<CR>$xつぎに　生まれ変わるときは<CR>$xゆうれいは　カンベンだ。	"$m0: ""No strength left. Next time I'm reborn, I'd rather not be a ghost."""		enemy_spirit	independent_dialogue_existing_glossary	Independent translation from the pinned Japanese. Full eight-response set for this species; existing glossary names retained. Voice and sound effects are project dialogue choices. $x indentation replaced by measured English pages.
ally.dialogue.029.6	dialogue	29	6	$m0「レベルが<CR>$x上がってもなあ……。<CR>$x生き返るわけじゃないし。	"$m0: ""So I've levelled up... It's not as if it'll bring me back to life."""		enemy_spirit	independent_dialogue_existing_glossary	Independent translation from the pinned Japanese. Full eight-response set for this species; existing glossary names retained. Voice and sound effects are project dialogue choices. $x indentation replaced by measured English pages.
ally.dialogue.029.7	dialogue	29	7	$m0「生きてるときに<CR>$xレベルが　上がってればねえ。<CR>$x死ななくて　すんだかもな。	"$m0: ""If I'd levelled up when I was alive, perhaps I wouldn't have died."""		enemy_spirit	independent_dialogue_existing_glossary	Independent translation from the pinned Japanese. Full eight-response set for this species; existing glossary names retained. Voice and sound effects are project dialogue choices. $x indentation replaced by measured English pages.
ally.dialogue.030.0	dialogue	30	0	$m0「ふはははは。<CR>$xおまえの首をくれ！<CR>$xなに　ダメなのか？	"$m0: ""Bwahahaha! Give me your head! What? I can't have it?"""		enemy_mean_spirit	independent_dialogue_existing_glossary	Independent translation from the pinned Japanese. Full eight-response set for this species; existing glossary names retained. Voice and sound effects are project dialogue choices. $x indentation replaced by measured English pages.
ally.dialogue.030.1	dialogue	30	1	$m0「オレは　しにがみ！<CR>$xオレの姿を見た者は　みな<CR>$x死んでしまうのだー！	"$m0: ""I am the reaper! All who see me shall die!"""		enemy_mean_spirit	independent_dialogue_existing_glossary	Independent translation from the pinned Japanese. Full eight-response set for this species; existing glossary names retained. Voice and sound effects are project dialogue choices. $x indentation replaced by measured English pages.
ally.dialogue.030.2	dialogue	30	2	$m0「うおう。<CR>$xしにがみに　手を出すなんて<CR>$xなんて　ヤツらだ！	"$m0: ""Whoa! What sort of monsters would dare attack the reaper!?"""		enemy_mean_spirit	independent_dialogue_existing_glossary	Independent translation from the pinned Japanese. Full eight-response set for this species; existing glossary names retained. Voice and sound effects are project dialogue choices. $x indentation replaced by measured English pages.
ally.dialogue.030.3	dialogue	30	3	$m0「ふははは。<CR>$x体力が　半分になった。<CR>$xなんてこった！	"$m0: ""Bwahahaha! My HP's down to half. What a disaster!"""		enemy_mean_spirit,hp	independent_dialogue_existing_glossary	Independent translation from the pinned Japanese. Full eight-response set for this species; existing glossary names retained. Voice and sound effects are project dialogue choices. $x indentation replaced by measured English pages.
ally.dialogue.030.4	dialogue	30	4	$m0「しにがみが<CR>$x死んでは　笑い者に……。<CR>$xうぐぐぐ。	"$m0: ""A reaper who dies would be a laughing stock... Ugggh!"""		enemy_mean_spirit	independent_dialogue_existing_glossary	Independent translation from the pinned Japanese. Full eight-response set for this species; existing glossary names retained. Voice and sound effects are project dialogue choices. $x indentation replaced by measured English pages.
ally.dialogue.030.5	dialogue	30	5	$m0「ふはははは。<CR>$x体力が　なくなってしまう。<CR>$xこうなったら　道連れだ！	"$m0: ""Bwahahaha! I'm running out of strength. I'll take you down with me!"""		enemy_mean_spirit	independent_dialogue_existing_glossary	Independent translation from the pinned Japanese. Full eight-response set for this species; existing glossary names retained. Voice and sound effects are project dialogue choices. $x indentation replaced by measured English pages.
ally.dialogue.030.6	dialogue	30	6	$m0「ふはははは。<CR>$xしにがみとして　またひとつ<CR>$x成長したぞ！	"$m0: ""Bwahahaha! I've grown still greater as a reaper!"""		enemy_mean_spirit	independent_dialogue_existing_glossary	Independent translation from the pinned Japanese. Full eight-response set for this species; existing glossary names retained. Voice and sound effects are project dialogue choices. $x indentation replaced by measured English pages.
ally.dialogue.030.7	dialogue	30	7	$m0「ふはははは。<CR>$xレベルアップだ。<CR>$xさあ　もっと首をよこせ！	"$m0: ""Bwahahaha! Level up! Now give me more heads!"""		enemy_mean_spirit	independent_dialogue_existing_glossary	Independent translation from the pinned Japanese. Full eight-response set for this species; existing glossary names retained. Voice and sound effects are project dialogue choices. $x indentation replaced by measured English pages.
ally.dialogue.031.0	dialogue	31	0	$m0「呪呪呪呪……。	"$m0: ""Curse, curse, curse, curse..."""		enemy_heedoo_voodoo	independent_dialogue_existing_glossary	Independent translation from the pinned Japanese. Full eight-response set for this species; existing glossary names retained. Voice and sound effects are project dialogue choices. $x indentation replaced by measured English pages.
ally.dialogue.031.1	dialogue	31	1	$m0「ふふふふふ。<CR>$x呪いこそ　すべて。	"$m0: ""Heh heh heh. Curses are everything."""		enemy_heedoo_voodoo	independent_dialogue_existing_glossary	Independent translation from the pinned Japanese. Full eight-response set for this species; existing glossary names retained. Voice and sound effects are project dialogue choices. $x indentation replaced by measured English pages.
ally.dialogue.031.2	dialogue	31	2	$m0「くさった死体よ。<CR>$xわれを　助けよ……。	"$m0: ""Walking corpse. Come to my aid..."""		enemy.walking_corpse,enemy_heedoo_voodoo	independent_dialogue_existing_glossary	Independent translation from the pinned Japanese. Full eight-response set for this species; existing glossary names retained. Voice and sound effects are project dialogue choices. $x indentation replaced by measured English pages.
ally.dialogue.031.3	dialogue	31	3	$m0「われの体力が<CR>$x半分に　なってしまった。<CR>$xやったヤツを　呪おう……。	"$m0: ""My HP has fallen to half. I shall curse whoever did this..."""		enemy_heedoo_voodoo,hp	independent_dialogue_existing_glossary	Independent translation from the pinned Japanese. Full eight-response set for this species; existing glossary names retained. Voice and sound effects are project dialogue choices. $x indentation replaced by measured English pages.
ally.dialogue.031.4	dialogue	31	4	$m0「くさった死体よ。<CR>$xわれの代わりに　いまいちど<CR>$x死すべし……。	"$m0: ""Walking corpse. Die once more, in my place..."""		enemy.walking_corpse,enemy_heedoo_voodoo	independent_dialogue_existing_glossary	Independent translation from the pinned Japanese. Full eight-response set for this species; existing glossary names retained. Voice and sound effects are project dialogue choices. $x indentation replaced by measured English pages.
ally.dialogue.031.5	dialogue	31	5	$m0「むううん。<CR>$xわれの体力が　少ない。<CR>$x呪呪呪呪……！	"$m0: ""Hmmm. My strength is low. Curse, curse, curse, curse...!"""		enemy_heedoo_voodoo	independent_dialogue_existing_glossary	Independent translation from the pinned Japanese. Full eight-response set for this species; existing glossary names retained. Voice and sound effects are project dialogue choices. $x indentation replaced by measured English pages.
ally.dialogue.031.6	dialogue	31	6	$m0「ふふふふ。<CR>$xレベルアップ……。	"$m0: ""Heh heh heh. Level up..."""		enemy_heedoo_voodoo	independent_dialogue_existing_glossary	Independent translation from the pinned Japanese. Full eight-response set for this species; existing glossary names retained. Voice and sound effects are project dialogue choices. $x indentation replaced by measured English pages.
ally.dialogue.031.7	dialogue	31	7	$m0「くくくく。<CR>$xレベルが　上がった。<CR>$xもっと　呪おう……。	"$m0: ""Heh heh. My level has risen. Let there be more curses..."""		enemy_heedoo_voodoo	independent_dialogue_existing_glossary	Independent translation from the pinned Japanese. Full eight-response set for this species; existing glossary names retained. Voice and sound effects are project dialogue choices. $x indentation replaced by measured English pages.
ally.dialogue.032.0	dialogue	32	0	$m0「オレは　ほかのヤツの<CR>$x杖を封印できるんだ。<CR>$xどうだ　役に立つだろう。	"$m0: ""I can seal other creatures' staffs. Pretty useful, wouldn't you say?"""		enemy_voodoogooder	independent_dialogue_existing_glossary	Independent translation from the pinned Japanese. Full eight-response set for this species; existing glossary names retained. Voice and sound effects are project dialogue choices. $x indentation replaced by measured English pages.
ally.dialogue.032.1	dialogue	32	1	$m0「フフフ。<CR>$xゾンビの　恐ろしさを<CR>$x思い知らせてあげよう。	"$m0: ""Heh heh heh. I'll show them just how terrifying the undead can be."""		enemy_voodoogooder	independent_dialogue_existing_glossary	Independent translation from the pinned Japanese. Full eight-response set for this species; existing glossary names retained. Voice and sound effects are project dialogue choices. $x indentation replaced by measured English pages.
ally.dialogue.032.2	dialogue	32	2	$m0「むむむ。<CR>$xオレに　こんなにケガを<CR>$xさせたのは　誰だ！	"$m0: ""Grrr. Who gave me all these injuries!?"""		enemy_voodoogooder	independent_dialogue_existing_glossary	Independent translation from the pinned Japanese. Full eight-response set for this species; existing glossary names retained. Voice and sound effects are project dialogue choices. $x indentation replaced by measured English pages.
ally.dialogue.032.3	dialogue	32	3	$m0「残りの体力が<CR>$x半分を　切ってしまったぞ。<CR>$xどうしてくれるんだ！	"$m0: ""My HP's dropped below half! What are you going to do about it!?"""		enemy_voodoogooder,hp	independent_dialogue_existing_glossary	Independent translation from the pinned Japanese. Full eight-response set for this species; existing glossary names retained. Voice and sound effects are project dialogue choices. $x indentation replaced by measured English pages.
ally.dialogue.032.4	dialogue	32	4	$m0「おのれ……。<CR>$xひとりでは　死なんぞ。<CR>$x道連れを　増やしてやる……。	"$m0: ""Curse them... I won't die alone. I'll take more of them with me..."""		enemy_voodoogooder	independent_dialogue_existing_glossary	Independent translation from the pinned Japanese. Full eight-response set for this species; existing glossary names retained. Voice and sound effects are project dialogue choices. $x indentation replaced by measured English pages.
ally.dialogue.032.5	dialogue	32	5	$m0「やばい　やばいぞ！<CR>$x残りの体力が　なくなっちまう。<CR>$xお前　なんとかしてくれ！	"$m0: ""This is bad! Really bad! I'm running out of strength. Do something!"""		enemy_voodoogooder	independent_dialogue_existing_glossary	Independent translation from the pinned Japanese. Full eight-response set for this species; existing glossary names retained. Voice and sound effects are project dialogue choices. $x indentation replaced by measured English pages.
ally.dialogue.032.6	dialogue	32	6	$m0「レベルアップ！<CR>$xこれでオレは　マスターの中の<CR>$xマスターへ　近づいた！	"$m0: ""Level up! I'm one step closer to being the master of all masters!"""		enemy_voodoogooder	independent_dialogue_existing_glossary	Independent translation from the pinned Japanese. Full eight-response set for this species; existing glossary names retained. Voice and sound effects are project dialogue choices. $x indentation replaced by measured English pages.
ally.dialogue.032.7	dialogue	32	7	$m0「ふふふ。<CR>$xレベルが　上がったぞ。	"$m0: ""Heh heh heh. My level went up!"""		enemy_voodoogooder	independent_dialogue_existing_glossary	Independent translation from the pinned Japanese. Full eight-response set for this species; existing glossary names retained. Voice and sound effects are project dialogue choices. $x indentation replaced by measured English pages.
ally.dialogue.033.0	dialogue	33	0	$m0「なんでかな。<CR>$xオイラが見つめると　みんな<CR>$xおかしく　なっちゃうんだ。	"$m0: ""I wonder why everyone starts acting strangely when I stare at them."""		enemy.winky	independent_dialogue_existing_glossary	Independent translation from the pinned Japanese. Full eight-response set for this species; existing glossary names retained. Voice and sound effects are project dialogue choices. $x indentation replaced by measured English pages.
ally.dialogue.033.1	dialogue	33	1	$m0「オイラの<CR>$xチャームポイントは<CR>$xもちろん　この大きな目さ！	"$m0: ""My best feature? This big eye, of course!"""		enemy.winky	independent_dialogue_existing_glossary	Independent translation from the pinned Japanese. Full eight-response set for this species; existing glossary names retained. Voice and sound effects are project dialogue choices. $x indentation replaced by measured English pages.
ally.dialogue.033.2	dialogue	33	2	$m0「いてて。<CR>$xなんか　たくさん<CR>$xケガしちゃったみたいだ。	"$m0: ""Ow! Looks like I've picked up quite a few injuries."""		enemy.winky	independent_dialogue_existing_glossary	Independent translation from the pinned Japanese. Full eight-response set for this species; existing glossary names retained. Voice and sound effects are project dialogue choices. $x indentation replaced by measured English pages.
ally.dialogue.033.3	dialogue	33	3	$m0「あうう。<CR>$x体力が　もう半分しか……。	"$m0: ""Oof... I've only got half my HP left..."""		enemy.winky,hp	independent_dialogue_existing_glossary	Independent translation from the pinned Japanese. Full eight-response set for this species; existing glossary names retained. Voice and sound effects are project dialogue choices. $x indentation replaced by measured English pages.
ally.dialogue.033.4	dialogue	33	4	$m0「うっはあ。<CR>$xオイラ　もう　やばいよ。<CR>$x誰か　助けてよー。	"$m0: ""Oh no! I'm in real trouble now! Somebody help me!"""		enemy.winky	independent_dialogue_existing_glossary	Independent translation from the pinned Japanese. Full eight-response set for this species; existing glossary names retained. Voice and sound effects are project dialogue choices. $x indentation replaced by measured English pages.
ally.dialogue.033.5	dialogue	33	5	$m0「……。<CR>$x体力が　もう残ってないよ。	"$m0: ""...I've hardly any strength left."""		enemy.winky	independent_dialogue_existing_glossary	Independent translation from the pinned Japanese. Full eight-response set for this species; existing glossary names retained. Voice and sound effects are project dialogue choices. $x indentation replaced by measured English pages.
ally.dialogue.033.6	dialogue	33	6	$m0「見て見て<CR>$xこの　目のかがやきを。<CR>$xレベルアップしたんだ～。	"$m0: ""Look at the sparkle in my eye! I've levelled up!"""		enemy.winky	independent_dialogue_existing_glossary	Independent translation from the pinned Japanese. Full eight-response set for this species; existing glossary names retained. Voice and sound effects are project dialogue choices. $x indentation replaced by measured English pages.
ally.dialogue.033.7	dialogue	33	7	$m0「わーい。<CR>$xレベルが　上がったよ。<CR>$xがんばったもんね　オイラ。	"$m0: ""Hooray! My level went up! I've been working hard, you know."""		enemy.winky	independent_dialogue_existing_glossary	Independent translation from the pinned Japanese. Full eight-response set for this species; existing glossary names retained. Voice and sound effects are project dialogue choices. $x indentation replaced by measured English pages.
ally.dialogue.034.0	dialogue	34	0	$m0「ボクの<CR>$xとくいワザは　アストロンさ！	"$m0: ""My speciality is Kaclang!"""		enemy.peeper,spell.kaclang	independent_dialogue_existing_glossary	Independent translation from the pinned Japanese. Full eight-response set for this species; existing glossary names retained. Voice and sound effects are project dialogue choices. $x indentation replaced by measured English pages.
ally.dialogue.034.1	dialogue	34	1	$m0「ふふふ。<CR>$xあぶなくなったら　アストロン！<CR>$xこれで　平気さ～。	"$m0: ""Heh heh! When trouble strikes, cast Kaclang! That'll keep me safe!"""		enemy.peeper,spell.kaclang	independent_dialogue_existing_glossary	Independent translation from the pinned Japanese. Full eight-response set for this species; existing glossary names retained. Voice and sound effects are project dialogue choices. $x indentation replaced by measured English pages.
ally.dialogue.034.2	dialogue	34	2	$m0「アストロン<CR>$xしている間は　平気なんだけど<CR>$xずっとは　かけられないからなー。	"$m0: ""I'm safe while Kaclang lasts, but I can't keep it going forever."""		enemy.peeper,spell.kaclang	independent_dialogue_existing_glossary	Independent translation from the pinned Japanese. Full eight-response set for this species; existing glossary names retained. Voice and sound effects are project dialogue choices. $x indentation replaced by measured English pages.
ally.dialogue.034.3	dialogue	34	3	$m0「あれ？<CR>$xいつの間にか　体力が<CR>$x半分くらいしか　ないみたい。	"$m0: ""Huh? When did my HP drop to about half?"""		enemy.peeper,hp	independent_dialogue_existing_glossary	Independent translation from the pinned Japanese. Full eight-response set for this species; existing glossary names retained. Voice and sound effects are project dialogue choices. $x indentation replaced by measured English pages.
ally.dialogue.034.4	dialogue	34	4	$m0「ぐすん……。<CR>$xボク　もうダメみたい……。	"$m0: ""Sniff... I don't think I can go on..."""		enemy.peeper	independent_dialogue_existing_glossary	Independent translation from the pinned Japanese. Full eight-response set for this species; existing glossary names retained. Voice and sound effects are project dialogue choices. $x indentation replaced by measured English pages.
ally.dialogue.034.5	dialogue	34	5	$m0「アストロン<CR>$xかけてたのに　もう体力が<CR>$xぜんぜん　残ってないなんて……。	"$m0: ""Even though I cast Kaclang, I've hardly got any HP left..."""		enemy.peeper,hp,spell.kaclang	independent_dialogue_existing_glossary	Independent translation from the pinned Japanese. Full eight-response set for this species; existing glossary names retained. Voice and sound effects are project dialogue choices. $x indentation replaced by measured English pages.
ally.dialogue.034.6	dialogue	34	6	$m0「見て見て！<CR>$xボク　レベルアップしたよ！！	"$m0: ""Look! Look! I've gone up a level!"""		enemy.peeper	independent_dialogue_existing_glossary	Independent translation from the pinned Japanese. Full eight-response set for this species; existing glossary names retained. Voice and sound effects are project dialogue choices. $x indentation replaced by measured English pages.
ally.dialogue.034.7	dialogue	34	7	$m0「レベルが<CR>$x上がったよ。わーいわーい。	"$m0: ""My level went up! Hooray! Hooray!"""		enemy.peeper	independent_dialogue_existing_glossary	Independent translation from the pinned Japanese. Full eight-response set for this species; existing glossary names retained. Voice and sound effects are project dialogue choices. $x indentation replaced by measured English pages.
ally.dialogue.035.0	dialogue	35	0	$m0「あ。<CR>$x私　$m1と言います。<CR>$xよろしく　お願いしますね。	"$m0: ""Oh. My name is $m1. It's a pleasure to meet you."""		enemy.troll	independent_dialogue_existing_glossary	Independent translation from the pinned Japanese. Full eight-response set for this species; existing glossary names retained. Voice and sound effects are project dialogue choices. $x indentation replaced by measured English pages.
ally.dialogue.035.1	dialogue	35	1	$m0「あ　どもども。<CR>$xはい　がんばってますよ。<CR>$xそちらも　がんばってくださいね。	"$m0: ""Oh, hello there! Yes, I'm doing my best. I hope you will too."""		enemy.troll	independent_dialogue_existing_glossary	Independent translation from the pinned Japanese. Full eight-response set for this species; existing glossary names retained. Voice and sound effects are project dialogue choices. $x indentation replaced by measured English pages.
ally.dialogue.035.2	dialogue	35	2	$m0「あの……。<CR>$xだいぶ　殴られちゃったんですが<CR>$xまだ　平気ですので。	"$m0: ""Um... I've been hit quite a lot, but I'm still all right."""		enemy.troll	independent_dialogue_existing_glossary	Independent translation from the pinned Japanese. Full eight-response set for this species; existing glossary names retained. Voice and sound effects are project dialogue choices. $x indentation replaced by measured English pages.
ally.dialogue.035.3	dialogue	35	3	$m0「なんですか？<CR>$xああ　残りの体力なら　まだ<CR>$x半分くらい　ありそうです。	"$m0: ""What's that? Oh, my HP? I think I've still got about half left."""		enemy.troll,hp	independent_dialogue_existing_glossary	Independent translation from the pinned Japanese. Full eight-response set for this species; existing glossary names retained. Voice and sound effects are project dialogue choices. $x indentation replaced by measured English pages.
ally.dialogue.035.4	dialogue	35	4	$m0「すみません。<CR>$xそろそろ　私　ダメかも<CR>$xしれません……。	"$m0: ""I'm sorry. I don't think I can last much longer..."""		enemy.troll	independent_dialogue_existing_glossary	Independent translation from the pinned Japanese. Full eight-response set for this species; existing glossary names retained. Voice and sound effects are project dialogue choices. $x indentation replaced by measured English pages.
ally.dialogue.035.5	dialogue	35	5	$m0「あの～。<CR>$xもう私の体力が　なくなりそう<CR>$xなんですけど　どうしましょ？	"$m0: ""Excuse me... I'm nearly out of strength. What should I do?"""		enemy.troll	independent_dialogue_existing_glossary	Independent translation from the pinned Japanese. Full eight-response set for this species; existing glossary names retained. Voice and sound effects are project dialogue choices. $x indentation replaced by measured English pages.
ally.dialogue.035.6	dialogue	35	6	$m0「聞いてください。<CR>$x私ね　さっき　レベルアップ<CR>$xしたんですよ！	"$m0: ""Listen to this! I've just gone up a level!"""		enemy.troll	independent_dialogue_existing_glossary	Independent translation from the pinned Japanese. Full eight-response set for this species; existing glossary names retained. Voice and sound effects are project dialogue choices. $x indentation replaced by measured English pages.
ally.dialogue.035.7	dialogue	35	7	$m0「ほめてください。<CR>$x私　レベルが上がりました！	"$m0: ""Please say well done! I've gone up a level!"""		enemy.troll	independent_dialogue_existing_glossary	Independent translation from the pinned Japanese. Full eight-response set for this species; existing glossary names retained. Voice and sound effects are project dialogue choices. $x indentation replaced by measured English pages.
ally.dialogue.036.0	dialogue	36	0	$m0「オレの目の前に<CR>$x立つヤツは　全部ブッ飛ばす！	"$m0: ""I'll send anyone who stands in front of me flying!"""		enemy.stout_troll	independent_dialogue_existing_glossary	Independent translation from the pinned Japanese. Full eight-response set for this species; existing glossary names retained. Voice and sound effects are project dialogue choices. $x indentation replaced by measured English pages.
ally.dialogue.036.1	dialogue	36	1	$m0「オレのパワーは<CR>$x岩をも　くだくぜっ！	"$m0: ""I've got enough power to smash rocks!"""		enemy.stout_troll	independent_dialogue_existing_glossary	Independent translation from the pinned Japanese. Full eight-response set for this species; existing glossary names retained. Voice and sound effects are project dialogue choices. $x indentation replaced by measured English pages.
ally.dialogue.036.2	dialogue	36	2	$m0「まだまだ。<CR>$xこんなていどの　ダメージじゃ<CR>$xオレは　倒れないぜ！	"$m0: ""Not yet! That little bit of damage won't bring me down!"""		enemy.stout_troll	independent_dialogue_existing_glossary	Independent translation from the pinned Japanese. Full eight-response set for this species; existing glossary names retained. Voice and sound effects are project dialogue choices. $x indentation replaced by measured English pages.
ally.dialogue.036.3	dialogue	36	3	$m0「ちっ　体力が<CR>$x半分に　減っちまったか。<CR>$xま　たいしたことねえな。	"$m0: ""Tch! My HP's down to half? Well, it's no big deal."""		enemy.stout_troll,hp	independent_dialogue_existing_glossary	Independent translation from the pinned Japanese. Full eight-response set for this species; existing glossary names retained. Voice and sound effects are project dialogue choices. $x indentation replaced by measured English pages.
ally.dialogue.036.4	dialogue	36	4	$m0「くっ。<CR>$xな　なんの　これしき……。	"$m0: ""Ugh! Th-this is nothing..."""		enemy.stout_troll	independent_dialogue_existing_glossary	Independent translation from the pinned Japanese. Full eight-response set for this species; existing glossary names retained. Voice and sound effects are project dialogue choices. $x indentation replaced by measured English pages.
ally.dialogue.036.5	dialogue	36	5	$m0「やべえ。<CR>$x体力が　底をつきそうだ。<CR>$xおい　なんとかしてくれ！	"$m0: ""This is bad. I'm nearly out of strength. Hey, do something!"""		enemy.stout_troll	independent_dialogue_existing_glossary	Independent translation from the pinned Japanese. Full eight-response set for this species; existing glossary names retained. Voice and sound effects are project dialogue choices. $x indentation replaced by measured English pages.
ally.dialogue.036.6	dialogue	36	6	$m0「へへっ。<CR>$xレベルアップだぜっ！	"$m0: ""Heh heh! Level up!"""		enemy.stout_troll	independent_dialogue_existing_glossary	Independent translation from the pinned Japanese. Full eight-response set for this species; existing glossary names retained. Voice and sound effects are project dialogue choices. $x indentation replaced by measured English pages.
ally.dialogue.036.7	dialogue	36	7	$m0「まだ　足りねえ！<CR>$xもっと　ブン殴って　レベル<CR>$xあげまくるぜっ！	"$m0: ""Still not enough! I'll keep smashing things and piling on the levels!"""		enemy.stout_troll	independent_dialogue_existing_glossary	Independent translation from the pinned Japanese. Full eight-response set for this species; existing glossary names retained. Voice and sound effects are project dialogue choices. $x indentation replaced by measured English pages.
ally.dialogue.037.0	dialogue	37	0	$m0「キングって<CR>$x名前が　ダテじゃないとこ<CR>$x見せてやろうっ！	"$m0: ""I'll show you why they call me Great!"""		enemy.great_troll	independent_dialogue_existing_glossary	Independent translation from the pinned Japanese. Full eight-response set for this species; existing glossary names retained. Voice and sound effects are project dialogue choices. $x indentation replaced by measured English pages. Japanese name/title wordplay on King adapted to the modern species name Great troll; proud voice retained.
ally.dialogue.037.1	dialogue	37	1	$m0「オレは<CR>$xトロルの中の　トロル！<CR>$xトロルキングさまだ！	"$m0: ""I am the troll above all trolls! The Great troll himself!"""		enemy.great_troll	independent_dialogue_existing_glossary	Independent translation from the pinned Japanese. Full eight-response set for this species; existing glossary names retained. Voice and sound effects are project dialogue choices. $x indentation replaced by measured English pages. Japanese name/title wordplay on King adapted to the modern species name Great troll; proud voice retained.
ally.dialogue.037.2	dialogue	37	2	$m0「キングと言えど<CR>$xちょっと　ミスって<CR>$xダメージを食らうこともあるさ！	"$m0: ""Even someone as great as me can slip up and take a little damage!"""		enemy.great_troll	independent_dialogue_existing_glossary	Independent translation from the pinned Japanese. Full eight-response set for this species; existing glossary names retained. Voice and sound effects are project dialogue choices. $x indentation replaced by measured English pages. Japanese name/title wordplay on King adapted to the modern species name Great troll; proud voice retained.
ally.dialogue.037.3	dialogue	37	3	$m0「なんだ？<CR>$x残りの体力なら　まだ半分ある。<CR>$xお前の助けなど　いらんよ！	"$m0: ""What? I've still got half my HP. I don't need your help!"""		enemy.great_troll,hp	independent_dialogue_existing_glossary	Independent translation from the pinned Japanese. Full eight-response set for this species; existing glossary names retained. Voice and sound effects are project dialogue choices. $x indentation replaced by measured English pages. Japanese name/title wordplay on King adapted to the modern species name Great troll; proud voice retained.
ally.dialogue.037.4	dialogue	37	4	$m0「ぐうう。<CR>$xキングの名にかけて　まだ！<CR>$xまだ　倒れはせんよ！	"$m0: ""Ugggh! For the honour of my great name, I shall not fall! Not yet!"""		enemy.great_troll	independent_dialogue_existing_glossary	Independent translation from the pinned Japanese. Full eight-response set for this species; existing glossary names retained. Voice and sound effects are project dialogue choices. $x indentation replaced by measured English pages. Japanese name/title wordplay on King adapted to the modern species name Great troll; proud voice retained.
ally.dialogue.037.5	dialogue	37	5	$m0「ちぃっ。<CR>$x体力が　底をつきそうだ。<CR>$xだが　まだ　あきらめはせん！	"$m0: ""Tch! I'm nearly out of strength. But I refuse to give up!"""		enemy.great_troll	independent_dialogue_existing_glossary	Independent translation from the pinned Japanese. Full eight-response set for this species; existing glossary names retained. Voice and sound effects are project dialogue choices. $x indentation replaced by measured English pages. Japanese name/title wordplay on King adapted to the modern species name Great troll; proud voice retained.
ally.dialogue.037.6	dialogue	37	6	$m0「ふふっ。<CR>$x私にとって　レベルを<CR>$x上げることなど　たやすいこと！	"$m0: ""Heh! Raising my level is child's play for me!"""		enemy.great_troll	independent_dialogue_existing_glossary	Independent translation from the pinned Japanese. Full eight-response set for this species; existing glossary names retained. Voice and sound effects are project dialogue choices. $x indentation replaced by measured English pages. Japanese name/title wordplay on King adapted to the modern species name Great troll; proud voice retained.
ally.dialogue.037.7	dialogue	37	7	$m0「どうだ。<CR>$xレベルの上がった　私は<CR>$xかがやいているだろう！	"$m0: ""Well? Now that I've levelled up, don't I look magnificent!?"""		enemy.great_troll	independent_dialogue_existing_glossary	Independent translation from the pinned Japanese. Full eight-response set for this species; existing glossary names retained. Voice and sound effects are project dialogue choices. $x indentation replaced by measured English pages. Japanese name/title wordplay on King adapted to the modern species name Great troll; proud voice retained.
ally.dialogue.038.0	dialogue	38	0	$m0「くさってたって<CR>$xがんばって　やってるんです。<CR>$xいじめないで　ください。	"$m0: ""I may be rotting, but I'm doing my best. Please don't pick on me."""		enemy.walking_corpse	independent_dialogue_existing_glossary	Independent translation from the pinned Japanese. Full eight-response set for this species; existing glossary names retained. Voice and sound effects are project dialogue choices. $x indentation replaced by measured English pages.
ally.dialogue.038.1	dialogue	38	1	$m0「あなたも　やはり<CR>$xくさっていない死体のほうが<CR>$xお好きですか？	"$m0: ""Do you prefer corpses that aren't rotting too?"""		enemy.walking_corpse	independent_dialogue_existing_glossary	Independent translation from the pinned Japanese. Full eight-response set for this species; existing glossary names retained. Voice and sound effects are project dialogue choices. $x indentation replaced by measured English pages.
ally.dialogue.038.2	dialogue	38	2	$m0「あたしは　とっくに<CR>$x死んでるんで　いくらケガしても<CR>$x痛くは　ないんですけどね……。	"$m0: ""I'm already dead, so getting hurt doesn't actually hurt, but..."""		enemy.walking_corpse	independent_dialogue_existing_glossary	Independent translation from the pinned Japanese. Full eight-response set for this species; existing glossary names retained. Voice and sound effects are project dialogue choices. $x indentation replaced by measured English pages.
ally.dialogue.038.3	dialogue	38	3	$m0「死んでる　あたしが<CR>$x言うのも　変なんですが<CR>$x体力が　半分になりました……。	"$m0: ""It's an odd thing for a dead person to say, but my HP's down to half..."""		enemy.walking_corpse,hp	independent_dialogue_existing_glossary	Independent translation from the pinned Japanese. Full eight-response set for this species; existing glossary names retained. Voice and sound effects are project dialogue choices. $x indentation replaced by measured English pages.
ally.dialogue.038.4	dialogue	38	4	$m0「いくら　死んでても<CR>$xこれだけ　やられちゃうと<CR>$x動けなく　なっちゃいます……。	"$m0: ""Even if I'm dead, a beating like this will leave me unable to move..."""		enemy.walking_corpse	independent_dialogue_existing_glossary	Independent translation from the pinned Japanese. Full eight-response set for this species; existing glossary names retained. Voice and sound effects are project dialogue choices. $x indentation replaced by measured English pages.
ally.dialogue.038.5	dialogue	38	5	$m0「体力が　もう<CR>$x残り少ないです。あたし　また<CR>$x死んじゃうってことですか？	"$m0: ""I've hardly any strength left. Does that mean I'm going to die again?"""		enemy.walking_corpse	independent_dialogue_existing_glossary	Independent translation from the pinned Japanese. Full eight-response set for this species; existing glossary names retained. Voice and sound effects are project dialogue choices. $x indentation replaced by measured English pages.
ally.dialogue.038.6	dialogue	38	6	$m0「死んでても<CR>$xレベルって　上がるんですねえ。	"$m0: ""So you can still level up when you're dead..."""		enemy.walking_corpse	independent_dialogue_existing_glossary	Independent translation from the pinned Japanese. Full eight-response set for this species; existing glossary names retained. Voice and sound effects are project dialogue choices. $x indentation replaced by measured English pages.
ally.dialogue.038.7	dialogue	38	7	$m0「レベルが<CR>$x上がりましたよ……。<CR>$xいえ　うれしいですとも　ええ。	"$m0: ""My level went up... No, of course I'm happy. Yes."""		enemy.walking_corpse	independent_dialogue_existing_glossary	Independent translation from the pinned Japanese. Full eight-response set for this species; existing glossary names retained. Voice and sound effects are project dialogue choices. $x indentation replaced by measured English pages.
ally.dialogue.039.0	dialogue	39	0	$m0「すでに　オレは<CR>$xいち度　死んだ身だからな。<CR>$xこわいモノなんか　ないさ。	"$m0: ""I've already died once. There's nothing left to frighten me."""		enemy.corpse_corporal	independent_dialogue_existing_glossary	Independent translation from the pinned Japanese. Full eight-response set for this species; existing glossary names retained. Voice and sound effects are project dialogue choices. $x indentation replaced by measured English pages.
ally.dialogue.039.1	dialogue	39	1	$m0「生きているヤツが<CR>$xうらやましくて　しかたない。<CR>$xオレの仲間に　してやるんだ。	"$m0: ""I'm so jealous of the living. I'll make them just like me."""		enemy.corpse_corporal	independent_dialogue_existing_glossary	Independent translation from the pinned Japanese. Full eight-response set for this species; existing glossary names retained. Voice and sound effects are project dialogue choices. $x indentation replaced by measured English pages.
ally.dialogue.039.2	dialogue	39	2	$m0「ふっ　いくら<CR>$x殴られたって　痛くないぞ。	"$m0: ""Heh. Hit me all you want. I can't feel a thing."""		enemy.corpse_corporal	independent_dialogue_existing_glossary	Independent translation from the pinned Japanese. Full eight-response set for this species; existing glossary names retained. Voice and sound effects are project dialogue choices. $x indentation replaced by measured English pages.
ally.dialogue.039.3	dialogue	39	3	$m0「どうやら　オレの<CR>$x体力が　半分しかないようだ。<CR>$x死んでるんで　よくわからん。	"$m0: ""Apparently I've only got half my HP left. Hard to tell when you're dead."""		enemy.corpse_corporal,hp	independent_dialogue_existing_glossary	Independent translation from the pinned Japanese. Full eight-response set for this species; existing glossary names retained. Voice and sound effects are project dialogue choices. $x indentation replaced by measured English pages.
ally.dialogue.039.4	dialogue	39	4	$m0「さすがに<CR>$xそろそろ　ヤバくなってきたか。	"$m0: ""I suppose things are getting a little dangerous now."""		enemy.corpse_corporal	independent_dialogue_existing_glossary	Independent translation from the pinned Japanese. Full eight-response set for this species; existing glossary names retained. Voice and sound effects are project dialogue choices. $x indentation replaced by measured English pages.
ally.dialogue.039.5	dialogue	39	5	$m0「残りの体力が<CR>$xほとんどない気がする。<CR>$xたぶん　だけどな……。	"$m0: ""I feel like I've hardly any strength left. Probably, anyway..."""		enemy.corpse_corporal	independent_dialogue_existing_glossary	Independent translation from the pinned Japanese. Full eight-response set for this species; existing glossary names retained. Voice and sound effects are project dialogue choices. $x indentation replaced by measured English pages.
ally.dialogue.039.6	dialogue	39	6	$m0「いまさら　レベルが<CR>$x上がったって　言われてもなあ。<CR>$xま　いいか。	"$m0: ""A level up? Bit late for that, isn't it? Oh, well."""		enemy.corpse_corporal	independent_dialogue_existing_glossary	Independent translation from the pinned Japanese. Full eight-response set for this species; existing glossary names retained. Voice and sound effects are project dialogue choices. $x indentation replaced by measured English pages.
ally.dialogue.039.7	dialogue	39	7	$m0「レベルが　もっと<CR>$x上がったら　生き返ったり……<CR>$xしないよな　はあ……。	"$m0: ""If I gained enough levels, could I come back to life...? No. Thought not. Sigh..."""		enemy.corpse_corporal	independent_dialogue_existing_glossary	Independent translation from the pinned Japanese. Full eight-response set for this species; existing glossary names retained. Voice and sound effects are project dialogue choices. $x indentation replaced by measured English pages.
ally.dialogue.040.0	dialogue	40	0	$m0「肉……。<CR>$x新鮮な肉を　食わせろ……。	"$m0: ""Meat... Give me fresh meat..."""		enemy.ghoul	independent_dialogue_existing_glossary	Independent translation from the pinned Japanese. Full eight-response set for this species; existing glossary names retained. Voice and sound effects are project dialogue choices. $x indentation replaced by measured English pages.
ally.dialogue.040.1	dialogue	40	1	$m0「じー。<CR>$xお前を食べちゃ　ダメなのか？	"$m0: ""Staaare... Am I not allowed to eat you?"""		enemy.ghoul	independent_dialogue_existing_glossary	Independent translation from the pinned Japanese. Full eight-response set for this species; existing glossary names retained. Voice and sound effects are project dialogue choices. $x indentation replaced by measured English pages.
ally.dialogue.040.2	dialogue	40	2	$m0「肉が　足りない。<CR>$xもっと　肉をくれ……。	"$m0: ""Not enough meat. Give me more meat..."""		enemy.ghoul	independent_dialogue_existing_glossary	Independent translation from the pinned Japanese. Full eight-response set for this species; existing glossary names retained. Voice and sound effects are project dialogue choices. $x indentation replaced by measured English pages.
ally.dialogue.040.3	dialogue	40	3	$m0「おれの体力が<CR>$x半分に　なっちまった……。<CR>$x肉くれ。	"$m0: ""My HP's down to half... Give me meat."""		enemy.ghoul,hp	independent_dialogue_existing_glossary	Independent translation from the pinned Japanese. Full eight-response set for this species; existing glossary names retained. Voice and sound effects are project dialogue choices. $x indentation replaced by measured English pages.
ally.dialogue.040.4	dialogue	40	4	$m0「に……く……。	"$m0: ""M...eat..."""		enemy.ghoul	independent_dialogue_existing_glossary	Independent translation from the pinned Japanese. Full eight-response set for this species; existing glossary names retained. Voice and sound effects are project dialogue choices. $x indentation replaced by measured English pages.
ally.dialogue.040.5	dialogue	40	5	$m0「おれの体力が<CR>$xもう　なくなっちまう。<CR>$xもっと　肉を食いたい……。	"$m0: ""I'm nearly out of strength. I want to eat more meat..."""		enemy.ghoul	independent_dialogue_existing_glossary	Independent translation from the pinned Japanese. Full eight-response set for this species; existing glossary names retained. Voice and sound effects are project dialogue choices. $x indentation replaced by measured English pages.
ally.dialogue.040.6	dialogue	40	6	$m0「レベルが上がった。<CR>$xお祝いに　肉食わせろ。	"$m0: ""My level went up. Give me meat to celebrate."""		enemy.ghoul	independent_dialogue_existing_glossary	Independent translation from the pinned Japanese. Full eight-response set for this species; existing glossary names retained. Voice and sound effects are project dialogue choices. $x indentation replaced by measured English pages.
ally.dialogue.040.7	dialogue	40	7	$m0「肉をたくさん食って<CR>$xレベルアップ　したぞ。<CR>$xもっとだ　もっと肉を……。	"$m0: ""All that meat made my level go up. More... More meat..."""		enemy.ghoul	independent_dialogue_existing_glossary	Independent translation from the pinned Japanese. Full eight-response set for this species; existing glossary names retained. Voice and sound effects are project dialogue choices. $x indentation replaced by measured English pages.
ally.dialogue.041.0	dialogue	41	0	$m0「どっくんどっくん。<CR>$xオレの身体は　毒まみれ～。<CR>$xはあ～　どっくんどっくん。	"$m0: ""Toxic, toxic! My body's full of poison! Ahh... Toxic, toxic!"""		enemy.toxic_zombie	independent_dialogue_existing_glossary	Independent translation from the pinned Japanese. Full eight-response set for this species; existing glossary names retained. Voice and sound effects are project dialogue choices. $x indentation replaced by measured English pages.
ally.dialogue.041.1	dialogue	41	1	$m0「オレは　どくどくっ。<CR>$xどくどくゾンビ　だぞ～い。	"$m0: ""I'm toxic! A Toxic zombie, that's me!"""		enemy.toxic_zombie	independent_dialogue_existing_glossary	Independent translation from the pinned Japanese. Full eight-response set for this species; existing glossary names retained. Voice and sound effects are project dialogue choices. $x indentation replaced by measured English pages.
ally.dialogue.041.2	dialogue	41	2	$m0「いたい……。<CR>$xなんだか　身体中が。<CR>$x焼けるように　いたい……。	"$m0: ""It hurts... All over my body. It burns..."""		enemy.toxic_zombie	independent_dialogue_existing_glossary	Independent translation from the pinned Japanese. Full eight-response set for this species; existing glossary names retained. Voice and sound effects are project dialogue choices. $x indentation replaced by measured English pages.
ally.dialogue.041.3	dialogue	41	3	$m0「毒がまわってて<CR>$xよくわからないけど　オレの体力<CR>$xもう半分くらいしか　ない？	"$m0: ""I'm too full of poison to tell, but is my HP down to about half?"""		enemy.toxic_zombie,hp	independent_dialogue_existing_glossary	Independent translation from the pinned Japanese. Full eight-response set for this species; existing glossary names retained. Voice and sound effects are project dialogue choices. $x indentation replaced by measured English pages.
ally.dialogue.041.4	dialogue	41	4	$m0「むむ……。<CR>$xこのままでは　自分の毒で<CR>$x死んでしまいそうだ……。	"$m0: ""Hmm... At this rate, I might die of my own poison..."""		enemy.toxic_zombie	independent_dialogue_existing_glossary	Independent translation from the pinned Japanese. Full eight-response set for this species; existing glossary names retained. Voice and sound effects are project dialogue choices. $x indentation replaced by measured English pages.
ally.dialogue.041.5	dialogue	41	5	$m0「うう……。<CR>$xオレの体力が　ひとかけらも<CR>$x残ってないようだ……。	"$m0: ""Ugh... I don't think I've got a scrap of strength left..."""		enemy.toxic_zombie	independent_dialogue_existing_glossary	Independent translation from the pinned Japanese. Full eight-response set for this species; existing glossary names retained. Voice and sound effects are project dialogue choices. $x indentation replaced by measured English pages.
ally.dialogue.041.6	dialogue	41	6	$m0「レベルアップ<CR>$xレベルアップ　やほほ～。	"$m0: ""Level up! Level up! Yahoo!"""		enemy.toxic_zombie	independent_dialogue_existing_glossary	Independent translation from the pinned Japanese. Full eight-response set for this species; existing glossary names retained. Voice and sound effects are project dialogue choices. $x indentation replaced by measured English pages.
ally.dialogue.041.7	dialogue	41	7	$m0「レベルが上がったんで<CR>$xさらに　どくどくしてきた！	"$m0: ""My level went up, and I'm even more toxic now!"""		enemy.toxic_zombie	independent_dialogue_existing_glossary	Independent translation from the pinned Japanese. Full eight-response set for this species; existing glossary names retained. Voice and sound effects are project dialogue choices. $x indentation replaced by measured English pages.
ally.dialogue.042.0	dialogue	42	0	$m0「グオォォーン。<CR>$xグルグルグル……。	"$m0: ""GROOOAR! Grrrrr..."""		enemy.green_dragon	independent_dialogue_existing_glossary	Independent translation from the pinned Japanese. Full eight-response set for this species; existing glossary names retained. Voice and sound effects are project dialogue choices. $x indentation replaced by measured English pages.
ally.dialogue.042.1	dialogue	42	1	$m0「ドラゴン　強い。<CR>$x敵　戦う　倒す。	"$m0: ""Dragon strong. Fight enemy. Beat enemy."""		enemy.green_dragon	independent_dialogue_existing_glossary	Independent translation from the pinned Japanese. Full eight-response set for this species; existing glossary names retained. Voice and sound effects are project dialogue choices. $x indentation replaced by measured English pages.
ally.dialogue.042.2	dialogue	42	2	$m0「グオウ……。<CR>$xグゴォン……。	"$m0: ""Groar... Grrroan..."""		enemy.green_dragon	independent_dialogue_existing_glossary	Independent translation from the pinned Japanese. Full eight-response set for this species; existing glossary names retained. Voice and sound effects are project dialogue choices. $x indentation replaced by measured English pages.
ally.dialogue.042.3	dialogue	42	3	$m0「グルルル……。<CR>$x体力　減ってる。	"$m0: ""Grrrr... HP gone down."""		enemy.green_dragon,hp	independent_dialogue_existing_glossary	Independent translation from the pinned Japanese. Full eight-response set for this species; existing glossary names retained. Voice and sound effects are project dialogue choices. $x indentation replaced by measured English pages.
ally.dialogue.042.4	dialogue	42	4	$m0「グゥ……。	"$m0: ""Grrh..."""		enemy.green_dragon	independent_dialogue_existing_glossary	Independent translation from the pinned Japanese. Full eight-response set for this species; existing glossary names retained. Voice and sound effects are project dialogue choices. $x indentation replaced by measured English pages.
ally.dialogue.042.5	dialogue	42	5	$m0「グ……。<CR>$x体力　ない　死ぬ。	"$m0: ""Grr... No strength. Die."""		enemy.green_dragon	independent_dialogue_existing_glossary	Independent translation from the pinned Japanese. Full eight-response set for this species; existing glossary names retained. Voice and sound effects are project dialogue choices. $x indentation replaced by measured English pages.
ally.dialogue.042.6	dialogue	42	6	$m0「ギャース！<CR>$xドッギャース！！	"$m0: ""GRAAAH! GRAAAOOOAR!"""		enemy.green_dragon	independent_dialogue_existing_glossary	Independent translation from the pinned Japanese. Full eight-response set for this species; existing glossary names retained. Voice and sound effects are project dialogue choices. $x indentation replaced by measured English pages.
ally.dialogue.042.7	dialogue	42	7	$m0「ギャオゥ！<CR>$xレベル　アップ。	"$m0: ""Graow! Level up."""		enemy.green_dragon	independent_dialogue_existing_glossary	Independent translation from the pinned Japanese. Full eight-response set for this species; existing glossary names retained. Voice and sound effects are project dialogue choices. $x indentation replaced by measured English pages.
ally.dialogue.043.0	dialogue	43	0	$m0「ガウルルルル……。<CR>$xキシャーーー！！	"$m0: ""Grrrrrr... HISSSSS!"""		enemy.blue_dragon	independent_dialogue_existing_glossary	Independent translation from the pinned Japanese. Full eight-response set for this species; existing glossary names retained. Voice and sound effects are project dialogue choices. $x indentation replaced by measured English pages.
ally.dialogue.043.1	dialogue	43	1	$m0「我に　まかせておけ。<CR>$xすべてを　消し炭にしてくれよう。	"$m0: ""Leave it to me. I shall reduce everything to ashes."""		enemy.blue_dragon	independent_dialogue_existing_glossary	Independent translation from the pinned Japanese. Full eight-response set for this species; existing glossary names retained. Voice and sound effects are project dialogue choices. $x indentation replaced by measured English pages.
ally.dialogue.043.2	dialogue	43	2	$m0「ガル……。<CR>$xガウルルルン。	"$m0: ""Grr... Grrrrrrowl."""		enemy.blue_dragon	independent_dialogue_existing_glossary	Independent translation from the pinned Japanese. Full eight-response set for this species; existing glossary names retained. Voice and sound effects are project dialogue choices. $x indentation replaced by measured English pages.
ally.dialogue.043.3	dialogue	43	3	$m0「我の体力を<CR>$x半分まで　減らすとは<CR>$xなかなか　やってくれるわ！	"$m0: ""To bring my HP down to half... A worthy effort!"""		enemy.blue_dragon,hp	independent_dialogue_existing_glossary	Independent translation from the pinned Japanese. Full eight-response set for this species; existing glossary names retained. Voice and sound effects are project dialogue choices. $x indentation replaced by measured English pages.
ally.dialogue.043.4	dialogue	43	4	$m0「ルルゥ……。	"$m0: ""Grrrhh..."""		enemy.blue_dragon	independent_dialogue_existing_glossary	Independent translation from the pinned Japanese. Full eight-response set for this species; existing glossary names retained. Voice and sound effects are project dialogue choices. $x indentation replaced by measured English pages.
ally.dialogue.043.5	dialogue	43	5	$m0「ぬう　体力が……。<CR>$xドラゴン族の　ほこりにかけて<CR>$xこのまま　倒れはせんぞ……。	"$m0: ""Ugh, my strength... By the pride of all dragons, I shall not fall here!"""		enemy.blue_dragon	independent_dialogue_existing_glossary	Independent translation from the pinned Japanese. Full eight-response set for this species; existing glossary names retained. Voice and sound effects are project dialogue choices. $x indentation replaced by measured English pages.
ally.dialogue.043.6	dialogue	43	6	$m0「キシャーーー！！<CR>$xキシャー　キシャーー！！	"$m0: ""HISSSSS! HISSS! HISSSSS!"""		enemy.blue_dragon	independent_dialogue_existing_glossary	Independent translation from the pinned Japanese. Full eight-response set for this species; existing glossary names retained. Voice and sound effects are project dialogue choices. $x indentation replaced by measured English pages.
ally.dialogue.043.7	dialogue	43	7	$m0「キシャアッ！<CR>$x見よ　レベルアップした　我を！	"$m0: ""HISSS! Behold me, newly levelled up!"""		enemy.blue_dragon	independent_dialogue_existing_glossary	Independent translation from the pinned Japanese. Full eight-response set for this species; existing glossary names retained. Voice and sound effects are project dialogue choices. $x indentation replaced by measured English pages.
ally.dialogue.044.0	dialogue	44	0	$m0「ドラゴンの中の<CR>$xドラゴンたる　この私に<CR>$xすべて　まかせておきたまえ。	"$m0: ""Leave everything to me, the dragon above all dragons."""		enemy.dread_dragon	independent_dialogue_existing_glossary	Independent translation from the pinned Japanese. Full eight-response set for this species; existing glossary names retained. Voice and sound effects are project dialogue choices. $x indentation replaced by measured English pages.
ally.dialogue.044.1	dialogue	44	1	$m0「私の炎からは<CR>$xなんぴとたりとも　逃れることなど<CR>$xできはしない……。	"$m0: ""No one can escape my flames..."""		enemy.dread_dragon	independent_dialogue_existing_glossary	Independent translation from the pinned Japanese. Full eight-response set for this species; existing glossary names retained. Voice and sound effects are project dialogue choices. $x indentation replaced by measured English pages.
ally.dialogue.044.2	dialogue	44	2	$m0「フッ　なかなか<CR>$xてごわい相手が　いるようだ。<CR>$xしかし　私の敵ではないな。	"$m0: ""Heh. It seems there are some worthy opponents here. But none can match me."""		enemy.dread_dragon	independent_dialogue_existing_glossary	Independent translation from the pinned Japanese. Full eight-response set for this species; existing glossary names retained. Voice and sound effects are project dialogue choices. $x indentation replaced by measured English pages.
ally.dialogue.044.3	dialogue	44	3	$m0「ふむ。先ほどの戦いで<CR>$x体力が半分に　なってしまったか。<CR>$x問題ない　まだ戦える。	"$m0: ""Hmm. That last battle brought my HP down to half? No matter. I can still fight."""		enemy.dread_dragon,hp	independent_dialogue_existing_glossary	Independent translation from the pinned Japanese. Full eight-response set for this species; existing glossary names retained. Voice and sound effects are project dialogue choices. $x indentation replaced by measured English pages.
ally.dialogue.044.4	dialogue	44	4	$m0「……この私が<CR>$x油断したと言うのか？<CR>$xこれほどのキズを　負うとは。	"$m0: ""...Did I let my guard down? How could I have suffered wounds like these?"""		enemy.dread_dragon	independent_dialogue_existing_glossary	Independent translation from the pinned Japanese. Full eight-response set for this species; existing glossary names retained. Voice and sound effects are project dialogue choices. $x indentation replaced by measured English pages.
ally.dialogue.044.5	dialogue	44	5	$m0「私としたことが！<CR>$xここまで　体力が減っていることに<CR>$x気づかなかったとは！！	"$m0: ""How could I fail to notice that my HP had dropped this low!?"""		enemy.dread_dragon,hp	independent_dialogue_existing_glossary	Independent translation from the pinned Japanese. Full eight-response set for this species; existing glossary names retained. Voice and sound effects are project dialogue choices. $x indentation replaced by measured English pages.
ally.dialogue.044.6	dialogue	44	6	$m0「レベルアップか。<CR>$x私には必要ない。<CR>$xすでに　じゅうぶんに強いからな。	"$m0: ""A level up? I have no need of it. I'm already quite strong enough."""		enemy.dread_dragon	independent_dialogue_existing_glossary	Independent translation from the pinned Japanese. Full eight-response set for this species; existing glossary names retained. Voice and sound effects are project dialogue choices. $x indentation replaced by measured English pages.
ally.dialogue.044.7	dialogue	44	7	$m0「いかん……。<CR>$xレベルが上がって　さらに<CR>$x強くなってしまったようだ……。	"$m0: ""Oh dear... It seems levelling up has made me even stronger..."""		enemy.dread_dragon	independent_dialogue_existing_glossary	Independent translation from the pinned Japanese. Full eight-response set for this species; existing glossary names retained. Voice and sound effects are project dialogue choices. $x indentation replaced by measured English pages.
ally.dialogue.045.0	dialogue	45	0	$m0「へへへ……。<CR>$xオレはなあ　剣さえ振るえれば<CR>$xあとは　どうでもいいんだよ！	"$m0: ""Heh heh... As long as I can swing my sword, nothing else matters!"""		enemy.skeleton_swordsman	independent_dialogue_existing_glossary	Independent translation from the pinned Japanese. Full eight-response set for this species; existing glossary names retained. Voice and sound effects are project dialogue choices. $x indentation replaced by measured English pages.
ally.dialogue.045.1	dialogue	45	1	$m0「……おっと。<CR>$xあぶねえ　あぶねえ。<CR>$xあんたを斬るとこだったぜ。	"$m0: ""...Whoa! That was close. I nearly sliced you up!"""		enemy.skeleton_swordsman	independent_dialogue_existing_glossary	Independent translation from the pinned Japanese. Full eight-response set for this species; existing glossary names retained. Voice and sound effects are project dialogue choices. $x indentation replaced by measured English pages.
ally.dialogue.045.2	dialogue	45	2	$m0「ちっ。<CR>$x骨の身体は　もろくていけねえ。<CR>$xだが　まだ　いけそうだぜ。	"$m0: ""Tch! This bony body's too brittle. But I've still got some fight in me!"""		enemy.skeleton_swordsman	independent_dialogue_existing_glossary	Independent translation from the pinned Japanese. Full eight-response set for this species; existing glossary names retained. Voice and sound effects are project dialogue choices. $x indentation replaced by measured English pages.
ally.dialogue.045.3	dialogue	45	3	$m0「ふん。<CR>$x残り体力半分ってとこか……。<CR>$xあと　どれくらい　いけるか？	"$m0: ""Hmph. About half my HP left... How much longer can I keep going?"""		enemy.skeleton_swordsman,hp	independent_dialogue_existing_glossary	Independent translation from the pinned Japanese. Full eight-response set for this species; existing glossary names retained. Voice and sound effects are project dialogue choices. $x indentation replaced by measured English pages.
ally.dialogue.045.4	dialogue	45	4	$m0「やべえな。<CR>$x身体のあちこちに　ガタが<CR>$x来てるって感じだぜっ。	"$m0: ""Not good. Feels like my whole body's coming apart!"""		enemy.skeleton_swordsman	independent_dialogue_existing_glossary	Independent translation from the pinned Japanese. Full eight-response set for this species; existing glossary names retained. Voice and sound effects are project dialogue choices. $x indentation replaced by measured English pages.
ally.dialogue.045.5	dialogue	45	5	$m0「くそっ。<CR>$x身体が　まともに動かねえ！<CR>$x体力の限界って　ヤツか！？	"$m0: ""Blast! My body won't move properly! Is this my limit!?"""		enemy.skeleton_swordsman	independent_dialogue_existing_glossary	Independent translation from the pinned Japanese. Full eight-response set for this species; existing glossary names retained. Voice and sound effects are project dialogue choices. $x indentation replaced by measured English pages.
ally.dialogue.045.6	dialogue	45	6	$m0「いいねえ。<CR>$xレベルアップって　ヤツは。<CR>$xもいっちょ　いくか！	"$m0: ""I like this levelling-up business! How about another!?"""		enemy.skeleton_swordsman	independent_dialogue_existing_glossary	Independent translation from the pinned Japanese. Full eight-response set for this species; existing glossary names retained. Voice and sound effects are project dialogue choices. $x indentation replaced by measured English pages.
ally.dialogue.045.7	dialogue	45	7	$m0「へへ　やっと<CR>$xレベルアップかよ。<CR>$xもっと　サクサクいきたいねえ。	"$m0: ""Heh! Finally, a level up. I'd like to cut through them a bit faster!"""		enemy.skeleton_swordsman	independent_dialogue_existing_glossary	Independent translation from the pinned Japanese. Full eight-response set for this species; existing glossary names retained. Voice and sound effects are project dialogue choices. $x indentation replaced by measured English pages.
ally.dialogue.046.0	dialogue	46	0	$m0「剣に生き　剣に死す。<CR>$xそして　死してなお　剣を振るう。<CR>$x……それが　わが運命よ。	"$m0: ""Live by the sword. Die by the sword. Wield it even in death... Such is my fate."""		enemy.skeleton_soldier	independent_dialogue_existing_glossary	Independent translation from the pinned Japanese. Full eight-response set for this species; existing glossary names retained. Voice and sound effects are project dialogue choices. $x indentation replaced by measured English pages.
ally.dialogue.046.1	dialogue	46	1	$m0「わが剣は　必殺の剣。<CR>$x受けられるものなら　受けてみよ。	"$m0: ""My sword brings certain death. Parry it if you dare."""		enemy.skeleton_soldier	independent_dialogue_existing_glossary	Independent translation from the pinned Japanese. Full eight-response set for this species; existing glossary names retained. Voice and sound effects are project dialogue choices. $x indentation replaced by measured English pages.
ally.dialogue.046.2	dialogue	46	2	$m0「骨となった<CR>$xこの身体……いたみは　感じぬ。	"$m0: ""This body of bones... It feels no pain."""		enemy.skeleton_soldier	independent_dialogue_existing_glossary	Independent translation from the pinned Japanese. Full eight-response set for this species; existing glossary names retained. Voice and sound effects are project dialogue choices. $x indentation replaced by measured English pages.
ally.dialogue.046.3	dialogue	46	3	$m0「わが体力<CR>$x半分になりとても　この剣は<CR>$x止まらぬ……。	"$m0: ""Even with my HP halved, this sword shall not stop..."""		enemy.skeleton_soldier,hp	independent_dialogue_existing_glossary	Independent translation from the pinned Japanese. Full eight-response set for this species; existing glossary names retained. Voice and sound effects are project dialogue choices. $x indentation replaced by measured English pages.
ally.dialogue.046.4	dialogue	46	4	$m0「おお……。<CR>$xわが剣が　ついに折れる時が<CR>$x来たと言うのか……。	"$m0: ""Oh... Has the hour come at last for my sword to break...?"""		enemy.skeleton_soldier	independent_dialogue_existing_glossary	Independent translation from the pinned Japanese. Full eight-response set for this species; existing glossary names retained. Voice and sound effects are project dialogue choices. $x indentation replaced by measured English pages.
ally.dialogue.046.5	dialogue	46	5	$m0「すでに死した身。<CR>$xわが身　くずれようとも<CR>$xわれは　おそれはせぬ。	"$m0: ""I am already dead. Even if my body crumbles, I shall know no fear."""		enemy.skeleton_soldier	independent_dialogue_existing_glossary	Independent translation from the pinned Japanese. Full eight-response set for this species; existing glossary names retained. Voice and sound effects are project dialogue choices. $x indentation replaced by measured English pages.
ally.dialogue.046.6	dialogue	46	6	$m0「レベルアップか。<CR>$xわが剣のかがやきが　増した。<CR>$xそうは思わんか？	"$m0: ""A level up? My sword shines more brightly now. Wouldn't you agree?"""		enemy.skeleton_soldier	independent_dialogue_existing_glossary	Independent translation from the pinned Japanese. Full eight-response set for this species; existing glossary names retained. Voice and sound effects are project dialogue choices. $x indentation replaced by measured English pages.
ally.dialogue.046.7	dialogue	46	7	$m0「レベルが上がるたび<CR>$xこの剣の切れ味は　増していく。<CR>$x次のエモノは　どこだ？	"$m0: ""Each level makes my blade sharper. Where is my next prey?"""		enemy.skeleton_soldier	independent_dialogue_existing_glossary	Independent translation from the pinned Japanese. Full eight-response set for this species; existing glossary names retained. Voice and sound effects are project dialogue choices. $x indentation replaced by measured English pages.
ally.dialogue.047.0	dialogue	47	0	$m0「私は影。<CR>$x人知れず　闇にまぎれ<CR>$x敵を　うつのだ。	"$m0: ""I am a shadow. Unseen, I blend into the darkness and strike my foes."""		enemy.dark_skeleton	independent_dialogue_existing_glossary	Independent translation from the pinned Japanese. Full eight-response set for this species; existing glossary names retained. Voice and sound effects are project dialogue choices. $x indentation replaced by measured English pages.
ally.dialogue.047.1	dialogue	47	1	$m0「影に触れることは<CR>$x何者にも　できはしないのだ。	"$m0: ""No one can touch a shadow."""		enemy.dark_skeleton	independent_dialogue_existing_glossary	Independent translation from the pinned Japanese. Full eight-response set for this species; existing glossary names retained. Voice and sound effects are project dialogue choices. $x indentation replaced by measured English pages.
ally.dialogue.047.2	dialogue	47	2	$m0「私は影。<CR>$x多少のケガなど　関係ない。	"$m0: ""I am a shadow. A few wounds mean nothing."""		enemy.dark_skeleton	independent_dialogue_existing_glossary	Independent translation from the pinned Japanese. Full eight-response set for this species; existing glossary names retained. Voice and sound effects are project dialogue choices. $x indentation replaced by measured English pages.
ally.dialogue.047.3	dialogue	47	3	$m0「ぬ……。<CR>$x体力を　すでに半分<CR>$xうばわれていたとは……。	"$m0: ""Ugh... To think half my HP had already been stolen away..."""		enemy.dark_skeleton,hp	independent_dialogue_existing_glossary	Independent translation from the pinned Japanese. Full eight-response set for this species; existing glossary names retained. Voice and sound effects are project dialogue choices. $x indentation replaced by measured English pages.
ally.dialogue.047.4	dialogue	47	4	$m0「影である<CR>$xこの私が　これほどの<CR>$xケガを　負ってしまうとは……。	"$m0: ""How could I, a shadow, suffer such wounds...?"""		enemy.dark_skeleton	independent_dialogue_existing_glossary	Independent translation from the pinned Japanese. Full eight-response set for this species; existing glossary names retained. Voice and sound effects are project dialogue choices. $x indentation replaced by measured English pages.
ally.dialogue.047.5	dialogue	47	5	$m0「おお……。<CR>$x体力が　残り少ない。<CR>$xこのままでは　消えてしまう。	"$m0: ""Oh... Little strength remains. At this rate, I shall fade away."""		enemy.dark_skeleton	independent_dialogue_existing_glossary	Independent translation from the pinned Japanese. Full eight-response set for this species; existing glossary names retained. Voice and sound effects are project dialogue choices. $x indentation replaced by measured English pages.
ally.dialogue.047.6	dialogue	47	6	$m0「私は影。<CR>$xレベルが　どれほど上がろうと<CR>$x影であることに　変わりなし。	"$m0: ""I am a shadow. However many levels I gain, a shadow I remain."""		enemy.dark_skeleton	independent_dialogue_existing_glossary	Independent translation from the pinned Japanese. Full eight-response set for this species; existing glossary names retained. Voice and sound effects are project dialogue choices. $x indentation replaced by measured English pages.
ally.dialogue.047.7	dialogue	47	7	$m0「ふっ……。<CR>$xレベルアップなど　うれしくもない。<CR>$x私は　影なのだからな。	"$m0: ""Heh... A level up brings me no joy. I am a shadow, after all."""		enemy.dark_skeleton	independent_dialogue_existing_glossary	Independent translation from the pinned Japanese. Full eight-response set for this species; existing glossary names retained. Voice and sound effects are project dialogue choices. $x indentation replaced by measured English pages.
ally.dialogue.048.0	dialogue	48	0	$m0「オレのスピードに<CR>$xキサマは　ついてこれるのか？<CR>$xふふふ。	"$m0: ""Can you keep up with my speed? Heh heh heh."""		enemy.silvapithecus	independent_dialogue_existing_glossary	Independent translation from the pinned Japanese. Full eight-response set for this species; existing glossary names retained. Voice and sound effects are project dialogue choices. $x indentation replaced by measured English pages.
ally.dialogue.048.1	dialogue	48	1	$m0「戦いは　速さがすべて。<CR>$xそう……そうなのだよ！	"$m0: ""Speed is everything in battle. Yes... That's how it is!"""		enemy.silvapithecus	independent_dialogue_existing_glossary	Independent translation from the pinned Japanese. Full eight-response set for this species; existing glossary names retained. Voice and sound effects are project dialogue choices. $x indentation replaced by measured English pages.
ally.dialogue.048.2	dialogue	48	2	$m0「ほう……。<CR>$xこのオレの　スピードを<CR>$xとらえるヤツが　いるとはな！	"$m0: ""Oh...? So someone can keep up with my speed!"""		enemy.silvapithecus	independent_dialogue_existing_glossary	Independent translation from the pinned Japanese. Full eight-response set for this species; existing glossary names retained. Voice and sound effects are project dialogue choices. $x indentation replaced by measured English pages.
ally.dialogue.048.3	dialogue	48	3	$m0「体力が　半分に<CR>$x減ろうとも　オレのスピードは<CR>$xにぶったりは　しないのだ！	"$m0: ""Even with my HP down to half, my speed will never falter!"""		enemy.silvapithecus,hp	independent_dialogue_existing_glossary	Independent translation from the pinned Japanese. Full eight-response set for this species; existing glossary names retained. Voice and sound effects are project dialogue choices. $x indentation replaced by measured English pages.
ally.dialogue.048.4	dialogue	48	4	$m0「くっ……。<CR>$x調子に　乗りすぎたか……。	"$m0: ""Ugh... Perhaps I got carried away..."""		enemy.silvapithecus	independent_dialogue_existing_glossary	Independent translation from the pinned Japanese. Full eight-response set for this species; existing glossary names retained. Voice and sound effects are project dialogue choices. $x indentation replaced by measured English pages.
ally.dialogue.048.5	dialogue	48	5	$m0「おのれ……。<CR>$xこのオレの体力を　ほとんど<CR>$xうばっていくとは……。	"$m0: ""Curse them... They've robbed me of nearly all my strength..."""		enemy.silvapithecus	independent_dialogue_existing_glossary	Independent translation from the pinned Japanese. Full eight-response set for this species; existing glossary names retained. Voice and sound effects are project dialogue choices. $x indentation replaced by measured English pages.
ally.dialogue.048.6	dialogue	48	6	$m0「くくくっ。<CR>$xレベルアップした　オレに<CR>$xついてこれる者は　いない！	"$m0: ""Heh heh! Now that I've levelled up, no one can keep up with me!"""		enemy.silvapithecus	independent_dialogue_existing_glossary	Independent translation from the pinned Japanese. Full eight-response set for this species; existing glossary names retained. Voice and sound effects are project dialogue choices. $x indentation replaced by measured English pages.
ally.dialogue.048.7	dialogue	48	7	$m0「まだまだ！<CR>$xさらに　レベルを上げて<CR>$xみせようぞ。	"$m0: ""Not yet! I'll show you I can reach still greater levels!"""		enemy.silvapithecus	independent_dialogue_existing_glossary	Independent translation from the pinned Japanese. Full eight-response set for this species; existing glossary names retained. Voice and sound effects are project dialogue choices. $x indentation replaced by measured English pages.
ally.dialogue.049.0	dialogue	49	0	$m0「我は　大悪魔バズズ。<CR>$x死をおそれぬ者よ。<CR>$x我と　戦うがよい……。	"$m0: ""I am Pazuzu, the great demon. Those who fear not death, face me..."""		enemy.pazuzu	independent_dialogue_existing_glossary	Independent translation from the pinned Japanese. Full eight-response set for this species; existing glossary names retained. Voice and sound effects are project dialogue choices. $x indentation replaced by measured English pages.
ally.dialogue.049.1	dialogue	49	1	$m0「大悪魔バズズの<CR>$x名において　そなたの敵を<CR>$xほろぼすと約束しよう。	"$m0: ""In the name of the great demon Pazuzu, I vow to destroy your foes."""		enemy.pazuzu	independent_dialogue_existing_glossary	Independent translation from the pinned Japanese. Full eight-response set for this species; existing glossary names retained. Voice and sound effects are project dialogue choices. $x indentation replaced by measured English pages.
ally.dialogue.049.2	dialogue	49	2	$m0「我に手を出したこと<CR>$x地獄で　くやむことになると<CR>$x思い知らせてやる！	"$m0: ""I'll make them rue the day they attacked me, all the way to hell!"""		enemy.pazuzu	independent_dialogue_existing_glossary	Independent translation from the pinned Japanese. Full eight-response set for this species; existing glossary names retained. Voice and sound effects are project dialogue choices. $x indentation replaced by measured English pages.
ally.dialogue.049.3	dialogue	49	3	$m0「我の体力が<CR>$x半分に　なってしまった。<CR>$xすべての者に　呪いあれ！	"$m0: ""My HP has fallen to half. Curses upon you all!"""		enemy.pazuzu,hp	independent_dialogue_existing_glossary	Independent translation from the pinned Japanese. Full eight-response set for this species; existing glossary names retained. Voice and sound effects are project dialogue choices. $x indentation replaced by measured English pages.
ally.dialogue.049.4	dialogue	49	4	$m0「我は　ほろびぬ。<CR>$xこの身体　くちたとしても<CR>$xかならずや　よみがえり……。	"$m0: ""I shall not perish. Even if this body rots, I shall rise again..."""		enemy.pazuzu	independent_dialogue_existing_glossary	Independent translation from the pinned Japanese. Full eight-response set for this species; existing glossary names retained. Voice and sound effects are project dialogue choices. $x indentation replaced by measured English pages.
ally.dialogue.049.5	dialogue	49	5	$m0「そろそろ<CR>$x我の体力も　つきる……。<CR>$xともに地獄へ　向かおうぞ！	"$m0: ""My strength is nearly spent... Let us journey to hell together!"""		enemy.pazuzu	independent_dialogue_existing_glossary	Independent translation from the pinned Japanese. Full eight-response set for this species; existing glossary names retained. Voice and sound effects are project dialogue choices. $x indentation replaced by measured English pages.
ally.dialogue.049.6	dialogue	49	6	$m0「フフフ……。<CR>$x我の悪魔としての格が<CR>$xまたひとつ　上がったようだ。	"$m0: ""Heh heh... It seems I have risen another rank among demons."""		enemy.pazuzu	independent_dialogue_existing_glossary	Independent translation from the pinned Japanese. Full eight-response set for this species; existing glossary names retained. Voice and sound effects are project dialogue choices. $x indentation replaced by measured English pages.
ally.dialogue.049.7	dialogue	49	7	$m0「レベルアップか。<CR>$x心地よいものよなあ。	"$m0: ""A level up? A most pleasant feeling."""		enemy.pazuzu	independent_dialogue_existing_glossary	Independent translation from the pinned Japanese. Full eight-response set for this species; existing glossary names retained. Voice and sound effects are project dialogue choices. $x indentation replaced by measured English pages.
ally.dialogue.050.0	dialogue	50	0	$m0「ワシに<CR>$xむやみに　話しかけるな……。<CR>$x命を落としても　しらんぞ。	"$m0: ""Do not address me so casually... If it costs you your life, don't blame me."""		enemy.batmandrill	independent_dialogue_existing_glossary	Independent translation from the pinned Japanese. Full eight-response set for this species; existing glossary names retained. Voice and sound effects are project dialogue choices. $x indentation replaced by measured English pages.
ally.dialogue.050.1	dialogue	50	1	$m0「人間のために<CR>$x戦うなど　バカげているが<CR>$xしかたあるまいな……。	"$m0: ""Fighting for a human is absurd. But I suppose it cannot be helped..."""		enemy.batmandrill	independent_dialogue_existing_glossary	Independent translation from the pinned Japanese. Full eight-response set for this species; existing glossary names retained. Voice and sound effects are project dialogue choices. $x indentation replaced by measured English pages.
ally.dialogue.050.2	dialogue	50	2	$m0「ふむ……。<CR>$xなかなか　よい戦いが<CR>$x楽しめそうではないか。	"$m0: ""Hmm... It seems I may enjoy quite a fine battle."""		enemy.batmandrill	independent_dialogue_existing_glossary	Independent translation from the pinned Japanese. Full eight-response set for this species; existing glossary names retained. Voice and sound effects are project dialogue choices. $x indentation replaced by measured English pages.
ally.dialogue.050.3	dialogue	50	3	$m0「ふむ　残りの<CR>$x体力は　半分ほどか。<CR>$xまだまだ　よゆうであるな。	"$m0: ""Hmm. About half my HP remains? Plenty to spare, then."""		enemy.batmandrill,hp	independent_dialogue_existing_glossary	Independent translation from the pinned Japanese. Full eight-response set for this species; existing glossary names retained. Voice and sound effects are project dialogue choices. $x indentation replaced by measured English pages.
ally.dialogue.050.4	dialogue	50	4	$m0「悪魔であるワシは<CR>$x死など　おそれることはない。	"$m0: ""I am a demon. I have no fear of death."""		enemy.batmandrill	independent_dialogue_existing_glossary	Independent translation from the pinned Japanese. Full eight-response set for this species; existing glossary names retained. Voice and sound effects are project dialogue choices. $x indentation replaced by measured English pages.
ally.dialogue.050.5	dialogue	50	5	$m0「さて……。<CR>$x残り少ない　ワシの体力。<CR>$xいかにして　もたせるか……。	"$m0: ""Now... How shall I make my last remaining strength endure...?"""		enemy.batmandrill	independent_dialogue_existing_glossary	Independent translation from the pinned Japanese. Full eight-response set for this species; existing glossary names retained. Voice and sound effects are project dialogue choices. $x indentation replaced by measured English pages.
ally.dialogue.050.6	dialogue	50	6	$m0「レベルアップか。<CR>$xひさしく　忘れていた言葉だ。	"$m0: ""A level up? A phrase I had long forgotten."""		enemy.batmandrill	independent_dialogue_existing_glossary	Independent translation from the pinned Japanese. Full eight-response set for this species; existing glossary names retained. Voice and sound effects are project dialogue choices. $x indentation replaced by measured English pages.
ally.dialogue.050.7	dialogue	50	7	$m0「おお　ワシの<CR>$xレベルが　上がったようであるな。<CR>$xうむうむ。	"$m0: ""Oh! It seems my level has risen. Hmm, indeed."""		enemy.batmandrill	independent_dialogue_existing_glossary	Independent translation from the pinned Japanese. Full eight-response set for this species; existing glossary names retained. Voice and sound effects are project dialogue choices. $x indentation replaced by measured English pages.
