id	family	row	field	japanese	full_english	display	glossary_references	wording_status	notes
companion.dialogue.000.00	dialogue	0	0	$tである。	$t it is.		enemy_tipper,torneko	independent_dialogue_reviewed_series_terms	Reserved/test-style source translated as written; natural use is unverified. Preserve substitutions and row identity; no invented conversation or changed game logic.
companion.dialogue.000.01	dialogue	0	1	$tですわ。	$t, dear.		enemy_tipper,torneko	independent_dialogue_reviewed_series_terms	Reserved/test-style source translated as written; natural use is unverified. Preserve substitutions and row identity; no invented conversation or changed game logic.
companion.dialogue.000.02	dialogue	0	2	$tなんつって。	$t... Just kidding.		enemy_tipper,torneko	independent_dialogue_reviewed_series_terms	Reserved/test-style source translated as written; natural use is unverified. Preserve substitutions and row identity; no invented conversation or changed game logic.
companion.dialogue.000.03	dialogue	0	3	$tであります。	$t, reporting for duty.		enemy_tipper,torneko	independent_dialogue_reviewed_series_terms	Reserved/test-style source translated as written; natural use is unverified. Preserve substitutions and row identity; no invented conversation or changed game logic.
companion.dialogue.000.04	dialogue	0	4	$tだね。	$t, right?		enemy_tipper,torneko	independent_dialogue_reviewed_series_terms	Reserved/test-style source translated as written; natural use is unverified. Preserve substitutions and row identity; no invented conversation or changed game logic.
companion.dialogue.000.05	dialogue	0	5	$tじゃ！	$t, I say!		enemy_tipper,torneko	independent_dialogue_reviewed_series_terms	Reserved/test-style source translated as written; natural use is unverified. Preserve substitutions and row identity; no invented conversation or changed game logic.
companion.dialogue.000.06	dialogue	0	6	$tレベルアップ！	$t levels up!		enemy_tipper,torneko	independent_dialogue_reviewed_series_terms	Reserved/test-style source translated as written; natural use is unverified. Preserve substitutions and row identity; no invented conversation or changed game logic.
companion.dialogue.000.07	dialogue	0	7	$tはレベルアップでありまする。	$t has gained a level, good sir.		enemy_tipper,torneko	independent_dialogue_reviewed_series_terms	Reserved/test-style source translated as written; natural use is unverified. Preserve substitutions and row identity; no invented conversation or changed game logic.
companion.dialogue.051.00	dialogue	51	0	$m0「うわははは。<CR>$xあー　おかしい。<CR>$xうははははははっ。	"$m0: ""Wahahaha! Oh, that's funny! Wahahahahaha!"""		enemy.bag_o_laughs	independent_dialogue_reviewed_series_terms	Independently translated from the pinned Japanese; existing species identities retained. Full wording, measured wrapping, no display abbreviation. Speech quirks and jokes are project adaptations. Preserve all semantic substitutions; replace $x indentation with measured line breaks.
companion.dialogue.051.01	dialogue	51	1	$m0「あはあはあは。<CR>$xいや　ハシが転げても<CR>$xおかしい年ごろ　なんですわ。	"$m0: ""Ahahaha! I'm at that age where absolutely anything sets me giggling!"""		enemy.bag_o_laughs	independent_dialogue_reviewed_series_terms	Independently translated from the pinned Japanese; existing species identities retained. Full wording, measured wrapping, no display abbreviation. Speech quirks and jokes are project adaptations. Preserve all semantic substitutions; replace $x indentation with measured line breaks.
companion.dialogue.051.02	dialogue	51	2	$m0「あらあら。<CR>$xなんか　あちこち　穴が<CR>$xあいちゃったよ　うはははは。	"$m0: ""Oh dear! I've sprung holes all over the place! Wahahaha!"""		enemy.bag_o_laughs	independent_dialogue_reviewed_series_terms	Independently translated from the pinned Japanese; existing species identities retained. Full wording, measured wrapping, no display abbreviation. Speech quirks and jokes are project adaptations. Preserve all semantic substitutions; replace $x indentation with measured line breaks.
companion.dialogue.051.03	dialogue	51	3	$m0「おっとと。<CR>$x体力が　半分に減ってたよ。<CR>$xこりゃ　まいったね　うはは。	"$m0: ""Whoops! My HP's down to half! Well, that's a fine mess! Hahaha!"""		enemy.bag_o_laughs,hp	independent_dialogue_reviewed_series_terms	Independently translated from the pinned Japanese; existing species identities retained. Full wording, measured wrapping, no display abbreviation. Speech quirks and jokes are project adaptations. Preserve all semantic substitutions; replace $x indentation with measured line breaks.
companion.dialogue.051.04	dialogue	51	4	$m0「おやおや。<CR>$xなんか　もうダメってカンジ？<CR>$xげらげらげら！	"$m0: ""Oh my! Am I done for? Hahahahaha!"""		enemy.bag_o_laughs	independent_dialogue_reviewed_series_terms	Independently translated from the pinned Japanese; existing species identities retained. Full wording, measured wrapping, no display abbreviation. Speech quirks and jokes are project adaptations. Preserve all semantic substitutions; replace $x indentation with measured line breaks.
companion.dialogue.051.05	dialogue	51	5	$m0「あひひ。<CR>$x体力が　ないってカンジだけど<CR>$xもう　笑うしかないよね　うひ。	"$m0: ""Hee hee! Looks like I'm out of strength. All I can do is laugh! Hee!"""		enemy.bag_o_laughs	independent_dialogue_reviewed_series_terms	Independently translated from the pinned Japanese; existing species identities retained. Full wording, measured wrapping, no display abbreviation. Speech quirks and jokes are project adaptations. Preserve all semantic substitutions; replace $x indentation with measured line breaks.
companion.dialogue.051.06	dialogue	51	6	$m0「うひょひょ。<CR>$xレベル上がっちゃったよ。<CR>$xうれしいね　うひひひひひ。	"$m0: ""Whoo-hoo! My level went up! Oh, what joy! Heeheehee!"""		enemy.bag_o_laughs	independent_dialogue_reviewed_series_terms	Independently translated from the pinned Japanese; existing species identities retained. Full wording, measured wrapping, no display abbreviation. Speech quirks and jokes are project adaptations. Preserve all semantic substitutions; replace $x indentation with measured line breaks.
companion.dialogue.051.07	dialogue	51	7	$m0「おほほ。<CR>$xレベルアップ　いたしましてよ。<CR>$xなんつって　うははははっ。	"$m0: ""Ohoho! I do believe I've levelled up, darling! Just kidding! Wahahaha!"""		enemy.bag_o_laughs	independent_dialogue_reviewed_series_terms	Independently translated from the pinned Japanese; existing species identities retained. Full wording, measured wrapping, no display abbreviation. Speech quirks and jokes are project adaptations. Preserve all semantic substitutions; replace $x indentation with measured line breaks.
companion.dialogue.052.00	dialogue	52	0	$m0「なに？<CR>$xボクの宝石　ほしいの？<CR>$xあげないよーだ。	"$m0: ""What? You want my jewels? Well, you can't have them!"""		enemy.goodybag	independent_dialogue_reviewed_series_terms	Independently translated from the pinned Japanese; existing species identities retained. Full wording, measured wrapping, no display abbreviation. Speech quirks and jokes are project adaptations. Preserve all semantic substitutions; replace $x indentation with measured line breaks.
companion.dialogue.052.01	dialogue	52	1	$m0「キミも　ボクと<CR>$xいっしょに　踊ろうよ！<CR>$xホラ　もっとクルクル回って！	"$m0: ""Come and dance with me! Go on, spin round some more!"""		enemy.goodybag	independent_dialogue_reviewed_series_terms	Independently translated from the pinned Japanese; existing species identities retained. Full wording, measured wrapping, no display abbreviation. Speech quirks and jokes are project adaptations. Preserve all semantic substitutions; replace $x indentation with measured line breaks.
companion.dialogue.052.02	dialogue	52	2	$m0「あれれ。<CR>$xボクの宝石　だいぶ<CR>$x減っちゃったな。	"$m0: ""Oh dear. Quite a few of my jewels have gone missing."""		enemy.goodybag	independent_dialogue_reviewed_series_terms	Independently translated from the pinned Japanese; existing species identities retained. Full wording, measured wrapping, no display abbreviation. Speech quirks and jokes are project adaptations. Preserve all semantic substitutions; replace $x indentation with measured line breaks.
companion.dialogue.052.03	dialogue	52	3	$m0「ボクの体力が<CR>$x半分くらいに　なっちゃった。<CR>$xでも　踊るのは　やめないよ！	"$m0: ""I've only got about half my HP left. But I won't stop dancing!"""		enemy.goodybag,hp	independent_dialogue_reviewed_series_terms	Independently translated from the pinned Japanese; existing species identities retained. Full wording, measured wrapping, no display abbreviation. Speech quirks and jokes are project adaptations. Preserve all semantic substitutions; replace $x indentation with measured line breaks.
companion.dialogue.052.04	dialogue	52	4	$m0「ふくろの中が<CR>$xほとんど　カラッポだよ。<CR>$xボク　もうダメかもしれない。	"$m0: ""My bag's almost empty. I might be done for."""		enemy.goodybag	independent_dialogue_reviewed_series_terms	Independently translated from the pinned Japanese; existing species identities retained. Full wording, measured wrapping, no display abbreviation. Speech quirks and jokes are project adaptations. Preserve all semantic substitutions; replace $x indentation with measured line breaks.
companion.dialogue.052.05	dialogue	52	5	$m0「体力が　もう<CR>$xぜんぜん　残ってないよ……。<CR>$xつぎの踊りが　ラストダンスかな。	"$m0: ""I've hardly any strength left... Will the next dance be my last?"""		enemy.goodybag	independent_dialogue_reviewed_series_terms	Independently translated from the pinned Japanese; existing species identities retained. Full wording, measured wrapping, no display abbreviation. Speech quirks and jokes are project adaptations. Preserve all semantic substitutions; replace $x indentation with measured line breaks.
companion.dialogue.052.06	dialogue	52	6	$m0「わーい。<CR>$xレベルアップしちゃったよ。<CR>$xよし　お祝いの踊りだー。	"$m0: ""Hooray! I've levelled up! Time for a celebration dance!"""		enemy.goodybag	independent_dialogue_reviewed_series_terms	Independently translated from the pinned Japanese; existing species identities retained. Full wording, measured wrapping, no display abbreviation. Speech quirks and jokes are project adaptations. Preserve all semantic substitutions; replace $x indentation with measured line breaks.
companion.dialogue.052.07	dialogue	52	7	$m0「よーし。<CR>$xレベルが上がったみたいだ。<CR>$xますます　踊るよ　はげしく！	"$m0: ""All right! My level's gone up. I'll dance harder than ever!"""		enemy.goodybag	independent_dialogue_reviewed_series_terms	Independently translated from the pinned Japanese; existing species identities retained. Full wording, measured wrapping, no display abbreviation. Speech quirks and jokes are project adaptations. Preserve all semantic substitutions; replace $x indentation with measured line breaks.
companion.dialogue.053.00	dialogue	53	0	$m0「あ。あんまり<CR>$xボクに　近づかないでね。<CR>$x胞子が　飛んでるから。	"$m0: ""Oh! Don't get too close to me. My spores are floating about."""		enemy.funghoul	independent_dialogue_reviewed_series_terms	Independently translated from the pinned Japanese; existing species identities retained. Full wording, measured wrapping, no display abbreviation. Speech quirks and jokes are project adaptations. Preserve all semantic substitutions; replace $x indentation with measured line breaks.
companion.dialogue.053.01	dialogue	53	1	$m0「やだなあ。<CR>$xあんまり　戦いたくないなあ。	"$m0: ""Oh dear. I really don't want to fight."""		enemy.funghoul	independent_dialogue_reviewed_series_terms	Independently translated from the pinned Japanese; existing species identities retained. Full wording, measured wrapping, no display abbreviation. Speech quirks and jokes are project adaptations. Preserve all semantic substitutions; replace $x indentation with measured line breaks.
companion.dialogue.053.02	dialogue	53	2	$m0「ばふばふっ。<CR>$xカサが　やぶけちゃった……。	"$m0: ""Poof, poof! My cap's been torn..."""		enemy.funghoul	independent_dialogue_reviewed_series_terms	Independently translated from the pinned Japanese; existing species identities retained. Full wording, measured wrapping, no display abbreviation. Speech quirks and jokes are project adaptations. Preserve all semantic substitutions; replace $x indentation with measured line breaks.
companion.dialogue.053.03	dialogue	53	3	$m0「ああ～。<CR>$xボクの体力が　もう半分しか<CR>$x残ってないよ～。	"$m0: ""Ohhh! I've only got half my HP left!"""		enemy.funghoul,hp	independent_dialogue_reviewed_series_terms	Independently translated from the pinned Japanese; existing species identities retained. Full wording, measured wrapping, no display abbreviation. Speech quirks and jokes are project adaptations. Preserve all semantic substitutions; replace $x indentation with measured line breaks.
companion.dialogue.053.04	dialogue	53	4	$m0「ボク　やっぱり<CR>$x戦いには　向いてないのかも。<CR>$xこのままじゃ　死んじゃう～。	"$m0: ""Maybe I'm just not cut out for fighting. At this rate, I'll die!"""		enemy.funghoul	independent_dialogue_reviewed_series_terms	Independently translated from the pinned Japanese; existing species identities retained. Full wording, measured wrapping, no display abbreviation. Speech quirks and jokes are project adaptations. Preserve all semantic substitutions; replace $x indentation with measured line breaks.
companion.dialogue.053.05	dialogue	53	5	$m0「ばふ……。<CR>$x体力が　なくなっちゃいそう。<CR>$xふつうのキノコに　もどろうかな。	"$m0: ""Poof... I'm nearly out of strength. Maybe I'll go back to being an ordinary mushroom."""		enemy.funghoul	independent_dialogue_reviewed_series_terms	Independently translated from the pinned Japanese; existing species identities retained. Full wording, measured wrapping, no display abbreviation. Speech quirks and jokes are project adaptations. Preserve all semantic substitutions; replace $x indentation with measured line breaks.
companion.dialogue.053.06	dialogue	53	6	$m0「ばふっ。<CR>$xレベルアップしちゃったよ！<CR>$xボクでも　できるんだ！	"$m0: ""Poof! I've levelled up! Even I can do it!"""		enemy.funghoul	independent_dialogue_reviewed_series_terms	Independently translated from the pinned Japanese; existing species identities retained. Full wording, measured wrapping, no display abbreviation. Speech quirks and jokes are project adaptations. Preserve all semantic substitutions; replace $x indentation with measured line breaks.
companion.dialogue.053.07	dialogue	53	7	$m0「さっき　レベルが<CR>$x上がったから　少しは強く<CR>$xなったかな　ボク。	"$m0: ""I just went up a level. Does that mean I'm a little stronger now?"""		enemy.funghoul	independent_dialogue_reviewed_series_terms	Independently translated from the pinned Japanese; existing species identities retained. Full wording, measured wrapping, no display abbreviation. Speech quirks and jokes are project adaptations. Preserve all semantic substitutions; replace $x indentation with measured line breaks.
companion.dialogue.054.00	dialogue	54	0	$m0「オレの毒は<CR>$x敵のチカラを　弱らせてしまうんだ。<CR>$xどうだ　すごいだろう！	"$m0: ""My poison weakens the enemy's strength. Pretty impressive, eh?"""		enemy.morphean_mushroom	independent_dialogue_reviewed_series_terms	Independently translated from the pinned Japanese; existing species identities retained. Full wording, measured wrapping, no display abbreviation. Speech quirks and jokes are project adaptations. Preserve all semantic substitutions; replace $x indentation with measured line breaks.
companion.dialogue.054.01	dialogue	54	1	$m0「オレに　さわるなよ。<CR>$xおまえも　マタンゴになるぜ？<CR>$xわはははっ。	"$m0: ""Don't touch me! You'll turn into a Morphean mushroom too! Wahahaha!"""		enemy.morphean_mushroom	independent_dialogue_reviewed_series_terms	Independently translated from the pinned Japanese; existing species identities retained. Full wording, measured wrapping, no display abbreviation. Speech quirks and jokes are project adaptations. Preserve all semantic substitutions; replace $x indentation with measured line breaks.
companion.dialogue.054.02	dialogue	54	2	$m0「いてて……。<CR>$xヤツら　手加減ってのを<CR>$x知らないらしいな……。	"$m0: ""Ow... Those lot don't seem to know how to pull their punches..."""		enemy.morphean_mushroom	independent_dialogue_reviewed_series_terms	Independently translated from the pinned Japanese; existing species identities retained. Full wording, measured wrapping, no display abbreviation. Speech quirks and jokes are project adaptations. Preserve all semantic substitutions; replace $x indentation with measured line breaks.
companion.dialogue.054.03	dialogue	54	3	$m0「なんてこった！<CR>$xオレの体力を　半分に<CR>$x減らしたヤツは　どこのどいつだ！	"$m0: ""What the!? Who's the scoundrel who cut my HP in half!?"""		enemy.morphean_mushroom,hp	independent_dialogue_reviewed_series_terms	Independently translated from the pinned Japanese; existing species identities retained. Full wording, measured wrapping, no display abbreviation. Speech quirks and jokes are project adaptations. Preserve all semantic substitutions; replace $x indentation with measured line breaks.
companion.dialogue.054.04	dialogue	54	4	$m0「おいおい！<CR>$xこのままじゃ　オレは<CR>$xやられちまうじゃねえか！！	"$m0: ""Hey! At this rate, I'm going to get killed!"""		enemy.morphean_mushroom	independent_dialogue_reviewed_series_terms	Independently translated from the pinned Japanese; existing species identities retained. Full wording, measured wrapping, no display abbreviation. Speech quirks and jokes are project adaptations. Preserve all semantic substitutions; replace $x indentation with measured line breaks.
companion.dialogue.054.05	dialogue	54	5	$m0「うぐう……。<CR>$xオレの体力が……<CR>$xなくなっちまうぜ……。	"$m0: ""Ugh... My strength... It's running out..."""		enemy.morphean_mushroom	independent_dialogue_reviewed_series_terms	Independently translated from the pinned Japanese; existing species identities retained. Full wording, measured wrapping, no display abbreviation. Speech quirks and jokes are project adaptations. Preserve all semantic substitutions; replace $x indentation with measured line breaks.
companion.dialogue.054.06	dialogue	54	6	$m0「おっとと。<CR>$xレベルアップたあ<CR>$xうれしいねえ。	"$m0: ""Well, well! A level up! That's a nice surprise."""		enemy.morphean_mushroom	independent_dialogue_reviewed_series_terms	Independently translated from the pinned Japanese; existing species identities retained. Full wording, measured wrapping, no display abbreviation. Speech quirks and jokes are project adaptations. Preserve all semantic substitutions; replace $x indentation with measured line breaks.
companion.dialogue.054.07	dialogue	54	7	$m0「おや？<CR>$xいつの間にか　レベルが<CR>$x上がっちまったようだな。	"$m0: ""Oh? Looks like my level went up without me noticing."""		enemy.morphean_mushroom	independent_dialogue_reviewed_series_terms	Independently translated from the pinned Japanese; existing species identities retained. Full wording, measured wrapping, no display abbreviation. Speech quirks and jokes are project adaptations. Preserve all semantic substitutions; replace $x indentation with measured line breaks.
companion.dialogue.055.00	dialogue	55	0	$m0「おいらの毒は<CR>$xそんじょそこらの　毒とは<CR>$xわけが　ちがうぞ！	"$m0: ""My poison's nothing like your run-of-the-mill stuff!"""		enemy.mushroom_mage	independent_dialogue_reviewed_series_terms	Independently translated from the pinned Japanese; existing species identities retained. Full wording, measured wrapping, no display abbreviation. Speech quirks and jokes are project adaptations. Preserve all semantic substitutions; replace $x indentation with measured line breaks.
companion.dialogue.055.01	dialogue	55	1	$m0「おいら<CR>$xあんたの役に　立てるかな？<CR>$x立てると　いいなあ。	"$m0: ""Think I can be of any use to you? I hope so."""		enemy.mushroom_mage	independent_dialogue_reviewed_series_terms	Independently translated from the pinned Japanese; existing species identities retained. Full wording, measured wrapping, no display abbreviation. Speech quirks and jokes are project adaptations. Preserve all semantic substitutions; replace $x indentation with measured line breaks.
companion.dialogue.055.02	dialogue	55	2	$m0「いっけねえ。<CR>$xおいら　けっこう　敵に<CR>$xやられてんじゃん！	"$m0: ""Whoops! I've taken quite a beating from those enemies!"""		enemy.mushroom_mage	independent_dialogue_reviewed_series_terms	Independently translated from the pinned Japanese; existing species identities retained. Full wording, measured wrapping, no display abbreviation. Speech quirks and jokes are project adaptations. Preserve all semantic substitutions; replace $x indentation with measured line breaks.
companion.dialogue.055.03	dialogue	55	3	$m0「まだ　おいらの<CR>$x体力は　半分はあるから<CR>$x心配しなくて　いいよん。	"$m0: ""I've still got half my HP, so don't worry about me."""		enemy.mushroom_mage,hp	independent_dialogue_reviewed_series_terms	Independently translated from the pinned Japanese; existing species identities retained. Full wording, measured wrapping, no display abbreviation. Speech quirks and jokes are project adaptations. Preserve all semantic substitutions; replace $x indentation with measured line breaks.
companion.dialogue.055.04	dialogue	55	4	$m0「おいらが<CR>$xやられたら　ジメジメしたとこに<CR>$x埋めておくれよ……。	"$m0: ""If I get killed, bury me somewhere nice and damp..."""		enemy.mushroom_mage	independent_dialogue_reviewed_series_terms	Independently translated from the pinned Japanese; existing species identities retained. Full wording, measured wrapping, no display abbreviation. Speech quirks and jokes are project adaptations. Preserve all semantic substitutions; replace $x indentation with measured line breaks.
companion.dialogue.055.05	dialogue	55	5	$m0「やべえぞ！<CR>$xおいらの体力が　なくなるっ。<CR>$xそれって　メチャやばいっ。	"$m0: ""This is bad! I'm running out of strength! Really, really bad!"""		enemy.mushroom_mage	independent_dialogue_reviewed_series_terms	Independently translated from the pinned Japanese; existing species identities retained. Full wording, measured wrapping, no display abbreviation. Speech quirks and jokes are project adaptations. Preserve all semantic substitutions; replace $x indentation with measured line breaks.
companion.dialogue.055.06	dialogue	55	6	$m0「やった！<CR>$xレベルが　上がったよ。<CR>$xあんたも　よろこべ～。	"$m0: ""I did it! My level went up! Come on, be happy for me!"""		enemy.mushroom_mage	independent_dialogue_reviewed_series_terms	Independently translated from the pinned Japanese; existing species identities retained. Full wording, measured wrapping, no display abbreviation. Speech quirks and jokes are project adaptations. Preserve all semantic substitutions; replace $x indentation with measured line breaks.
companion.dialogue.055.07	dialogue	55	7	$m0「レベルアップ<CR>$xしちゃったもんね～。	"$m0: ""Guess who just levelled up!"""		enemy.mushroom_mage	independent_dialogue_reviewed_series_terms	Independently translated from the pinned Japanese; existing species identities retained. Full wording, measured wrapping, no display abbreviation. Speech quirks and jokes are project adaptations. Preserve all semantic substitutions; replace $x indentation with measured line breaks.
companion.dialogue.056.00	dialogue	56	0	$m0「わが　魔法から<CR>$x逃げるすべ　なし……。	"$m0: ""There is no escape from my magic..."""		enemy_legerdeman	independent_dialogue_reviewed_series_terms	Independently translated from the pinned Japanese; existing species identities retained. Full wording, measured wrapping, no display abbreviation. Speech quirks and jokes are project adaptations. Preserve all semantic substitutions; replace $x indentation with measured line breaks.
companion.dialogue.056.01	dialogue	56	1	$m0「眠れ　永遠に……。<CR>$x暗き闇の底へ　落ちるがよい。	"$m0: ""Sleep for all eternity... Fall into the depths of darkness."""		enemy_legerdeman	independent_dialogue_reviewed_series_terms	Independently translated from the pinned Japanese; existing species identities retained. Full wording, measured wrapping, no display abbreviation. Speech quirks and jokes are project adaptations. Preserve all semantic substitutions; replace $x indentation with measured line breaks.
companion.dialogue.056.02	dialogue	56	2	$m0「わが身に受けた<CR>$xこの苦痛　忘れはせぬ……。	"$m0: ""The pain inflicted upon this body shall not be forgotten..."""		enemy_legerdeman	independent_dialogue_reviewed_series_terms	Independently translated from the pinned Japanese; existing species identities retained. Full wording, measured wrapping, no display abbreviation. Speech quirks and jokes are project adaptations. Preserve all semantic substitutions; replace $x indentation with measured line breaks.
companion.dialogue.056.03	dialogue	56	3	$m0「われの体力<CR>$x半分ほどに　減るなり。<CR>$xしかし　わが魔法　おとろえず。	"$m0: ""Half my HP remains. Yet my magic does not wane."""		enemy_legerdeman,hp	independent_dialogue_reviewed_series_terms	Independently translated from the pinned Japanese; existing species identities retained. Full wording, measured wrapping, no display abbreviation. Speech quirks and jokes are project adaptations. Preserve all semantic substitutions; replace $x indentation with measured line breaks.
companion.dialogue.056.04	dialogue	56	4	$m0「わが身　死すとも<CR>$xわが　魔道の術は……。	"$m0: ""Though this body perish, my dark arts shall..."""		enemy_legerdeman	independent_dialogue_reviewed_series_terms	Independently translated from the pinned Japanese; existing species identities retained. Full wording, measured wrapping, no display abbreviation. Speech quirks and jokes are project adaptations. Preserve all semantic substitutions; replace $x indentation with measured line breaks.
companion.dialogue.056.05	dialogue	56	5	$m0「われの体力<CR>$x残り　わずかなり。<CR>$x最後の魔道　見せてくれよう。	"$m0: ""Little strength remains. Behold my final sorcery."""		enemy_legerdeman	independent_dialogue_reviewed_series_terms	Independently translated from the pinned Japanese; existing species identities retained. Full wording, measured wrapping, no display abbreviation. Speech quirks and jokes are project adaptations. Preserve all semantic substitutions; replace $x indentation with measured line breaks.
companion.dialogue.056.06	dialogue	56	6	$m0「わがレベル<CR>$x今　ここに上がるなり。	"$m0: ""Here and now, my level rises."""		enemy_legerdeman	independent_dialogue_reviewed_series_terms	Independently translated from the pinned Japanese; existing species identities retained. Full wording, measured wrapping, no display abbreviation. Speech quirks and jokes are project adaptations. Preserve all semantic substitutions; replace $x indentation with measured line breaks.
companion.dialogue.056.07	dialogue	56	7	$m0「レベルアップ。<CR>$xわが魔道　さらに極めるなり。	"$m0: ""Level up. My mastery of the dark arts deepens."""		enemy_legerdeman	independent_dialogue_reviewed_series_terms	Independently translated from the pinned Japanese; existing species identities retained. Full wording, measured wrapping, no display abbreviation. Speech quirks and jokes are project adaptations. Preserve all semantic substitutions; replace $x indentation with measured line breaks.
companion.dialogue.057.00	dialogue	57	0	$m0「我は　魔道を<CR>$xきわめし者なり……。	"$m0: ""I am one who has mastered the dark arts..."""		enemy_vis_mager	independent_dialogue_reviewed_series_terms	Independently translated from the pinned Japanese; existing species identities retained. Full wording, measured wrapping, no display abbreviation. Speech quirks and jokes are project adaptations. Preserve all semantic substitutions; replace $x indentation with measured line breaks.
companion.dialogue.057.01	dialogue	57	1	$m0「我が　魔道<CR>$x主のために　つかうことを<CR>$xちかおう。	"$m0: ""I swear to wield my sorcery in my master's service."""		enemy_vis_mager	independent_dialogue_reviewed_series_terms	Independently translated from the pinned Japanese; existing species identities retained. Full wording, measured wrapping, no display abbreviation. Speech quirks and jokes are project adaptations. Preserve all semantic substitutions; replace $x indentation with measured line breaks.
companion.dialogue.057.02	dialogue	57	2	$m0「我が魔道<CR>$x多少のキズでは　おとろえる<CR>$xこと無し……。	"$m0: ""A few wounds cannot diminish my sorcery..."""		enemy_vis_mager	independent_dialogue_reviewed_series_terms	Independently translated from the pinned Japanese; existing species identities retained. Full wording, measured wrapping, no display abbreviation. Speech quirks and jokes are project adaptations. Preserve all semantic substitutions; replace $x indentation with measured line breaks.
companion.dialogue.057.03	dialogue	57	3	$m0「我の体力は<CR>$x残り半分なり……だが<CR>$x我が魔道は　おとろえず。	"$m0: ""Half my HP remains... Yet my dark arts do not falter."""		enemy_vis_mager,hp	independent_dialogue_reviewed_series_terms	Independently translated from the pinned Japanese; existing species identities retained. Full wording, measured wrapping, no display abbreviation. Speech quirks and jokes are project adaptations. Preserve all semantic substitutions; replace $x indentation with measured line breaks.
companion.dialogue.057.04	dialogue	57	4	$m0「魔道とは<CR>$x死ぬことと　見つけたり……。	"$m0: ""I have found that the way of sorcery lies in death..."""		enemy_vis_mager	independent_dialogue_reviewed_series_terms	Independently translated from the pinned Japanese; existing species identities retained. Full wording, measured wrapping, no display abbreviation. Speech quirks and jokes are project adaptations. Preserve all semantic substitutions; replace $x indentation with measured line breaks.
companion.dialogue.057.05	dialogue	57	5	$m0「ここまでか……。<CR>$x我が身　ついえても<CR>$x魔の道は死なず……。	"$m0: ""Is this the end...? Though my body perish, the dark arts shall not die..."""		enemy_vis_mager	independent_dialogue_reviewed_series_terms	Independently translated from the pinned Japanese; existing species identities retained. Full wording, measured wrapping, no display abbreviation. Speech quirks and jokes are project adaptations. Preserve all semantic substitutions; replace $x indentation with measured line breaks.
companion.dialogue.057.06	dialogue	57	6	$m0「我が魔道<CR>$xここに　きわまれり……。	"$m0: ""Here, my sorcery reaches perfection..."""		enemy_vis_mager	independent_dialogue_reviewed_series_terms	Independently translated from the pinned Japanese; existing species identities retained. Full wording, measured wrapping, no display abbreviation. Speech quirks and jokes are project adaptations. Preserve all semantic substitutions; replace $x indentation with measured line breaks.
companion.dialogue.057.07	dialogue	57	7	$m0「レベルアップ。<CR>$x我が魔道のチカラ　ますます<CR>$xさえわたるなり。	"$m0: ""Level up. The power of my dark arts grows ever sharper."""		enemy_vis_mager	independent_dialogue_reviewed_series_terms	Independently translated from the pinned Japanese; existing species identities retained. Full wording, measured wrapping, no display abbreviation. Speech quirks and jokes are project adaptations. Preserve all semantic substitutions; replace $x indentation with measured line breaks.
companion.dialogue.058.00	dialogue	58	0	$m0「なんだよ。<CR>$xオイラに命令する気か？<CR>$xそんなの　聞かないもんね～。	"$m0: ""What? Going to order me around? Well, I'm not listening!"""		enemy.imp	independent_dialogue_reviewed_series_terms	Independently translated from the pinned Japanese; existing species identities retained. Full wording, measured wrapping, no display abbreviation. Speech quirks and jokes are project adaptations. Preserve all semantic substitutions; replace $x indentation with measured line breaks.
companion.dialogue.058.01	dialogue	58	1	$m0「オイラは<CR>$xこんなに　ちっこいけど<CR>$xこれでもリッパな悪魔なんだぞ！	"$m0: ""I may be tiny, but I'm a proper demon, you know!"""		enemy.imp	independent_dialogue_reviewed_series_terms	Independently translated from the pinned Japanese; existing species identities retained. Full wording, measured wrapping, no display abbreviation. Speech quirks and jokes are project adaptations. Preserve all semantic substitutions; replace $x indentation with measured line breaks.
companion.dialogue.058.02	dialogue	58	2	$m0「ふぇ～ん。<CR>$xみんなが　オイラのこと<CR>$xいじめるよう～。	"$m0: ""Waaah! Everyone's picking on me!"""		enemy.imp	independent_dialogue_reviewed_series_terms	Independently translated from the pinned Japanese; existing species identities retained. Full wording, measured wrapping, no display abbreviation. Speech quirks and jokes are project adaptations. Preserve all semantic substitutions; replace $x indentation with measured line breaks.
companion.dialogue.058.03	dialogue	58	3	$m0「あわわ。<CR>$xなんか　体力が半分くらいしか<CR>$x残ってない　気がするよ！	"$m0: ""Uh-oh! I think I've only got about half my HP left!"""		enemy.imp,hp	independent_dialogue_reviewed_series_terms	Independently translated from the pinned Japanese; existing species identities retained. Full wording, measured wrapping, no display abbreviation. Speech quirks and jokes are project adaptations. Preserve all semantic substitutions; replace $x indentation with measured line breaks.
companion.dialogue.058.04	dialogue	58	4	$m0「ひどいや。<CR>$xこのままじゃ　オイラ<CR>$x死んじゃうじゃんか！	"$m0: ""That's so mean! At this rate, I'm going to die!"""		enemy.imp	independent_dialogue_reviewed_series_terms	Independently translated from the pinned Japanese; existing species identities retained. Full wording, measured wrapping, no display abbreviation. Speech quirks and jokes are project adaptations. Preserve all semantic substitutions; replace $x indentation with measured line breaks.
companion.dialogue.058.05	dialogue	58	5	$m0「うわ～ん。<CR>$xもう　体力が　すっからかんだよ。<CR>$xオイラ　やられちゃうよ～。	"$m0: ""Waaah! I'm completely out of strength! They're going to get me!"""		enemy.imp	independent_dialogue_reviewed_series_terms	Independently translated from the pinned Japanese; existing species identities retained. Full wording, measured wrapping, no display abbreviation. Speech quirks and jokes are project adaptations. Preserve all semantic substitutions; replace $x indentation with measured line breaks.
companion.dialogue.058.06	dialogue	58	6	$m0「やったね！<CR>$xレベルアップだ！<CR>$xちょっとは　大きくなったかな？	"$m0: ""Hooray! Level up! Have I grown a little bigger?"""		enemy.imp	independent_dialogue_reviewed_series_terms	Independently translated from the pinned Japanese; existing species identities retained. Full wording, measured wrapping, no display abbreviation. Speech quirks and jokes are project adaptations. Preserve all semantic substitutions; replace $x indentation with measured line breaks.
companion.dialogue.058.07	dialogue	58	7	$m0「レベルが<CR>$x上がったから　すっごい<CR>$x呪文　つかえるかなあ……。	"$m0: ""Now that I've levelled up, maybe I can cast an amazing spell..."""		enemy.imp	independent_dialogue_reviewed_series_terms	Independently translated from the pinned Japanese; existing species identities retained. Full wording, measured wrapping, no display abbreviation. Speech quirks and jokes are project adaptations. Preserve all semantic substitutions; replace $x indentation with measured line breaks.
companion.dialogue.059.00	dialogue	59	0	$m0「小さいからって<CR>$xバカにしてるヤツに　いたい目<CR>$x見せてやるモン。	"$m0: ""I'll make anyone who laughs at my size sorry!"""		enemy.minidemon	independent_dialogue_reviewed_series_terms	Independently translated from the pinned Japanese; existing species identities retained. Full wording, measured wrapping, no display abbreviation. Speech quirks and jokes are project adaptations. Preserve all semantic substitutions; replace $x indentation with measured line breaks.
companion.dialogue.059.01	dialogue	59	1	$m0「$m1が<CR>$x悪魔だということ　みんなに<CR>$xみとめさせるモン！	"$m0: ""I'll make them all admit $m1's a demon! So there!"""		enemy.minidemon	independent_dialogue_reviewed_series_terms	Independently translated from the pinned Japanese; existing species identities retained. Full wording, measured wrapping, no display abbreviation. Speech quirks and jokes are project adaptations. Preserve all semantic substitutions; replace $x indentation with measured line breaks.
companion.dialogue.059.02	dialogue	59	2	$m0「$m1は<CR>$xまだまだ　平気だモン。<CR>$xだって　悪魔なんだモン！	"$m0: ""$m1 is still perfectly fine! I'm a demon, you know!"""		enemy.minidemon	independent_dialogue_reviewed_series_terms	Independently translated from the pinned Japanese; existing species identities retained. Full wording, measured wrapping, no display abbreviation. Speech quirks and jokes are project adaptations. Preserve all semantic substitutions; replace $x indentation with measured line breaks.
companion.dialogue.059.03	dialogue	59	3	$m0「体力が<CR>$x半分しか　ないんだモン。<CR>$xでも　がんばるモンね。	"$m0: ""I've only got half my HP. But I'll keep trying! So there!"""		enemy.minidemon,hp	independent_dialogue_reviewed_series_terms	Independently translated from the pinned Japanese; existing species identities retained. Full wording, measured wrapping, no display abbreviation. Speech quirks and jokes are project adaptations. Preserve all semantic substitutions; replace $x indentation with measured line breaks.
companion.dialogue.059.04	dialogue	59	4	$m0「これしきのことで<CR>$x$m1は　へこたれない<CR>$x……んだモン。	"$m0: ""This little thing won't get $m1 down... So there!"""		enemy.minidemon	independent_dialogue_reviewed_series_terms	Independently translated from the pinned Japanese; existing species identities retained. Full wording, measured wrapping, no display abbreviation. Speech quirks and jokes are project adaptations. Preserve all semantic substitutions; replace $x indentation with measured line breaks.
companion.dialogue.059.05	dialogue	59	5	$m0「$m1の体力は<CR>$xもう　なくなりそうなんだモン。<CR>$xさよならは　言わないモン。	"$m0: ""I'm nearly spent, but $m1 won't say goodbye! So there!"""		enemy.minidemon	independent_dialogue_reviewed_series_terms	Independently translated from the pinned Japanese; existing species identities retained. Full wording, measured wrapping, no display abbreviation. Speech quirks and jokes are project adaptations. Preserve all semantic substitutions; replace $x indentation with measured line breaks.
companion.dialogue.059.06	dialogue	59	6	$m0「レベルアップ<CR>$xしちゃったモーン！	"$m0: ""I've gone and levelled up! So there!"""		enemy.minidemon	independent_dialogue_reviewed_series_terms	Independently translated from the pinned Japanese; existing species identities retained. Full wording, measured wrapping, no display abbreviation. Speech quirks and jokes are project adaptations. Preserve all semantic substitutions; replace $x indentation with measured line breaks.
companion.dialogue.059.07	dialogue	59	7	$m0「レベル上がった！<CR>$xアークデーモンに　ひとつ<CR>$x近づいたモン！	"$m0: ""My level went up! One step closer to being an Archdemon!"""		enemy.archdemon,enemy.minidemon	independent_dialogue_reviewed_series_terms	Independently translated from the pinned Japanese; existing species identities retained. Full wording, measured wrapping, no display abbreviation. Speech quirks and jokes are project adaptations. Preserve all semantic substitutions; replace $x indentation with measured line breaks.
companion.dialogue.060.00	dialogue	60	0	$m0「ご主人さま<CR>$xなんなりと　ご命令をどうぞ。	"$m0: ""Master, your wish is my command."""		enemy_wimp	independent_dialogue_reviewed_series_terms	Independently translated from the pinned Japanese; existing species identities retained. Full wording, measured wrapping, no display abbreviation. Speech quirks and jokes are project adaptations. Preserve all semantic substitutions; replace $x indentation with measured line breaks.
companion.dialogue.060.01	dialogue	60	1	$m0「私は　ご主人さまの<CR>$x忠実な　しもべ。<CR>$xなんなりと　ご命令をどうぞ。	"$m0: ""I am your faithful servant, master. Command me as you will."""		enemy_wimp	independent_dialogue_reviewed_series_terms	Independently translated from the pinned Japanese; existing species identities retained. Full wording, measured wrapping, no display abbreviation. Speech quirks and jokes are project adaptations. Preserve all semantic substitutions; replace $x indentation with measured line breaks.
companion.dialogue.060.02	dialogue	60	2	$m0「ご主人さまの<CR>$xためならば　こんなキズは<CR>$xなんの苦にも　なりません。	"$m0: ""For my master's sake, wounds like these are no hardship."""		enemy_wimp	independent_dialogue_reviewed_series_terms	Independently translated from the pinned Japanese; existing species identities retained. Full wording, measured wrapping, no display abbreviation. Speech quirks and jokes are project adaptations. Preserve all semantic substitutions; replace $x indentation with measured line breaks.
companion.dialogue.060.03	dialogue	60	3	$m0「おつたえします。<CR>$x私の体力は　あと半分ほどに<CR>$xなりました。	"$m0: ""I must report that approximately half my HP remains."""		enemy_wimp,hp	independent_dialogue_reviewed_series_terms	Independently translated from the pinned Japanese; existing species identities retained. Full wording, measured wrapping, no display abbreviation. Speech quirks and jokes are project adaptations. Preserve all semantic substitutions; replace $x indentation with measured line breaks.
companion.dialogue.060.04	dialogue	60	4	$m0「この命<CR>$x最後まで　ご主人さまのために。	"$m0: ""To my last breath, this life is yours, master."""		enemy_wimp	independent_dialogue_reviewed_series_terms	Independently translated from the pinned Japanese; existing species identities retained. Full wording, measured wrapping, no display abbreviation. Speech quirks and jokes are project adaptations. Preserve all semantic substitutions; replace $x indentation with measured line breaks.
companion.dialogue.060.05	dialogue	60	5	$m0「おつたえします。<CR>$x私の体力は　残っておりません。<CR>$xもうしわけありません。	"$m0: ""I must report that my strength is spent. My deepest apologies."""		enemy_wimp	independent_dialogue_reviewed_series_terms	Independently translated from the pinned Japanese; existing species identities retained. Full wording, measured wrapping, no display abbreviation. Speech quirks and jokes are project adaptations. Preserve all semantic substitutions; replace $x indentation with measured line breaks.
companion.dialogue.060.06	dialogue	60	6	$m0「ご主人さま<CR>$xレベルアップ　いたしました。	"$m0: ""Master, I have levelled up."""		enemy_wimp	independent_dialogue_reviewed_series_terms	Independently translated from the pinned Japanese; existing species identities retained. Full wording, measured wrapping, no display abbreviation. Speech quirks and jokes are project adaptations. Preserve all semantic substitutions; replace $x indentation with measured line breaks.
companion.dialogue.060.07	dialogue	60	7	$m0「レベルが<CR>$x上がりましたので<CR>$xおつたえ　いたします。	"$m0: ""I wish to inform you that my level has risen."""		enemy_wimp	independent_dialogue_reviewed_series_terms	Independently translated from the pinned Japanese; existing species identities retained. Full wording, measured wrapping, no display abbreviation. Speech quirks and jokes are project adaptations. Preserve all semantic substitutions; replace $x indentation with measured line breaks.
companion.dialogue.061.00	dialogue	61	0	$m0「この世は<CR>$xとても　ミステリー。<CR>$xふしぎなことで　いっぱいなの。	"$m0: ""The world is such a mystery. It's full of strange and wonderful things."""		enemy.pocus_poppet	independent_dialogue_reviewed_series_terms	Independently translated from the pinned Japanese; existing species identities retained. Full wording, measured wrapping, no display abbreviation. Speech quirks and jokes are project adaptations. Preserve all semantic substitutions; replace $x indentation with measured line breaks.
companion.dialogue.061.01	dialogue	61	1	$m0「女の心はミステリー。<CR>$xあたしのハートも　ふしぎなの。	"$m0: ""A woman's heart is a mystery. Mine is no exception."""		enemy.pocus_poppet	independent_dialogue_reviewed_series_terms	Independently translated from the pinned Japanese; existing species identities retained. Full wording, measured wrapping, no display abbreviation. Speech quirks and jokes are project adaptations. Preserve all semantic substitutions; replace $x indentation with measured line breaks.
companion.dialogue.061.02	dialogue	61	2	$m0「ふしぎだわ。<CR>$xこんなに　かわいい　あたしが<CR>$xいじめられるなんて。	"$m0: ""How strange. Why would anyone pick on someone as cute as me?"""		enemy.pocus_poppet	independent_dialogue_reviewed_series_terms	Independently translated from the pinned Japanese; existing species identities retained. Full wording, measured wrapping, no display abbreviation. Speech quirks and jokes are project adaptations. Preserve all semantic substitutions; replace $x indentation with measured line breaks.
companion.dialogue.061.03	dialogue	61	3	$m0「ふしぎね。<CR>$xあたしの体力が　知らないうちに<CR>$x半分に　なっちゃってるの。	"$m0: ""How mysterious. Half my HP vanished without me noticing."""		enemy.pocus_poppet,hp	independent_dialogue_reviewed_series_terms	Independently translated from the pinned Japanese; existing species identities retained. Full wording, measured wrapping, no display abbreviation. Speech quirks and jokes are project adaptations. Preserve all semantic substitutions; replace $x indentation with measured line breaks.
companion.dialogue.061.04	dialogue	61	4	$m0「あたし<CR>$xもう　ダメなのかしら。<CR>$x美人はく命って　ヤツなのね。	"$m0: ""Am I done for? They do say beauty is short-lived."""		enemy.pocus_poppet	independent_dialogue_reviewed_series_terms	Independently translated from the pinned Japanese; existing species identities retained. Full wording, measured wrapping, no display abbreviation. Speech quirks and jokes are project adaptations. Preserve all semantic substitutions; replace $x indentation with measured line breaks.
companion.dialogue.061.05	dialogue	61	5	$m0「とても　ふしぎ。<CR>$xあたしの体力が　もう　ないの。<CR>$xなんで？　どうして？	"$m0: ""It's so strange. I've no strength left. Why? How did this happen?"""		enemy.pocus_poppet	independent_dialogue_reviewed_series_terms	Independently translated from the pinned Japanese; existing species identities retained. Full wording, measured wrapping, no display abbreviation. Speech quirks and jokes are project adaptations. Preserve all semantic substitutions; replace $x indentation with measured line breaks.
companion.dialogue.061.06	dialogue	61	6	$m0「ふしぎだわ。<CR>$xいつの間にか　レベルが<CR>$x上がってたのよ。	"$m0: ""How curious. My level went up without me noticing."""		enemy.pocus_poppet	independent_dialogue_reviewed_series_terms	Independently translated from the pinned Japanese; existing species identities retained. Full wording, measured wrapping, no display abbreviation. Speech quirks and jokes are project adaptations. Preserve all semantic substitutions; replace $x indentation with measured line breaks.
companion.dialogue.061.07	dialogue	61	7	$m0「レベルが<CR>$x上がっちゃったわ。<CR>$xとても　ふしぎなことよね。	"$m0: ""I've gone up a level. Isn't it all so mysterious?"""		enemy.pocus_poppet	independent_dialogue_reviewed_series_terms	Independently translated from the pinned Japanese; existing species identities retained. Full wording, measured wrapping, no display abbreviation. Speech quirks and jokes are project adaptations. Preserve all semantic substitutions; replace $x indentation with measured line breaks.
companion.dialogue.062.00	dialogue	62	0	$m0「石で　できてるけど<CR>$x石頭なわけじゃ　ないのよ。	"$m0: ""I may be made of stone, but that doesn't make me a blockhead."""		enemy.dirty_dogu	independent_dialogue_reviewed_series_terms	Independently translated from the pinned Japanese; existing species identities retained. Full wording, measured wrapping, no display abbreviation. Speech quirks and jokes are project adaptations. Preserve all semantic substitutions; replace $x indentation with measured line breaks.
companion.dialogue.062.01	dialogue	62	1	$m0「あなたのために<CR>$xわたし　がんばっちゃうわ。	"$m0: ""I'll do my very best for you."""		enemy.dirty_dogu	independent_dialogue_reviewed_series_terms	Independently translated from the pinned Japanese; existing species identities retained. Full wording, measured wrapping, no display abbreviation. Speech quirks and jokes are project adaptations. Preserve all semantic substitutions; replace $x indentation with measured line breaks.
companion.dialogue.062.02	dialogue	62	2	$m0「石の身体ってイヤね。<CR>$xちょっと　ぶつけただけで<CR>$xポロポロ　くずれちゃうの。	"$m0: ""Having a stone body is such a pain. The slightest knock makes bits crumble off."""		enemy.dirty_dogu	independent_dialogue_reviewed_series_terms	Independently translated from the pinned Japanese; existing species identities retained. Full wording, measured wrapping, no display abbreviation. Speech quirks and jokes are project adaptations. Preserve all semantic substitutions; replace $x indentation with measured line breaks.
companion.dialogue.062.03	dialogue	62	3	$m0「このヒビの<CR>$xはいり具合からして　残りの<CR>$x体力は半分って　とこかしらね。	"$m0: ""Judging by these cracks, I'd say I have about half my HP left."""		enemy.dirty_dogu,hp	independent_dialogue_reviewed_series_terms	Independently translated from the pinned Japanese; existing species identities retained. Full wording, measured wrapping, no display abbreviation. Speech quirks and jokes are project adaptations. Preserve all semantic substitutions; replace $x indentation with measured line breaks.
companion.dialogue.062.04	dialogue	62	4	$m0「もうダメ。<CR>$xわたし　くずれそう……。	"$m0: ""I can't go on. I'm about to crumble..."""		enemy.dirty_dogu	independent_dialogue_reviewed_series_terms	Independently translated from the pinned Japanese; existing species identities retained. Full wording, measured wrapping, no display abbreviation. Speech quirks and jokes are project adaptations. Preserve all semantic substitutions; replace $x indentation with measured line breaks.
companion.dialogue.062.05	dialogue	62	5	$m0「ああ　もうボロボロ。<CR>$xわたしの体力　大ピンチって<CR>$x感じね……。	"$m0: ""Oh, I'm falling to pieces. My strength's in a sorry state..."""		enemy.dirty_dogu	independent_dialogue_reviewed_series_terms	Independently translated from the pinned Japanese; existing species identities retained. Full wording, measured wrapping, no display abbreviation. Speech quirks and jokes are project adaptations. Preserve all semantic substitutions; replace $x indentation with measured line breaks.
companion.dialogue.062.06	dialogue	62	6	$m0「うふふ。<CR>$xレベルアップしちゃった。<CR>$xどう？　わたしキレイ？	"$m0: ""Hee hee! I've levelled up. Well? Am I beautiful?"""		enemy.dirty_dogu	independent_dialogue_reviewed_series_terms	Independently translated from the pinned Japanese; existing species identities retained. Full wording, measured wrapping, no display abbreviation. Speech quirks and jokes are project adaptations. Preserve all semantic substitutions; replace $x indentation with measured line breaks.
companion.dialogue.062.07	dialogue	62	7	$m0「レベルが<CR>$x上がったみたいなの。<CR>$xあなたは　ホメてくれる？	"$m0: ""I think I've gone up a level. Will you say something nice to me?"""		enemy.dirty_dogu	independent_dialogue_reviewed_series_terms	Independently translated from the pinned Japanese; existing species identities retained. Full wording, measured wrapping, no display abbreviation. Speech quirks and jokes are project adaptations. Preserve all semantic substitutions; replace $x indentation with measured line breaks.
companion.dialogue.063.00	dialogue	63	0	$m0「オラの<CR>$xふしぎな踊りを　見るか？<CR>$x変になっても　しらんけど。	"$m0: ""Want to see my Weird Dance? Don't blame me if you start feeling funny."""		ability.weird_dance,enemy.mud_mannequin	independent_dialogue_reviewed_series_terms	Independently translated from the pinned Japanese; existing species identities retained. Full wording, measured wrapping, no display abbreviation. Speech quirks and jokes are project adaptations. Preserve all semantic substitutions; replace $x indentation with measured line breaks.
companion.dialogue.063.01	dialogue	63	1	$m0「オラの<CR>$xカラダは　どろだけんど<CR>$x心は　あったかだぜ。	"$m0: ""My body may be mud, but I've got a warm heart."""		enemy.mud_mannequin	independent_dialogue_reviewed_series_terms	Independently translated from the pinned Japanese; existing species identities retained. Full wording, measured wrapping, no display abbreviation. Speech quirks and jokes are project adaptations. Preserve all semantic substitutions; replace $x indentation with measured line breaks.
companion.dialogue.063.02	dialogue	63	2	$m0「いや　いくら<CR>$xどろの身体つっても<CR>$xやっぱり　いたいし。	"$m0: ""Just because my body's made of mud doesn't mean it doesn't hurt."""		enemy.mud_mannequin	independent_dialogue_reviewed_series_terms	Independently translated from the pinned Japanese; existing species identities retained. Full wording, measured wrapping, no display abbreviation. Speech quirks and jokes are project adaptations. Preserve all semantic substitutions; replace $x indentation with measured line breaks.
companion.dialogue.063.03	dialogue	63	3	$m0「あー。<CR>$xなんか　体力が半分しか<CR>$x残ってないようだよ。	"$m0: ""Oh... Looks like I've only got half my HP left."""		enemy.mud_mannequin,hp	independent_dialogue_reviewed_series_terms	Independently translated from the pinned Japanese; existing species identities retained. Full wording, measured wrapping, no display abbreviation. Speech quirks and jokes are project adaptations. Preserve all semantic substitutions; replace $x indentation with measured line breaks.
companion.dialogue.063.04	dialogue	63	4	$m0「どないしよ。<CR>$xオラ　めっちゃ　まずいとこまで<CR>$x追いこまれてる気がするだ。	"$m0: ""What am I going to do? I reckon I'm in a mighty tight spot."""		enemy.mud_mannequin	independent_dialogue_reviewed_series_terms	Independently translated from the pinned Japanese; existing species identities retained. Full wording, measured wrapping, no display abbreviation. Speech quirks and jokes are project adaptations. Preserve all semantic substitutions; replace $x indentation with measured line breaks.
companion.dialogue.063.05	dialogue	63	5	$m0「なんか　もう<CR>$x体力が　さっぱり残ってない？<CR>$xどろのかたまりに　なっちまうだ。	"$m0: ""Is all my strength gone already? I'll end up just a lump of mud."""		enemy.mud_mannequin	independent_dialogue_reviewed_series_terms	Independently translated from the pinned Japanese; existing species identities retained. Full wording, measured wrapping, no display abbreviation. Speech quirks and jokes are project adaptations. Preserve all semantic substitutions; replace $x indentation with measured line breaks.
companion.dialogue.063.06	dialogue	63	6	$m0「うほほ。<CR>$xレベルが　上がっただーよ。	"$m0: ""Whoo-hoo! My level's gone up!"""		enemy.mud_mannequin	independent_dialogue_reviewed_series_terms	Independently translated from the pinned Japanese; existing species identities retained. Full wording, measured wrapping, no display abbreviation. Speech quirks and jokes are project adaptations. Preserve all semantic substitutions; replace $x indentation with measured line breaks.
companion.dialogue.063.07	dialogue	63	7	$m0「レベルアップだよ。<CR>$xこんな　オラでも　がんばれば<CR>$xいいこと　あるだーよ。	"$m0: ""Level up! Even a fellow like me gets somewhere if he works hard."""		enemy.mud_mannequin	independent_dialogue_reviewed_series_terms	Independently translated from the pinned Japanese; existing species identities retained. Full wording, measured wrapping, no display abbreviation. Speech quirks and jokes are project adaptations. Preserve all semantic substitutions; replace $x indentation with measured line breaks.
companion.dialogue.064.00	dialogue	64	0	$m0「おいらの<CR>$xとくいなことは　ワナ作り。<CR>$xしかけまくって　いいかな？	"$m0: ""I'm good at making traps. Mind if I set lots and lots of them?"""		enemy.magic_marionette	independent_dialogue_reviewed_series_terms	Independently translated from the pinned Japanese; existing species identities retained. Full wording, measured wrapping, no display abbreviation. Speech quirks and jokes are project adaptations. Preserve all semantic substitutions; replace $x indentation with measured line breaks.
companion.dialogue.064.01	dialogue	64	1	$m0「まちがって<CR>$xおいらの作った　ワナに<CR>$xひっかからないでね。	"$m0: ""Don't get caught in one of my traps by mistake."""		enemy.magic_marionette	independent_dialogue_reviewed_series_terms	Independently translated from the pinned Japanese; existing species identities retained. Full wording, measured wrapping, no display abbreviation. Speech quirks and jokes are project adaptations. Preserve all semantic substitutions; replace $x indentation with measured line breaks.
companion.dialogue.064.02	dialogue	64	2	$m0「はっ。<CR>$xワナ作りに　気をとられてて<CR>$x自分の身を守ってなかったよ。	"$m0: ""Oh! I was so busy making traps, I forgot to protect myself."""		enemy.magic_marionette	independent_dialogue_reviewed_series_terms	Independently translated from the pinned Japanese; existing species identities retained. Full wording, measured wrapping, no display abbreviation. Speech quirks and jokes are project adaptations. Preserve all semantic substitutions; replace $x indentation with measured line breaks.
companion.dialogue.064.03	dialogue	64	3	$m0「体力　半分か。<CR>$xそれなら　あといくつ<CR>$xワナを　しかけられるかな？	"$m0: ""Half my HP left, eh? How many more traps can I set with that?"""		enemy.magic_marionette,hp	independent_dialogue_reviewed_series_terms	Independently translated from the pinned Japanese; existing species identities retained. Full wording, measured wrapping, no display abbreviation. Speech quirks and jokes are project adaptations. Preserve all semantic substitutions; replace $x indentation with measured line breaks.
companion.dialogue.064.04	dialogue	64	4	$m0「ワナ作りは<CR>$x死んでも　やめられないよ。	"$m0: ""Even death won't stop me making traps."""		enemy.magic_marionette	independent_dialogue_reviewed_series_terms	Independently translated from the pinned Japanese; existing species identities retained. Full wording, measured wrapping, no display abbreviation. Speech quirks and jokes are project adaptations. Preserve all semantic substitutions; replace $x indentation with measured line breaks.
companion.dialogue.064.05	dialogue	64	5	$m0「もう体力が　ないや。<CR>$xつぎのが　さいごのワナに<CR>$xなりませんように……。	"$m0: ""I'm out of strength. Please don't let the next trap be my last..."""		enemy.magic_marionette	independent_dialogue_reviewed_series_terms	Independently translated from the pinned Japanese; existing species identities retained. Full wording, measured wrapping, no display abbreviation. Speech quirks and jokes are project adaptations. Preserve all semantic substitutions; replace $x indentation with measured line breaks.
companion.dialogue.064.06	dialogue	64	6	$m0「レベルが<CR>$x上がったから　もっと　たくさん<CR>$xワナを　しかけたいな。	"$m0: ""Now that I've levelled up, I want to set even more traps."""		enemy.magic_marionette	independent_dialogue_reviewed_series_terms	Independently translated from the pinned Japanese; existing species identities retained. Full wording, measured wrapping, no display abbreviation. Speech quirks and jokes are project adaptations. Preserve all semantic substitutions; replace $x indentation with measured line breaks.
companion.dialogue.064.07	dialogue	64	7	$m0「おや？<CR>$xなんか　レベルアップしたみたい。	"$m0: ""Oh? I think I've just levelled up."""		enemy.magic_marionette	independent_dialogue_reviewed_series_terms	Independently translated from the pinned Japanese; existing species identities retained. Full wording, measured wrapping, no display abbreviation. Speech quirks and jokes are project adaptations. Preserve all semantic substitutions; replace $x indentation with measured line breaks.
companion.dialogue.065.00	dialogue	65	0	$m0「入ってません。	"$m0: ""Nothing in here."""		enemy.mimic	independent_dialogue_reviewed_series_terms	Independently translated from the pinned Japanese; existing species identities retained. Full wording, measured wrapping, no display abbreviation. Speech quirks and jokes are project adaptations. Preserve all semantic substitutions; replace $x indentation with measured line breaks.
companion.dialogue.065.01	dialogue	65	1	$m0「ああー　もう。<CR>$x宝箱のフリしてるんだから<CR>$x話しかけないでよ！	"$m0: ""Oh, come on! I'm pretending to be a treasure chest. Stop talking to me!"""		enemy.mimic	independent_dialogue_reviewed_series_terms	Independently translated from the pinned Japanese; existing species identities retained. Full wording, measured wrapping, no display abbreviation. Speech quirks and jokes are project adaptations. Preserve all semantic substitutions; replace $x indentation with measured line breaks.
companion.dialogue.065.02	dialogue	65	2	$m0「いたたたた。<CR>$xいくら　箱の姿してても<CR>$x殴られたら　いたいんだぞ。	"$m0: ""Ow, ow, ow! Looking like a box doesn't mean it doesn't hurt when you hit me!"""		enemy.mimic	independent_dialogue_reviewed_series_terms	Independently translated from the pinned Japanese; existing species identities retained. Full wording, measured wrapping, no display abbreviation. Speech quirks and jokes are project adaptations. Preserve all semantic substitutions; replace $x indentation with measured line breaks.
companion.dialogue.065.03	dialogue	65	3	$m0「残りの体力が<CR>$x半分に　なっちゃった。<CR>$x箱のフリして　ガマンしよっと。	"$m0: ""I've only got half my HP left. I'll pretend to be a chest and grin and bear it."""		enemy.mimic,hp	independent_dialogue_reviewed_series_terms	Independently translated from the pinned Japanese; existing species identities retained. Full wording, measured wrapping, no display abbreviation. Speech quirks and jokes are project adaptations. Preserve all semantic substitutions; replace $x indentation with measured line breaks.
companion.dialogue.065.04	dialogue	65	4	$m0「うーん。<CR>$xそろそろ　やばいかな。<CR>$x箱のフリするのは　やめとくか。	"$m0: ""Hmm... This is getting dangerous. Maybe I should stop pretending to be a chest."""		enemy.mimic	independent_dialogue_reviewed_series_terms	Independently translated from the pinned Japanese; existing species identities retained. Full wording, measured wrapping, no display abbreviation. Speech quirks and jokes are project adaptations. Preserve all semantic substitutions; replace $x indentation with measured line breaks.
companion.dialogue.065.05	dialogue	65	5	$m0「むむ　やばい。<CR>$x残りの体力が　なくなるっ。<CR>$xただの箱です　見逃して～。	"$m0: ""Uh-oh! I'm running out of strength. I'm just a box! Please leave me alone!"""		enemy.mimic	independent_dialogue_reviewed_series_terms	Independently translated from the pinned Japanese; existing species identities retained. Full wording, measured wrapping, no display abbreviation. Speech quirks and jokes are project adaptations. Preserve all semantic substitutions; replace $x indentation with measured line breaks.
companion.dialogue.065.06	dialogue	65	6	$m0「レベルアップだ。<CR>$xもっと　キレイな宝箱に<CR>$xなりたいなー。	"$m0: ""Level up! I'd like to be a prettier treasure chest."""		enemy.mimic	independent_dialogue_reviewed_series_terms	Independently translated from the pinned Japanese; existing species identities retained. Full wording, measured wrapping, no display abbreviation. Speech quirks and jokes are project adaptations. Preserve all semantic substitutions; replace $x indentation with measured line breaks.
companion.dialogue.065.07	dialogue	65	7	$m0「やった。<CR>$xレベルが　上がったよ。<CR>$xもっと　レベル上げたいな。	"$m0: ""Hooray! My level went up. I want to gain lots more levels!"""		enemy.mimic	independent_dialogue_reviewed_series_terms	Independently translated from the pinned Japanese; existing species identities retained. Full wording, measured wrapping, no display abbreviation. Speech quirks and jokes are project adaptations. Preserve all semantic substitutions; replace $x indentation with measured line breaks.
companion.dialogue.066.00	dialogue	66	0	$m0「オレっちは<CR>$xひとくいばこなんて　呼ばれてっけど<CR>$xなんでも食べるよ　残さずにね。	"$m0: ""They call me a Cannibox, but I eat more than people. Anything, without leftovers!"""		enemy.cannibox	independent_dialogue_reviewed_series_terms	Independently translated from the pinned Japanese; existing species identities retained. Full wording, measured wrapping, no display abbreviation. Speech quirks and jokes are project adaptations. Preserve all semantic substitutions; replace $x indentation with measured line breaks.
companion.dialogue.066.01	dialogue	66	1	$m0「あんたも　オレっちを<CR>$x開けたとき　ビックリした？<CR>$xしたよね？　したって言って～。	"$m0: ""Did I scare you when you opened me? Did I? Come on, say I did!"""		enemy.cannibox	independent_dialogue_reviewed_series_terms	Independently translated from the pinned Japanese; existing species identities retained. Full wording, measured wrapping, no display abbreviation. Speech quirks and jokes are project adaptations. Preserve all semantic substitutions; replace $x indentation with measured line breaks.
companion.dialogue.066.02	dialogue	66	2	$m0「あうう。<CR>$x身体に　ガタがきて<CR>$xうまくフタが　しまらない……。	"$m0: ""Oww... I'm so battered, my lid won't close properly..."""		enemy.cannibox	independent_dialogue_reviewed_series_terms	Independently translated from the pinned Japanese; existing species identities retained. Full wording, measured wrapping, no display abbreviation. Speech quirks and jokes are project adaptations. Preserve all semantic substitutions; replace $x indentation with measured line breaks.
companion.dialogue.066.03	dialogue	66	3	$m0「残りの体力<CR>$x半分ってとこかな。<CR>$xまだ　なんとかなりそっかな。	"$m0: ""About half my HP left, I'd say. I reckon I'll manage."""		enemy.cannibox,hp	independent_dialogue_reviewed_series_terms	Independently translated from the pinned Japanese; existing species identities retained. Full wording, measured wrapping, no display abbreviation. Speech quirks and jokes are project adaptations. Preserve all semantic substitutions; replace $x indentation with measured line breaks.
companion.dialogue.066.04	dialogue	66	4	$m0「ヤベェな……。<CR>$x箱のふりしてりゃ　みんな<CR>$x見のがして　くれっかな。	"$m0: ""This is bad... If I pretend to be a box, will everyone leave me alone?"""		enemy.cannibox	independent_dialogue_reviewed_series_terms	Independently translated from the pinned Japanese; existing species identities retained. Full wording, measured wrapping, no display abbreviation. Speech quirks and jokes are project adaptations. Preserve all semantic substitutions; replace $x indentation with measured line breaks.
companion.dialogue.066.05	dialogue	66	5	$m0「いけねえ。<CR>$x残りの体力が　すかんぴんだ。<CR>$xオレっち　絶体絶命！	"$m0: ""Uh-oh! I'm completely out of strength. I'm in a real pickle!"""		enemy.cannibox	independent_dialogue_reviewed_series_terms	Independently translated from the pinned Japanese; existing species identities retained. Full wording, measured wrapping, no display abbreviation. Speech quirks and jokes are project adaptations. Preserve all semantic substitutions; replace $x indentation with measured line breaks.
companion.dialogue.066.06	dialogue	66	6	$m0「どうだい？<CR>$xオレっち　レベルアップ<CR>$xしちったぜい！	"$m0: ""How about that? I've gone and levelled up!"""		enemy.cannibox	independent_dialogue_reviewed_series_terms	Independently translated from the pinned Japanese; existing species identities retained. Full wording, measured wrapping, no display abbreviation. Speech quirks and jokes are project adaptations. Preserve all semantic substitutions; replace $x indentation with measured line breaks.
companion.dialogue.066.07	dialogue	66	7	$m0「オレっち<CR>$xレベルが　上がったんだぜ。<CR>$xがんばってるだろ？	"$m0: ""My level's gone up! Been working hard, haven't I?"""		enemy.cannibox	independent_dialogue_reviewed_series_terms	Independently translated from the pinned Japanese; existing species identities retained. Full wording, measured wrapping, no display abbreviation. Speech quirks and jokes are project adaptations. Preserve all semantic substitutions; replace $x indentation with measured line breaks.
companion.dialogue.067.00	dialogue	67	0	$m0「お前　敵か敵か？<CR>$x……なに　ちがうのか！<CR>$xなんでもいい　なぐらせろ！！	"$m0: ""Are you an enemy? ARE YOU!? ...What, no? Who cares? Let me hit you!"""		enemy.berserker	independent_dialogue_reviewed_series_terms	Independently translated from the pinned Japanese; existing species identities retained. Full wording, measured wrapping, no display abbreviation. Speech quirks and jokes are project adaptations. Preserve all semantic substitutions; replace $x indentation with measured line breaks.
companion.dialogue.067.01	dialogue	67	1	$m0「お前！<CR>$xオレの目の前に　立つな。<CR>$xなぐられても　しらねえぞ！	"$m0: ""You! Don't stand in front of me. Don't blame me if you get hit!"""		enemy.berserker	independent_dialogue_reviewed_series_terms	Independently translated from the pinned Japanese; existing species identities retained. Full wording, measured wrapping, no display abbreviation. Speech quirks and jokes are project adaptations. Preserve all semantic substitutions; replace $x indentation with measured line breaks.
companion.dialogue.067.02	dialogue	67	2	$m0「自分のケガなんて<CR>$xどうでも　いいんだ。<CR>$xとにかく　なぐらせろー！	"$m0: ""Who cares about my injuries? Just let me hit something!"""		enemy.berserker	independent_dialogue_reviewed_series_terms	Independently translated from the pinned Japanese; existing species identities retained. Full wording, measured wrapping, no display abbreviation. Speech quirks and jokes are project adaptations. Preserve all semantic substitutions; replace $x indentation with measured line breaks.
companion.dialogue.067.03	dialogue	67	3	$m0「残りの体力？<CR>$x半分くらいは　あるようだが<CR>$xそんなことは　どーでもいい！	"$m0: ""My HP? About half, I think. Who cares about that!?"""		enemy.berserker,hp	independent_dialogue_reviewed_series_terms	Independently translated from the pinned Japanese; existing species identities retained. Full wording, measured wrapping, no display abbreviation. Speech quirks and jokes are project adaptations. Preserve all semantic substitutions; replace $x indentation with measured line breaks.
companion.dialogue.067.04	dialogue	67	4	$m0「ああ？<CR>$xオレが　死にそうだって？<CR>$x関係ないね　そんなことは！	"$m0: ""Huh? I'm about to die? What do I care!?"""		enemy.berserker	independent_dialogue_reviewed_series_terms	Independently translated from the pinned Japanese; existing species identities retained. Full wording, measured wrapping, no display abbreviation. Speech quirks and jokes are project adaptations. Preserve all semantic substitutions; replace $x indentation with measured line breaks.
companion.dialogue.067.05	dialogue	67	5	$m0「残りの体力なら<CR>$xもう　残ってないようだ。<CR>$x死ぬ前に　もっと　なぐらせろ！	"$m0: ""Looks like I'm out of strength. Let me hit some more things before I die!"""		enemy.berserker	independent_dialogue_reviewed_series_terms	Independently translated from the pinned Japanese; existing species identities retained. Full wording, measured wrapping, no display abbreviation. Speech quirks and jokes are project adaptations. Preserve all semantic substitutions; replace $x indentation with measured line breaks.
companion.dialogue.067.06	dialogue	67	6	$m0「レベルアップ？<CR>$xそんなの　しなくてもいいから<CR>$xもっともっと　なぐらせろ！	"$m0: ""Level up? Forget that! Just let me hit more and more things!"""		enemy.berserker	independent_dialogue_reviewed_series_terms	Independently translated from the pinned Japanese; existing species identities retained. Full wording, measured wrapping, no display abbreviation. Speech quirks and jokes are project adaptations. Preserve all semantic substitutions; replace $x indentation with measured line breaks.
companion.dialogue.067.07	dialogue	67	7	$m0「レベルが<CR>$x上がるよりも　なにかを<CR>$xなぐってる方が　楽しいんだよ！	"$m0: ""Hitting things is much more fun than going up a level!"""		enemy.berserker	independent_dialogue_reviewed_series_terms	Independently translated from the pinned Japanese; existing species identities retained. Full wording, measured wrapping, no display abbreviation. Speech quirks and jokes are project adaptations. Preserve all semantic substitutions; replace $x indentation with measured line breaks.
companion.dialogue.068.00	dialogue	68	0	$m0「ん？<CR>$xフラフラするなって？<CR>$xいいじゃん　ほっといてよ。	"$m0: ""Huh? Stop flitting about? What's wrong with it? Leave me alone."""		enemy.dracky	independent_dialogue_reviewed_series_terms	Independently translated from the pinned Japanese; existing species identities retained. Full wording, measured wrapping, no display abbreviation. Speech quirks and jokes are project adaptations. Preserve all semantic substitutions; replace $x indentation with measured line breaks.
companion.dialogue.068.01	dialogue	68	1	$m0「コウモリって<CR>$xクチから　超音波だすんだよ。<CR>$xしってた？	"$m0: ""Bats send out ultrasonic sounds from their mouths. Did you know that?"""		enemy.dracky	independent_dialogue_reviewed_series_terms	Independently translated from the pinned Japanese; existing species identities retained. Full wording, measured wrapping, no display abbreviation. Speech quirks and jokes are project adaptations. Preserve all semantic substitutions; replace $x indentation with measured line breaks.
companion.dialogue.068.02	dialogue	68	2	$m0「いてて……。<CR>$xだいぶ　なぐられたから<CR>$xまっすぐ　飛べないや。	"$m0: ""Ow... I've taken such a beating, I can't fly straight."""		enemy.dracky	independent_dialogue_reviewed_series_terms	Independently translated from the pinned Japanese; existing species identities retained. Full wording, measured wrapping, no display abbreviation. Speech quirks and jokes are project adaptations. Preserve all semantic substitutions; replace $x indentation with measured line breaks.
companion.dialogue.068.03	dialogue	68	3	$m0「残り体力　半分だ。<CR>$xおいらを　いじめるなんて<CR>$xみんな　キライだ！	"$m0: ""Half my HP left. I hate everyone for picking on me!"""		enemy.dracky,hp	independent_dialogue_reviewed_series_terms	Independently translated from the pinned Japanese; existing species identities retained. Full wording, measured wrapping, no display abbreviation. Speech quirks and jokes are project adaptations. Preserve all semantic substitutions; replace $x indentation with measured line breaks.
companion.dialogue.068.04	dialogue	68	4	$m0「ひっくひっく。<CR>$xみんなで　おいらを<CR>$xやっつけようと　するよ……。	"$m0: ""Sniff, sniff... Everyone's trying to finish me off..."""		enemy.dracky	independent_dialogue_reviewed_series_terms	Independently translated from the pinned Japanese; existing species identities retained. Full wording, measured wrapping, no display abbreviation. Speech quirks and jokes are project adaptations. Preserve all semantic substitutions; replace $x indentation with measured line breaks.
companion.dialogue.068.05	dialogue	68	5	$m0「はあはあ……。<CR>$xもう　飛んでるのも　つらいよ。<CR>$x体力　ぜんぜん　ないんだ。	"$m0: ""Pant, pant... Even flying is hard now. I've got no strength left."""		enemy.dracky	independent_dialogue_reviewed_series_terms	Independently translated from the pinned Japanese; existing species identities retained. Full wording, measured wrapping, no display abbreviation. Speech quirks and jokes are project adaptations. Preserve all semantic substitutions; replace $x indentation with measured line breaks.
companion.dialogue.068.06	dialogue	68	6	$m0「うききき。<CR>$xレベルアップ　おめでとう！<CR>$xよく　がんばったぞ　おいら！！	"$m0: ""Heeheehee! Congratulations on levelling up! Well done, me!"""		enemy.dracky	independent_dialogue_reviewed_series_terms	Independently translated from the pinned Japanese; existing species identities retained. Full wording, measured wrapping, no display abbreviation. Speech quirks and jokes are project adaptations. Preserve all semantic substitutions; replace $x indentation with measured line breaks.
companion.dialogue.068.07	dialogue	68	7	$m0「うわー。<CR>$xレベルが　上がっちゃった。<CR>$xいいのかな　おいらなんかが。	"$m0: ""Wow! I've gone up a level. Is that really all right for someone like me?"""		enemy.dracky	independent_dialogue_reviewed_series_terms	Independently translated from the pinned Japanese; existing species identities retained. Full wording, measured wrapping, no display abbreviation. Speech quirks and jokes are project adaptations. Preserve all semantic substitutions; replace $x indentation with measured line breaks.
companion.dialogue.069.00	dialogue	69	0	$m0「あのさあ。<CR>$x前から　思ってたんだけど<CR>$xタホって　どういう意味かな？	"$m0: ""You know, I've always wondered... What exactly makes me a mage?"""		enemy.drackmage	independent_dialogue_reviewed_series_terms	Independently translated from the pinned Japanese; existing species identities retained. Full wording, measured wrapping, no display abbreviation. Speech quirks and jokes are project adaptations. Preserve all semantic substitutions; replace $x indentation with measured line breaks. Japanese asks about タホ in its name; adapted to the mage portion of modern Drackmage.
companion.dialogue.069.01	dialogue	69	1	$m0「たぶん　ふつうの<CR>$xドラキー君よりは　ボクのほうが<CR>$x強いと思うけど……。	"$m0: ""I think I'm probably stronger than an ordinary Dracky, but..."""		enemy.drackmage,enemy.dracky	independent_dialogue_reviewed_series_terms	Independently translated from the pinned Japanese; existing species identities retained. Full wording, measured wrapping, no display abbreviation. Speech quirks and jokes are project adaptations. Preserve all semantic substitutions; replace $x indentation with measured line breaks.
companion.dialogue.069.02	dialogue	69	2	$m0「おかしいなあ。<CR>$xうまく　よけてるつもりなのに<CR>$xこうげき　くらってるみたい。	"$m0: ""That's odd. I thought I was dodging, but I keep getting hit."""		enemy.drackmage	independent_dialogue_reviewed_series_terms	Independently translated from the pinned Japanese; existing species identities retained. Full wording, measured wrapping, no display abbreviation. Speech quirks and jokes are project adaptations. Preserve all semantic substitutions; replace $x indentation with measured line breaks.
companion.dialogue.069.03	dialogue	69	3	$m0「こまったなあ。<CR>$x体力が半分に　なっちゃったよ。<CR>$x見のがして　くれないかな。	"$m0: ""Oh dear. My HP's down to half. Couldn't they leave me alone?"""		enemy.drackmage,hp	independent_dialogue_reviewed_series_terms	Independently translated from the pinned Japanese; existing species identities retained. Full wording, measured wrapping, no display abbreviation. Speech quirks and jokes are project adaptations. Preserve all semantic substitutions; replace $x indentation with measured line breaks.
companion.dialogue.069.04	dialogue	69	4	$m0「あの……。<CR>$xボク　そろそろ　やばそうなので<CR>$xうちに　帰ってもいい？	"$m0: ""Um... Things are looking rather bad for me. May I go home?"""		enemy.drackmage	independent_dialogue_reviewed_series_terms	Independently translated from the pinned Japanese; existing species identities retained. Full wording, measured wrapping, no display abbreviation. Speech quirks and jokes are project adaptations. Preserve all semantic substitutions; replace $x indentation with measured line breaks.
companion.dialogue.069.05	dialogue	69	5	$m0「体力が　ヘロヘロだ。<CR>$xあと　いちどでも　なぐられたら<CR>$xボクは　おわりっぽいよ。	"$m0: ""I'm completely worn out. One more hit and I think I'm finished."""		enemy.drackmage	independent_dialogue_reviewed_series_terms	Independently translated from the pinned Japanese; existing species identities retained. Full wording, measured wrapping, no display abbreviation. Speech quirks and jokes are project adaptations. Preserve all semantic substitutions; replace $x indentation with measured line breaks.
companion.dialogue.069.06	dialogue	69	6	$m0「あれあれ？<CR>$xなんだか　チカラがわいてくる。<CR>$xそうか　レベルアップしたんだ！	"$m0: ""Oh? I can feel strength welling up inside me! Of course! I've levelled up!"""		enemy.drackmage	independent_dialogue_reviewed_series_terms	Independently translated from the pinned Japanese; existing species identities retained. Full wording, measured wrapping, no display abbreviation. Speech quirks and jokes are project adaptations. Preserve all semantic substitutions; replace $x indentation with measured line breaks.
companion.dialogue.069.07	dialogue	69	7	$m0「ボク　そんなに<CR>$xがんばったかな？<CR>$xレベルが　上がっちゃったよ。	"$m0: ""Have I really been working that hard? My level's gone up."""		enemy.drackmage	independent_dialogue_reviewed_series_terms	Independently translated from the pinned Japanese; existing species identities retained. Full wording, measured wrapping, no display abbreviation. Speech quirks and jokes are project adaptations. Preserve all semantic substitutions; replace $x indentation with measured line breaks.
companion.dialogue.070.00	dialogue	70	0	$m0「ぱたぱたぱた……。	"$m0: ""Flap, flap, flap..."""		enemy.drackyma	independent_dialogue_reviewed_series_terms	Independently translated from the pinned Japanese; existing species identities retained. Full wording, measured wrapping, no display abbreviation. Speech quirks and jokes are project adaptations. Preserve all semantic substitutions; replace $x indentation with measured line breaks.
companion.dialogue.070.01	dialogue	70	1	$m0「キミも　空を<CR>$x飛んでみたら　どう？<CR>$x空を飛ぶのは　楽しいよ！	"$m0: ""Why don't you try flying too? It's lots of fun!"""		enemy.drackyma	independent_dialogue_reviewed_series_terms	Independently translated from the pinned Japanese; existing species identities retained. Full wording, measured wrapping, no display abbreviation. Speech quirks and jokes are project adaptations. Preserve all semantic substitutions; replace $x indentation with measured line breaks.
companion.dialogue.070.02	dialogue	70	2	$m0「ボクは　ただ楽しく<CR>$x空を飛んでるだけなのに<CR>$xみんなが　おそってくるんだ。	"$m0: ""I'm just enjoying a little flight, but everyone keeps attacking me."""		enemy.drackyma	independent_dialogue_reviewed_series_terms	Independently translated from the pinned Japanese; existing species identities retained. Full wording, measured wrapping, no display abbreviation. Speech quirks and jokes are project adaptations. Preserve all semantic substitutions; replace $x indentation with measured line breaks.
companion.dialogue.070.03	dialogue	70	3	$m0「あれれれれ？<CR>$xボクの体力が　半分どこかへ<CR>$x行っちゃったよ！	"$m0: ""Huh? Where did half my HP go!?"""		enemy.drackyma,hp	independent_dialogue_reviewed_series_terms	Independently translated from the pinned Japanese; existing species identities retained. Full wording, measured wrapping, no display abbreviation. Speech quirks and jokes are project adaptations. Preserve all semantic substitutions; replace $x indentation with measured line breaks.
companion.dialogue.070.04	dialogue	70	4	$m0「ひどいよね。<CR>$xボクは　ちょっと　イタズラ<CR>$xしただけなのに……。	"$m0: ""They're so mean. All I did was play a little trick..."""		enemy.drackyma	independent_dialogue_reviewed_series_terms	Independently translated from the pinned Japanese; existing species identities retained. Full wording, measured wrapping, no display abbreviation. Speech quirks and jokes are project adaptations. Preserve all semantic substitutions; replace $x indentation with measured line breaks.
companion.dialogue.070.05	dialogue	70	5	$m0「どうしてかな？<CR>$x何もしてないのに　ボクの体力<CR>$xぜんぜん　残ってないよ！？	"$m0: ""How come? I haven't done anything, but I've got no strength left!?"""		enemy.drackyma	independent_dialogue_reviewed_series_terms	Independently translated from the pinned Japanese; existing species identities retained. Full wording, measured wrapping, no display abbreviation. Speech quirks and jokes are project adaptations. Preserve all semantic substitutions; replace $x indentation with measured line breaks.
companion.dialogue.070.06	dialogue	70	6	$m0「あれ？<CR>$x飛んでただけなのに　レベルが<CR>$xあがっちゃったみたい。	"$m0: ""Oh? All I did was fly about, but I seem to have levelled up."""		enemy.drackyma	independent_dialogue_reviewed_series_terms	Independently translated from the pinned Japanese; existing species identities retained. Full wording, measured wrapping, no display abbreviation. Speech quirks and jokes are project adaptations. Preserve all semantic substitutions; replace $x indentation with measured line breaks.
companion.dialogue.070.07	dialogue	70	7	$m0「レベルが　上がった<CR>$xみたいだけど　そんなの<CR>$xどうでも　いいや。	"$m0: ""Looks like I've gone up a level. Oh, who cares?"""		enemy.drackyma	independent_dialogue_reviewed_series_terms	Independently translated from the pinned Japanese; existing species identities retained. Full wording, measured wrapping, no display abbreviation. Speech quirks and jokes are project adaptations. Preserve all semantic substitutions; replace $x indentation with measured line breaks.
companion.dialogue.071.00	dialogue	71	0	$m0「なんだ　おまえ。<CR>$xおれの姿が見えるのか？<CR>$x消し方が　あまかったかな。	"$m0: ""What? You can see me? Maybe I didn't make myself invisible enough."""		enemy.shadow	independent_dialogue_reviewed_series_terms	Independently translated from the pinned Japanese; existing species identities retained. Full wording, measured wrapping, no display abbreviation. Speech quirks and jokes are project adaptations. Preserve all semantic substitutions; replace $x indentation with measured line breaks.
companion.dialogue.071.01	dialogue	71	1	$m0「くくく……。<CR>$x姿の見えない　このおれを<CR>$x倒せる者など　いないぜ。	"$m0: ""Heh heh... Nobody can defeat me when they can't even see me."""		enemy.shadow	independent_dialogue_reviewed_series_terms	Independently translated from the pinned Japanese; existing species identities retained. Full wording, measured wrapping, no display abbreviation. Speech quirks and jokes are project adaptations. Preserve all semantic substitutions; replace $x indentation with measured line breaks.
companion.dialogue.071.02	dialogue	71	2	$m0「ちいっ。<CR>$xなんで　おれが　こんなに<CR>$xやられなくちゃ　ならねえんだ！	"$m0: ""Tch! Why do I have to take such a beating!?"""		enemy.shadow	independent_dialogue_reviewed_series_terms	Independently translated from the pinned Japanese; existing species identities retained. Full wording, measured wrapping, no display abbreviation. Speech quirks and jokes are project adaptations. Preserve all semantic substitutions; replace $x indentation with measured line breaks.
companion.dialogue.071.03	dialogue	71	3	$m0「そろそろ<CR>$x体力が　半分になったようだ。<CR>$x念いりに　姿を消すか。	"$m0: ""Looks like my HP's down to half. Better make extra sure I'm invisible."""		enemy.shadow,hp	independent_dialogue_reviewed_series_terms	Independently translated from the pinned Japanese; existing species identities retained. Full wording, measured wrapping, no display abbreviation. Speech quirks and jokes are project adaptations. Preserve all semantic substitutions; replace $x indentation with measured line breaks.
companion.dialogue.071.04	dialogue	71	4	$m0「おれの姿は<CR>$xだれにも　見えねえはずなのに<CR>$xなんで……。	"$m0: ""Nobody should be able to see me. So why...?"""		enemy.shadow	independent_dialogue_reviewed_series_terms	Independently translated from the pinned Japanese; existing species identities retained. Full wording, measured wrapping, no display abbreviation. Speech quirks and jokes are project adaptations. Preserve all semantic substitutions; replace $x indentation with measured line breaks.
companion.dialogue.071.05	dialogue	71	5	$m0「もう体力が　ない。<CR>$xおれは　このまま　ほんとうに<CR>$x消えてしまいそうだ……。	"$m0: ""No strength left. At this rate, I really am going to disappear..."""		enemy.shadow	independent_dialogue_reviewed_series_terms	Independently translated from the pinned Japanese; existing species identities retained. Full wording, measured wrapping, no display abbreviation. Speech quirks and jokes are project adaptations. Preserve all semantic substitutions; replace $x indentation with measured line breaks.
companion.dialogue.071.06	dialogue	71	6	$m0「ふふっ。<CR>$xレベルアップしたぜ。<CR>$xおれの本気は　これからだぜ！	"$m0: ""Heh! I've levelled up. Now I'll show you what I can really do!"""		enemy.shadow	independent_dialogue_reviewed_series_terms	Independently translated from the pinned Japanese; existing species identities retained. Full wording, measured wrapping, no display abbreviation. Speech quirks and jokes are project adaptations. Preserve all semantic substitutions; replace $x indentation with measured line breaks.
companion.dialogue.071.07	dialogue	71	7	$m0「見てくれ。<CR>$xレベルが　上がったんたぜ。<CR>$xすごいだろう？	"$m0: ""Look! My level went up! Pretty impressive, eh?"""		enemy.shadow	independent_dialogue_reviewed_series_terms	Independently translated from the pinned Japanese; existing species identities retained. Full wording, measured wrapping, no display abbreviation. Speech quirks and jokes are project adaptations. Preserve all semantic substitutions; replace $x indentation with measured line breaks.
companion.dialogue.072.00	dialogue	72	0	$m0「えっと……。<CR>$x仲間にしてくれて　ありがとう。<CR>$xわたし　がんばります。	"$m0: ""Um... Thank you for letting me join you. I'll do my best."""		enemy.shade	independent_dialogue_reviewed_series_terms	Independently translated from the pinned Japanese; existing species identities retained. Full wording, measured wrapping, no display abbreviation. Speech quirks and jokes are project adaptations. Preserve all semantic substitutions; replace $x indentation with measured line breaks.
companion.dialogue.072.01	dialogue	72	1	$m0「あやしいかげ　なんて<CR>$xひどいと　思いません？<CR>$xわたし　あやしくないです。	"$m0: ""Don't you think calling me shady is rather cruel? I'm not suspicious at all."""		enemy.shade	independent_dialogue_reviewed_series_terms	Independently translated from the pinned Japanese; existing species identities retained. Full wording, measured wrapping, no display abbreviation. Speech quirks and jokes are project adaptations. Preserve all semantic substitutions; replace $x indentation with measured line breaks. Suspicious-shadow naming joke adapted as shady to match Shade.
companion.dialogue.072.02	dialogue	72	2	$m0「いたいです。<CR>$xわたし　だいぶ　やられました。<CR>$xでも　まだ平気だと思います。	"$m0: ""It hurts. I've taken quite a beating. But I think I'm still all right."""		enemy.shade	independent_dialogue_reviewed_series_terms	Independently translated from the pinned Japanese; existing species identities retained. Full wording, measured wrapping, no display abbreviation. Speech quirks and jokes are project adaptations. Preserve all semantic substitutions; replace $x indentation with measured line breaks.
companion.dialogue.072.03	dialogue	72	3	$m0「あの……。<CR>$xわたしの体力　半分になって<CR>$xしまいました……。	"$m0: ""Um... My HP's gone down to half..."""		enemy.shade,hp	independent_dialogue_reviewed_series_terms	Independently translated from the pinned Japanese; existing species identities retained. Full wording, measured wrapping, no display abbreviation. Speech quirks and jokes are project adaptations. Preserve all semantic substitutions; replace $x indentation with measured line breaks.
companion.dialogue.072.04	dialogue	72	4	$m0「すみません。<CR>$xわたし　そろそろ　ダメです。<CR>$xお役に立てず　ごめんなさい。	"$m0: ""I'm sorry. I don't think I can go on. I'm sorry I wasn't more help."""		enemy.shade	independent_dialogue_reviewed_series_terms	Independently translated from the pinned Japanese; existing species identities retained. Full wording, measured wrapping, no display abbreviation. Speech quirks and jokes are project adaptations. Preserve all semantic substitutions; replace $x indentation with measured line breaks.
companion.dialogue.072.05	dialogue	72	5	$m0「すみません。<CR>$xわたし　もう　体力ないです。<CR>$xさよならを　言っておきます……。	"$m0: ""I'm sorry. I've no strength left. I'd better say goodbye now..."""		enemy.shade	independent_dialogue_reviewed_series_terms	Independently translated from the pinned Japanese; existing species identities retained. Full wording, measured wrapping, no display abbreviation. Speech quirks and jokes are project adaptations. Preserve all semantic substitutions; replace $x indentation with measured line breaks.
companion.dialogue.072.06	dialogue	72	6	$m0「ありがとうございます。<CR>$xあなたの　おかげで　わたし<CR>$xレベルアップ　しました！	"$m0: ""Thank you! Thanks to you, I've levelled up!"""		enemy.shade	independent_dialogue_reviewed_series_terms	Independently translated from the pinned Japanese; existing species identities retained. Full wording, measured wrapping, no display abbreviation. Speech quirks and jokes are project adaptations. Preserve all semantic substitutions; replace $x indentation with measured line breaks.
companion.dialogue.072.07	dialogue	72	7	$m0「聞いてください。<CR>$xあなたのために　わたし<CR>$xレベルアップしたんです！	"$m0: ""Please listen! I've gone up a level for you!"""		enemy.shade	independent_dialogue_reviewed_series_terms	Independently translated from the pinned Japanese; existing species identities retained. Full wording, measured wrapping, no display abbreviation. Speech quirks and jokes are project adaptations. Preserve all semantic substitutions; replace $x indentation with measured line breaks.
companion.dialogue.073.00	dialogue	73	0	$m0「あたいのダンスで<CR>$xみんなは　メロメロなのさ～。	"$m0: ""My dancing has everyone swooning!"""		enemy_wild_carrot	independent_dialogue_reviewed_series_terms	Independently translated from the pinned Japanese; existing species identities retained. Full wording, measured wrapping, no display abbreviation. Speech quirks and jokes are project adaptations. Preserve all semantic substitutions; replace $x indentation with measured line breaks.
companion.dialogue.073.01	dialogue	73	1	$m0「戦いに　つかれたなら<CR>$xあたいのダンスで　いやしたげる。<CR>$xでも　もっと　つかれるかもね。	"$m0: ""Tired of fighting? My dancing will soothe you. Or maybe wear you out even more!"""		enemy_wild_carrot	independent_dialogue_reviewed_series_terms	Independently translated from the pinned Japanese; existing species identities retained. Full wording, measured wrapping, no display abbreviation. Speech quirks and jokes are project adaptations. Preserve all semantic substitutions; replace $x indentation with measured line breaks.
companion.dialogue.073.02	dialogue	73	2	$m0「どうしてかな？<CR>$xあたいは　ダンスしてるだけ。<CR>$xなのに　みんなが　いじめるの。	"$m0: ""Why? All I do is dance, but everyone picks on me."""		enemy_wild_carrot	independent_dialogue_reviewed_series_terms	Independently translated from the pinned Japanese; existing species identities retained. Full wording, measured wrapping, no display abbreviation. Speech quirks and jokes are project adaptations. Preserve all semantic substitutions; replace $x indentation with measured line breaks.
companion.dialogue.073.03	dialogue	73	3	$m0「あたいの体力が<CR>$x半分に　なっちゃったわ。<CR>$xでも　あたい　くじけない！	"$m0: ""My HP's down to half. But I won't lose heart!"""		enemy_wild_carrot,hp	independent_dialogue_reviewed_series_terms	Independently translated from the pinned Japanese; existing species identities retained. Full wording, measured wrapping, no display abbreviation. Speech quirks and jokes are project adaptations. Preserve all semantic substitutions; replace $x indentation with measured line breaks.
companion.dialogue.073.04	dialogue	73	4	$m0「もっともっと<CR>$xダンスしたいの！<CR>$xだから　負けないわっ。	"$m0: ""I want to dance and dance some more! So I won't give in!"""		enemy_wild_carrot	independent_dialogue_reviewed_series_terms	Independently translated from the pinned Japanese; existing species identities retained. Full wording, measured wrapping, no display abbreviation. Speech quirks and jokes are project adaptations. Preserve all semantic substitutions; replace $x indentation with measured line breaks.
companion.dialogue.073.05	dialogue	73	5	$m0「体力が　もうないの。<CR>$xでも　あたいは　倒れるまで<CR>$x踊りつづけるわ……。	"$m0: ""I've no strength left. But I'll keep dancing till I drop..."""		enemy_wild_carrot	independent_dialogue_reviewed_series_terms	Independently translated from the pinned Japanese; existing species identities retained. Full wording, measured wrapping, no display abbreviation. Speech quirks and jokes are project adaptations. Preserve all semantic substitutions; replace $x indentation with measured line breaks.
companion.dialogue.073.06	dialogue	73	6	$m0「あたい　レベルが<CR>$x上がったみたい。うふふふふ。	"$m0: ""I think I've gone up a level. Heeheehee!"""		enemy_wild_carrot	independent_dialogue_reviewed_series_terms	Independently translated from the pinned Japanese; existing species identities retained. Full wording, measured wrapping, no display abbreviation. Speech quirks and jokes are project adaptations. Preserve all semantic substitutions; replace $x indentation with measured line breaks.
companion.dialogue.073.07	dialogue	73	7	$m0「踊りつづけた<CR>$xおかげ　かしらね。<CR>$xレベルアップ　しちゃったわ！	"$m0: ""Must be all that dancing. I've levelled up!"""		enemy_wild_carrot	independent_dialogue_reviewed_series_terms	Independently translated from the pinned Japanese; existing species identities retained. Full wording, measured wrapping, no display abbreviation. Speech quirks and jokes are project adaptations. Preserve all semantic substitutions; replace $x indentation with measured line breaks.
companion.dialogue.074.00	dialogue	74	0	$m0「あいつらの<CR>$xおなかを　減らしてやろうと<CR>$xがんばってるんだけどね。	"$m0: ""I'm trying my best to make those lot hungry, you know."""		enemy_scare_root	independent_dialogue_reviewed_series_terms	Independently translated from the pinned Japanese; existing species identities retained. Full wording, measured wrapping, no display abbreviation. Speech quirks and jokes are project adaptations. Preserve all semantic substitutions; replace $x indentation with measured line breaks.
companion.dialogue.074.01	dialogue	74	1	$m0「オレの踊りは<CR>$xみんなには　効き目が<CR>$xないみたいだ……。	"$m0: ""My dancing doesn't seem to work on any of them..."""		enemy_scare_root	independent_dialogue_reviewed_series_terms	Independently translated from the pinned Japanese; existing species identities retained. Full wording, measured wrapping, no display abbreviation. Speech quirks and jokes are project adaptations. Preserve all semantic substitutions; replace $x indentation with measured line breaks.
companion.dialogue.074.02	dialogue	74	2	$m0「あんたに<CR>$xついたのは　まちがいだったな。<CR>$xオレは　キズだらけだ。	"$m0: ""Joining you was a mistake. Look at all these wounds."""		enemy_scare_root	independent_dialogue_reviewed_series_terms	Independently translated from the pinned Japanese; existing species identities retained. Full wording, measured wrapping, no display abbreviation. Speech quirks and jokes are project adaptations. Preserve all semantic substitutions; replace $x indentation with measured line breaks.
companion.dialogue.074.03	dialogue	74	3	$m0「なんてこった。<CR>$xオレの体力が半分だぞ？<CR>$xだれのせいだ　だれの？	"$m0: ""What the...? My HP's down to half! Whose fault is that, eh? Whose?"""		enemy_scare_root,hp	independent_dialogue_reviewed_series_terms	Independently translated from the pinned Japanese; existing species identities retained. Full wording, measured wrapping, no display abbreviation. Speech quirks and jokes are project adaptations. Preserve all semantic substitutions; replace $x indentation with measured line breaks.
companion.dialogue.074.04	dialogue	74	4	$m0「オレが<CR>$xやられちまったら　あんたを<CR>$xうらんで　やるからな……。	"$m0: ""If I get killed, I'm going to hold it against you..."""		enemy_scare_root	independent_dialogue_reviewed_series_terms	Independently translated from the pinned Japanese; existing species identities retained. Full wording, measured wrapping, no display abbreviation. Speech quirks and jokes are project adaptations. Preserve all semantic substitutions; replace $x indentation with measured line breaks.
companion.dialogue.074.05	dialogue	74	5	$m0「くそっ。<CR>$xもう　おしまいだ。<CR>$x体力が　かけらも残ってねえ。	"$m0: ""Blast! It's all over. I haven't got a scrap of strength left."""		enemy_scare_root	independent_dialogue_reviewed_series_terms	Independently translated from the pinned Japanese; existing species identities retained. Full wording, measured wrapping, no display abbreviation. Speech quirks and jokes are project adaptations. Preserve all semantic substitutions; replace $x indentation with measured line breaks.
companion.dialogue.074.06	dialogue	74	6	$m0「ふうう。<CR>$xなんとか　レベルアップまで<CR>$xこぎつけたぜ。	"$m0: ""Phew! Somehow I managed to make it to a level up."""		enemy_scare_root	independent_dialogue_reviewed_series_terms	Independently translated from the pinned Japanese; existing species identities retained. Full wording, measured wrapping, no display abbreviation. Speech quirks and jokes are project adaptations. Preserve all semantic substitutions; replace $x indentation with measured line breaks.
companion.dialogue.074.07	dialogue	74	7	$m0「レベルが<CR>$x上がったから　これから<CR>$x少しは楽が　できるかな。	"$m0: ""Now that I've levelled up, maybe things will get a little easier."""		enemy_scare_root	independent_dialogue_reviewed_series_terms	Independently translated from the pinned Japanese; existing species identities retained. Full wording, measured wrapping, no display abbreviation. Speech quirks and jokes are project adaptations. Preserve all semantic substitutions; replace $x indentation with measured line breaks.
companion.dialogue.075.00	dialogue	75	0	$m0「てんつくてん。<CR>$xキミも踊ろよ　楽しく踊ろ。	"$m0: ""Tum-ti-tum! Come and dance! Let's have some fun!"""		enemy.slugger	independent_dialogue_reviewed_series_terms	Independently translated from the pinned Japanese; existing species identities retained. Full wording, measured wrapping, no display abbreviation. Speech quirks and jokes are project adaptations. Preserve all semantic substitutions; replace $x indentation with measured line breaks.
companion.dialogue.075.01	dialogue	75	1	$m0「踊り踊れば<CR>$xみんな楽しい　つくてんてん。	"$m0: ""Dance, dance, dance away! Fun for everyone! Tum-ti-tum!"""		enemy.slugger	independent_dialogue_reviewed_series_terms	Independently translated from the pinned Japanese; existing species identities retained. Full wording, measured wrapping, no display abbreviation. Speech quirks and jokes are project adaptations. Preserve all semantic substitutions; replace $x indentation with measured line breaks.
companion.dialogue.075.02	dialogue	75	2	$m0「ちょっとだけ<CR>$x踊りつかれたかな。<CR>$xでも　やめないもんね。	"$m0: ""Maybe I'm a little tired from dancing. But I'm not stopping!"""		enemy.slugger	independent_dialogue_reviewed_series_terms	Independently translated from the pinned Japanese; existing species identities retained. Full wording, measured wrapping, no display abbreviation. Speech quirks and jokes are project adaptations. Preserve all semantic substitutions; replace $x indentation with measured line breaks.
companion.dialogue.075.03	dialogue	75	3	$m0「ありゃ。<CR>$x踊りまくってたら　体力が<CR>$xいつの間にか　半分に。	"$m0: ""Whoops! I was dancing so hard, half my HP vanished without me noticing."""		enemy.slugger,hp	independent_dialogue_reviewed_series_terms	Independently translated from the pinned Japanese; existing species identities retained. Full wording, measured wrapping, no display abbreviation. Speech quirks and jokes are project adaptations. Preserve all semantic substitutions; replace $x indentation with measured line breaks.
companion.dialogue.075.04	dialogue	75	4	$m0「ああ……。<CR>$xもっと　踊りたいのに<CR>$x身体が　言うことを聞かない。	"$m0: ""Oh... I want to dance some more, but my body won't do as it's told."""		enemy.slugger	independent_dialogue_reviewed_series_terms	Independently translated from the pinned Japanese; existing species identities retained. Full wording, measured wrapping, no display abbreviation. Speech quirks and jokes are project adaptations. Preserve all semantic substitutions; replace $x indentation with measured line breaks.
companion.dialogue.075.05	dialogue	75	5	$m0「こまったなあ。<CR>$x体力が　もう残ってないや。<CR>$x踊れなく　なっちゃうよ。	"$m0: ""Oh dear. I've no strength left. I won't be able to dance."""		enemy.slugger	independent_dialogue_reviewed_series_terms	Independently translated from the pinned Japanese; existing species identities retained. Full wording, measured wrapping, no display abbreviation. Speech quirks and jokes are project adaptations. Preserve all semantic substitutions; replace $x indentation with measured line breaks.
companion.dialogue.075.06	dialogue	75	6	$m0「つくつくてん。<CR>$xレベルアップ踊り～。	"$m0: ""Tum-ti-tum! It's the level-up dance!"""		enemy.slugger	independent_dialogue_reviewed_series_terms	Independently translated from the pinned Japanese; existing species identities retained. Full wording, measured wrapping, no display abbreviation. Speech quirks and jokes are project adaptations. Preserve all semantic substitutions; replace $x indentation with measured line breaks.
companion.dialogue.075.07	dialogue	75	7	$m0「やったね。<CR>$xレベルが　上がったよ。<CR>$xさらに　踊りまくるぞ～。	"$m0: ""Hooray! My level's gone up! I'll dance harder than ever!"""		enemy.slugger	independent_dialogue_reviewed_series_terms	Independently translated from the pinned Japanese; existing species identities retained. Full wording, measured wrapping, no display abbreviation. Speech quirks and jokes are project adaptations. Preserve all semantic substitutions; replace $x indentation with measured line breaks.
companion.dialogue.076.00	dialogue	76	0	$m0「すててんてん。<CR>$xごたごた言わずに　あんたも<CR>$xダンスしようぜ！	"$m0: ""Tum-ti-tum! Stop fussing and dance with me!"""		enemy.sluggernaut	independent_dialogue_reviewed_series_terms	Independently translated from the pinned Japanese; existing species identities retained. Full wording, measured wrapping, no display abbreviation. Speech quirks and jokes are project adaptations. Preserve all semantic substitutions; replace $x indentation with measured line breaks.
companion.dialogue.076.01	dialogue	76	1	$m0「この世の<CR>$xイヤなことなんて　ステップを<CR>$xふめば　すべて忘れるのさ！	"$m0: ""Just start stepping and you'll forget every rotten thing in the world!"""		enemy.sluggernaut	independent_dialogue_reviewed_series_terms	Independently translated from the pinned Japanese; existing species identities retained. Full wording, measured wrapping, no display abbreviation. Speech quirks and jokes are project adaptations. Preserve all semantic substitutions; replace $x indentation with measured line breaks.
companion.dialogue.076.02	dialogue	76	2	$m0「おれのダンスは<CR>$xまだまだ　こんなもんじゃねえ。<CR>$xさらに　はげしく　いくぜ！	"$m0: ""You haven't seen half of what my dancing can do! Time to turn it up!"""		enemy.sluggernaut	independent_dialogue_reviewed_series_terms	Independently translated from the pinned Japanese; existing species identities retained. Full wording, measured wrapping, no display abbreviation. Speech quirks and jokes are project adaptations. Preserve all semantic substitutions; replace $x indentation with measured line breaks.
companion.dialogue.076.03	dialogue	76	3	$m0「なーに。<CR>$xたとえ体力が半分しか　なかろうと<CR>$xおれのダンスは　かわらないぜ！	"$m0: ""So what? Even with half my HP, my dancing won't change!"""		enemy.sluggernaut,hp	independent_dialogue_reviewed_series_terms	Independently translated from the pinned Japanese; existing species identities retained. Full wording, measured wrapping, no display abbreviation. Speech quirks and jokes are project adaptations. Preserve all semantic substitutions; replace $x indentation with measured line breaks.
companion.dialogue.076.04	dialogue	76	4	$m0「まだだ！<CR>$xまだ　ダンスしたりねえ。<CR>$xここで　くたばるわけには……。	"$m0: ""Not yet! I haven't danced enough! I can't die here..."""		enemy.sluggernaut	independent_dialogue_reviewed_series_terms	Independently translated from the pinned Japanese; existing species identities retained. Full wording, measured wrapping, no display abbreviation. Speech quirks and jokes are project adaptations. Preserve all semantic substitutions; replace $x indentation with measured line breaks.
companion.dialogue.076.05	dialogue	76	5	$m0「そろそろ<CR>$x体力が　なくなりそうだな。<CR>$xダンスに生き　ダンスに死すか。	"$m0: ""Looks like I'm running out of strength. Live by the dance, die by the dance."""		enemy.sluggernaut	independent_dialogue_reviewed_series_terms	Independently translated from the pinned Japanese; existing species identities retained. Full wording, measured wrapping, no display abbreviation. Speech quirks and jokes are project adaptations. Preserve all semantic substitutions; replace $x indentation with measured line breaks.
companion.dialogue.076.06	dialogue	76	6	$m0「レベルアップ！<CR>$xそして　ダンシング！！	"$m0: ""Level up! And keep on dancing!"""		enemy.sluggernaut	independent_dialogue_reviewed_series_terms	Independently translated from the pinned Japanese; existing species identities retained. Full wording, measured wrapping, no display abbreviation. Speech quirks and jokes are project adaptations. Preserve all semantic substitutions; replace $x indentation with measured line breaks.
companion.dialogue.076.07	dialogue	76	7	$m0「どうだい<CR>$xこの　かれいなステップは。<CR>$xレベルが上がった　おかげだな。	"$m0: ""How do you like these elegant steps? All thanks to my new level."""		enemy.sluggernaut	independent_dialogue_reviewed_series_terms	Independently translated from the pinned Japanese; existing species identities retained. Full wording, measured wrapping, no display abbreviation. Speech quirks and jokes are project adaptations. Preserve all semantic substitutions; replace $x indentation with measured line breaks.
companion.dialogue.077.00	dialogue	77	0	$m0「どうです？<CR>$xあなたも　死ぬまで　私と<CR>$x踊り明かしませんか？	"$m0: ""Well? Would you care to dance the night away with me until death?"""		enemy.sluggerslaught	independent_dialogue_reviewed_series_terms	Independently translated from the pinned Japanese; existing species identities retained. Full wording, measured wrapping, no display abbreviation. Speech quirks and jokes are project adaptations. Preserve all semantic substitutions; replace $x indentation with measured line breaks.
companion.dialogue.077.01	dialogue	77	1	$m0「私の踊りの<CR>$xさそいに　のってこない者など<CR>$xいないのですよ　ふふ……。	"$m0: ""Nobody can resist my invitation to dance. Heh heh..."""		enemy.sluggerslaught	independent_dialogue_reviewed_series_terms	Independently translated from the pinned Japanese; existing species identities retained. Full wording, measured wrapping, no display abbreviation. Speech quirks and jokes are project adaptations. Preserve all semantic substitutions; replace $x indentation with measured line breaks.
companion.dialogue.077.02	dialogue	77	2	$m0「いけませんね。<CR>$x私の踊りに　さそわれず<CR>$x手を出してくる者が　いるとは。	"$m0: ""How improper. Someone would rather attack me than accept my invitation to dance."""		enemy.sluggerslaught	independent_dialogue_reviewed_series_terms	Independently translated from the pinned Japanese; existing species identities retained. Full wording, measured wrapping, no display abbreviation. Speech quirks and jokes are project adaptations. Preserve all semantic substitutions; replace $x indentation with measured line breaks.
companion.dialogue.077.03	dialogue	77	3	$m0「残りの体力は<CR>$x半分と　いったところですか。<CR>$xゆうがな踊りに　きりかえましょう。	"$m0: ""About half my HP left, is it? Let us switch to a more graceful dance."""		enemy.sluggerslaught,hp	independent_dialogue_reviewed_series_terms	Independently translated from the pinned Japanese; existing species identities retained. Full wording, measured wrapping, no display abbreviation. Speech quirks and jokes are project adaptations. Preserve all semantic substitutions; replace $x indentation with measured line breaks.
companion.dialogue.077.04	dialogue	77	4	$m0「なんということ！<CR>$x私が倒されたら　ダンス界の<CR>$x未来は　ないのですよ！！	"$m0: ""How dreadful! If I fall, the world of dance has no future!"""		enemy.sluggerslaught	independent_dialogue_reviewed_series_terms	Independently translated from the pinned Japanese; existing species identities retained. Full wording, measured wrapping, no display abbreviation. Speech quirks and jokes are project adaptations. Preserve all semantic substitutions; replace $x indentation with measured line breaks.
companion.dialogue.077.05	dialogue	77	5	$m0「どうしましょう。<CR>$x残りの体力が　ありません。<CR>$xなんとか　なりませんか？	"$m0: ""Whatever shall I do? I've no strength left. Can nothing be done?"""		enemy.sluggerslaught	independent_dialogue_reviewed_series_terms	Independently translated from the pinned Japanese; existing species identities retained. Full wording, measured wrapping, no display abbreviation. Speech quirks and jokes are project adaptations. Preserve all semantic substitutions; replace $x indentation with measured line breaks.
companion.dialogue.077.06	dialogue	77	6	$m0「ふふふ。<CR>$xみごとに　レベルアップです。	"$m0: ""Heh heh. A splendid level up."""		enemy.sluggerslaught	independent_dialogue_reviewed_series_terms	Independently translated from the pinned Japanese; existing species identities retained. Full wording, measured wrapping, no display abbreviation. Speech quirks and jokes are project adaptations. Preserve all semantic substitutions; replace $x indentation with measured line breaks.
companion.dialogue.077.07	dialogue	77	7	$m0「あなたも　私の<CR>$xレベルアップを　祝って<CR>$xいっしょに　踊りませんか？	"$m0: ""Would you care to join me in a dance to celebrate my new level?"""		enemy.sluggerslaught	independent_dialogue_reviewed_series_terms	Independently translated from the pinned Japanese; existing species identities retained. Full wording, measured wrapping, no display abbreviation. Speech quirks and jokes are project adaptations. Preserve all semantic substitutions; replace $x indentation with measured line breaks.
companion.dialogue.078.00	dialogue	78	0	$m0「おいら<CR>$xいたずら　大好き～。	"$m0: ""I love playing tricks!"""		enemy.mischievous_mole	independent_dialogue_reviewed_series_terms	Independently translated from the pinned Japanese; existing species identities retained. Full wording, measured wrapping, no display abbreviation. Speech quirks and jokes are project adaptations. Preserve all semantic substitutions; replace $x indentation with measured line breaks.
companion.dialogue.078.01	dialogue	78	1	$m0「ほんとはね。<CR>$x落とし穴とか　ほりたいの。<CR>$xでも　おこられるからなあ。	"$m0: ""Truth is, I'd like to dig pit traps. But I'd get told off."""		enemy.mischievous_mole	independent_dialogue_reviewed_series_terms	Independently translated from the pinned Japanese; existing species identities retained. Full wording, measured wrapping, no display abbreviation. Speech quirks and jokes are project adaptations. Preserve all semantic substitutions; replace $x indentation with measured line breaks.
companion.dialogue.078.02	dialogue	78	2	$m0「なんでなんで？<CR>$xみんな　おいらのこと<CR>$xねらってる気が　するよ！	"$m0: ""Why? Why!? I feel like everyone's out to get me!"""		enemy.mischievous_mole	independent_dialogue_reviewed_series_terms	Independently translated from the pinned Japanese; existing species identities retained. Full wording, measured wrapping, no display abbreviation. Speech quirks and jokes are project adaptations. Preserve all semantic substitutions; replace $x indentation with measured line breaks.
companion.dialogue.078.03	dialogue	78	3	$m0「体力が<CR>$xだいぶ　減っちゃったなあ……。	"$m0: ""I've lost quite a lot of HP..."""		enemy.mischievous_mole,hp	independent_dialogue_reviewed_series_terms	Independently translated from the pinned Japanese; existing species identities retained. Full wording, measured wrapping, no display abbreviation. Speech quirks and jokes are project adaptations. Preserve all semantic substitutions; replace $x indentation with measured line breaks.
companion.dialogue.078.04	dialogue	78	4	$m0「うひー。<CR>$xおいら　このままじゃ<CR>$x死んじゃったり？	"$m0: ""Eeeek! Am I going to die if this keeps up?"""		enemy.mischievous_mole	independent_dialogue_reviewed_series_terms	Independently translated from the pinned Japanese; existing species identities retained. Full wording, measured wrapping, no display abbreviation. Speech quirks and jokes are project adaptations. Preserve all semantic substitutions; replace $x indentation with measured line breaks.
companion.dialogue.078.05	dialogue	78	5	$m0「体力が　ないや。<CR>$xいたずらは　ほどほどに<CR>$xしとかないと　まずいかな。	"$m0: ""No strength left. Maybe I'd better ease up on the tricks."""		enemy.mischievous_mole	independent_dialogue_reviewed_series_terms	Independently translated from the pinned Japanese; existing species identities retained. Full wording, measured wrapping, no display abbreviation. Speech quirks and jokes are project adaptations. Preserve all semantic substitutions; replace $x indentation with measured line breaks.
companion.dialogue.078.06	dialogue	78	6	$m0「うほほーい。<CR>$xレベルアップ　しちゃったよ。	"$m0: ""Whoopee! I've levelled up!"""		enemy.mischievous_mole	independent_dialogue_reviewed_series_terms	Independently translated from the pinned Japanese; existing species identities retained. Full wording, measured wrapping, no display abbreviation. Speech quirks and jokes are project adaptations. Preserve all semantic substitutions; replace $x indentation with measured line breaks.
companion.dialogue.078.07	dialogue	78	7	$m0「レベルが<CR>$x上がったみたいなんだ。<CR>$xもっと　いたずらしても　いい？	"$m0: ""Looks like my level's gone up. Can I play some more tricks?"""		enemy.mischievous_mole	independent_dialogue_reviewed_series_terms	Independently translated from the pinned Japanese; existing species identities retained. Full wording, measured wrapping, no display abbreviation. Speech quirks and jokes are project adaptations. Preserve all semantic substitutions; replace $x indentation with measured line breaks.
companion.dialogue.079.00	dialogue	79	0	$m0「このスコップは<CR>$x土を　ほるためのものじゃない。<CR>$xなんのためか？　ふふふ……。	"$m0: ""This shovel isn't for digging dirt. What's it for? Heh heh..."""		enemy.mad_mole	independent_dialogue_reviewed_series_terms	Independently translated from the pinned Japanese; existing species identities retained. Full wording, measured wrapping, no display abbreviation. Speech quirks and jokes are project adaptations. Preserve all semantic substitutions; replace $x indentation with measured line breaks.
companion.dialogue.079.01	dialogue	79	1	$m0「このスコップに<CR>$xほり返せないモノは　ないぜ。<CR>$xくっくっく……。	"$m0: ""There's nothing this shovel can't dig up. Heh heh heh..."""		enemy.mad_mole	independent_dialogue_reviewed_series_terms	Independently translated from the pinned Japanese; existing species identities retained. Full wording, measured wrapping, no display abbreviation. Speech quirks and jokes are project adaptations. Preserve all semantic substitutions; replace $x indentation with measured line breaks.
companion.dialogue.079.02	dialogue	79	2	$m0「ちっ……。<CR>$x少し　くらいすぎたか？	"$m0: ""Tch... Have I taken a few too many hits?"""		enemy.mad_mole	independent_dialogue_reviewed_series_terms	Independently translated from the pinned Japanese; existing species identities retained. Full wording, measured wrapping, no display abbreviation. Speech quirks and jokes are project adaptations. Preserve all semantic substitutions; replace $x indentation with measured line breaks.
companion.dialogue.079.03	dialogue	79	3	$m0「残りの体力？<CR>$xそうだな　半分てとこか。	"$m0: ""My HP? About half, I'd say."""		enemy.mad_mole,hp	independent_dialogue_reviewed_series_terms	Independently translated from the pinned Japanese; existing species identities retained. Full wording, measured wrapping, no display abbreviation. Speech quirks and jokes are project adaptations. Preserve all semantic substitutions; replace $x indentation with measured line breaks.
companion.dialogue.079.04	dialogue	79	4	$m0「オレが死んだら<CR>$xこのスコップは　墓のかわりに<CR>$x立ててくれ……。	"$m0: ""If I die, plant this shovel where my gravestone should be..."""		enemy.mad_mole	independent_dialogue_reviewed_series_terms	Independently translated from the pinned Japanese; existing species identities retained. Full wording, measured wrapping, no display abbreviation. Speech quirks and jokes are project adaptations. Preserve all semantic substitutions; replace $x indentation with measured line breaks.
companion.dialogue.079.05	dialogue	79	5	$m0「なに？<CR>$xオレの体力が　残りわずかだと？	"$m0: ""What? My strength's almost gone?"""		enemy.mad_mole	independent_dialogue_reviewed_series_terms	Independently translated from the pinned Japanese; existing species identities retained. Full wording, measured wrapping, no display abbreviation. Speech quirks and jokes are project adaptations. Preserve all semantic substitutions; replace $x indentation with measured line breaks.
companion.dialogue.079.06	dialogue	79	6	$m0「レベルアップか。<CR>$xこのスコップも　だいぶ<CR>$x血を吸ってきたようだ。	"$m0: ""Level up, eh? This shovel's drunk quite a lot of blood."""		enemy.mad_mole	independent_dialogue_reviewed_series_terms	Independently translated from the pinned Japanese; existing species identities retained. Full wording, measured wrapping, no display abbreviation. Speech quirks and jokes are project adaptations. Preserve all semantic substitutions; replace $x indentation with measured line breaks.
companion.dialogue.079.07	dialogue	79	7	$m0「ふふふ……。<CR>$xレベルが　上がったようだ。	"$m0: ""Heh heh... Looks like my level's gone up."""		enemy.mad_mole	independent_dialogue_reviewed_series_terms	Independently translated from the pinned Japanese; existing species identities retained. Full wording, measured wrapping, no display abbreviation. Speech quirks and jokes are project adaptations. Preserve all semantic substitutions; replace $x indentation with measured line breaks.
companion.dialogue.080.00	dialogue	80	0	$m0「ぴぴっ。<CR>$xたーげっと　カクニン。	"$m0: ""Beep beep. Target confirmed."""		enemy.killing_machine	independent_dialogue_reviewed_series_terms	Independently translated from the pinned Japanese; existing species identities retained. Full wording, measured wrapping, no display abbreviation. Speech quirks and jokes are project adaptations. Preserve all semantic substitutions; replace $x indentation with measured line breaks. Percentage values are the Japanese character lines, not a claim that the HP selector uses these exact percentages.
companion.dialogue.080.01	dialogue	80	1	$m0「ぴぴっ。<CR>$xこうげきモード。	"$m0: ""Beep beep. Attack mode."""		enemy.killing_machine	independent_dialogue_reviewed_series_terms	Independently translated from the pinned Japanese; existing species identities retained. Full wording, measured wrapping, no display abbreviation. Speech quirks and jokes are project adaptations. Preserve all semantic substitutions; replace $x indentation with measured line breaks. Percentage values are the Japanese character lines, not a claim that the HP selector uses these exact percentages.
companion.dialogue.080.02	dialogue	80	2	$m0「ぴぴっ。<CR>$xだめーじ　カクニン。<CR>$xコウドウ　カノウ。	"$m0: ""Beep beep. Damage confirmed. Still operational."""		enemy.killing_machine	independent_dialogue_reviewed_series_terms	Independently translated from the pinned Japanese; existing species identities retained. Full wording, measured wrapping, no display abbreviation. Speech quirks and jokes are project adaptations. Preserve all semantic substitutions; replace $x indentation with measured line breaks. Percentage values are the Japanese character lines, not a claim that the HP selector uses these exact percentages.
companion.dialogue.080.03	dialogue	80	3	$m0「ぴぴっ。<CR>$xだめーじ　いんふぉめーしょん。<CR>$xだめーじ　５０ぱーせんと。	"$m0: ""Beep beep. Damage report. Damage at 50 percent."""		enemy.killing_machine	independent_dialogue_reviewed_series_terms	Independently translated from the pinned Japanese; existing species identities retained. Full wording, measured wrapping, no display abbreviation. Speech quirks and jokes are project adaptations. Preserve all semantic substitutions; replace $x indentation with measured line breaks. Percentage values are the Japanese character lines, not a claim that the HP selector uses these exact percentages.
companion.dialogue.080.04	dialogue	80	4	$m0「びーびー。<CR>$xだめーじ　チクセキ。<CR>$xケイコク　ケイコク！	"$m0: ""BEEP BEEP. Damage accumulating. Warning! Warning!"""		enemy.killing_machine	independent_dialogue_reviewed_series_terms	Independently translated from the pinned Japanese; existing species identities retained. Full wording, measured wrapping, no display abbreviation. Speech quirks and jokes are project adaptations. Preserve all semantic substitutions; replace $x indentation with measured line breaks. Percentage values are the Japanese character lines, not a claim that the HP selector uses these exact percentages.
companion.dialogue.080.05	dialogue	80	5	$m0「びーびー。<CR>$xだめーじ　いんふぉめーしょん。<CR>$xだめーじ　９９ぱーせんと。	"$m0: ""BEEP BEEP. Damage report. Damage at 99 percent."""		enemy.killing_machine	independent_dialogue_reviewed_series_terms	Independently translated from the pinned Japanese; existing species identities retained. Full wording, measured wrapping, no display abbreviation. Speech quirks and jokes are project adaptations. Preserve all semantic substitutions; replace $x indentation with measured line breaks. Percentage values are the Japanese character lines, not a claim that the HP selector uses these exact percentages.
companion.dialogue.080.06	dialogue	80	6	$m0「ぴぴっ。<CR>$xれべるあっぷ　カンリョウ！	"$m0: ""Beep beep. Level up complete!"""		enemy.killing_machine	independent_dialogue_reviewed_series_terms	Independently translated from the pinned Japanese; existing species identities retained. Full wording, measured wrapping, no display abbreviation. Speech quirks and jokes are project adaptations. Preserve all semantic substitutions; replace $x indentation with measured line breaks. Percentage values are the Japanese character lines, not a claim that the HP selector uses these exact percentages.
companion.dialogue.080.07	dialogue	80	7	$m0「ぴぴっ。<CR>$xいんふぉめーしょん。<CR>$xれべる　あっぷ。	"$m0: ""Beep beep. Information. Level increased."""		enemy.killing_machine	independent_dialogue_reviewed_series_terms	Independently translated from the pinned Japanese; existing species identities retained. Full wording, measured wrapping, no display abbreviation. Speech quirks and jokes are project adaptations. Preserve all semantic substitutions; replace $x indentation with measured line breaks. Percentage values are the Japanese character lines, not a claim that the HP selector uses these exact percentages.
companion.dialogue.081.00	dialogue	81	0	$m0「……。<CR>$xコウゲキ　シマス。	"$m0: ""...Commencing attack."""		enemy.hunter_mech	independent_dialogue_reviewed_series_terms	Independently translated from the pinned Japanese; existing species identities retained. Full wording, measured wrapping, no display abbreviation. Speech quirks and jokes are project adaptations. Preserve all semantic substitutions; replace $x indentation with measured line breaks. Percentage values are the Japanese character lines, not a claim that the HP selector uses these exact percentages.
companion.dialogue.081.01	dialogue	81	1	$m0「テキ　ハッケン……。	"$m0: ""Enemy detected..."""		enemy.hunter_mech	independent_dialogue_reviewed_series_terms	Independently translated from the pinned Japanese; existing species identities retained. Full wording, measured wrapping, no display abbreviation. Speech quirks and jokes are project adaptations. Preserve all semantic substitutions; replace $x indentation with measured line breaks. Percentage values are the Japanese character lines, not a claim that the HP selector uses these exact percentages.
companion.dialogue.081.02	dialogue	81	2	$m0「ギ……。	"$m0: ""Krr..."""		enemy.hunter_mech	independent_dialogue_reviewed_series_terms	Independently translated from the pinned Japanese; existing species identities retained. Full wording, measured wrapping, no display abbreviation. Speech quirks and jokes are project adaptations. Preserve all semantic substitutions; replace $x indentation with measured line breaks. Percentage values are the Japanese character lines, not a claim that the HP selector uses these exact percentages.
companion.dialogue.081.03	dialogue	81	3	$m0「だめーじ……。<CR>$xノコリＨＰ　５０ぱーせんとデス。	"$m0: ""Damage... Remaining HP: 50 percent."""		enemy.hunter_mech,hp	independent_dialogue_reviewed_series_terms	Independently translated from the pinned Japanese; existing species identities retained. Full wording, measured wrapping, no display abbreviation. Speech quirks and jokes are project adaptations. Preserve all semantic substitutions; replace $x indentation with measured line breaks. Percentage values are the Japanese character lines, not a claim that the HP selector uses these exact percentages.
companion.dialogue.081.04	dialogue	81	4	$m0「ギギ……。<CR>$xガガガガ……ピュー。	"$m0: ""Krrrk... K-k-k-k... Pheeeew."""		enemy.hunter_mech	independent_dialogue_reviewed_series_terms	Independently translated from the pinned Japanese; existing species identities retained. Full wording, measured wrapping, no display abbreviation. Speech quirks and jokes are project adaptations. Preserve all semantic substitutions; replace $x indentation with measured line breaks. Percentage values are the Japanese character lines, not a claim that the HP selector uses these exact percentages.
companion.dialogue.081.05	dialogue	81	5	$m0「だめーじ……。<CR>$xノコリＨＰ　１ぱーせんとデス。	"$m0: ""Damage... Remaining HP: 1 percent."""		enemy.hunter_mech,hp	independent_dialogue_reviewed_series_terms	Independently translated from the pinned Japanese; existing species identities retained. Full wording, measured wrapping, no display abbreviation. Speech quirks and jokes are project adaptations. Preserve all semantic substitutions; replace $x indentation with measured line breaks. Percentage values are the Japanese character lines, not a claim that the HP selector uses these exact percentages.
companion.dialogue.081.06	dialogue	81	6	$m0「……。<CR>$xれべるあっぷ……。	"$m0: ""...Level up..."""		enemy.hunter_mech	independent_dialogue_reviewed_series_terms	Independently translated from the pinned Japanese; existing species identities retained. Full wording, measured wrapping, no display abbreviation. Speech quirks and jokes are project adaptations. Preserve all semantic substitutions; replace $x indentation with measured line breaks. Percentage values are the Japanese character lines, not a claim that the HP selector uses these exact percentages.
companion.dialogue.081.07	dialogue	81	7	$m0「ホウコク……。<CR>$xれべるあっぷ　シマシタ。	"$m0: ""Report... Level has increased."""		enemy.hunter_mech	independent_dialogue_reviewed_series_terms	Independently translated from the pinned Japanese; existing species identities retained. Full wording, measured wrapping, no display abbreviation. Speech quirks and jokes are project adaptations. Preserve all semantic substitutions; replace $x indentation with measured line breaks. Percentage values are the Japanese character lines, not a claim that the HP selector uses these exact percentages.
companion.dialogue.082.00	dialogue	82	0	$m0「はあ。<CR>$xワシらの杖には　ふしぎな<CR>$xチカラが　ありますけんのう。	"$m0: ""Ah, yes. Our staffs have mysterious powers, you know."""		enemy_lump_shaman	independent_dialogue_reviewed_series_terms	Independently translated from the pinned Japanese; existing species identities retained. Full wording, measured wrapping, no display abbreviation. Speech quirks and jokes are project adaptations. Preserve all semantic substitutions; replace $x indentation with measured line breaks.
companion.dialogue.082.01	dialogue	82	1	$m0「はい？<CR>$xここんとこ　耳がとおくて<CR>$xよう　聞こえませんでなあ。	"$m0: ""Pardon? My hearing's been getting poor lately. Can't hear you too well."""		enemy_lump_shaman	independent_dialogue_reviewed_series_terms	Independently translated from the pinned Japanese; existing species identities retained. Full wording, measured wrapping, no display abbreviation. Speech quirks and jokes are project adaptations. Preserve all semantic substitutions; replace $x indentation with measured line breaks.
companion.dialogue.082.02	dialogue	82	2	$m0「ひぃひぃ。<CR>$x年よりには　ここは　ちと<CR>$xきびしすぎるようじゃ……。	"$m0: ""Wheeze, wheeze... This place is a little too harsh for an old fellow..."""		enemy_lump_shaman	independent_dialogue_reviewed_series_terms	Independently translated from the pinned Japanese; existing species identities retained. Full wording, measured wrapping, no display abbreviation. Speech quirks and jokes are project adaptations. Preserve all semantic substitutions; replace $x indentation with measured line breaks.
companion.dialogue.082.03	dialogue	82	3	$m0「体力が半分を<CR>$x切ってしまいましたじゃ。<CR>$x年よりは　いたわるもんじゃて。	"$m0: ""My HP's fallen below half. You should take care of your elders."""		enemy_lump_shaman,hp	independent_dialogue_reviewed_series_terms	Independently translated from the pinned Japanese; existing species identities retained. Full wording, measured wrapping, no display abbreviation. Speech quirks and jokes are project adaptations. Preserve all semantic substitutions; replace $x indentation with measured line breaks.
companion.dialogue.082.04	dialogue	82	4	$m0「おお……。<CR>$xこないだ　いった　バアさんが<CR>$xワシを　呼んでおる……。	"$m0: ""Oh... The old lady who passed away the other day is calling me..."""		enemy_lump_shaman	independent_dialogue_reviewed_series_terms	Independently translated from the pinned Japanese; existing species identities retained. Full wording, measured wrapping, no display abbreviation. Speech quirks and jokes are project adaptations. Preserve all semantic substitutions; replace $x indentation with measured line breaks.
companion.dialogue.082.05	dialogue	82	5	$m0「ぬかったのう。<CR>$x体力が　ほとんど　ないわい。<CR>$xどうしたもんかのう……。	"$m0: ""Careless of me. Hardly any strength left. What shall I do...?"""		enemy_lump_shaman	independent_dialogue_reviewed_series_terms	Independently translated from the pinned Japanese; existing species identities retained. Full wording, measured wrapping, no display abbreviation. Speech quirks and jokes are project adaptations. Preserve all semantic substitutions; replace $x indentation with measured line breaks.
companion.dialogue.082.06	dialogue	82	6	$m0「おお……。<CR>$xこんなワシでも　レベルアップ<CR>$xできるとは。	"$m0: ""Oh... Even an old fellow like me can level up."""		enemy_lump_shaman	independent_dialogue_reviewed_series_terms	Independently translated from the pinned Japanese; existing species identities retained. Full wording, measured wrapping, no display abbreviation. Speech quirks and jokes are project adaptations. Preserve all semantic substitutions; replace $x indentation with measured line breaks.
companion.dialogue.082.07	dialogue	82	7	$m0「ありがたや。<CR>$xレベルが　上がりましたぞ。	"$m0: ""How wonderful. My level has gone up."""		enemy_lump_shaman	independent_dialogue_reviewed_series_terms	Independently translated from the pinned Japanese; existing species identities retained. Full wording, measured wrapping, no display abbreviation. Speech quirks and jokes are project adaptations. Preserve all semantic substitutions; replace $x indentation with measured line breaks.
companion.dialogue.083.00	dialogue	83	0	$m0「なんの　まだまだ<CR>$x若いもんには　負けはせん。	"$m0: ""Hah! I won't let the youngsters beat me yet!"""		enemy_lump_mage	independent_dialogue_reviewed_series_terms	Independently translated from the pinned Japanese; existing species identities retained. Full wording, measured wrapping, no display abbreviation. Speech quirks and jokes are project adaptations. Preserve all semantic substitutions; replace $x indentation with measured line breaks.
companion.dialogue.083.01	dialogue	83	1	$m0「気にいらんヤツは<CR>$xポーンと　はるか　かなたへ<CR>$x飛ばしてくれるわ。	"$m0: ""Anyone I don't like gets sent flying far, far away!"""		enemy_lump_mage	independent_dialogue_reviewed_series_terms	Independently translated from the pinned Japanese; existing species identities retained. Full wording, measured wrapping, no display abbreviation. Speech quirks and jokes are project adaptations. Preserve all semantic substitutions; replace $x indentation with measured line breaks.
companion.dialogue.083.02	dialogue	83	2	$m0「な……なんの。<CR>$xまだ　ワシは　戦えるぞ！	"$m0: ""N-nonsense! I can still fight!"""		enemy_lump_mage	independent_dialogue_reviewed_series_terms	Independently translated from the pinned Japanese; existing species identities retained. Full wording, measured wrapping, no display abbreviation. Speech quirks and jokes are project adaptations. Preserve all semantic substitutions; replace $x indentation with measured line breaks.
companion.dialogue.083.03	dialogue	83	3	$m0「ぬおお。<CR>$xワシの体力が　半分しか……<CR>$xない。	"$m0: ""Ugh! I've only got... half my HP left."""		enemy_lump_mage,hp	independent_dialogue_reviewed_series_terms	Independently translated from the pinned Japanese; existing species identities retained. Full wording, measured wrapping, no display abbreviation. Speech quirks and jokes are project adaptations. Preserve all semantic substitutions; replace $x indentation with measured line breaks.
companion.dialogue.083.04	dialogue	83	4	$m0「やはり　年には<CR>$x勝てんのか……。	"$m0: ""Perhaps there's no beating old age after all..."""		enemy_lump_mage	independent_dialogue_reviewed_series_terms	Independently translated from the pinned Japanese; existing species identities retained. Full wording, measured wrapping, no display abbreviation. Speech quirks and jokes are project adaptations. Preserve all semantic substitutions; replace $x indentation with measured line breaks.
companion.dialogue.083.05	dialogue	83	5	$m0「こりゃ　いかん。<CR>$x体力が　残っとらんのじゃ。<CR>$xまだ　死にとうないぞ！	"$m0: ""This won't do! I've no strength left. I don't want to die yet!"""		enemy_lump_mage	independent_dialogue_reviewed_series_terms	Independently translated from the pinned Japanese; existing species identities retained. Full wording, measured wrapping, no display abbreviation. Speech quirks and jokes are project adaptations. Preserve all semantic substitutions; replace $x indentation with measured line breaks.
companion.dialogue.083.06	dialogue	83	6	$m0「レベルアップとは<CR>$xいくつになっても　うれしい<CR>$xものよのう。	"$m0: ""Going up a level is a joy, no matter how old you get."""		enemy_lump_mage	independent_dialogue_reviewed_series_terms	Independently translated from the pinned Japanese; existing species identities retained. Full wording, measured wrapping, no display abbreviation. Speech quirks and jokes are project adaptations. Preserve all semantic substitutions; replace $x indentation with measured line breaks.
companion.dialogue.083.07	dialogue	83	7	$m0「ほほほ。<CR>$xレベルというものが　上がったぞ。	"$m0: ""Ho ho ho! This thing called a level has gone up!"""		enemy_lump_mage	independent_dialogue_reviewed_series_terms	Independently translated from the pinned Japanese; existing species identities retained. Full wording, measured wrapping, no display abbreviation. Speech quirks and jokes are project adaptations. Preserve all semantic substitutions; replace $x indentation with measured line breaks.
companion.dialogue.084.00	dialogue	84	0	$m0「なんじゃ。<CR>$xわしゃあ　わしのやりたいように<CR>$xやるんじゃ。ほっとけ。	"$m0: ""What? I'll do as I please. Leave me alone."""		enemy_lump_wizard	independent_dialogue_reviewed_series_terms	Independently translated from the pinned Japanese; existing species identities retained. Full wording, measured wrapping, no display abbreviation. Speech quirks and jokes are project adaptations. Preserve all semantic substitutions; replace $x indentation with measured line breaks.
companion.dialogue.084.01	dialogue	84	1	$m0「どうした　若いの。<CR>$xわしに　何か用か？	"$m0: ""What's the matter, youngster? Want something from me?"""		enemy_lump_wizard	independent_dialogue_reviewed_series_terms	Independently translated from the pinned Japanese; existing species identities retained. Full wording, measured wrapping, no display abbreviation. Speech quirks and jokes are project adaptations. Preserve all semantic substitutions; replace $x indentation with measured line breaks.
companion.dialogue.084.02	dialogue	84	2	$m0「やれやれ。<CR>$xなんで　わしが　こんなに<CR>$xいたい目に……。	"$m0: ""Good grief. Why do I have to suffer like this...?"""		enemy_lump_wizard	independent_dialogue_reviewed_series_terms	Independently translated from the pinned Japanese; existing species identities retained. Full wording, measured wrapping, no display abbreviation. Speech quirks and jokes are project adaptations. Preserve all semantic substitutions; replace $x indentation with measured line breaks.
companion.dialogue.084.03	dialogue	84	3	$m0「なんで<CR>$xわしの体力が　半分に<CR>$xなっとるんじゃ！	"$m0: ""Why's my HP gone down to half!?"""		enemy_lump_wizard,hp	independent_dialogue_reviewed_series_terms	Independently translated from the pinned Japanese; existing species identities retained. Full wording, measured wrapping, no display abbreviation. Speech quirks and jokes are project adaptations. Preserve all semantic substitutions; replace $x indentation with measured line breaks.
companion.dialogue.084.04	dialogue	84	4	$m0「おいおい。<CR>$xじょうだんでは　ないぞ。<CR>$xわしに　死ねと言うのか？	"$m0: ""Now look here! This is no joke. Are you telling me to die?"""		enemy_lump_wizard	independent_dialogue_reviewed_series_terms	Independently translated from the pinned Japanese; existing species identities retained. Full wording, measured wrapping, no display abbreviation. Speech quirks and jokes are project adaptations. Preserve all semantic substitutions; replace $x indentation with measured line breaks.
companion.dialogue.084.05	dialogue	84	5	$m0「わしの体力が<CR>$xなくなって　しまうではないか！<CR>$x若いの　あんたのせいじゃぞ！	"$m0: ""I'm running out of strength! It's your fault, youngster!"""		enemy_lump_wizard	independent_dialogue_reviewed_series_terms	Independently translated from the pinned Japanese; existing species identities retained. Full wording, measured wrapping, no display abbreviation. Speech quirks and jokes are project adaptations. Preserve all semantic substitutions; replace $x indentation with measured line breaks.
companion.dialogue.084.06	dialogue	84	6	$m0「なんじゃ？<CR>$xおお　これがレベルアップと<CR>$xいうヤツか！	"$m0: ""What's this? Oh! So this is what they call levelling up!"""		enemy_lump_wizard	independent_dialogue_reviewed_series_terms	Independently translated from the pinned Japanese; existing species identities retained. Full wording, measured wrapping, no display abbreviation. Speech quirks and jokes are project adaptations. Preserve all semantic substitutions; replace $x indentation with measured line breaks.
companion.dialogue.084.07	dialogue	84	7	$m0「レベルが<CR>$x上がるたびに　若がえれば<CR>$xいいのにのう……。	"$m0: ""If only I got younger every time my level went up..."""		enemy_lump_wizard	independent_dialogue_reviewed_series_terms	Independently translated from the pinned Japanese; existing species identities retained. Full wording, measured wrapping, no display abbreviation. Speech quirks and jokes are project adaptations. Preserve all semantic substitutions; replace $x indentation with measured line breaks.
companion.dialogue.085.00	dialogue	85	0	$m0「私の　とくい技は<CR>$xチカラをためることです。<CR>$xお金をためるのも　好きです。	"$m0: ""My speciality is storing up power. I'm rather fond of storing up money too."""		enemy_wrecktor	independent_dialogue_reviewed_series_terms	Independently translated from the pinned Japanese; existing species identities retained. Full wording, measured wrapping, no display abbreviation. Speech quirks and jokes are project adaptations. Preserve all semantic substitutions; replace $x indentation with measured line breaks.
companion.dialogue.085.01	dialogue	85	1	$m0「あなたも<CR>$x悪魔教に　入信しませんか？	"$m0: ""Would you care to join our demonic faith?"""		enemy_wrecktor	independent_dialogue_reviewed_series_terms	Independently translated from the pinned Japanese; existing species identities retained. Full wording, measured wrapping, no display abbreviation. Speech quirks and jokes are project adaptations. Preserve all semantic substitutions; replace $x indentation with measured line breaks.
companion.dialogue.085.02	dialogue	85	2	$m0「だれも<CR>$x悪魔教に　はいってくれません。<CR>$xこのままじゃ　ノルマが……。	"$m0: ""Nobody will join our demonic faith. At this rate, my quota..."""		enemy_wrecktor	independent_dialogue_reviewed_series_terms	Independently translated from the pinned Japanese; existing species identities retained. Full wording, measured wrapping, no display abbreviation. Speech quirks and jokes are project adaptations. Preserve all semantic substitutions; replace $x indentation with measured line breaks.
companion.dialogue.085.03	dialogue	85	3	$m0「なんということ！<CR>$x私の体力が　半分しかありません。<CR>$xわが神よ　救いたまえ～。	"$m0: ""How dreadful! I've only got half my HP. O my god, save me!"""		enemy_wrecktor,hp	independent_dialogue_reviewed_series_terms	Independently translated from the pinned Japanese; existing species identities retained. Full wording, measured wrapping, no display abbreviation. Speech quirks and jokes are project adaptations. Preserve all semantic substitutions; replace $x indentation with measured line breaks.
companion.dialogue.085.04	dialogue	85	4	$m0「どうやら<CR>$x私の信心が　たりないようです。<CR>$xあの世で　やり直してきます……。	"$m0: ""It seems my faith was lacking. I'll try again in the next world..."""		enemy_wrecktor	independent_dialogue_reviewed_series_terms	Independently translated from the pinned Japanese; existing species identities retained. Full wording, measured wrapping, no display abbreviation. Speech quirks and jokes are project adaptations. Preserve all semantic substitutions; replace $x indentation with measured line breaks.
companion.dialogue.085.05	dialogue	85	5	$m0「体力が　ありません。<CR>$x神は　私を見放しました……。	"$m0: ""I've no strength left. My god has forsaken me..."""		enemy_wrecktor	independent_dialogue_reviewed_series_terms	Independently translated from the pinned Japanese; existing species identities retained. Full wording, measured wrapping, no display abbreviation. Speech quirks and jokes are project adaptations. Preserve all semantic substitutions; replace $x indentation with measured line breaks.
companion.dialogue.085.06	dialogue	85	6	$m0「おお　神よ。<CR>$xレベルアップ　いたしました。<CR>$xカンシャの祈りを　ささげます。	"$m0: ""O my god! I have levelled up. I offer you my prayers of thanks."""		enemy_wrecktor	independent_dialogue_reviewed_series_terms	Independently translated from the pinned Japanese; existing species identities retained. Full wording, measured wrapping, no display abbreviation. Speech quirks and jokes are project adaptations. Preserve all semantic substitutions; replace $x indentation with measured line breaks.
companion.dialogue.085.07	dialogue	85	7	$m0「レベルアップは<CR>$x私だけのチカラでは　ないのです。<CR>$xわが神の　おぼしめしです。	"$m0: ""This level up is not my doing alone. It is my god's will."""		enemy_wrecktor	independent_dialogue_reviewed_series_terms	Independently translated from the pinned Japanese; existing species identities retained. Full wording, measured wrapping, no display abbreviation. Speech quirks and jokes are project adaptations. Preserve all semantic substitutions; replace $x indentation with measured line breaks.
companion.dialogue.086.00	dialogue	86	0	$m0「……我は<CR>$xじごくよりの使者。<CR>$xなんじも　じごくへ来るか？	"$m0: ""...I am a messenger from hell. Will you come to hell too?"""		enemy_whackolyte	independent_dialogue_reviewed_series_terms	Independently translated from the pinned Japanese; existing species identities retained. Full wording, measured wrapping, no display abbreviation. Speech quirks and jokes are project adaptations. Preserve all semantic substitutions; replace $x indentation with measured line breaks.
companion.dialogue.086.01	dialogue	86	1	$m0「じごく　よいとこ。<CR>$xいちどは　おいで。	"$m0: ""Hell's a lovely place. You should visit sometime."""		enemy_whackolyte	independent_dialogue_reviewed_series_terms	Independently translated from the pinned Japanese; existing species identities retained. Full wording, measured wrapping, no display abbreviation. Speech quirks and jokes are project adaptations. Preserve all semantic substitutions; replace $x indentation with measured line breaks.
companion.dialogue.086.02	dialogue	86	2	$m0「むう。<CR>$x我に　手を出すと　もれなく<CR>$xじごくへ　ご招待……。	"$m0: ""Hmph. Lay a hand on me and you're guaranteed an invitation to hell..."""		enemy_whackolyte	independent_dialogue_reviewed_series_terms	Independently translated from the pinned Japanese; existing species identities retained. Full wording, measured wrapping, no display abbreviation. Speech quirks and jokes are project adaptations. Preserve all semantic substitutions; replace $x indentation with measured line breaks.
companion.dialogue.086.03	dialogue	86	3	$m0「我の体力が<CR>$x半分に　減ってしまったぞ。<CR>$xじごくが　見えた。	"$m0: ""My HP has fallen to half. I caught a glimpse of hell."""		enemy_whackolyte,hp	independent_dialogue_reviewed_series_terms	Independently translated from the pinned Japanese; existing species identities retained. Full wording, measured wrapping, no display abbreviation. Speech quirks and jokes are project adaptations. Preserve all semantic substitutions; replace $x indentation with measured line breaks.
companion.dialogue.086.04	dialogue	86	4	$m0「しまった。<CR>$xこのままでは　我ひとりが<CR>$xじごく送りに……。	"$m0: ""Blast! At this rate, I'll be the only one sent to hell..."""		enemy_whackolyte	independent_dialogue_reviewed_series_terms	Independently translated from the pinned Japanese; existing species identities retained. Full wording, measured wrapping, no display abbreviation. Speech quirks and jokes are project adaptations. Preserve all semantic substitutions; replace $x indentation with measured line breaks.
companion.dialogue.086.05	dialogue	86	5	$m0「我の体力が<CR>$xなくなってしまいそうだ。<CR>$xじごくへ　帰ろう……。	"$m0: ""I'm nearly out of strength. Time to go back to hell..."""		enemy_whackolyte	independent_dialogue_reviewed_series_terms	Independently translated from the pinned Japanese; existing species identities retained. Full wording, measured wrapping, no display abbreviation. Speech quirks and jokes are project adaptations. Preserve all semantic substitutions; replace $x indentation with measured line breaks.
companion.dialogue.086.06	dialogue	86	6	$m0「なんと<CR>$xレベルアップ　してしまった。<CR>$xこの調子で　がんばろう。	"$m0: ""Well, well! I've levelled up. Let's keep up the good work."""		enemy_whackolyte	independent_dialogue_reviewed_series_terms	Independently translated from the pinned Japanese; existing species identities retained. Full wording, measured wrapping, no display abbreviation. Speech quirks and jokes are project adaptations. Preserve all semantic substitutions; replace $x indentation with measured line breaks.
companion.dialogue.086.07	dialogue	86	7	$m0「レベルが<CR>$x上がったと言っても……。<CR>$xじごくへは　まだ帰れん。	"$m0: ""My level may have gone up... But I still can't go back to hell."""		enemy_whackolyte	independent_dialogue_reviewed_series_terms	Independently translated from the pinned Japanese; existing species identities retained. Full wording, measured wrapping, no display abbreviation. Speech quirks and jokes are project adaptations. Preserve all semantic substitutions; replace $x indentation with measured line breaks.
companion.dialogue.087.00	dialogue	87	0	$m0「むーん。	"$m0: ""Hmmmm."""		enemy.living_statue	independent_dialogue_reviewed_series_terms	Independently translated from the pinned Japanese; existing species identities retained. Full wording, measured wrapping, no display abbreviation. Speech quirks and jokes are project adaptations. Preserve all semantic substitutions; replace $x indentation with measured line breaks.
companion.dialogue.087.01	dialogue	87	1	$m0「このポーズ<CR>$xつかれる……。	"$m0: ""This pose... is tiring."""		enemy.living_statue	independent_dialogue_reviewed_series_terms	Independently translated from the pinned Japanese; existing species identities retained. Full wording, measured wrapping, no display abbreviation. Speech quirks and jokes are project adaptations. Preserve all semantic substitutions; replace $x indentation with measured line breaks.
companion.dialogue.087.02	dialogue	87	2	$m0「やられすぎて<CR>$x身体が重い。<CR>$xいや　もともと　重いけど。	"$m0: ""I've taken such a beating, my body feels heavy. Well, it was heavy to start with."""		enemy.living_statue	independent_dialogue_reviewed_series_terms	Independently translated from the pinned Japanese; existing species identities retained. Full wording, measured wrapping, no display abbreviation. Speech quirks and jokes are project adaptations. Preserve all semantic substitutions; replace $x indentation with measured line breaks.
companion.dialogue.087.03	dialogue	87	3	$m0「体力が　半分に<CR>$xなってるような気がする……。	"$m0: ""I feel like my HP's gone down to half..."""		enemy.living_statue,hp	independent_dialogue_reviewed_series_terms	Independently translated from the pinned Japanese; existing species identities retained. Full wording, measured wrapping, no display abbreviation. Speech quirks and jokes are project adaptations. Preserve all semantic substitutions; replace $x indentation with measured line breaks.
companion.dialogue.087.04	dialogue	87	4	$m0「身体が……。<CR>$xくずれそう……。	"$m0: ""My body... It's about to crumble..."""		enemy.living_statue	independent_dialogue_reviewed_series_terms	Independently translated from the pinned Japanese; existing species identities retained. Full wording, measured wrapping, no display abbreviation. Speech quirks and jokes are project adaptations. Preserve all semantic substitutions; replace $x indentation with measured line breaks.
companion.dialogue.087.05	dialogue	87	5	$m0「体力が　もう<CR>$xぜんぜん　残ってない気が……。<CR>$xこれって　もしかして……。	"$m0: ""I feel like I've got no strength left... Could this mean...?"""		enemy.living_statue	independent_dialogue_reviewed_series_terms	Independently translated from the pinned Japanese; existing species identities retained. Full wording, measured wrapping, no display abbreviation. Speech quirks and jokes are project adaptations. Preserve all semantic substitutions; replace $x indentation with measured line breaks.
companion.dialogue.087.06	dialogue	87	6	$m0「むむーん。<CR>$xレベルアップで　ビルドアップ！	"$m0: ""Hmmmm! A level up to build me up!"""		enemy.living_statue	independent_dialogue_reviewed_series_terms	Independently translated from the pinned Japanese; existing species identities retained. Full wording, measured wrapping, no display abbreviation. Speech quirks and jokes are project adaptations. Preserve all semantic substitutions; replace $x indentation with measured line breaks.
companion.dialogue.087.07	dialogue	87	7	$m0「レベルが<CR>$x上がったので　少し強く<CR>$xなったみたい。	"$m0: ""My level went up, so I think I'm a little stronger."""		enemy.living_statue	independent_dialogue_reviewed_series_terms	Independently translated from the pinned Japanese; existing species identities retained. Full wording, measured wrapping, no display abbreviation. Speech quirks and jokes are project adaptations. Preserve all semantic substitutions; replace $x indentation with measured line breaks.
companion.dialogue.088.00	dialogue	88	0	$m0「わはははっ。<CR>$xわれこそは　大魔神なり！	"$m0: ""Wahahaha! I am the mighty Stone guardian!"""		enemy.stone_guardian	independent_dialogue_reviewed_series_terms	Independently translated from the pinned Japanese; existing species identities retained. Full wording, measured wrapping, no display abbreviation. Speech quirks and jokes are project adaptations. Preserve all semantic substitutions; replace $x indentation with measured line breaks. Grand demon self-title adapted to the reviewed Stone guardian species name.
companion.dialogue.088.01	dialogue	88	1	$m0「人間の子よ。<CR>$xわれに　何を望むのか？	"$m0: ""Child of humankind. What do you wish of me?"""		enemy.stone_guardian	independent_dialogue_reviewed_series_terms	Independently translated from the pinned Japanese; existing species identities retained. Full wording, measured wrapping, no display abbreviation. Speech quirks and jokes are project adaptations. Preserve all semantic substitutions; replace $x indentation with measured line breaks. Grand demon self-title adapted to the reviewed Stone guardian species name.
companion.dialogue.088.02	dialogue	88	2	$m0「おのれ！<CR>$xわれの身に　キズをつけた<CR>$xつみは　重いぞ！！	"$m0: ""Scoundrels! Wounding this body is a grave offence!"""		enemy.stone_guardian	independent_dialogue_reviewed_series_terms	Independently translated from the pinned Japanese; existing species identities retained. Full wording, measured wrapping, no display abbreviation. Speech quirks and jokes are project adaptations. Preserve all semantic substitutions; replace $x indentation with measured line breaks. Grand demon self-title adapted to the reviewed Stone guardian species name.
companion.dialogue.088.03	dialogue	88	3	$m0「われの体力は<CR>$xまだ　半分も残っておる。<CR>$x案ずることなど　ない！	"$m0: ""I still have half my HP. There is nothing to fear!"""		enemy.stone_guardian,hp	independent_dialogue_reviewed_series_terms	Independently translated from the pinned Japanese; existing species identities retained. Full wording, measured wrapping, no display abbreviation. Speech quirks and jokes are project adaptations. Preserve all semantic substitutions; replace $x indentation with measured line breaks. Grand demon self-title adapted to the reviewed Stone guardian species name.
companion.dialogue.088.04	dialogue	88	4	$m0「おお……。<CR>$xこの　大魔神たる　われが<CR>$x果てるというのか……。	"$m0: ""Oh... Could I, the mighty Stone guardian, truly perish...?"""		enemy.stone_guardian	independent_dialogue_reviewed_series_terms	Independently translated from the pinned Japanese; existing species identities retained. Full wording, measured wrapping, no display abbreviation. Speech quirks and jokes are project adaptations. Preserve all semantic substitutions; replace $x indentation with measured line breaks. Grand demon self-title adapted to the reviewed Stone guardian species name.
companion.dialogue.088.05	dialogue	88	5	$m0「なぜだ？<CR>$xわれの体力が　ないとは。<CR>$xゆるせんな！！	"$m0: ""Why? How can my strength be spent? I will not permit it!"""		enemy.stone_guardian	independent_dialogue_reviewed_series_terms	Independently translated from the pinned Japanese; existing species identities retained. Full wording, measured wrapping, no display abbreviation. Speech quirks and jokes are project adaptations. Preserve all semantic substitutions; replace $x indentation with measured line breaks. Grand demon self-title adapted to the reviewed Stone guardian species name.
companion.dialogue.088.06	dialogue	88	6	$m0「うわはははっ。<CR>$xレベルアップしたようだ！	"$m0: ""Wahahaha! It seems I have levelled up!"""		enemy.stone_guardian	independent_dialogue_reviewed_series_terms	Independently translated from the pinned Japanese; existing species identities retained. Full wording, measured wrapping, no display abbreviation. Speech quirks and jokes are project adaptations. Preserve all semantic substitutions; replace $x indentation with measured line breaks. Grand demon self-title adapted to the reviewed Stone guardian species name.
companion.dialogue.088.07	dialogue	88	7	$m0「われにとって<CR>$xレベルアップなど　たやすい。<CR>$xあたりまえの　ことなのだ。	"$m0: ""For me, levelling up is easy. It is only to be expected."""		enemy.stone_guardian	independent_dialogue_reviewed_series_terms	Independently translated from the pinned Japanese; existing species identities retained. Full wording, measured wrapping, no display abbreviation. Speech quirks and jokes are project adaptations. Preserve all semantic substitutions; replace $x indentation with measured line breaks. Grand demon self-title adapted to the reviewed Stone guardian species name.
companion.dialogue.089.00	dialogue	89	0	$m0「じーっ。	"$m0: ""Staaare."""		enemy.rockbomb	independent_dialogue_reviewed_series_terms	Independently translated from the pinned Japanese; existing species identities retained. Full wording, measured wrapping, no display abbreviation. Speech quirks and jokes are project adaptations. Preserve all semantic substitutions; replace $x indentation with measured line breaks.
companion.dialogue.089.01	dialogue	89	1	$m0「みじかい間の<CR>$xつきあいかも　しれないけど<CR>$xよろしく。	"$m0: ""We may not be together very long, but it's nice to meet you."""		enemy.rockbomb	independent_dialogue_reviewed_series_terms	Independently translated from the pinned Japanese; existing species identities retained. Full wording, measured wrapping, no display abbreviation. Speech quirks and jokes are project adaptations. Preserve all semantic substitutions; replace $x indentation with measured line breaks.
companion.dialogue.089.02	dialogue	89	2	$m0「メ……ガ……。	"$m0: ""Ka... mi..."""		enemy.rockbomb,series_kamikazee	independent_dialogue_reviewed_series_terms	Independently translated from the pinned Japanese; existing species identities retained. Full wording, measured wrapping, no display abbreviation. Speech quirks and jokes are project adaptations. Preserve all semantic substitutions; replace $x indentation with measured line breaks.
companion.dialogue.089.03	dialogue	89	3	$m0「体力が<CR>$x半分に　なっちゃったので<CR>$xメガンテの　用意します。	"$m0: ""My HP's down to half, so I'll get Kamikazee ready."""		enemy.rockbomb,hp,series_kamikazee	independent_dialogue_reviewed_series_terms	Independently translated from the pinned Japanese; existing species identities retained. Full wording, measured wrapping, no display abbreviation. Speech quirks and jokes are project adaptations. Preserve all semantic substitutions; replace $x indentation with measured line breaks.
companion.dialogue.089.04	dialogue	89	4	$m0「メ……ガ……<CR>$xン……。	"$m0: ""Ka... mi... ka..."""		enemy.rockbomb,series_kamikazee	independent_dialogue_reviewed_series_terms	Independently translated from the pinned Japanese; existing species identities retained. Full wording, measured wrapping, no display abbreviation. Speech quirks and jokes are project adaptations. Preserve all semantic substitutions; replace $x indentation with measured line breaks.
companion.dialogue.089.05	dialogue	89	5	$m0「体力が　もう<CR>$xなくなりそうなので　メガンテ<CR>$xつかうかも　しれません。	"$m0: ""I'm nearly out of strength, so I might cast Kamikazee."""		enemy.rockbomb,series_kamikazee	independent_dialogue_reviewed_series_terms	Independently translated from the pinned Japanese; existing species identities retained. Full wording, measured wrapping, no display abbreviation. Speech quirks and jokes are project adaptations. Preserve all semantic substitutions; replace $x indentation with measured line breaks.
companion.dialogue.089.06	dialogue	89	6	$m0「レベルアップしても<CR>$xあんまり意味　なかったりして。	"$m0: ""Going up a level might not mean much for me."""		enemy.rockbomb	independent_dialogue_reviewed_series_terms	Independently translated from the pinned Japanese; existing species identities retained. Full wording, measured wrapping, no display abbreviation. Speech quirks and jokes are project adaptations. Preserve all semantic substitutions; replace $x indentation with measured line breaks.
companion.dialogue.089.07	dialogue	89	7	$m0「レベルが<CR>$x上がったけど……。<CR>$xよろこんで　いいのかな？	"$m0: ""My level went up... Should I be happy about that?"""		enemy.rockbomb	independent_dialogue_reviewed_series_terms	Independently translated from the pinned Japanese; existing species identities retained. Full wording, measured wrapping, no display abbreviation. Speech quirks and jokes are project adaptations. Preserve all semantic substitutions; replace $x indentation with measured line breaks.
companion.dialogue.090.00	dialogue	90	0	$m0「メガザルいる？<CR>$xメガザル　いらない？	"$m0: ""Need Kerplunk? Don't need Kerplunk?"""		enemy.bomboulder,spell.kerplunk	independent_dialogue_reviewed_series_terms	Independently translated from the pinned Japanese; existing species identities retained. Full wording, measured wrapping, no display abbreviation. Speech quirks and jokes are project adaptations. Preserve all semantic substitutions; replace $x indentation with measured line breaks.
companion.dialogue.090.01	dialogue	90	1	$m0「ボクの命で<CR>$xみんなが　たすかるなら<CR>$xよろこんで　メガザルするよ。	"$m0: ""If my life can save everyone, I'll gladly cast Kerplunk."""		enemy.bomboulder,spell.kerplunk	independent_dialogue_reviewed_series_terms	Independently translated from the pinned Japanese; existing species identities retained. Full wording, measured wrapping, no display abbreviation. Speech quirks and jokes are project adaptations. Preserve all semantic substitutions; replace $x indentation with measured line breaks.
companion.dialogue.090.02	dialogue	90	2	$m0「どこかに<CR>$xやられた仲間は　いないかな～。	"$m0: ""I wonder if any of our friends have fallen nearby."""		enemy.bomboulder	independent_dialogue_reviewed_series_terms	Independently translated from the pinned Japanese; existing species identities retained. Full wording, measured wrapping, no display abbreviation. Speech quirks and jokes are project adaptations. Preserve all semantic substitutions; replace $x indentation with measured line breaks.
companion.dialogue.090.03	dialogue	90	3	$m0「体力は　まだ<CR>$x半分あるけど　ボクにとっては<CR>$xどうでもいいことだね。	"$m0: ""I still have half my HP, but that doesn't really matter to me."""		enemy.bomboulder,hp	independent_dialogue_reviewed_series_terms	Independently translated from the pinned Japanese; existing species identities retained. Full wording, measured wrapping, no display abbreviation. Speech quirks and jokes are project adaptations. Preserve all semantic substitutions; replace $x indentation with measured line breaks.
companion.dialogue.090.04	dialogue	90	4	$m0「ボクが　先に<CR>$xやられちゃ　ダメなのに……。	"$m0: ""I'm not supposed to be the first one to fall..."""		enemy.bomboulder	independent_dialogue_reviewed_series_terms	Independently translated from the pinned Japanese; existing species identities retained. Full wording, measured wrapping, no display abbreviation. Speech quirks and jokes are project adaptations. Preserve all semantic substitutions; replace $x indentation with measured line breaks.
companion.dialogue.090.05	dialogue	90	5	$m0「体力が　ないや。<CR>$xその前に　メガザルつかえると<CR>$xいいんだけどな。	"$m0: ""I'm out of strength. I hope I can cast Kerplunk before it's too late."""		enemy.bomboulder,spell.kerplunk	independent_dialogue_reviewed_series_terms	Independently translated from the pinned Japanese; existing species identities retained. Full wording, measured wrapping, no display abbreviation. Speech quirks and jokes are project adaptations. Preserve all semantic substitutions; replace $x indentation with measured line breaks.
companion.dialogue.090.06	dialogue	90	6	$m0「レベルアップか。<CR>$xそんなことより　メガザル<CR>$xしたいな。	"$m0: ""Level up, eh? I'd rather cast Kerplunk."""		enemy.bomboulder,spell.kerplunk	independent_dialogue_reviewed_series_terms	Independently translated from the pinned Japanese; existing species identities retained. Full wording, measured wrapping, no display abbreviation. Speech quirks and jokes are project adaptations. Preserve all semantic substitutions; replace $x indentation with measured line breaks.
companion.dialogue.090.07	dialogue	90	7	$m0「うーん。<CR>$xレベルが　上がったのは<CR>$xうれしいけど……。	"$m0: ""Hmm. I'm happy my level went up, but..."""		enemy.bomboulder	independent_dialogue_reviewed_series_terms	Independently translated from the pinned Japanese; existing species identities retained. Full wording, measured wrapping, no display abbreviation. Speech quirks and jokes are project adaptations. Preserve all semantic substitutions; replace $x indentation with measured line breaks.
companion.dialogue.091.00	dialogue	91	0	$m0「オレのそばに<CR>$x立たないほうが　いいよ<CR>$xまちがえて　やっちゃうから。	"$m0: ""You'd better not stand next to me. I might kill you by mistake."""		enemy.hoodie	independent_dialogue_reviewed_series_terms	Independently translated from the pinned Japanese; existing species identities retained. Full wording, measured wrapping, no display abbreviation. Speech quirks and jokes are project adaptations. Preserve all semantic substitutions; replace $x indentation with measured line breaks.
companion.dialogue.091.01	dialogue	91	1	$m0「ふむ……ここは<CR>$xなかなかいい　狩りの場だな。	"$m0: ""Hmm... This is a rather fine hunting ground."""		enemy.hoodie	independent_dialogue_reviewed_series_terms	Independently translated from the pinned Japanese; existing species identities retained. Full wording, measured wrapping, no display abbreviation. Speech quirks and jokes are project adaptations. Preserve all semantic substitutions; replace $x indentation with measured line breaks.
companion.dialogue.091.02	dialogue	91	2	$m0「このていどの　キズは<CR>$xたいしたこと　ないな。	"$m0: ""Wounds like these are nothing."""		enemy.hoodie	independent_dialogue_reviewed_series_terms	Independently translated from the pinned Japanese; existing species identities retained. Full wording, measured wrapping, no display abbreviation. Speech quirks and jokes are project adaptations. Preserve all semantic substitutions; replace $x indentation with measured line breaks.
companion.dialogue.091.03	dialogue	91	3	$m0「体力は半分か。<CR>$xこれだけ　あれば　まだまだ<CR>$xやっちゃえるね。	"$m0: ""Half my HP left. Plenty for a few more kills."""		enemy.hoodie,hp	independent_dialogue_reviewed_series_terms	Independently translated from the pinned Japanese; existing species identities retained. Full wording, measured wrapping, no display abbreviation. Speech quirks and jokes are project adaptations. Preserve all semantic substitutions; replace $x indentation with measured line breaks.
companion.dialogue.091.04	dialogue	91	4	$m0「やっちゃう　つもりが<CR>$x反対に　やられそうだ～。	"$m0: ""I meant to do the killing, but it looks like I'm the one about to die!"""		enemy.hoodie	independent_dialogue_reviewed_series_terms	Independently translated from the pinned Japanese; existing species identities retained. Full wording, measured wrapping, no display abbreviation. Speech quirks and jokes are project adaptations. Preserve all semantic substitutions; replace $x indentation with measured line breaks.
companion.dialogue.091.05	dialogue	91	5	$m0「体力が　ないな。<CR>$xこうなると　やるか　やられるか<CR>$x……だね。	"$m0: ""No strength left. At this point, it's kill or be killed..."""		enemy.hoodie	independent_dialogue_reviewed_series_terms	Independently translated from the pinned Japanese; existing species identities retained. Full wording, measured wrapping, no display abbreviation. Speech quirks and jokes are project adaptations. Preserve all semantic substitutions; replace $x indentation with measured line breaks.
companion.dialogue.091.06	dialogue	91	6	$m0「レベルアップだ。<CR>$xつぎに　やられたいヤツは<CR>$xどこのどいつかな？	"$m0: ""Level up. Who wants to be my next victim?"""		enemy.hoodie	independent_dialogue_reviewed_series_terms	Independently translated from the pinned Japanese; existing species identities retained. Full wording, measured wrapping, no display abbreviation. Speech quirks and jokes are project adaptations. Preserve all semantic substitutions; replace $x indentation with measured line breaks.
companion.dialogue.091.07	dialogue	91	7	$m0「オレのレベルが<CR>$x今まさに　上がったところだ。	"$m0: ""My level has just this moment gone up."""		enemy.hoodie	independent_dialogue_reviewed_series_terms	Independently translated from the pinned Japanese; existing species identities retained. Full wording, measured wrapping, no display abbreviation. Speech quirks and jokes are project adaptations. Preserve all semantic substitutions; replace $x indentation with measured line breaks.
companion.dialogue.092.00	dialogue	92	0	$m0「あたしのために<CR>$xまよわず　死んで！<CR>$x……あら　なんだ　あなたなの。	"$m0: ""Don't hesitate! Die for me! ...Oh, it's you."""		enemy.hoodlum	independent_dialogue_reviewed_series_terms	Independently translated from the pinned Japanese; existing species identities retained. Full wording, measured wrapping, no display abbreviation. Speech quirks and jokes are project adaptations. Preserve all semantic substitutions; replace $x indentation with measured line breaks.
companion.dialogue.092.01	dialogue	92	1	$m0「すべてを<CR>$xあたしだけの　ものにするの。<CR>$xそれが　あたしのアイのカタチ。	"$m0: ""I'll make everything mine, and mine alone. That's how I show my love."""		enemy.hoodlum	independent_dialogue_reviewed_series_terms	Independently translated from the pinned Japanese; existing species identities retained. Full wording, measured wrapping, no display abbreviation. Speech quirks and jokes are project adaptations. Preserve all semantic substitutions; replace $x indentation with measured line breaks.
companion.dialogue.092.02	dialogue	92	2	$m0「ひどい！<CR>$xみんな　あたしのアイを<CR>$xわかって　くれないのね！	"$m0: ""How cruel! None of them understands my love!"""		enemy.hoodlum	independent_dialogue_reviewed_series_terms	Independently translated from the pinned Japanese; existing species identities retained. Full wording, measured wrapping, no display abbreviation. Speech quirks and jokes are project adaptations. Preserve all semantic substitutions; replace $x indentation with measured line breaks.
companion.dialogue.092.03	dialogue	92	3	$m0「いやーん。<CR>$xあたしの体力　半分になってる。	"$m0: ""Oh, no! My HP's gone down to half."""		enemy.hoodlum,hp	independent_dialogue_reviewed_series_terms	Independently translated from the pinned Japanese; existing species identities retained. Full wording, measured wrapping, no display abbreviation. Speech quirks and jokes are project adaptations. Preserve all semantic substitutions; replace $x indentation with measured line breaks.
companion.dialogue.092.04	dialogue	92	4	$m0「あたし　もうダメ。<CR>$xでも　だれかのために<CR>$xこの身をささげるのも　いいかな。	"$m0: ""I'm done for. But perhaps giving myself for someone else would be nice."""		enemy.hoodlum	independent_dialogue_reviewed_series_terms	Independently translated from the pinned Japanese; existing species identities retained. Full wording, measured wrapping, no display abbreviation. Speech quirks and jokes are project adaptations. Preserve all semantic substitutions; replace $x indentation with measured line breaks.
companion.dialogue.092.05	dialogue	92	5	$m0「あたしの体力が<CR>$xなくなっちゃいそうだわ。<CR>$xもっと　はげしくアイさなきゃ。	"$m0: ""I'm nearly out of strength. I must love even more fiercely!"""		enemy.hoodlum	independent_dialogue_reviewed_series_terms	Independently translated from the pinned Japanese; existing species identities retained. Full wording, measured wrapping, no display abbreviation. Speech quirks and jokes are project adaptations. Preserve all semantic substitutions; replace $x indentation with measured line breaks.
companion.dialogue.092.06	dialogue	92	6	$m0「あら。<CR>$xレベルが　上がっちゃったわ。<CR>$xあたしのアイの　たまものね。	"$m0: ""Oh! My level went up. All thanks to my love."""		enemy.hoodlum	independent_dialogue_reviewed_series_terms	Independently translated from the pinned Japanese; existing species identities retained. Full wording, measured wrapping, no display abbreviation. Speech quirks and jokes are project adaptations. Preserve all semantic substitutions; replace $x indentation with measured line breaks.
companion.dialogue.092.07	dialogue	92	7	$m0「うふふ。<CR>$xレベルアップしちゃった。	"$m0: ""Hee hee! I've levelled up."""		enemy.hoodlum	independent_dialogue_reviewed_series_terms	Independently translated from the pinned Japanese; existing species identities retained. Full wording, measured wrapping, no display abbreviation. Speech quirks and jokes are project adaptations. Preserve all semantic substitutions; replace $x indentation with measured line breaks.
companion.dialogue.093.00	dialogue	93	0	$m0「うひひひ。<CR>$xつぎは　あいつを　ねらおう。	"$m0: ""Heeheehee! I'll go after that one next."""		enemy.heavy_hood	independent_dialogue_reviewed_series_terms	Independently translated from the pinned Japanese; existing species identities retained. Full wording, measured wrapping, no display abbreviation. Speech quirks and jokes are project adaptations. Preserve all semantic substitutions; replace $x indentation with measured line breaks.
companion.dialogue.093.01	dialogue	93	1	$m0「オレに　ねらわれて<CR>$x生きのびた者は　いないのさ。	"$m0: ""Nobody I've set my sights on has ever survived."""		enemy.heavy_hood	independent_dialogue_reviewed_series_terms	Independently translated from the pinned Japanese; existing species identities retained. Full wording, measured wrapping, no display abbreviation. Speech quirks and jokes are project adaptations. Preserve all semantic substitutions; replace $x indentation with measured line breaks.
companion.dialogue.093.02	dialogue	93	2	$m0「むむ……。<CR>$xオレも　だれかに　ねらわれて？<CR>$xそんな気がする……。	"$m0: ""Hmm... Is someone after me too? I have that feeling..."""		enemy.heavy_hood	independent_dialogue_reviewed_series_terms	Independently translated from the pinned Japanese; existing species identities retained. Full wording, measured wrapping, no display abbreviation. Speech quirks and jokes are project adaptations. Preserve all semantic substitutions; replace $x indentation with measured line breaks.
companion.dialogue.093.03	dialogue	93	3	$m0「ちぇっ。<CR>$x残りの体力が　半分しか<CR>$xないじゃねえか。	"$m0: ""Tch! I've only got half my HP left."""		enemy.heavy_hood,hp	independent_dialogue_reviewed_series_terms	Independently translated from the pinned Japanese; existing species identities retained. Full wording, measured wrapping, no display abbreviation. Speech quirks and jokes are project adaptations. Preserve all semantic substitutions; replace $x indentation with measured line breaks.
companion.dialogue.093.04	dialogue	93	4	$m0「やはり<CR>$xオレは　ねらわれている！<CR>$xた　たすけて……。	"$m0: ""I knew it! Someone's after me! H-help..."""		enemy.heavy_hood	independent_dialogue_reviewed_series_terms	Independently translated from the pinned Japanese; existing species identities retained. Full wording, measured wrapping, no display abbreviation. Speech quirks and jokes are project adaptations. Preserve all semantic substitutions; replace $x indentation with measured line breaks.
companion.dialogue.093.05	dialogue	93	5	$m0「オレの体力も<CR>$x残りは　あとわずかだ。<CR>$xあと何匹　ねらえるか……。	"$m0: ""Little strength remains. How many more can I hunt down...?"""		enemy.heavy_hood	independent_dialogue_reviewed_series_terms	Independently translated from the pinned Japanese; existing species identities retained. Full wording, measured wrapping, no display abbreviation. Speech quirks and jokes are project adaptations. Preserve all semantic substitutions; replace $x indentation with measured line breaks.
companion.dialogue.093.06	dialogue	93	6	$m0「うひひ。<CR>$xレベルアップしちまったぜい。	"$m0: ""Hee hee! I've gone and levelled up!"""		enemy.heavy_hood	independent_dialogue_reviewed_series_terms	Independently translated from the pinned Japanese; existing species identities retained. Full wording, measured wrapping, no display abbreviation. Speech quirks and jokes are project adaptations. Preserve all semantic substitutions; replace $x indentation with measured line breaks.
companion.dialogue.093.07	dialogue	93	7	$m0「よしよし。<CR>$xレベルが　上がったんなら<CR>$xもっと　だいたんに　行こう。	"$m0: ""Good, good. Now that my level's gone up, I can be a little bolder."""		enemy.heavy_hood	independent_dialogue_reviewed_series_terms	Independently translated from the pinned Japanese; existing species identities retained. Full wording, measured wrapping, no display abbreviation. Speech quirks and jokes are project adaptations. Preserve all semantic substitutions; replace $x indentation with measured line breaks.
companion.dialogue.094.00	dialogue	94	0	$m0「なあなあ<CR>$xあんたの　仲間になったら<CR>$x楽しいこと　いっぱいあるのか？	"$m0: ""Hey, hey! Will being your ally mean lots of fun things to do?"""		enemy.platypunk	independent_dialogue_reviewed_series_terms	Independently translated from the pinned Japanese; existing species identities retained. Full wording, measured wrapping, no display abbreviation. Speech quirks and jokes are project adaptations. Preserve all semantic substitutions; replace $x indentation with measured line breaks.
companion.dialogue.094.01	dialogue	94	1	$m0「あー　なんか<CR>$x楽しいこと　ないかなー。	"$m0: ""Oh, isn't there anything fun to do?"""		enemy.platypunk	independent_dialogue_reviewed_series_terms	Independently translated from the pinned Japanese; existing species identities retained. Full wording, measured wrapping, no display abbreviation. Speech quirks and jokes are project adaptations. Preserve all semantic substitutions; replace $x indentation with measured line breaks.
companion.dialogue.094.02	dialogue	94	2	$m0「戦うのって<CR>$xなんか　あんまり　楽しくないな。<CR>$xそろそろ　あきてきたよ。	"$m0: ""Fighting isn't much fun. I'm getting bored of it."""		enemy.platypunk	independent_dialogue_reviewed_series_terms	Independently translated from the pinned Japanese; existing species identities retained. Full wording, measured wrapping, no display abbreviation. Speech quirks and jokes are project adaptations. Preserve all semantic substitutions; replace $x indentation with measured line breaks.
companion.dialogue.094.03	dialogue	94	3	$m0「なんだよ。<CR>$xおれの体力が　半分しか<CR>$x残ってないじゃんか。	"$m0: ""What's this? I've only got half my HP left!"""		enemy.platypunk,hp	independent_dialogue_reviewed_series_terms	Independently translated from the pinned Japanese; existing species identities retained. Full wording, measured wrapping, no display abbreviation. Speech quirks and jokes are project adaptations. Preserve all semantic substitutions; replace $x indentation with measured line breaks.
companion.dialogue.094.04	dialogue	94	4	$m0「やべっ。<CR>$xおれ　そろそろ　まずいんじゃ？<CR>$xにげるが　勝ちか？	"$m0: ""Uh-oh! Am I in trouble? Is running away the smart move?"""		enemy.platypunk	independent_dialogue_reviewed_series_terms	Independently translated from the pinned Japanese; existing species identities retained. Full wording, measured wrapping, no display abbreviation. Speech quirks and jokes are project adaptations. Preserve all semantic substitutions; replace $x indentation with measured line breaks.
companion.dialogue.094.05	dialogue	94	5	$m0「うわ。<CR>$xこりゃ　やばいって！<CR>$x体力　残ってないってば。	"$m0: ""Whoa! This is bad! I've got no strength left!"""		enemy.platypunk	independent_dialogue_reviewed_series_terms	Independently translated from the pinned Japanese; existing species identities retained. Full wording, measured wrapping, no display abbreviation. Speech quirks and jokes are project adaptations. Preserve all semantic substitutions; replace $x indentation with measured line breaks.
companion.dialogue.094.06	dialogue	94	6	$m0「おっ。<CR>$xレベルが上がるってのは<CR>$xなかなか　楽しいもんだな。	"$m0: ""Oh! This levelling-up business is quite fun."""		enemy.platypunk	independent_dialogue_reviewed_series_terms	Independently translated from the pinned Japanese; existing species identities retained. Full wording, measured wrapping, no display abbreviation. Speech quirks and jokes are project adaptations. Preserve all semantic substitutions; replace $x indentation with measured line breaks.
companion.dialogue.094.07	dialogue	94	7	$m0「ふーん。<CR>$x戦っていると　レベルアップ<CR>$xするのか　なるほど……。	"$m0: ""Hmm. So fighting makes you level up. I see..."""		enemy.platypunk	independent_dialogue_reviewed_series_terms	Independently translated from the pinned Japanese; existing species identities retained. Full wording, measured wrapping, no display abbreviation. Speech quirks and jokes are project adaptations. Preserve all semantic substitutions; replace $x indentation with measured line breaks.
companion.dialogue.095.00	dialogue	95	0	$m0「うるさいなあ。<CR>$xついでに　おまえのクチも<CR>$xふさいでやろうか？	"$m0: ""You're noisy. Shall I shut your mouth while I'm at it?"""		enemy.crack_billed_platypunk	independent_dialogue_reviewed_series_terms	Independently translated from the pinned Japanese; existing species identities retained. Full wording, measured wrapping, no display abbreviation. Speech quirks and jokes are project adaptations. Preserve all semantic substitutions; replace $x indentation with measured line breaks.
companion.dialogue.095.01	dialogue	95	1	$m0「オイラは　ふつうの<CR>$xももんじゃとは　ちがうんだ。<CR>$xそこんとこ　よろしく！	"$m0: ""I'm no ordinary Platypunk. Remember that!"""		enemy.crack_billed_platypunk,enemy.platypunk	independent_dialogue_reviewed_series_terms	Independently translated from the pinned Japanese; existing species identities retained. Full wording, measured wrapping, no display abbreviation. Speech quirks and jokes are project adaptations. Preserve all semantic substitutions; replace $x indentation with measured line breaks.
companion.dialogue.095.02	dialogue	95	2	$m0「いてて……。<CR>$xオイラ　戦いには<CR>$x向いてないかも　しれない。	"$m0: ""Ow... Maybe fighting isn't for me."""		enemy.crack_billed_platypunk	independent_dialogue_reviewed_series_terms	Independently translated from the pinned Japanese; existing species identities retained. Full wording, measured wrapping, no display abbreviation. Speech quirks and jokes are project adaptations. Preserve all semantic substitutions; replace $x indentation with measured line breaks.
companion.dialogue.095.03	dialogue	95	3	$m0「残りの体力は<CR>$x半分くらいしか　ないな。<CR>$xよく　がんばってるほうか。	"$m0: ""Only about half my HP left. I've been doing pretty well, I suppose."""		enemy.crack_billed_platypunk,hp	independent_dialogue_reviewed_series_terms	Independently translated from the pinned Japanese; existing species identities retained. Full wording, measured wrapping, no display abbreviation. Speech quirks and jokes are project adaptations. Preserve all semantic substitutions; replace $x indentation with measured line breaks.
companion.dialogue.095.04	dialogue	95	4	$m0「こんなとこで<CR>$xオイラ　くたばりたくないよ！<CR>$xなんとか　ならないの？	"$m0: ""I don't want to die here! Can't you do something?"""		enemy.crack_billed_platypunk	independent_dialogue_reviewed_series_terms	Independently translated from the pinned Japanese; existing species identities retained. Full wording, measured wrapping, no display abbreviation. Speech quirks and jokes are project adaptations. Preserve all semantic substitutions; replace $x indentation with measured line breaks.
companion.dialogue.095.05	dialogue	95	5	$m0「残りの体力が<CR>$xすっかり　なくなってる。<CR>$xここまでかな　オイラは。	"$m0: ""All my strength is gone. Maybe this is as far as I go."""		enemy.crack_billed_platypunk	independent_dialogue_reviewed_series_terms	Independently translated from the pinned Japanese; existing species identities retained. Full wording, measured wrapping, no display abbreviation. Speech quirks and jokes are project adaptations. Preserve all semantic substitutions; replace $x indentation with measured line breaks.
companion.dialogue.095.06	dialogue	95	6	$m0「おおっ。<CR>$xレベルアップしたみたいだ。<CR>$xやるじゃない　オイラって。	"$m0: ""Oh! I think I've levelled up. Pretty good, aren't I?"""		enemy.crack_billed_platypunk	independent_dialogue_reviewed_series_terms	Independently translated from the pinned Japanese; existing species identities retained. Full wording, measured wrapping, no display abbreviation. Speech quirks and jokes are project adaptations. Preserve all semantic substitutions; replace $x indentation with measured line breaks.
companion.dialogue.095.07	dialogue	95	7	$m0「なんといっても<CR>$xレベルが上がる　この時が<CR>$xいちばん　生きてるって気がする。	"$m0: ""Nothing makes me feel more alive than the moment my level goes up."""		enemy.crack_billed_platypunk	independent_dialogue_reviewed_series_terms	Independently translated from the pinned Japanese; existing species identities retained. Full wording, measured wrapping, no display abbreviation. Speech quirks and jokes are project adaptations. Preserve all semantic substitutions; replace $x indentation with measured line breaks.
companion.dialogue.096.00	dialogue	96	0	$m0「りゅ？<CR>$xむりゅりゅりゅ　りる？	"$m0: ""Ryu? Muryuryuryu, riru?"""		enemy.maulusc	independent_dialogue_reviewed_series_terms	Independently translated from the pinned Japanese; existing species identities retained. Full wording, measured wrapping, no display abbreviation. Speech quirks and jokes are project adaptations. Preserve all semantic substitutions; replace $x indentation with measured line breaks.
companion.dialogue.096.01	dialogue	96	1	$m0「おりゅは<CR>$xなめくじだりゅが　おまえの<CR>$x役に立ちたいんだりゅん。	"$m0: ""I'm a slug, ryu, but I want to be useful to you, ryun."""		enemy.maulusc	independent_dialogue_reviewed_series_terms	Independently translated from the pinned Japanese; existing species identities retained. Full wording, measured wrapping, no display abbreviation. Speech quirks and jokes are project adaptations. Preserve all semantic substitutions; replace $x indentation with measured line breaks.
companion.dialogue.096.02	dialogue	96	2	$m0「りゅりゅん。<CR>$xりゅりゅっ　りゅるん！	"$m0: ""Ryuryun. Ryuryu! Ryurun!"""		enemy.maulusc	independent_dialogue_reviewed_series_terms	Independently translated from the pinned Japanese; existing species identities retained. Full wording, measured wrapping, no display abbreviation. Speech quirks and jokes are project adaptations. Preserve all semantic substitutions; replace $x indentation with measured line breaks.
companion.dialogue.096.03	dialogue	96	3	$m0「りゅりゅ？<CR>$xおりゅの体力が　なんだか<CR>$x半分しか　ないんだりゅん。	"$m0: ""Ryuryu? Somehow I've only got half my HP left, ryun."""		enemy.maulusc,hp	independent_dialogue_reviewed_series_terms	Independently translated from the pinned Japanese; existing species identities retained. Full wording, measured wrapping, no display abbreviation. Speech quirks and jokes are project adaptations. Preserve all semantic substitutions; replace $x indentation with measured line breaks.
companion.dialogue.096.04	dialogue	96	4	$m0「りゅん……。	"$m0: ""Ryun..."""		enemy.maulusc	independent_dialogue_reviewed_series_terms	Independently translated from the pinned Japanese; existing species identities retained. Full wording, measured wrapping, no display abbreviation. Speech quirks and jokes are project adaptations. Preserve all semantic substitutions; replace $x indentation with measured line breaks.
companion.dialogue.096.05	dialogue	96	5	$m0「うりゅ～。<CR>$xおりゅの体力は　もう　カラっぽ。<CR>$xとけて　なくなりそうりゅん。	"$m0: ""Uryuuu! My strength's all gone. I feel like I'll melt away, ryun."""		enemy.maulusc	independent_dialogue_reviewed_series_terms	Independently translated from the pinned Japanese; existing species identities retained. Full wording, measured wrapping, no display abbreviation. Speech quirks and jokes are project adaptations. Preserve all semantic substitutions; replace $x indentation with measured line breaks.
companion.dialogue.096.06	dialogue	96	6	$m0「レベりゅアップ。<CR>$xしたりゅりゅん。	"$m0: ""Leve-ryu up! I've done it, ryuryun."""		enemy.maulusc	independent_dialogue_reviewed_series_terms	Independently translated from the pinned Japanese; existing species identities retained. Full wording, measured wrapping, no display abbreviation. Speech quirks and jokes are project adaptations. Preserve all semantic substitutions; replace $x indentation with measured line breaks.
companion.dialogue.096.07	dialogue	96	7	$m0「りゅーん！<CR>$xレベルが　上がったりゅん。<CR>$xうれしいりゅりゅーん。	"$m0: ""Ryuuun! My level went up, ryun! I'm so happy, ryuryuun!"""		enemy.maulusc	independent_dialogue_reviewed_series_terms	Independently translated from the pinned Japanese; existing species identities retained. Full wording, measured wrapping, no display abbreviation. Speech quirks and jokes are project adaptations. Preserve all semantic substitutions; replace $x indentation with measured line breaks.
companion.dialogue.097.00	dialogue	97	0	$m0「この　ほうたいの<CR>$x中身　見せてあげよか？<CR>$xえ　見たくない？　あ……そう。	"$m0: ""Want to see what's under these bandages? No? Oh... Right."""		enemy.mummy_boy	independent_dialogue_reviewed_series_terms	Independently translated from the pinned Japanese; existing species identities retained. Full wording, measured wrapping, no display abbreviation. Speech quirks and jokes are project adaptations. Preserve all semantic substitutions; replace $x indentation with measured line breaks.
companion.dialogue.097.01	dialogue	97	1	$m0「ミイラって<CR>$xどうやって作るか　しってる？<CR>$x……やっぱり　おしえない。	"$m0: ""Do you know how mummies are made? ...Actually, I'm not telling."""		enemy.mummy_boy	independent_dialogue_reviewed_series_terms	Independently translated from the pinned Japanese; existing species identities retained. Full wording, measured wrapping, no display abbreviation. Speech quirks and jokes are project adaptations. Preserve all semantic substitutions; replace $x indentation with measured line breaks.
companion.dialogue.097.02	dialogue	97	2	$m0「ほ　ほうたいが<CR>$xほどけて　からまって……。<CR>$xもがもが。	"$m0: ""M-my bandages are coming loose and tangling up... Mmph, mmph!"""		enemy.mummy_boy	independent_dialogue_reviewed_series_terms	Independently translated from the pinned Japanese; existing species identities retained. Full wording, measured wrapping, no display abbreviation. Speech quirks and jokes are project adaptations. Preserve all semantic substitutions; replace $x indentation with measured line breaks.
companion.dialogue.097.03	dialogue	97	3	$m0「体力が　半分しか……。<CR>$xああ　ピラミッドに帰りたい。	"$m0: ""Only half my HP left... Oh, I want to go back to the pyramid."""		enemy.mummy_boy,hp	independent_dialogue_reviewed_series_terms	Independently translated from the pinned Japanese; existing species identities retained. Full wording, measured wrapping, no display abbreviation. Speech quirks and jokes are project adaptations. Preserve all semantic substitutions; replace $x indentation with measured line breaks.
companion.dialogue.097.04	dialogue	97	4	$m0「ほ　ほうたいが<CR>$xちぎれて　中身が出そう。<CR>$xそうなったら　おしまいだ……。	"$m0: ""M-my bandages are torn. My insides might spill out. If that happens, I'm finished..."""		enemy.mummy_boy	independent_dialogue_reviewed_series_terms	Independently translated from the pinned Japanese; existing species identities retained. Full wording, measured wrapping, no display abbreviation. Speech quirks and jokes are project adaptations. Preserve all semantic substitutions; replace $x indentation with measured line breaks.
companion.dialogue.097.05	dialogue	97	5	$m0「あああー。<CR>$x体力が　もう残ってない。<CR>$xミイラとりが　ミイラに……。	"$m0: ""Aaah! I've no strength left. The mummy hunter's become a mummy..."""		enemy.mummy_boy	independent_dialogue_reviewed_series_terms	Independently translated from the pinned Japanese; existing species identities retained. Full wording, measured wrapping, no display abbreviation. Speech quirks and jokes are project adaptations. Preserve all semantic substitutions; replace $x indentation with measured line breaks.
companion.dialogue.097.06	dialogue	97	6	$m0「レベルが<CR>$x上がった記念に　新しい<CR>$xほうたい　巻いてほしいな。	"$m0: ""I'd like some new bandages to celebrate my level going up."""		enemy.mummy_boy	independent_dialogue_reviewed_series_terms	Independently translated from the pinned Japanese; existing species identities retained. Full wording, measured wrapping, no display abbreviation. Speech quirks and jokes are project adaptations. Preserve all semantic substitutions; replace $x indentation with measured line breaks.
companion.dialogue.097.07	dialogue	97	7	$m0「レベルアップ<CR>$xしたんだよ　すごいだろ？	"$m0: ""I've levelled up! Impressive, isn't it?"""		enemy.mummy_boy	independent_dialogue_reviewed_series_terms	Independently translated from the pinned Japanese; existing species identities retained. Full wording, measured wrapping, no display abbreviation. Speech quirks and jokes are project adaptations. Preserve all semantic substitutions; replace $x indentation with measured line breaks.
companion.dialogue.098.00	dialogue	98	0	$m0「聞くがよい。<CR>$xわたしの名は　$m1。<CR>$xこの名　忘れるでないぞ。	"$m0: ""Listen well. My name is $m1. Do not forget it."""		enemy.mummy	independent_dialogue_reviewed_series_terms	Independently translated from the pinned Japanese; existing species identities retained. Full wording, measured wrapping, no display abbreviation. Speech quirks and jokes are project adaptations. Preserve all semantic substitutions; replace $x indentation with measured line breaks.
companion.dialogue.098.01	dialogue	98	1	$m0「こう見えても<CR>$xわたしは　さる王家の者<CR>$xだったのだ。	"$m0: ""I may not look it, but I once belonged to a royal family."""		enemy.mummy	independent_dialogue_reviewed_series_terms	Independently translated from the pinned Japanese; existing species identities retained. Full wording, measured wrapping, no display abbreviation. Speech quirks and jokes are project adaptations. Preserve all semantic substitutions; replace $x indentation with measured line breaks.
companion.dialogue.098.02	dialogue	98	2	$m0「わたしに<CR>$x手を出すなど　おろかな。<CR>$x呪いが　かかってもしらんぞ。	"$m0: ""Foolish of them to attack me. Don't blame me if they're cursed."""		enemy.mummy	independent_dialogue_reviewed_series_terms	Independently translated from the pinned Japanese; existing species identities retained. Full wording, measured wrapping, no display abbreviation. Speech quirks and jokes are project adaptations. Preserve all semantic substitutions; replace $x indentation with measured line breaks.
companion.dialogue.098.03	dialogue	98	3	$m0「わたしの体力が<CR>$x半分になって　しまったではないか。<CR>$xおぬし　セキニンをとれよ。	"$m0: ""My HP has fallen to half. You shall take responsibility for this."""		enemy.mummy,hp	independent_dialogue_reviewed_series_terms	Independently translated from the pinned Japanese; existing species identities retained. Full wording, measured wrapping, no display abbreviation. Speech quirks and jokes are project adaptations. Preserve all semantic substitutions; replace $x indentation with measured line breaks.
companion.dialogue.098.04	dialogue	98	4	$m0「おのれ。<CR>$xわたしを　ここまで<CR>$x追いつめるとは……。	"$m0: ""Curse them! To drive me into such a corner..."""		enemy.mummy	independent_dialogue_reviewed_series_terms	Independently translated from the pinned Japanese; existing species identities retained. Full wording, measured wrapping, no display abbreviation. Speech quirks and jokes are project adaptations. Preserve all semantic substitutions; replace $x indentation with measured line breaks.
companion.dialogue.098.05	dialogue	98	5	$m0「ない……。<CR>$xわたしの体力が　もう<CR>$x残って　いないのだ！	"$m0: ""Gone... My strength is all gone!"""		enemy.mummy	independent_dialogue_reviewed_series_terms	Independently translated from the pinned Japanese; existing species identities retained. Full wording, measured wrapping, no display abbreviation. Speech quirks and jokes are project adaptations. Preserve all semantic substitutions; replace $x indentation with measured line breaks.
companion.dialogue.098.06	dialogue	98	6	$m0「レベルが<CR>$x上がったようなのだが<CR>$xレベルとは　何だ？	"$m0: ""It seems my level has risen. But what is a level?"""		enemy.mummy	independent_dialogue_reviewed_series_terms	Independently translated from the pinned Japanese; existing species identities retained. Full wording, measured wrapping, no display abbreviation. Speech quirks and jokes are project adaptations. Preserve all semantic substitutions; replace $x indentation with measured line breaks.
companion.dialogue.098.07	dialogue	98	7	$m0「ほう！<CR>$xレベルとやらが　上がって<CR>$x少し　強くなったようだぞ。	"$m0: ""Oh! This level thing has risen, and I seem to be a little stronger."""		enemy.mummy	independent_dialogue_reviewed_series_terms	Independently translated from the pinned Japanese; existing species identities retained. Full wording, measured wrapping, no display abbreviation. Speech quirks and jokes are project adaptations. Preserve all semantic substitutions; replace $x indentation with measured line breaks.
companion.dialogue.099.00	dialogue	99	0	$m0「ぐぎゃーっ。<CR>$xぐぎゃー　ぐぎゃー。	"$m0: ""Gugyaaa! Gugyaa! Gugyaa!"""		enemy.chimaera	independent_dialogue_reviewed_series_terms	Independently translated from the pinned Japanese; existing species identities retained. Full wording, measured wrapping, no display abbreviation. Speech quirks and jokes are project adaptations. Preserve all semantic substitutions; replace $x indentation with measured line breaks.
companion.dialogue.099.01	dialogue	99	1	$m0「オレって<CR>$x何と何が　まじって出来た<CR>$x生き物　なんだろぎゃ？	"$m0: ""What creatures were mixed together to make me, gya?"""		enemy.chimaera	independent_dialogue_reviewed_series_terms	Independently translated from the pinned Japanese; existing species identities retained. Full wording, measured wrapping, no display abbreviation. Speech quirks and jokes are project adaptations. Preserve all semantic substitutions; replace $x indentation with measured line breaks.
companion.dialogue.099.02	dialogue	99	2	$m0「ぐぎゅ。<CR>$xぐぎゃぎゃー。	"$m0: ""Gugyu. Gugyagyaa!"""		enemy.chimaera	independent_dialogue_reviewed_series_terms	Independently translated from the pinned Japanese; existing species identities retained. Full wording, measured wrapping, no display abbreviation. Speech quirks and jokes are project adaptations. Preserve all semantic substitutions; replace $x indentation with measured line breaks.
companion.dialogue.099.03	dialogue	99	3	$m0「えっと。<CR>$x残りの体力が　半分に<CR>$xなっちゃったぎゃ。	"$m0: ""Um... My HP's gone down to half, gya."""		enemy.chimaera,hp	independent_dialogue_reviewed_series_terms	Independently translated from the pinned Japanese; existing species identities retained. Full wording, measured wrapping, no display abbreviation. Speech quirks and jokes are project adaptations. Preserve all semantic substitutions; replace $x indentation with measured line breaks.
companion.dialogue.099.04	dialogue	99	4	$m0「ぐ……。<CR>$xぐぎぎ……。	"$m0: ""Gu... Gugigi..."""		enemy.chimaera	independent_dialogue_reviewed_series_terms	Independently translated from the pinned Japanese; existing species identities retained. Full wording, measured wrapping, no display abbreviation. Speech quirks and jokes are project adaptations. Preserve all semantic substitutions; replace $x indentation with measured line breaks.
companion.dialogue.099.05	dialogue	99	5	$m0「残りの体力が<CR>$xなくなりそうぎゃ。<CR>$x地面に　おりたいぎゃあ……。	"$m0: ""I'm nearly out of strength, gya. I want to land on the ground, gyaa..."""		enemy.chimaera	independent_dialogue_reviewed_series_terms	Independently translated from the pinned Japanese; existing species identities retained. Full wording, measured wrapping, no display abbreviation. Speech quirks and jokes are project adaptations. Preserve all semantic substitutions; replace $x indentation with measured line breaks.
companion.dialogue.099.06	dialogue	99	6	$m0「ぐぎゃっぎゃっ！<CR>$xレベルアップだぎゃっ。	"$m0: ""Gugyagya! Level up, gya!"""		enemy.chimaera	independent_dialogue_reviewed_series_terms	Independently translated from the pinned Japanese; existing species identities retained. Full wording, measured wrapping, no display abbreviation. Speech quirks and jokes are project adaptations. Preserve all semantic substitutions; replace $x indentation with measured line breaks.
companion.dialogue.099.07	dialogue	99	7	$m0「おおっ。<CR>$xレベルが　上がってしまったぎゃっ！	"$m0: ""Oh! My level's gone up, gya!"""		enemy.chimaera	independent_dialogue_reviewed_series_terms	Independently translated from the pinned Japanese; existing species identities retained. Full wording, measured wrapping, no display abbreviation. Speech quirks and jokes are project adaptations. Preserve all semantic substitutions; replace $x indentation with measured line breaks.
companion.dialogue.100.00	dialogue	100	0	$m0「やあ。<CR>$xボクが　スターの中のスターさ。<CR>$xサインなら　あとでね。	"$m0: ""Hello there. I'm a star among stars! Autographs later, please."""		enemy.cosmic_chimaera	independent_dialogue_reviewed_series_terms	Independently translated from the pinned Japanese; existing species identities retained. Full wording, measured wrapping, no display abbreviation. Speech quirks and jokes are project adaptations. Preserve all semantic substitutions; replace $x indentation with measured line breaks. Star/celebrity voice retained under Cosmic chimaera; no literal Star chimaera rename.
companion.dialogue.100.01	dialogue	100	1	$m0「並のキメラとは<CR>$xちがうところを　見せてあげよう！	"$m0: ""I'll show you how I'm different from an ordinary Chimaera!"""		enemy.chimaera,enemy.cosmic_chimaera	independent_dialogue_reviewed_series_terms	Independently translated from the pinned Japanese; existing species identities retained. Full wording, measured wrapping, no display abbreviation. Speech quirks and jokes are project adaptations. Preserve all semantic substitutions; replace $x indentation with measured line breaks. Star/celebrity voice retained under Cosmic chimaera; no literal Star chimaera rename.
companion.dialogue.100.02	dialogue	100	2	$m0「ボクの<CR>$xスピードが　見切られてる？<CR>$xでも　まだまだだね！	"$m0: ""They can keep up with my speed? They've still got a way to go!"""		enemy.cosmic_chimaera	independent_dialogue_reviewed_series_terms	Independently translated from the pinned Japanese; existing species identities retained. Full wording, measured wrapping, no display abbreviation. Speech quirks and jokes are project adaptations. Preserve all semantic substitutions; replace $x indentation with measured line breaks. Star/celebrity voice retained under Cosmic chimaera; no literal Star chimaera rename.
companion.dialogue.100.03	dialogue	100	3	$m0「ボクの<CR>$x体力が　半分しか残ってない！<CR>$xこんなことが　ゆるされるのか！？	"$m0: ""I've only got half my HP left! How can this be allowed!?"""		enemy.cosmic_chimaera,hp	independent_dialogue_reviewed_series_terms	Independently translated from the pinned Japanese; existing species identities retained. Full wording, measured wrapping, no display abbreviation. Speech quirks and jokes are project adaptations. Preserve all semantic substitutions; replace $x indentation with measured line breaks. Star/celebrity voice retained under Cosmic chimaera; no literal Star chimaera rename.
companion.dialogue.100.04	dialogue	100	4	$m0「スターである<CR>$xこのボクが　なぜ　こんな<CR>$xヒドい目に……。	"$m0: ""Why should a star like me have to suffer like this...?"""		enemy.cosmic_chimaera	independent_dialogue_reviewed_series_terms	Independently translated from the pinned Japanese; existing species identities retained. Full wording, measured wrapping, no display abbreviation. Speech quirks and jokes are project adaptations. Preserve all semantic substitutions; replace $x indentation with measured line breaks. Star/celebrity voice retained under Cosmic chimaera; no literal Star chimaera rename.
companion.dialogue.100.05	dialogue	100	5	$m0「そんな！<CR>$xボクの体力が　なくなるっ。<CR>$xつまり　それは……ああ……。	"$m0: ""No! My strength's running out! Which means... Oh..."""		enemy.cosmic_chimaera	independent_dialogue_reviewed_series_terms	Independently translated from the pinned Japanese; existing species identities retained. Full wording, measured wrapping, no display abbreviation. Speech quirks and jokes are project adaptations. Preserve all semantic substitutions; replace $x indentation with measured line breaks. Star/celebrity voice retained under Cosmic chimaera; no literal Star chimaera rename.
companion.dialogue.100.06	dialogue	100	6	$m0「ふっ。<CR>$xどうやら　レベルが<CR>$x上がってしまったよ。	"$m0: ""Heh. It seems my level has gone up."""		enemy.cosmic_chimaera	independent_dialogue_reviewed_series_terms	Independently translated from the pinned Japanese; existing species identities retained. Full wording, measured wrapping, no display abbreviation. Speech quirks and jokes are project adaptations. Preserve all semantic substitutions; replace $x indentation with measured line breaks. Star/celebrity voice retained under Cosmic chimaera; no literal Star chimaera rename.
companion.dialogue.100.07	dialogue	100	7	$m0「どうだい？<CR>$xレベルアップした　このボクは。<CR>$x美しいだろう！	"$m0: ""Well? How do I look after levelling up? Beautiful, aren't I?"""		enemy.cosmic_chimaera	independent_dialogue_reviewed_series_terms	Independently translated from the pinned Japanese; existing species identities retained. Full wording, measured wrapping, no display abbreviation. Speech quirks and jokes are project adaptations. Preserve all semantic substitutions; replace $x indentation with measured line breaks. Star/celebrity voice retained under Cosmic chimaera; no literal Star chimaera rename.
companion.dialogue.101.00	dialogue	101	0	$m0「メイジキメラの<CR>$xメイジとは　魔法つかいという<CR>$x意味なんじゃよ。	"$m0: ""The Hocus in Hocus chimaera means we're versed in hocus-pocus, you know."""		enemy.chimaera,enemy.hocus_chimaera	independent_dialogue_reviewed_series_terms	Independently translated from the pinned Japanese; existing species identities retained. Full wording, measured wrapping, no display abbreviation. Speech quirks and jokes are project adaptations. Preserve all semantic substitutions; replace $x indentation with measured line breaks. Japanese explains メイジ as magic-user; adapted to Hocus/hocus-pocus around the modern species name.
companion.dialogue.101.01	dialogue	101	1	$m0「キメラの中でも<CR>$x頭のいい者だけが　マホトーンを<CR>$xつかいこなせるんじゃ。	"$m0: ""Only the cleverest Chimaeras can master Fizzle."""		enemy.chimaera,enemy.hocus_chimaera,spell.fizzle	independent_dialogue_reviewed_series_terms	Independently translated from the pinned Japanese; existing species identities retained. Full wording, measured wrapping, no display abbreviation. Speech quirks and jokes are project adaptations. Preserve all semantic substitutions; replace $x indentation with measured line breaks.
companion.dialogue.101.02	dialogue	101	2	$m0「うぬう。<CR>$xだいぶ　やられたようじゃ。<CR>$xゆだんは　できないものよ。	"$m0: ""Ugh! I've taken quite a beating. One mustn't let one's guard down."""		enemy.hocus_chimaera	independent_dialogue_reviewed_series_terms	Independently translated from the pinned Japanese; existing species identities retained. Full wording, measured wrapping, no display abbreviation. Speech quirks and jokes are project adaptations. Preserve all semantic substitutions; replace $x indentation with measured line breaks.
companion.dialogue.101.03	dialogue	101	3	$m0「はてさて　こまったの。<CR>$x体力が　半分ほどしか　ないわい。	"$m0: ""Well, this is a problem. Only about half my HP remains."""		enemy.hocus_chimaera,hp	independent_dialogue_reviewed_series_terms	Independently translated from the pinned Japanese; existing species identities retained. Full wording, measured wrapping, no display abbreviation. Speech quirks and jokes are project adaptations. Preserve all semantic substitutions; replace $x indentation with measured line breaks.
companion.dialogue.101.04	dialogue	101	4	$m0「これは　いかん！<CR>$xわしゃ　まだ　死にとうないぞ。	"$m0: ""This won't do! I don't want to die yet!"""		enemy.hocus_chimaera	independent_dialogue_reviewed_series_terms	Independently translated from the pinned Japanese; existing species identities retained. Full wording, measured wrapping, no display abbreviation. Speech quirks and jokes are project adaptations. Preserve all semantic substitutions; replace $x indentation with measured line breaks.
companion.dialogue.101.05	dialogue	101	5	$m0「すまんのう。<CR>$xわしゃ　もう　体力が<CR>$x残っとらんので　おわりじゃ。	"$m0: ""Sorry, but I've no strength left. This is the end for me."""		enemy.hocus_chimaera	independent_dialogue_reviewed_series_terms	Independently translated from the pinned Japanese; existing species identities retained. Full wording, measured wrapping, no display abbreviation. Speech quirks and jokes are project adaptations. Preserve all semantic substitutions; replace $x indentation with measured line breaks.
companion.dialogue.101.06	dialogue	101	6	$m0「おお。<CR>$xこんな　わしでも　レベルが<CR>$x上がったぞ。	"$m0: ""Oh! Even an old fellow like me can go up a level."""		enemy.hocus_chimaera	independent_dialogue_reviewed_series_terms	Independently translated from the pinned Japanese; existing species identities retained. Full wording, measured wrapping, no display abbreviation. Speech quirks and jokes are project adaptations. Preserve all semantic substitutions; replace $x indentation with measured line breaks.
companion.dialogue.101.07	dialogue	101	7	$m0「ほっほっ。<CR>$xレベルアップしてしもうた。	"$m0: ""Ho ho! I've gone and levelled up."""		enemy.hocus_chimaera	independent_dialogue_reviewed_series_terms	Independently translated from the pinned Japanese; existing species identities retained. Full wording, measured wrapping, no display abbreviation. Speech quirks and jokes are project adaptations. Preserve all semantic substitutions; replace $x indentation with measured line breaks.
companion.dialogue.102.00	dialogue	102	0	$m0「……。<CR>$x話すことなど　何もない。	"$m0: ""...I have nothing to say."""		enemy.restless_armour	independent_dialogue_reviewed_series_terms	Independently translated from the pinned Japanese; existing species identities retained. Full wording, measured wrapping, no display abbreviation. Speech quirks and jokes are project adaptations. Preserve all semantic substitutions; replace $x indentation with measured line breaks.
companion.dialogue.102.01	dialogue	102	1	$m0「オレは　さまよう。<CR>$x今までも　これからも。	"$m0: ""I wander. As I always have, and always will."""		enemy.restless_armour	independent_dialogue_reviewed_series_terms	Independently translated from the pinned Japanese; existing species identities retained. Full wording, measured wrapping, no display abbreviation. Speech quirks and jokes are project adaptations. Preserve all semantic substitutions; replace $x indentation with measured line breaks.
companion.dialogue.102.02	dialogue	102	2	$m0「オレは　よろい。<CR>$xなまはんかな　こうげきは<CR>$x効かぬのだ。	"$m0: ""I am armour. Half-hearted attacks cannot harm me."""		enemy.restless_armour	independent_dialogue_reviewed_series_terms	Independently translated from the pinned Japanese; existing species identities retained. Full wording, measured wrapping, no display abbreviation. Speech quirks and jokes are project adaptations. Preserve all semantic substitutions; replace $x indentation with measured line breaks.
companion.dialogue.102.03	dialogue	102	3	$m0「半分……。<CR>$xオレの体力は　半分だ。	"$m0: ""Half... Half my HP remains."""		enemy.restless_armour,hp	independent_dialogue_reviewed_series_terms	Independently translated from the pinned Japanese; existing species identities retained. Full wording, measured wrapping, no display abbreviation. Speech quirks and jokes are project adaptations. Preserve all semantic substitutions; replace $x indentation with measured line breaks.
companion.dialogue.102.04	dialogue	102	4	$m0「さまよい　つづけた<CR>$xこのオレの　さいごの地は<CR>$xここに　なりそうだ……。	"$m0: ""After all my wandering, this may be where I meet my end..."""		enemy.restless_armour	independent_dialogue_reviewed_series_terms	Independently translated from the pinned Japanese; existing species identities retained. Full wording, measured wrapping, no display abbreviation. Speech quirks and jokes are project adaptations. Preserve all semantic substitutions; replace $x indentation with measured line breaks.
companion.dialogue.102.05	dialogue	102	5	$m0「ない……。<CR>$xオレの体力は　もう残っていない。	"$m0: ""Gone... My strength is all gone."""		enemy.restless_armour	independent_dialogue_reviewed_series_terms	Independently translated from the pinned Japanese; existing species identities retained. Full wording, measured wrapping, no display abbreviation. Speech quirks and jokes are project adaptations. Preserve all semantic substitutions; replace $x indentation with measured line breaks.
companion.dialogue.102.06	dialogue	102	6	$m0「ふ……。<CR>$xレベルが　いくら上がろうと<CR>$xオレは　さまよう身。	"$m0: ""Heh... However many levels I gain, I remain a wanderer."""		enemy.restless_armour	independent_dialogue_reviewed_series_terms	Independently translated from the pinned Japanese; existing species identities retained. Full wording, measured wrapping, no display abbreviation. Speech quirks and jokes are project adaptations. Preserve all semantic substitutions; replace $x indentation with measured line breaks.
companion.dialogue.102.07	dialogue	102	7	$m0「レベルよりも<CR>$x住む家が　ほしいと思う<CR>$x今日このごろ。	"$m0: ""These days, I'd rather have a home than another level."""		enemy.restless_armour	independent_dialogue_reviewed_series_terms	Independently translated from the pinned Japanese; existing species identities retained. Full wording, measured wrapping, no display abbreviation. Speech quirks and jokes are project adaptations. Preserve all semantic substitutions; replace $x indentation with measured line breaks.
companion.dialogue.103.00	dialogue	103	0	$m0「わが　よろいは<CR>$xそこらの　よろいとは<CR>$xわけが　ちがうのだ。	"$m0: ""My armour is quite unlike the ordinary kind."""		enemy.lethal_armour	independent_dialogue_reviewed_series_terms	Independently translated from the pinned Japanese; existing species identities retained. Full wording, measured wrapping, no display abbreviation. Speech quirks and jokes are project adaptations. Preserve all semantic substitutions; replace $x indentation with measured line breaks.
companion.dialogue.103.01	dialogue	103	1	$m0「戦いは<CR>$x間合いが　大切なのだよ。	"$m0: ""In battle, keeping the right distance is vital."""		enemy.lethal_armour	independent_dialogue_reviewed_series_terms	Independently translated from the pinned Japanese; existing species identities retained. Full wording, measured wrapping, no display abbreviation. Speech quirks and jokes are project adaptations. Preserve all semantic substitutions; replace $x indentation with measured line breaks.
companion.dialogue.103.02	dialogue	103	2	$m0「むう。<CR>$xじまんの　よろいに<CR>$xこんなにも　キズが……。	"$m0: ""Hmm. So many scratches on my prized armour..."""		enemy.lethal_armour	independent_dialogue_reviewed_series_terms	Independently translated from the pinned Japanese; existing species identities retained. Full wording, measured wrapping, no display abbreviation. Speech quirks and jokes are project adaptations. Preserve all semantic substitutions; replace $x indentation with measured line breaks.
companion.dialogue.103.03	dialogue	103	3	$m0「まだ　平気だ。<CR>$xわが体力は　半分はある。	"$m0: ""I'm still fine. Half my HP remains."""		enemy.lethal_armour,hp	independent_dialogue_reviewed_series_terms	Independently translated from the pinned Japanese; existing species identities retained. Full wording, measured wrapping, no display abbreviation. Speech quirks and jokes are project adaptations. Preserve all semantic substitutions; replace $x indentation with measured line breaks.
companion.dialogue.103.04	dialogue	103	4	$m0「なんと……。<CR>$xわが　よろいが　これほどまでに<CR>$xうちのめされるとは……。	"$m0: ""What...? To think my armour could be battered so badly..."""		enemy.lethal_armour	independent_dialogue_reviewed_series_terms	Independently translated from the pinned Japanese; existing species identities retained. Full wording, measured wrapping, no display abbreviation. Speech quirks and jokes are project adaptations. Preserve all semantic substitutions; replace $x indentation with measured line breaks.
companion.dialogue.103.05	dialogue	103	5	$m0「すまんな。<CR>$xわが体力は　もう少ない。<CR>$xそれほどは　もたんぞ。	"$m0: ""Sorry. Little strength remains. I won't last much longer."""		enemy.lethal_armour	independent_dialogue_reviewed_series_terms	Independently translated from the pinned Japanese; existing species identities retained. Full wording, measured wrapping, no display abbreviation. Speech quirks and jokes are project adaptations. Preserve all semantic substitutions; replace $x indentation with measured line breaks.
companion.dialogue.103.06	dialogue	103	6	$m0「レベルが上がり<CR>$xわが　よろいも　さらに<CR>$x強さを　増したようだ。	"$m0: ""My level has risen, and my armour seems stronger still."""		enemy.lethal_armour	independent_dialogue_reviewed_series_terms	Independently translated from the pinned Japanese; existing species identities retained. Full wording, measured wrapping, no display abbreviation. Speech quirks and jokes are project adaptations. Preserve all semantic substitutions; replace $x indentation with measured line breaks.
companion.dialogue.103.07	dialogue	103	7	$m0「レベルアップか。<CR>$xふふ　戦いとは　楽しいものよ。	"$m0: ""Level up, eh? Heh heh. Battle is a joy."""		enemy.lethal_armour	independent_dialogue_reviewed_series_terms	Independently translated from the pinned Japanese; existing species identities retained. Full wording, measured wrapping, no display abbreviation. Speech quirks and jokes are project adaptations. Preserve all semantic substitutions; replace $x indentation with measured line breaks.
companion.dialogue.104.00	dialogue	104	0	$m0「ふふふ。<CR>$x私の　よろいの中には<CR>$xじごくが　広がっているのだ。	"$m0: ""Heh heh. Within my armour lies the vastness of hell."""		enemy.infernal_armour	independent_dialogue_reviewed_series_terms	Independently translated from the pinned Japanese; existing species identities retained. Full wording, measured wrapping, no display abbreviation. Speech quirks and jokes are project adaptations. Preserve all semantic substitutions; replace $x indentation with measured line breaks.
companion.dialogue.104.01	dialogue	104	1	$m0「まちがっても<CR>$x私を　身につけようなどとは<CR>$x思わぬことだ。	"$m0: ""Never, even by mistake, think of trying to wear me."""		enemy.infernal_armour	independent_dialogue_reviewed_series_terms	Independently translated from the pinned Japanese; existing species identities retained. Full wording, measured wrapping, no display abbreviation. Speech quirks and jokes are project adaptations. Preserve all semantic substitutions; replace $x indentation with measured line breaks.
companion.dialogue.104.02	dialogue	104	2	$m0「おお……。<CR>$x私のよろいに　大きなキズが。<CR>$xじごくが　もれてしまう。	"$m0: ""Oh... A great gash in my armour. Hell will leak out."""		enemy.infernal_armour	independent_dialogue_reviewed_series_terms	Independently translated from the pinned Japanese; existing species identities retained. Full wording, measured wrapping, no display abbreviation. Speech quirks and jokes are project adaptations. Preserve all semantic substitutions; replace $x indentation with measured line breaks.
companion.dialogue.104.03	dialogue	104	3	$m0「さて　残りの<CR>$x体力は　およそ半分。<CR>$xどう　戦うか。	"$m0: ""Now, about half my HP remains. How shall I fight?"""		enemy.infernal_armour,hp	independent_dialogue_reviewed_series_terms	Independently translated from the pinned Japanese; existing species identities retained. Full wording, measured wrapping, no display abbreviation. Speech quirks and jokes are project adaptations. Preserve all semantic substitutions; replace $x indentation with measured line breaks.
companion.dialogue.104.04	dialogue	104	4	$m0「も　もう<CR>$xよろいが　ささえきれん……。	"$m0: ""I-I can no longer hold this armour together..."""		enemy.infernal_armour	independent_dialogue_reviewed_series_terms	Independently translated from the pinned Japanese; existing species identities retained. Full wording, measured wrapping, no display abbreviation. Speech quirks and jokes are project adaptations. Preserve all semantic substitutions; replace $x indentation with measured line breaks.
companion.dialogue.104.05	dialogue	104	5	$m0「ううむ。<CR>$x残りの体力が　心もとない。<CR>$xいかにして　乗り切るか。	"$m0: ""Hmm. My remaining strength is worryingly low. How shall I get through this?"""		enemy.infernal_armour	independent_dialogue_reviewed_series_terms	Independently translated from the pinned Japanese; existing species identities retained. Full wording, measured wrapping, no display abbreviation. Speech quirks and jokes are project adaptations. Preserve all semantic substitutions; replace $x indentation with measured line breaks.
companion.dialogue.104.06	dialogue	104	6	$m0「ふっ。<CR>$xレベルアップか……。<CR>$xいいぞ　もっとだ！！	"$m0: ""Heh. Level up...? Good! More!"""		enemy.infernal_armour	independent_dialogue_reviewed_series_terms	Independently translated from the pinned Japanese; existing species identities retained. Full wording, measured wrapping, no display abbreviation. Speech quirks and jokes are project adaptations. Preserve all semantic substitutions; replace $x indentation with measured line breaks.
companion.dialogue.104.07	dialogue	104	7	$m0「ふふふ　どうやら<CR>$xレベルが　上がったようだ。	"$m0: ""Heh heh. It seems my level has risen."""		enemy.infernal_armour	independent_dialogue_reviewed_series_terms	Independently translated from the pinned Japanese; existing species identities retained. Full wording, measured wrapping, no display abbreviation. Speech quirks and jokes are project adaptations. Preserve all semantic substitutions; replace $x indentation with measured line breaks.
companion.dialogue.105.00	dialogue	105	0	$m0「ウオオオーッ！<CR>$xみんな　ふきとんだな！	"$m0: ""ROOOAR! Sent everyone flying, I did!"""		enemy.gigantes	independent_dialogue_reviewed_series_terms	Independently translated from the pinned Japanese; existing species identities retained. Full wording, measured wrapping, no display abbreviation. Speech quirks and jokes are project adaptations. Preserve all semantic substitutions; replace $x indentation with measured line breaks.
companion.dialogue.105.01	dialogue	105	1	$m0「オラのチカラの前に<CR>$x敵は　ないんだな。	"$m0: ""No enemy can stand up to my strength, no sir."""		enemy.gigantes	independent_dialogue_reviewed_series_terms	Independently translated from the pinned Japanese; existing species identities retained. Full wording, measured wrapping, no display abbreviation. Speech quirks and jokes are project adaptations. Preserve all semantic substitutions; replace $x indentation with measured line breaks.
companion.dialogue.105.02	dialogue	105	2	$m0「ちっこいヤツらが<CR>$xたばになって　オラを<CR>$xいじめるんだな。	"$m0: ""The little ones are ganging up on me, they are."""		enemy.gigantes	independent_dialogue_reviewed_series_terms	Independently translated from the pinned Japanese; existing species identities retained. Full wording, measured wrapping, no display abbreviation. Speech quirks and jokes are project adaptations. Preserve all semantic substitutions; replace $x indentation with measured line breaks.
companion.dialogue.105.03	dialogue	105	3	$m0「オラの体力が<CR>$x半分まで　なくなっちゃったんだな。	"$m0: ""My HP's gone down to half, it has."""		enemy.gigantes,hp	independent_dialogue_reviewed_series_terms	Independently translated from the pinned Japanese; existing species identities retained. Full wording, measured wrapping, no display abbreviation. Speech quirks and jokes are project adaptations. Preserve all semantic substitutions; replace $x indentation with measured line breaks.
companion.dialogue.105.04	dialogue	105	4	$m0「オ　オラは　もう<CR>$xダメなん……だな。	"$m0: ""I-I think I'm done for... I do."""		enemy.gigantes	independent_dialogue_reviewed_series_terms	Independently translated from the pinned Japanese; existing species identities retained. Full wording, measured wrapping, no display abbreviation. Speech quirks and jokes are project adaptations. Preserve all semantic substitutions; replace $x indentation with measured line breaks.
companion.dialogue.105.05	dialogue	105	5	$m0「まずいんだな。<CR>$xオラの体力が　ほとんど<CR>$xなくなってるんだな。	"$m0: ""This is bad, it is. Nearly all my strength's gone, it has."""		enemy.gigantes	independent_dialogue_reviewed_series_terms	Independently translated from the pinned Japanese; existing species identities retained. Full wording, measured wrapping, no display abbreviation. Speech quirks and jokes are project adaptations. Preserve all semantic substitutions; replace $x indentation with measured line breaks.
companion.dialogue.105.06	dialogue	105	6	$m0「ウオッ！<CR>$xレベルアップ　したんだな！	"$m0: ""ROAR! I've levelled up, I have!"""		enemy.gigantes	independent_dialogue_reviewed_series_terms	Independently translated from the pinned Japanese; existing species identities retained. Full wording, measured wrapping, no display abbreviation. Speech quirks and jokes are project adaptations. Preserve all semantic substitutions; replace $x indentation with measured line breaks.
companion.dialogue.105.07	dialogue	105	7	$m0「やった！<CR>$xオラのレベルが　上がったんだな。	"$m0: ""Hooray! My level's gone up, it has!"""		enemy.gigantes	independent_dialogue_reviewed_series_terms	Independently translated from the pinned Japanese; existing species identities retained. Full wording, measured wrapping, no display abbreviation. Speech quirks and jokes are project adaptations. Preserve all semantic substitutions; replace $x indentation with measured line breaks.
companion.dialogue.106.00	dialogue	106	0	$m0「ふふん。<CR>$xワシが　チカラをためれば<CR>$xなんでも　ブッこわれるぞ。	"$m0: ""Heh! Once I store up my strength, I can smash anything."""		enemy.atlas	independent_dialogue_reviewed_series_terms	Independently translated from the pinned Japanese; existing species identities retained. Full wording, measured wrapping, no display abbreviation. Speech quirks and jokes are project adaptations. Preserve all semantic substitutions; replace $x indentation with measured line breaks.
companion.dialogue.106.01	dialogue	106	1	$m0「ワシは　大巨人アトラス。<CR>$xお前は　小さいが　なかなか<CR>$x勇気があるようだな。	"$m0: ""I am Atlas, the great giant. You're small, but you seem quite brave."""		enemy.atlas	independent_dialogue_reviewed_series_terms	Independently translated from the pinned Japanese; existing species identities retained. Full wording, measured wrapping, no display abbreviation. Speech quirks and jokes are project adaptations. Preserve all semantic substitutions; replace $x indentation with measured line breaks.
companion.dialogue.106.02	dialogue	106	2	$m0「ワシの前に<CR>$xたちふさがる　おろか者の<CR>$xなんと　多いことよ！	"$m0: ""So many fools dare to stand in my way!"""		enemy.atlas	independent_dialogue_reviewed_series_terms	Independently translated from the pinned Japanese; existing species identities retained. Full wording, measured wrapping, no display abbreviation. Speech quirks and jokes are project adaptations. Preserve all semantic substitutions; replace $x indentation with measured line breaks.
companion.dialogue.106.03	dialogue	106	3	$m0「ワシの体力は<CR>$xまだ半分は　残っておる。<CR>$xそれで　じゅうぶんであろう。	"$m0: ""I still have half my HP. That should be plenty."""		enemy.atlas,hp	independent_dialogue_reviewed_series_terms	Independently translated from the pinned Japanese; existing species identities retained. Full wording, measured wrapping, no display abbreviation. Speech quirks and jokes are project adaptations. Preserve all semantic substitutions; replace $x indentation with measured line breaks.
companion.dialogue.106.04	dialogue	106	4	$m0「むう。<CR>$xたいしたことのないキズも<CR>$xつもれば　命とりと　なるか……。	"$m0: ""Hmm. Even trifling wounds can prove fatal if enough accumulate..."""		enemy.atlas	independent_dialogue_reviewed_series_terms	Independently translated from the pinned Japanese; existing species identities retained. Full wording, measured wrapping, no display abbreviation. Speech quirks and jokes are project adaptations. Preserve all semantic substitutions; replace $x indentation with measured line breaks.
companion.dialogue.106.05	dialogue	106	5	$m0「残りの体力が<CR>$x少しばかり　心もとないが……。<CR>$xまだ　倒れはせぬよ。	"$m0: ""My remaining strength is a little worrying... But I shall not fall yet."""		enemy.atlas	independent_dialogue_reviewed_series_terms	Independently translated from the pinned Japanese; existing species identities retained. Full wording, measured wrapping, no display abbreviation. Speech quirks and jokes are project adaptations. Preserve all semantic substitutions; replace $x indentation with measured line breaks.
companion.dialogue.106.06	dialogue	106	6	$m0「ほほう。<CR>$x気がついたら　レベルが<CR>$x上がっていたようだな。	"$m0: ""Oh? It seems my level went up before I knew it."""		enemy.atlas	independent_dialogue_reviewed_series_terms	Independently translated from the pinned Japanese; existing species identities retained. Full wording, measured wrapping, no display abbreviation. Speech quirks and jokes are project adaptations. Preserve all semantic substitutions; replace $x indentation with measured line breaks.
companion.dialogue.106.07	dialogue	106	7	$m0「うむ。<CR>$xレベルアップしたぞ。	"$m0: ""Indeed. I have levelled up."""		enemy.atlas	independent_dialogue_reviewed_series_terms	Independently translated from the pinned Japanese; existing species identities retained. Full wording, measured wrapping, no display abbreviation. Speech quirks and jokes are project adaptations. Preserve all semantic substitutions; replace $x indentation with measured line breaks.
companion.dialogue.107.00	dialogue	107	0	$m0「われこそは<CR>$xデーモンの中の　デーモン！<CR>$xさあ　おそれよ！！	"$m0: ""I am the demon above all demons! Now tremble before me!"""		enemy.archdemon	independent_dialogue_reviewed_series_terms	Independently translated from the pinned Japanese; existing species identities retained. Full wording, measured wrapping, no display abbreviation. Speech quirks and jokes are project adaptations. Preserve all semantic substitutions; replace $x indentation with measured line breaks.
companion.dialogue.107.01	dialogue	107	1	$m0「こわっぱどもが<CR>$x何人　かかってこようと<CR>$xわしの敵では　ないわっ。	"$m0: ""However many of these whelps attack, they are no match for me!"""		enemy.archdemon	independent_dialogue_reviewed_series_terms	Independently translated from the pinned Japanese; existing species identities retained. Full wording, measured wrapping, no display abbreviation. Speech quirks and jokes are project adaptations. Preserve all semantic substitutions; replace $x indentation with measured line breaks.
companion.dialogue.107.02	dialogue	107	2	$m0「この　わしに<CR>$xキズを　つけたか……。<CR>$xいいぞ　もっと　やってみろ！	"$m0: ""So, they have wounded me...? Good! Let them try some more!"""		enemy.archdemon	independent_dialogue_reviewed_series_terms	Independently translated from the pinned Japanese; existing species identities retained. Full wording, measured wrapping, no display abbreviation. Speech quirks and jokes are project adaptations. Preserve all semantic substitutions; replace $x indentation with measured line breaks.
companion.dialogue.107.03	dialogue	107	3	$m0「まだまだ！<CR>$x体力が半分も　残っておれば<CR>$x何も　モンダイはない！	"$m0: ""Not yet! With half my HP still left, there is no problem at all!"""		enemy.archdemon,hp	independent_dialogue_reviewed_series_terms	Independently translated from the pinned Japanese; existing species identities retained. Full wording, measured wrapping, no display abbreviation. Speech quirks and jokes are project adaptations. Preserve all semantic substitutions; replace $x indentation with measured line breaks.
companion.dialogue.107.04	dialogue	107	4	$m0「ぐお……。<CR>$xこ……こんなバカなことがっ。<CR>$xわしが　やぶれると言うのかっ！	"$m0: ""Grr... I-impossible! Are you saying I shall be defeated!?"""		enemy.archdemon	independent_dialogue_reviewed_series_terms	Independently translated from the pinned Japanese; existing species identities retained. Full wording, measured wrapping, no display abbreviation. Speech quirks and jokes are project adaptations. Preserve all semantic substitutions; replace $x indentation with measured line breaks.
companion.dialogue.107.05	dialogue	107	5	$m0「ぬぐうっ。<CR>$xこの　わしの体力を　ここまで<CR>$x減らすとは　なかなかだ！	"$m0: ""Ugh! To rob me of so much strength... Not bad!"""		enemy.archdemon	independent_dialogue_reviewed_series_terms	Independently translated from the pinned Japanese; existing species identities retained. Full wording, measured wrapping, no display abbreviation. Speech quirks and jokes are project adaptations. Preserve all semantic substitutions; replace $x indentation with measured line breaks.
companion.dialogue.107.06	dialogue	107	6	$m0「よろこべ。<CR>$xわしのレベルが<CR>$x上がりおったのだ！	"$m0: ""Rejoice! My level has risen!"""		enemy.archdemon	independent_dialogue_reviewed_series_terms	Independently translated from the pinned Japanese; existing species identities retained. Full wording, measured wrapping, no display abbreviation. Speech quirks and jokes are project adaptations. Preserve all semantic substitutions; replace $x indentation with measured line breaks.
companion.dialogue.107.07	dialogue	107	7	$m0「レベルアップした<CR>$xこの　わしの　いきおいは<CR>$xだれにも　止められんぞっ。	"$m0: ""Now that I have levelled up, nobody can stop my advance!"""		enemy.archdemon	independent_dialogue_reviewed_series_terms	Independently translated from the pinned Japanese; existing species identities retained. Full wording, measured wrapping, no display abbreviation. Speech quirks and jokes are project adaptations. Preserve all semantic substitutions; replace $x indentation with measured line breaks.
companion.dialogue.108.00	dialogue	108	0	$m0「くだらん……。<CR>$xこんな　戦いのために<CR>$x我を　呼び出したのか。	"$m0: ""Ridiculous... You summoned me for a battle like this?"""		enemy.belial	independent_dialogue_reviewed_series_terms	Independently translated from the pinned Japanese; existing species identities retained. Full wording, measured wrapping, no display abbreviation. Speech quirks and jokes are project adaptations. Preserve all semantic substitutions; replace $x indentation with measured line breaks.
companion.dialogue.108.01	dialogue	108	1	$m0「我も　ヒマではない。<CR>$xさっさと　かたづけて<CR>$x先をいそぐと　するぞ。	"$m0: ""I have better things to do. Let us finish this quickly and move on."""		enemy.belial	independent_dialogue_reviewed_series_terms	Independently translated from the pinned Japanese; existing species identities retained. Full wording, measured wrapping, no display abbreviation. Speech quirks and jokes are project adaptations. Preserve all semantic substitutions; replace $x indentation with measured line breaks.
companion.dialogue.108.02	dialogue	108	2	$m0「我に　戦いを<CR>$xいどむには　まだまだ<CR>$xチカラが　たりないな！	"$m0: ""They are still far too weak to challenge me!"""		enemy.belial	independent_dialogue_reviewed_series_terms	Independently translated from the pinned Japanese; existing species identities retained. Full wording, measured wrapping, no display abbreviation. Speech quirks and jokes are project adaptations. Preserve all semantic substitutions; replace $x indentation with measured line breaks.
companion.dialogue.108.03	dialogue	108	3	$m0「なんだ。<CR>$x我のことを　しりたいか？<CR>$x我の残り体力は　半分だ。	"$m0: ""What? You want to know how I fare? Half my HP remains."""		enemy.belial,hp	independent_dialogue_reviewed_series_terms	Independently translated from the pinned Japanese; existing species identities retained. Full wording, measured wrapping, no display abbreviation. Speech quirks and jokes are project adaptations. Preserve all semantic substitutions; replace $x indentation with measured line breaks.
companion.dialogue.108.04	dialogue	108	4	$m0「ほう。<CR>$x我を　ここまで　追いこむとは<CR>$xなかなか　やりおるわ。	"$m0: ""Oh? To drive me this far into a corner... Quite impressive."""		enemy.belial	independent_dialogue_reviewed_series_terms	Independently translated from the pinned Japanese; existing species identities retained. Full wording, measured wrapping, no display abbreviation. Speech quirks and jokes are project adaptations. Preserve all semantic substitutions; replace $x indentation with measured line breaks.
companion.dialogue.108.05	dialogue	108	5	$m0「我の残り体力は<CR>$x今や　風前の　ともしび。<CR>$x話しておるヒマは　ない。	"$m0: ""My remaining strength is a candle in the wind. There is no time to talk."""		enemy.belial	independent_dialogue_reviewed_series_terms	Independently translated from the pinned Japanese; existing species identities retained. Full wording, measured wrapping, no display abbreviation. Speech quirks and jokes are project adaptations. Preserve all semantic substitutions; replace $x indentation with measured line breaks.
companion.dialogue.108.06	dialogue	108	6	$m0「レベルなど<CR>$xとうに　上がりつくしたと<CR>$x思っておったが……。	"$m0: ""I thought I had long since gained every level there was to gain..."""		enemy.belial	independent_dialogue_reviewed_series_terms	Independently translated from the pinned Japanese; existing species identities retained. Full wording, measured wrapping, no display abbreviation. Speech quirks and jokes are project adaptations. Preserve all semantic substitutions; replace $x indentation with measured line breaks.
companion.dialogue.108.07	dialogue	108	7	$m0「いかんな。<CR>$xうっかり　レベルを上げて<CR>$xしまったぞ　ふふふ。	"$m0: ""How careless. I've gone and raised my level. Heh heh."""		enemy.belial	independent_dialogue_reviewed_series_terms	Independently translated from the pinned Japanese; existing species identities retained. Full wording, measured wrapping, no display abbreviation. Speech quirks and jokes are project adaptations. Preserve all semantic substitutions; replace $x indentation with measured line breaks.
companion.dialogue.109.00	dialogue	109	0	$m0「木づちが<CR>$x重くないかって？<CR>$xこんなの　平気さ～。	"$m0: ""Is my mallet heavy? Nah! This is nothing!"""		enemy.hammerhood	independent_dialogue_reviewed_series_terms	Independently translated from the pinned Japanese; existing species identities retained. Full wording, measured wrapping, no display abbreviation. Speech quirks and jokes are project adaptations. Preserve all semantic substitutions; replace $x indentation with measured line breaks.
companion.dialogue.109.01	dialogue	109	1	$m0「ちっこい身体に<CR>$xひめられた　パワーを<CR>$x見せてあげるよ！	"$m0: ""I'll show you the power hidden in this tiny body!"""		enemy.hammerhood	independent_dialogue_reviewed_series_terms	Independently translated from the pinned Japanese; existing species identities retained. Full wording, measured wrapping, no display abbreviation. Speech quirks and jokes are project adaptations. Preserve all semantic substitutions; replace $x indentation with measured line breaks.
companion.dialogue.109.02	dialogue	109	2	$m0「おっとと。<CR>$xちょっと　フラついちゃった。	"$m0: ""Whoops! Got a bit unsteady there."""		enemy.hammerhood	independent_dialogue_reviewed_series_terms	Independently translated from the pinned Japanese; existing species identities retained. Full wording, measured wrapping, no display abbreviation. Speech quirks and jokes are project adaptations. Preserve all semantic substitutions; replace $x indentation with measured line breaks.
companion.dialogue.109.03	dialogue	109	3	$m0「あちゃー。<CR>$x体力が　半分になってるよ。<CR>$xちょっと　あぶないかな？	"$m0: ""Uh-oh! My HP's down to half. Am I in a bit of trouble?"""		enemy.hammerhood,hp	independent_dialogue_reviewed_series_terms	Independently translated from the pinned Japanese; existing species identities retained. Full wording, measured wrapping, no display abbreviation. Speech quirks and jokes are project adaptations. Preserve all semantic substitutions; replace $x indentation with measured line breaks.
companion.dialogue.109.04	dialogue	109	4	$m0「木づちが<CR>$xこんなに　重いなんて……。	"$m0: ""I never knew this mallet could be so heavy..."""		enemy.hammerhood	independent_dialogue_reviewed_series_terms	Independently translated from the pinned Japanese; existing species identities retained. Full wording, measured wrapping, no display abbreviation. Speech quirks and jokes are project adaptations. Preserve all semantic substitutions; replace $x indentation with measured line breaks.
companion.dialogue.109.05	dialogue	109	5	$m0「体力が　もう<CR>$xぜんぜん　残ってないよ。<CR>$xおいら　ここまでなのかな。	"$m0: ""I've got no strength left at all. Is this the end for me?"""		enemy.hammerhood	independent_dialogue_reviewed_series_terms	Independently translated from the pinned Japanese; existing species identities retained. Full wording, measured wrapping, no display abbreviation. Speech quirks and jokes are project adaptations. Preserve all semantic substitutions; replace $x indentation with measured line breaks.
companion.dialogue.109.06	dialogue	109	6	$m0「ビックリした！<CR>$xとつぜん　レベルが上がったよ。	"$m0: ""What a surprise! My level suddenly went up!"""		enemy.hammerhood	independent_dialogue_reviewed_series_terms	Independently translated from the pinned Japanese; existing species identities retained. Full wording, measured wrapping, no display abbreviation. Speech quirks and jokes are project adaptations. Preserve all semantic substitutions; replace $x indentation with measured line breaks.
companion.dialogue.109.07	dialogue	109	7	$m0「やったよ！<CR>$xおいら　レベルアップした！！	"$m0: ""I did it! I've levelled up!"""		enemy.hammerhood	independent_dialogue_reviewed_series_terms	Independently translated from the pinned Japanese; existing species identities retained. Full wording, measured wrapping, no display abbreviation. Speech quirks and jokes are project adaptations. Preserve all semantic substitutions; replace $x indentation with measured line breaks.
companion.dialogue.110.00	dialogue	110	0	$m0「少しでも<CR>$xあんたの　手つだいが<CR>$xできるよう　がんばるぞ。	"$m0: ""I'll do my best to help you, even if it's only a little."""		enemy.brownie	independent_dialogue_reviewed_series_terms	Independently translated from the pinned Japanese; existing species identities retained. Full wording, measured wrapping, no display abbreviation. Speech quirks and jokes are project adaptations. Preserve all semantic substitutions; replace $x indentation with measured line breaks.
companion.dialogue.110.01	dialogue	110	1	$m0「はああああっ！<CR>$x……チカラを　ためてたのに<CR>$xジャマしないで　ほしいな。	"$m0: ""Haaaaah! ...I was storing up power. Please don't interrupt."""		enemy.brownie	independent_dialogue_reviewed_series_terms	Independently translated from the pinned Japanese; existing species identities retained. Full wording, measured wrapping, no display abbreviation. Speech quirks and jokes are project adaptations. Preserve all semantic substitutions; replace $x indentation with measured line breaks.
companion.dialogue.110.02	dialogue	110	2	$m0「少しくらい<CR>$xこうげき　食らっても<CR>$xオレは　へこたれないぞ。	"$m0: ""A few hits won't get me down."""		enemy.brownie	independent_dialogue_reviewed_series_terms	Independently translated from the pinned Japanese; existing species identities retained. Full wording, measured wrapping, no display abbreviation. Speech quirks and jokes are project adaptations. Preserve all semantic substitutions; replace $x indentation with measured line breaks.
companion.dialogue.110.03	dialogue	110	3	$m0「だいぶ　やられて<CR>$x体力が半分に　なったけど<CR>$xまだまだ　がんばれるよ。	"$m0: ""I've taken a beating and my HP's down to half, but I can still keep going."""		enemy.brownie,hp	independent_dialogue_reviewed_series_terms	Independently translated from the pinned Japanese; existing species identities retained. Full wording, measured wrapping, no display abbreviation. Speech quirks and jokes are project adaptations. Preserve all semantic substitutions; replace $x indentation with measured line breaks.
companion.dialogue.110.04	dialogue	110	4	$m0「……オレは<CR>$xまだ　くじけないぞ。<CR>$xもっと　がんばるんだ。	"$m0: ""...I won't lose heart yet. I'll try even harder."""		enemy.brownie	independent_dialogue_reviewed_series_terms	Independently translated from the pinned Japanese; existing species identities retained. Full wording, measured wrapping, no display abbreviation. Speech quirks and jokes are project adaptations. Preserve all semantic substitutions; replace $x indentation with measured line breaks.
companion.dialogue.110.05	dialogue	110	5	$m0「ごめんよ。<CR>$xもう体力が　なくなりそうなんだ。	"$m0: ""I'm sorry. I'm nearly out of strength."""		enemy.brownie	independent_dialogue_reviewed_series_terms	Independently translated from the pinned Japanese; existing species identities retained. Full wording, measured wrapping, no display abbreviation. Speech quirks and jokes are project adaptations. Preserve all semantic substitutions; replace $x indentation with measured line breaks.
companion.dialogue.110.06	dialogue	110	6	$m0「よし！<CR>$xだいぶ　がんばったから<CR>$xレベルが　上がったよ！	"$m0: ""All right! All that hard work made my level go up!"""		enemy.brownie	independent_dialogue_reviewed_series_terms	Independently translated from the pinned Japanese; existing species identities retained. Full wording, measured wrapping, no display abbreviation. Speech quirks and jokes are project adaptations. Preserve all semantic substitutions; replace $x indentation with measured line breaks.
companion.dialogue.110.07	dialogue	110	7	$m0「がんばれば<CR>$xレベルアップも　早いんだ。<CR>$xあんたも　がんばれ！	"$m0: ""Work hard and you'll level up faster. You do your best too!"""		enemy.brownie	independent_dialogue_reviewed_series_terms	Independently translated from the pinned Japanese; existing species identities retained. Full wording, measured wrapping, no display abbreviation. Speech quirks and jokes are project adaptations. Preserve all semantic substitutions; replace $x indentation with measured line breaks.
companion.dialogue.111.00	dialogue	111	0	$m0「オイラの　こうらは<CR>$xめっちゃ　カタいからな！<CR>$x呪文なんか　へっちゃらさ。	"$m0: ""My shell's incredibly tough! Spells don't bother me at all."""		enemy.handsome_crab	independent_dialogue_reviewed_series_terms	Independently translated from the pinned Japanese; existing species identities retained. Full wording, measured wrapping, no display abbreviation. Speech quirks and jokes are project adaptations. Preserve all semantic substitutions; replace $x indentation with measured line breaks.
companion.dialogue.111.01	dialogue	111	1	$m0「ジャンケンするか？<CR>$xオイラ　ジャンケンには<CR>$x自信が　あるんだ！	"$m0: ""Fancy rock-paper-scissors? I'm pretty confident I'll win!"""		enemy.handsome_crab	independent_dialogue_reviewed_series_terms	Independently translated from the pinned Japanese; existing species identities retained. Full wording, measured wrapping, no display abbreviation. Speech quirks and jokes are project adaptations. Preserve all semantic substitutions; replace $x indentation with measured line breaks.
companion.dialogue.111.02	dialogue	111	2	$m0「オイラは　たしかに<CR>$xカニなんだけど　食べても<CR>$xうまくは　ないぞ！	"$m0: ""Sure, I'm a crab, but I don't taste good!"""		enemy.handsome_crab	independent_dialogue_reviewed_series_terms	Independently translated from the pinned Japanese; existing species identities retained. Full wording, measured wrapping, no display abbreviation. Speech quirks and jokes are project adaptations. Preserve all semantic substitutions; replace $x indentation with measured line breaks.
companion.dialogue.111.03	dialogue	111	3	$m0「まだまだ<CR>$xオイラの体力は　半分も<CR>$x残ってるから　へっちゃらさ。	"$m0: ""I've still got half my HP. Nothing to worry about!"""		enemy.handsome_crab,hp	independent_dialogue_reviewed_series_terms	Independently translated from the pinned Japanese; existing species identities retained. Full wording, measured wrapping, no display abbreviation. Speech quirks and jokes are project adaptations. Preserve all semantic substitutions; replace $x indentation with measured line breaks.
companion.dialogue.111.04	dialogue	111	4	$m0「うわっ。<CR>$xこうらに　こんな大きなヒビが！<CR>$xカニみそが　出ちゃう～。	"$m0: ""Whoa! What a huge crack in my shell! My insides will spill out!"""		enemy.handsome_crab	independent_dialogue_reviewed_series_terms	Independently translated from the pinned Japanese; existing species identities retained. Full wording, measured wrapping, no display abbreviation. Speech quirks and jokes are project adaptations. Preserve all semantic substitutions; replace $x indentation with measured line breaks.
companion.dialogue.111.05	dialogue	111	5	$m0「どうしよう？<CR>$xオイラの体力が　ぜんぜん<CR>$x残ってないぞ？	"$m0: ""What should I do? I've got no strength left!"""		enemy.handsome_crab	independent_dialogue_reviewed_series_terms	Independently translated from the pinned Japanese; existing species identities retained. Full wording, measured wrapping, no display abbreviation. Speech quirks and jokes are project adaptations. Preserve all semantic substitutions; replace $x indentation with measured line breaks.
companion.dialogue.111.06	dialogue	111	6	$m0「レベルアップだ！<CR>$xオイラは　成長したぞ！	"$m0: ""Level up! I've grown!"""		enemy.handsome_crab	independent_dialogue_reviewed_series_terms	Independently translated from the pinned Japanese; existing species identities retained. Full wording, measured wrapping, no display abbreviation. Speech quirks and jokes are project adaptations. Preserve all semantic substitutions; replace $x indentation with measured line breaks.
companion.dialogue.111.07	dialogue	111	7	$m0「なんか　レベルが<CR>$x上がったみたいなんだけど<CR>$xオイラ　つよくなったかな？	"$m0: ""Looks like I've gone up a level. Am I stronger now?"""		enemy.handsome_crab	independent_dialogue_reviewed_series_terms	Independently translated from the pinned Japanese; existing species identities retained. Full wording, measured wrapping, no display abbreviation. Speech quirks and jokes are project adaptations. Preserve all semantic substitutions; replace $x indentation with measured line breaks.
companion.dialogue.112.00	dialogue	112	0	$m0「オレの　ハサミは<CR>$x何でも　ちょっきんきん。	"$m0: ""My claws can snip-snip through anything."""		enemy.crabber_dabber_doo	independent_dialogue_reviewed_series_terms	Independently translated from the pinned Japanese; existing species identities retained. Full wording, measured wrapping, no display abbreviation. Speech quirks and jokes are project adaptations. Preserve all semantic substitutions; replace $x indentation with measured line breaks.
companion.dialogue.112.01	dialogue	112	1	$m0「おまえ　カミの毛<CR>$xのびたら　オレに言いな。<CR>$xかっこよく　切ってやるよ。	"$m0: ""Tell me when your hair gets long. I'll give you a stylish cut."""		enemy.crabber_dabber_doo	independent_dialogue_reviewed_series_terms	Independently translated from the pinned Japanese; existing species identities retained. Full wording, measured wrapping, no display abbreviation. Speech quirks and jokes are project adaptations. Preserve all semantic substitutions; replace $x indentation with measured line breaks.
companion.dialogue.112.02	dialogue	112	2	$m0「なーに。<CR>$xまだまだ　平気さ。<CR>$xオレのハサミは　まだ切れる！	"$m0: ""Ha! I'm still fine. These claws can still cut!"""		enemy.crabber_dabber_doo	independent_dialogue_reviewed_series_terms	Independently translated from the pinned Japanese; existing species identities retained. Full wording, measured wrapping, no display abbreviation. Speech quirks and jokes are project adaptations. Preserve all semantic substitutions; replace $x indentation with measured line breaks.
companion.dialogue.112.03	dialogue	112	3	$m0「なんのなんの。<CR>$x体力は　まだ半分もあるさ。<CR>$xこれから　これから！	"$m0: ""No problem! I've still got half my HP. I'm only getting started!"""		enemy.crabber_dabber_doo,hp	independent_dialogue_reviewed_series_terms	Independently translated from the pinned Japanese; existing species identities retained. Full wording, measured wrapping, no display abbreviation. Speech quirks and jokes are project adaptations. Preserve all semantic substitutions; replace $x indentation with measured line breaks.
companion.dialogue.112.04	dialogue	112	4	$m0「そろそろ<CR>$xオレのハサミも　切れ味が<CR>$xにぶってきたか……。	"$m0: ""Are my claws starting to lose their edge...?"""		enemy.crabber_dabber_doo	independent_dialogue_reviewed_series_terms	Independently translated from the pinned Japanese; existing species identities retained. Full wording, measured wrapping, no display abbreviation. Speech quirks and jokes are project adaptations. Preserve all semantic substitutions; replace $x indentation with measured line breaks.
companion.dialogue.112.05	dialogue	112	5	$m0「オレの体力は<CR>$xそろそろ　なくなりそうだ。<CR>$xさいごの　ひとハサミ　行くか？	"$m0: ""I'm nearly out of strength. Time for one last snip?"""		enemy.crabber_dabber_doo	independent_dialogue_reviewed_series_terms	Independently translated from the pinned Japanese; existing species identities retained. Full wording, measured wrapping, no display abbreviation. Speech quirks and jokes are project adaptations. Preserve all semantic substitutions; replace $x indentation with measured line breaks.
companion.dialogue.112.06	dialogue	112	6	$m0「レベルアップ！<CR>$xオレのハサミは　ますます<CR>$xぜっこうちょう！	"$m0: ""Level up! My claws are in better form than ever!"""		enemy.crabber_dabber_doo	independent_dialogue_reviewed_series_terms	Independently translated from the pinned Japanese; existing species identities retained. Full wording, measured wrapping, no display abbreviation. Speech quirks and jokes are project adaptations. Preserve all semantic substitutions; replace $x indentation with measured line breaks.
companion.dialogue.112.07	dialogue	112	7	$m0「オレって<CR>$xやっぱり　すごいよな。<CR>$xレベルが上がっちゃったぜ。	"$m0: ""I'm pretty amazing, aren't I? My level's gone up!"""		enemy.crabber_dabber_doo	independent_dialogue_reviewed_series_terms	Independently translated from the pinned Japanese; existing species identities retained. Full wording, measured wrapping, no display abbreviation. Speech quirks and jokes are project adaptations. Preserve all semantic substitutions; replace $x indentation with measured line breaks.
companion.dialogue.113.00	dialogue	113	0	$m0「自分ひとりでは<CR>$xぐんたいとは　言えないで<CR>$xありますか？	"$m0: ""Can one soldier not count as an army, sir?"""		enemy.crabid	independent_dialogue_reviewed_series_terms	Independently translated from the pinned Japanese; existing species identities retained. Full wording, measured wrapping, no display abbreviation. Speech quirks and jokes are project adaptations. Preserve all semantic substitutions; replace $x indentation with measured line breaks.
companion.dialogue.113.01	dialogue	113	1	$m0「隊長！<CR>$x自分は　隊長のお役に<CR>$x立ってるで　ありますか？	"$m0: ""Captain! Am I proving useful to you, sir?"""		enemy.crabid	independent_dialogue_reviewed_series_terms	Independently translated from the pinned Japanese; existing species identities retained. Full wording, measured wrapping, no display abbreviation. Speech quirks and jokes are project adaptations. Preserve all semantic substitutions; replace $x indentation with measured line breaks.
companion.dialogue.113.02	dialogue	113	2	$m0「平気です。<CR>$x自分は　まだ戦えます！	"$m0: ""I'm fine, sir. I can still fight!"""		enemy.crabid	independent_dialogue_reviewed_series_terms	Independently translated from the pinned Japanese; existing species identities retained. Full wording, measured wrapping, no display abbreviation. Speech quirks and jokes are project adaptations. Preserve all semantic substitutions; replace $x indentation with measured line breaks.
companion.dialogue.113.03	dialogue	113	3	$m0「隊長！<CR>$x自分の体力は　半分ほど<CR>$x残っております！！	"$m0: ""Captain! Approximately half my HP remains, sir!"""		enemy.crabid,hp	independent_dialogue_reviewed_series_terms	Independently translated from the pinned Japanese; existing species identities retained. Full wording, measured wrapping, no display abbreviation. Speech quirks and jokes are project adaptations. Preserve all semantic substitutions; replace $x indentation with measured line breaks.
companion.dialogue.113.04	dialogue	113	4	$m0「自分が　死んでも<CR>$x気にしないで　ください。<CR>$xただの兵隊ですから！	"$m0: ""Please don't worry if I die. I'm only a soldier, sir!"""		enemy.crabid	independent_dialogue_reviewed_series_terms	Independently translated from the pinned Japanese; existing species identities retained. Full wording, measured wrapping, no display abbreviation. Speech quirks and jokes are project adaptations. Preserve all semantic substitutions; replace $x indentation with measured line breaks.
companion.dialogue.113.05	dialogue	113	5	$m0「隊長！<CR>$x自分は　もう　ほとんど<CR>$x体力は　残っておりません！	"$m0: ""Captain! I've hardly any strength left, sir!"""		enemy.crabid	independent_dialogue_reviewed_series_terms	Independently translated from the pinned Japanese; existing species identities retained. Full wording, measured wrapping, no display abbreviation. Speech quirks and jokes are project adaptations. Preserve all semantic substitutions; replace $x indentation with measured line breaks.
companion.dialogue.113.06	dialogue	113	6	$m0「隊長！<CR>$x自分は　レベルアップしました！<CR>$x階級も　上がりますでしょうか？	"$m0: ""Captain! I've levelled up! Will my rank increase too, sir?"""		enemy.crabid	independent_dialogue_reviewed_series_terms	Independently translated from the pinned Japanese; existing species identities retained. Full wording, measured wrapping, no display abbreviation. Speech quirks and jokes are project adaptations. Preserve all semantic substitutions; replace $x indentation with measured line breaks.
companion.dialogue.113.07	dialogue	113	7	$m0「隊長！<CR>$x自分は　先ほど　みごとに<CR>$xレベルアップいたしました！	"$m0: ""Captain! I have just successfully levelled up, sir!"""		enemy.crabid	independent_dialogue_reviewed_series_terms	Independently translated from the pinned Japanese; existing species identities retained. Full wording, measured wrapping, no display abbreviation. Speech quirks and jokes are project adaptations. Preserve all semantic substitutions; replace $x indentation with measured line breaks.
companion.dialogue.114.00	dialogue	114	0	$m0「オバケだぞ～。<CR>$x……あれ　こわくない？<CR>$x自信　なくすなあ……。	"$m0: ""Boo! I'm a ghost! ...Huh? Not scary? You're hurting my confidence..."""		enemy.ghost	independent_dialogue_reviewed_series_terms	Independently translated from the pinned Japanese; existing species identities retained. Full wording, measured wrapping, no display abbreviation. Speech quirks and jokes are project adaptations. Preserve all semantic substitutions; replace $x indentation with measured line breaks.
companion.dialogue.114.01	dialogue	114	1	$m0「おいら　浮いてるから<CR>$x足は　とっても速いんだよ。<CR>$xおっと　足は　ないんだった。	"$m0: ""I'm very quick on my feet because I float. Oh, wait. I don't have feet."""		enemy.ghost	independent_dialogue_reviewed_series_terms	Independently translated from the pinned Japanese; existing species identities retained. Full wording, measured wrapping, no display abbreviation. Speech quirks and jokes are project adaptations. Preserve all semantic substitutions; replace $x indentation with measured line breaks.
companion.dialogue.114.02	dialogue	114	2	$m0「おかしいぞ！<CR>$xおいらは　ゴーストなのに<CR>$xなんで　なぐられるんだっ。	"$m0: ""This is odd! I'm a ghost! How can they hit me!?"""		enemy.ghost	independent_dialogue_reviewed_series_terms	Independently translated from the pinned Japanese; existing species identities retained. Full wording, measured wrapping, no display abbreviation. Speech quirks and jokes are project adaptations. Preserve all semantic substitutions; replace $x indentation with measured line breaks.
companion.dialogue.114.03	dialogue	114	3	$m0「オバケでも<CR>$x体力は　減るんだよね。<CR>$xあと　半分しか残ってないや。	"$m0: ""Even ghosts lose HP, you know. I've only got half left."""		enemy.ghost,hp	independent_dialogue_reviewed_series_terms	Independently translated from the pinned Japanese; existing species identities retained. Full wording, measured wrapping, no display abbreviation. Speech quirks and jokes are project adaptations. Preserve all semantic substitutions; replace $x indentation with measured line breaks.
companion.dialogue.114.04	dialogue	114	4	$m0「くそーっ。<CR>$xこのまま　死んだら<CR>$xバケて　出てやる～！	"$m0: ""Blast! If I die, I'll come back and haunt them!"""		enemy.ghost	independent_dialogue_reviewed_series_terms	Independently translated from the pinned Japanese; existing species identities retained. Full wording, measured wrapping, no display abbreviation. Speech quirks and jokes are project adaptations. Preserve all semantic substitutions; replace $x indentation with measured line breaks.
companion.dialogue.114.05	dialogue	114	5	$m0「きゃあ　体力が<CR>$xぜんぜん　残ってないよ！<CR>$xオバケが死んだら　何になるの？	"$m0: ""Eeeek! I've got no strength left! What does a ghost become when it dies?"""		enemy.ghost	independent_dialogue_reviewed_series_terms	Independently translated from the pinned Japanese; existing species identities retained. Full wording, measured wrapping, no display abbreviation. Speech quirks and jokes are project adaptations. Preserve all semantic substitutions; replace $x indentation with measured line breaks.
companion.dialogue.114.06	dialogue	114	6	$m0「レベルが<CR>$x上がったから　みんな<CR>$xこわがって　くれるかな？	"$m0: ""Now that I've levelled up, will everyone be scared of me?"""		enemy.ghost	independent_dialogue_reviewed_series_terms	Independently translated from the pinned Japanese; existing species identities retained. Full wording, measured wrapping, no display abbreviation. Speech quirks and jokes are project adaptations. Preserve all semantic substitutions; replace $x indentation with measured line breaks.
companion.dialogue.114.07	dialogue	114	7	$m0「レベルアップだ！<CR>$xわーい　わーい。	"$m0: ""Level up! Hooray! Hooray!"""		enemy.ghost	independent_dialogue_reviewed_series_terms	Independently translated from the pinned Japanese; existing species identities retained. Full wording, measured wrapping, no display abbreviation. Speech quirks and jokes are project adaptations. Preserve all semantic substitutions; replace $x indentation with measured line breaks.
companion.dialogue.115.00	dialogue	115	0	$m0「メトロゴースト～<CR>$x陽気な　オバケ～。	"$m0: ""Fightgeist! Such a merry ghost am I!"""		enemy.fightgeist	independent_dialogue_reviewed_series_terms	Independently translated from the pinned Japanese; existing species identities retained. Full wording, measured wrapping, no display abbreviation. Speech quirks and jokes are project adaptations. Preserve all semantic substitutions; replace $x indentation with measured line breaks.
companion.dialogue.115.01	dialogue	115	1	$m0「ららら～。<CR>$xおいらが　うたえば<CR>$xみんな　こわがる～。	"$m0: ""La la la! When I sing, everyone gets scared!"""		enemy.fightgeist	independent_dialogue_reviewed_series_terms	Independently translated from the pinned Japanese; existing species identities retained. Full wording, measured wrapping, no display abbreviation. Speech quirks and jokes are project adaptations. Preserve all semantic substitutions; replace $x indentation with measured line breaks.
companion.dialogue.115.02	dialogue	115	2	$m0「メトロゴースト～<CR>$xちょっとだけ　泣きそう～。	"$m0: ""Fightgeist! Just a little close to tears!"""		enemy.fightgeist	independent_dialogue_reviewed_series_terms	Independently translated from the pinned Japanese; existing species identities retained. Full wording, measured wrapping, no display abbreviation. Speech quirks and jokes are project adaptations. Preserve all semantic substitutions; replace $x indentation with measured line breaks.
companion.dialogue.115.03	dialogue	115	3	$m0「うるる～。<CR>$xおいらの体力　半分こっきり～。	"$m0: ""Ooh-la-la! Exactly half my HP left!"""		enemy.fightgeist,hp	independent_dialogue_reviewed_series_terms	Independently translated from the pinned Japanese; existing species identities retained. Full wording, measured wrapping, no display abbreviation. Speech quirks and jokes are project adaptations. Preserve all semantic substitutions; replace $x indentation with measured line breaks.
companion.dialogue.115.04	dialogue	115	4	$m0「メトロゴースト～<CR>$xそろそろ　おだぶつ～。	"$m0: ""Fightgeist! Nearly time to rest in peace!"""		enemy.fightgeist	independent_dialogue_reviewed_series_terms	Independently translated from the pinned Japanese; existing species identities retained. Full wording, measured wrapping, no display abbreviation. Speech quirks and jokes are project adaptations. Preserve all semantic substitutions; replace $x indentation with measured line breaks.
companion.dialogue.115.05	dialogue	115	5	$m0「あらら～。<CR>$xおいらの体力　すかんぴん～。	"$m0: ""Oh-la-la! All my strength has flown away!"""		enemy.fightgeist	independent_dialogue_reviewed_series_terms	Independently translated from the pinned Japanese; existing species identities retained. Full wording, measured wrapping, no display abbreviation. Speech quirks and jokes are project adaptations. Preserve all semantic substitutions; replace $x indentation with measured line breaks.
companion.dialogue.115.06	dialogue	115	6	$m0「メトロゴースト～<CR>$xレベルアップ～。	"$m0: ""Fightgeist! Level up!"""		enemy.fightgeist	independent_dialogue_reviewed_series_terms	Independently translated from the pinned Japanese; existing species identities retained. Full wording, measured wrapping, no display abbreviation. Speech quirks and jokes are project adaptations. Preserve all semantic substitutions; replace $x indentation with measured line breaks.
companion.dialogue.115.07	dialogue	115	7	$m0「るふるん。<CR>$xおいら　バッチリ　レベル<CR>$x上がった～。	"$m0: ""La-di-da! My level's gone up, all right!"""		enemy.fightgeist	independent_dialogue_reviewed_series_terms	Independently translated from the pinned Japanese; existing species identities retained. Full wording, measured wrapping, no display abbreviation. Speech quirks and jokes are project adaptations. Preserve all semantic substitutions; replace $x indentation with measured line breaks.
companion.dialogue.116.00	dialogue	116	0	$m0「くすくす。<CR>$xこの私からは　だれも<CR>$xのがれられませんよ。	"$m0: ""Hee hee. Nobody can escape me."""		enemy.spitegeist	independent_dialogue_reviewed_series_terms	Independently translated from the pinned Japanese; existing species identities retained. Full wording, measured wrapping, no display abbreviation. Speech quirks and jokes are project adaptations. Preserve all semantic substitutions; replace $x indentation with measured line breaks.
companion.dialogue.116.01	dialogue	116	1	$m0「さあさあ。<CR>$x私と同じく　ゴーストに<CR>$xなりたいのは　どなたかな？	"$m0: ""Come along, now. Who would like to become a ghost like me?"""		enemy.spitegeist	independent_dialogue_reviewed_series_terms	Independently translated from the pinned Japanese; existing species identities retained. Full wording, measured wrapping, no display abbreviation. Speech quirks and jokes are project adaptations. Preserve all semantic substitutions; replace $x indentation with measured line breaks.
companion.dialogue.116.02	dialogue	116	2	$m0「ほうほう。<CR>$x私に　ちょっかいを出すとは<CR>$xいい　どきょうです　みなさん。	"$m0: ""Well, well. You're all very brave to lay a hand on me."""		enemy.spitegeist	independent_dialogue_reviewed_series_terms	Independently translated from the pinned Japanese; existing species identities retained. Full wording, measured wrapping, no display abbreviation. Speech quirks and jokes are project adaptations. Preserve all semantic substitutions; replace $x indentation with measured line breaks.
companion.dialogue.116.03	dialogue	116	3	$m0「おやおや。<CR>$x私の体力が　どうやら<CR>$x半分を　切ったようですね。	"$m0: ""Oh my. It seems my HP has fallen below half."""		enemy.spitegeist,hp	independent_dialogue_reviewed_series_terms	Independently translated from the pinned Japanese; existing species identities retained. Full wording, measured wrapping, no display abbreviation. Speech quirks and jokes are project adaptations. Preserve all semantic substitutions; replace $x indentation with measured line breaks.
companion.dialogue.116.04	dialogue	116	4	$m0「はあはあ。<CR>$x私を　ふたたび　眠りに<CR>$xつかせようと　言うのですか。	"$m0: ""Pant, pant... Do they intend to send me to my rest once more?"""		enemy.spitegeist	independent_dialogue_reviewed_series_terms	Independently translated from the pinned Japanese; existing species identities retained. Full wording, measured wrapping, no display abbreviation. Speech quirks and jokes are project adaptations. Preserve all semantic substitutions; replace $x indentation with measured line breaks.
companion.dialogue.116.05	dialogue	116	5	$m0「やれやれ。<CR>$x私の体力が　ほとんど<CR>$xなくなって　しまいました。	"$m0: ""Good grief. Nearly all my strength is gone."""		enemy.spitegeist	independent_dialogue_reviewed_series_terms	Independently translated from the pinned Japanese; existing species identities retained. Full wording, measured wrapping, no display abbreviation. Speech quirks and jokes are project adaptations. Preserve all semantic substitutions; replace $x indentation with measured line breaks.
companion.dialogue.116.06	dialogue	116	6	$m0「ふんふん。<CR>$xどうやら　私のレベルが<CR>$x上がったようです。	"$m0: ""Hmm, hmm. It seems my level has risen."""		enemy.spitegeist	independent_dialogue_reviewed_series_terms	Independently translated from the pinned Japanese; existing species identities retained. Full wording, measured wrapping, no display abbreviation. Speech quirks and jokes are project adaptations. Preserve all semantic substitutions; replace $x indentation with measured line breaks.
companion.dialogue.116.07	dialogue	116	7	$m0「よしよし。<CR>$xレベルアップしましたね。<CR>$xさすが　私です。	"$m0: ""Good, good. I've levelled up. Just what I'd expect of myself."""		enemy.spitegeist	independent_dialogue_reviewed_series_terms	Independently translated from the pinned Japanese; existing species identities retained. Full wording, measured wrapping, no display abbreviation. Speech quirks and jokes are project adaptations. Preserve all semantic substitutions; replace $x indentation with measured line breaks.
companion.dialogue.117.00	dialogue	117	0	$m0「そんじょそこらの<CR>$xカベじゃあ　あたしの行く手は<CR>$xふさげないわよ。	"$m0: ""No ordinary wall can block my path."""		enemy_iron_ant	independent_dialogue_reviewed_series_terms	Independently translated from the pinned Japanese; existing species identities retained. Full wording, measured wrapping, no display abbreviation. Speech quirks and jokes are project adaptations. Preserve all semantic substitutions; replace $x indentation with measured line breaks.
companion.dialogue.117.01	dialogue	117	1	$m0「あんたのために<CR>$xあたしが　道を作ってあげるわ。	"$m0: ""I'll make a path for you."""		enemy_iron_ant	independent_dialogue_reviewed_series_terms	Independently translated from the pinned Japanese; existing species identities retained. Full wording, measured wrapping, no display abbreviation. Speech quirks and jokes are project adaptations. Preserve all semantic substitutions; replace $x indentation with measured line breaks.
companion.dialogue.117.02	dialogue	117	2	$m0「はあはあ。<CR>$xカベをほるのも　大変なのよ。<CR>$xあー　もう　つかれた！	"$m0: ""Pant, pant... Digging through walls is hard work. Oh, I'm exhausted!"""		enemy_iron_ant	independent_dialogue_reviewed_series_terms	Independently translated from the pinned Japanese; existing species identities retained. Full wording, measured wrapping, no display abbreviation. Speech quirks and jokes are project adaptations. Preserve all semantic substitutions; replace $x indentation with measured line breaks.
companion.dialogue.117.03	dialogue	117	3	$m0「ねえねえ。<CR>$xあたしの体力　半分くらいしか<CR>$xないみたいなんだけど……。	"$m0: ""Hey... It looks like I've only got about half my HP left..."""		enemy_iron_ant,hp	independent_dialogue_reviewed_series_terms	Independently translated from the pinned Japanese; existing species identities retained. Full wording, measured wrapping, no display abbreviation. Speech quirks and jokes are project adaptations. Preserve all semantic substitutions; replace $x indentation with measured line breaks.
companion.dialogue.117.04	dialogue	117	4	$m0「もうダメ……。<CR>$xカベ　ほるの　やめる……。	"$m0: ""I can't go on... No more digging through walls..."""		enemy_iron_ant	independent_dialogue_reviewed_series_terms	Independently translated from the pinned Japanese; existing species identities retained. Full wording, measured wrapping, no display abbreviation. Speech quirks and jokes are project adaptations. Preserve all semantic substitutions; replace $x indentation with measured line breaks.
companion.dialogue.117.05	dialogue	117	5	$m0「あーあ。<CR>$xあたしったら　もう体力が<CR>$xぜんぜん　残ってないわ。	"$m0: ""Oh dear. I've got no strength left at all."""		enemy_iron_ant	independent_dialogue_reviewed_series_terms	Independently translated from the pinned Japanese; existing species identities retained. Full wording, measured wrapping, no display abbreviation. Speech quirks and jokes are project adaptations. Preserve all semantic substitutions; replace $x indentation with measured line breaks.
companion.dialogue.117.06	dialogue	117	6	$m0「あら　やだ。<CR>$xあたしったら　レベルが<CR>$x上がってたわ。	"$m0: ""Oh my! My level's gone up."""		enemy_iron_ant	independent_dialogue_reviewed_series_terms	Independently translated from the pinned Japanese; existing species identities retained. Full wording, measured wrapping, no display abbreviation. Speech quirks and jokes are project adaptations. Preserve all semantic substitutions; replace $x indentation with measured line breaks.
companion.dialogue.117.07	dialogue	117	7	$m0「あたしったら<CR>$xレベルアップしちゃったの。<CR>$xあんたも　よろこんで！	"$m0: ""I've gone and levelled up. Come on, be happy for me!"""		enemy_iron_ant	independent_dialogue_reviewed_series_terms	Independently translated from the pinned Japanese; existing species identities retained. Full wording, measured wrapping, no display abbreviation. Speech quirks and jokes are project adaptations. Preserve all semantic substitutions; replace $x indentation with measured line breaks.
companion.dialogue.118.00	dialogue	118	0	$m0「隊長！<CR>$x私は　隊長のためならば<CR>$xどこへでも　進むでアリます！	"$m0: ""Captain! I'll march anywhere for you. You can count on this ant!"""		enemy_army_ant	independent_dialogue_reviewed_series_terms	Independently translated from the pinned Japanese; existing species identities retained. Full wording, measured wrapping, no display abbreviation. Speech quirks and jokes are project adaptations. Preserve all semantic substitutions; replace $x indentation with measured line breaks.
companion.dialogue.118.01	dialogue	118	1	$m0「われらのチカラで<CR>$xこの作戦は　やりとげるでアリます！<CR>$x隊長　見ていてください！	"$m0: ""Our strength will see this mission through! Watch us, captain! We ants can do it!"""		enemy_army_ant	independent_dialogue_reviewed_series_terms	Independently translated from the pinned Japanese; existing species identities retained. Full wording, measured wrapping, no display abbreviation. Speech quirks and jokes are project adaptations. Preserve all semantic substitutions; replace $x indentation with measured line breaks.
companion.dialogue.118.02	dialogue	118	2	$m0「まだでアリます！<CR>$x私は　まだ戦えるでアリます！	"$m0: ""Not yet, sir! This ant can still fight!"""		enemy_army_ant	independent_dialogue_reviewed_series_terms	Independently translated from the pinned Japanese; existing species identities retained. Full wording, measured wrapping, no display abbreviation. Speech quirks and jokes are project adaptations. Preserve all semantic substitutions; replace $x indentation with measured line breaks.
companion.dialogue.118.03	dialogue	118	3	$m0「体力を　半分に<CR>$xされてしまいました。<CR>$xもうしわけアリません！	"$m0: ""They've cut my HP in half. This ant offers an apology, sir!"""		enemy_army_ant,hp	independent_dialogue_reviewed_series_terms	Independently translated from the pinned Japanese; existing species identities retained. Full wording, measured wrapping, no display abbreviation. Speech quirks and jokes are project adaptations. Preserve all semantic substitutions; replace $x indentation with measured line breaks.
companion.dialogue.118.04	dialogue	118	4	$m0「……いいのです。<CR>$x戦場で　倒れるなら<CR>$x本望でアリます！	"$m0: ""...It's all right. An ant could wish for no better end than falling in battle!"""		enemy_army_ant	independent_dialogue_reviewed_series_terms	Independently translated from the pinned Japanese; existing species identities retained. Full wording, measured wrapping, no display abbreviation. Speech quirks and jokes are project adaptations. Preserve all semantic substitutions; replace $x indentation with measured line breaks.
companion.dialogue.118.05	dialogue	118	5	$m0「隊長！<CR>$x私は　もう体力がアリません。<CR>$xさいごの　こうげきをかけます！	"$m0: ""Captain! This ant has no strength left! Commencing final attack!"""		enemy_army_ant	independent_dialogue_reviewed_series_terms	Independently translated from the pinned Japanese; existing species identities retained. Full wording, measured wrapping, no display abbreviation. Speech quirks and jokes are project adaptations. Preserve all semantic substitutions; replace $x indentation with measured line breaks.
companion.dialogue.118.06	dialogue	118	6	$m0「隊長！<CR>$x私は　レベルアップしたので<CR>$xアリます。	"$m0: ""Captain! This ant has levelled up, sir!"""		enemy_army_ant	independent_dialogue_reviewed_series_terms	Independently translated from the pinned Japanese; existing species identities retained. Full wording, measured wrapping, no display abbreviation. Speech quirks and jokes are project adaptations. Preserve all semantic substitutions; replace $x indentation with measured line breaks.
companion.dialogue.118.07	dialogue	118	7	$m0「やったでアリます！<CR>$xレベルが　上がったでアリます！	"$m0: ""This ant did it! My level has gone up, sir!"""		enemy_army_ant	independent_dialogue_reviewed_series_terms	Independently translated from the pinned Japanese; existing species identities retained. Full wording, measured wrapping, no display abbreviation. Speech quirks and jokes are project adaptations. Preserve all semantic substitutions; replace $x indentation with measured line breaks.
companion.dialogue.119.00	dialogue	119	0	$m0「たまには　キミも<CR>$xゆっくり　ねてみない？	"$m0: ""Why don't you have a nice long sleep once in a while?"""		enemy_somnol_ant	independent_dialogue_reviewed_series_terms	Independently translated from the pinned Japanese; existing species identities retained. Full wording, measured wrapping, no display abbreviation. Speech quirks and jokes are project adaptations. Preserve all semantic substitutions; replace $x indentation with measured line breaks.
companion.dialogue.119.01	dialogue	119	1	$m0「だれかを<CR>$xねむらせるの　とくいだけど<CR>$xボクも　ねるの好きだよ。	"$m0: ""I'm good at putting others to sleep, but I like sleeping too."""		enemy_somnol_ant	independent_dialogue_reviewed_series_terms	Independently translated from the pinned Japanese; existing species identities retained. Full wording, measured wrapping, no display abbreviation. Speech quirks and jokes are project adaptations. Preserve all semantic substitutions; replace $x indentation with measured line breaks.
companion.dialogue.119.02	dialogue	119	2	$m0「はあ……。<CR>$xなんだか　ボクも<CR>$xねむくなって　きちゃった。	"$m0: ""Ahh... I'm starting to feel sleepy myself."""		enemy_somnol_ant	independent_dialogue_reviewed_series_terms	Independently translated from the pinned Japanese; existing species identities retained. Full wording, measured wrapping, no display abbreviation. Speech quirks and jokes are project adaptations. Preserve all semantic substitutions; replace $x indentation with measured line breaks.
companion.dialogue.119.03	dialogue	119	3	$m0「あれ？<CR>$xボクの体力が　半分しか<CR>$x残ってない気がする。	"$m0: ""Huh? I feel like I've only got half my HP left."""		enemy_somnol_ant,hp	independent_dialogue_reviewed_series_terms	Independently translated from the pinned Japanese; existing species identities retained. Full wording, measured wrapping, no display abbreviation. Speech quirks and jokes are project adaptations. Preserve all semantic substitutions; replace $x indentation with measured line breaks.
companion.dialogue.119.04	dialogue	119	4	$m0「ごめんよ。<CR>$xボク　なんだか　とても<CR>$xねむいんだ……。	"$m0: ""Sorry. I'm feeling very sleepy..."""		enemy_somnol_ant	independent_dialogue_reviewed_series_terms	Independently translated from the pinned Japanese; existing species identities retained. Full wording, measured wrapping, no display abbreviation. Speech quirks and jokes are project adaptations. Preserve all semantic substitutions; replace $x indentation with measured line breaks.
companion.dialogue.119.05	dialogue	119	5	$m0「やや？<CR>$xボク　もしかして　体力が<CR>$xぜんぜん　残ってない？	"$m0: ""Oh? Could it be that I've got no strength left at all?"""		enemy_somnol_ant	independent_dialogue_reviewed_series_terms	Independently translated from the pinned Japanese; existing species identities retained. Full wording, measured wrapping, no display abbreviation. Speech quirks and jokes are project adaptations. Preserve all semantic substitutions; replace $x indentation with measured line breaks.
companion.dialogue.119.06	dialogue	119	6	$m0「レベルが<CR>$x上がったら　ちょっと<CR>$xねむ気が　さめたよ。	"$m0: ""Going up a level woke me up a little."""		enemy_somnol_ant	independent_dialogue_reviewed_series_terms	Independently translated from the pinned Japanese; existing species identities retained. Full wording, measured wrapping, no display abbreviation. Speech quirks and jokes are project adaptations. Preserve all semantic substitutions; replace $x indentation with measured line breaks.
companion.dialogue.119.07	dialogue	119	7	$m0「レベルアップ？<CR>$xそうか　ボクのレベルが<CR>$x上がったのか……。	"$m0: ""Level up? Oh, so my level has gone up..."""		enemy_somnol_ant	independent_dialogue_reviewed_series_terms	Independently translated from the pinned Japanese; existing species identities retained. Full wording, measured wrapping, no display abbreviation. Speech quirks and jokes are project adaptations. Preserve all semantic substitutions; replace $x indentation with measured line breaks.
companion.dialogue.120.00	dialogue	120	0	$m0「わたしの杖には<CR>$xいろいろな　チカラが<CR>$xこめられているのである。	"$m0: ""My staff holds many different powers. That is so."""		enemy_shaman	independent_dialogue_reviewed_series_terms	Independently translated from the pinned Japanese; existing species identities retained. Full wording, measured wrapping, no display abbreviation. Speech quirks and jokes are project adaptations. Preserve all semantic substitutions; replace $x indentation with measured line breaks.
companion.dialogue.120.01	dialogue	120	1	$m0「わたしの祈りは<CR>$x天まで　とどき　そのねがいを<CR>$xかなえて　しまうのである。	"$m0: ""My prayers reach the heavens and grant my wishes. That is so."""		enemy_shaman	independent_dialogue_reviewed_series_terms	Independently translated from the pinned Japanese; existing species identities retained. Full wording, measured wrapping, no display abbreviation. Speech quirks and jokes are project adaptations. Preserve all semantic substitutions; replace $x indentation with measured line breaks.
companion.dialogue.120.02	dialogue	120	2	$m0「ふむ。<CR>$xわたしも　けっこう　こうげきを<CR>$x食らっているようである。	"$m0: ""Hmm. It seems I too have taken quite a few hits."""		enemy_shaman	independent_dialogue_reviewed_series_terms	Independently translated from the pinned Japanese; existing species identities retained. Full wording, measured wrapping, no display abbreviation. Speech quirks and jokes are project adaptations. Preserve all semantic substitutions; replace $x indentation with measured line breaks.
companion.dialogue.120.03	dialogue	120	3	$m0「わたしの体力が<CR>$xなんと半分も　うばわれて<CR>$xしまったのである。	"$m0: ""No less than half my HP has been taken from me. That is so."""		enemy_shaman,hp	independent_dialogue_reviewed_series_terms	Independently translated from the pinned Japanese; existing species identities retained. Full wording, measured wrapping, no display abbreviation. Speech quirks and jokes are project adaptations. Preserve all semantic substitutions; replace $x indentation with measured line breaks.
companion.dialogue.120.04	dialogue	120	4	$m0「おそろしや。<CR>$xこのままでは　わたしの命も<CR>$xあぶないのである。	"$m0: ""How dreadful. At this rate, my very life is in danger."""		enemy_shaman	independent_dialogue_reviewed_series_terms	Independently translated from the pinned Japanese; existing species identities retained. Full wording, measured wrapping, no display abbreviation. Speech quirks and jokes are project adaptations. Preserve all semantic substitutions; replace $x indentation with measured line breaks.
companion.dialogue.120.05	dialogue	120	5	$m0「これはしたり。<CR>$xわたしの体力が　ほとんど<CR>$x残っていないのである。	"$m0: ""What a blunder. I have hardly any strength remaining."""		enemy_shaman	independent_dialogue_reviewed_series_terms	Independently translated from the pinned Japanese; existing species identities retained. Full wording, measured wrapping, no display abbreviation. Speech quirks and jokes are project adaptations. Preserve all semantic substitutions; replace $x indentation with measured line breaks.
companion.dialogue.120.06	dialogue	120	6	$m0「やれ　うれしや。<CR>$xなんと　わたしのレベルが<CR>$x上がったのである。	"$m0: ""What joy! My level has indeed gone up."""		enemy_shaman	independent_dialogue_reviewed_series_terms	Independently translated from the pinned Japanese; existing species identities retained. Full wording, measured wrapping, no display abbreviation. Speech quirks and jokes are project adaptations. Preserve all semantic substitutions; replace $x indentation with measured line breaks.
companion.dialogue.120.07	dialogue	120	7	$m0「祈りが　つうじて<CR>$xみごとに　わたしは<CR>$xレベルアップしたのである。	"$m0: ""My prayers were answered, and I have splendidly levelled up."""		enemy_shaman	independent_dialogue_reviewed_series_terms	Independently translated from the pinned Japanese; existing species identities retained. Full wording, measured wrapping, no display abbreviation. Speech quirks and jokes are project adaptations. Preserve all semantic substitutions; replace $x indentation with measured line breaks.
companion.dialogue.121.00	dialogue	121	0	$m0「ふふふふ。<CR>$xわが　ようじゅつの前に<CR>$xみなが　まどわされておるわ。	"$m0: ""Heh heh heh. My sorcery has them all bewildered."""		enemy_sorcerer	independent_dialogue_reviewed_series_terms	Independently translated from the pinned Japanese; existing species identities retained. Full wording, measured wrapping, no display abbreviation. Speech quirks and jokes are project adaptations. Preserve all semantic substitutions; replace $x indentation with measured line breaks.
companion.dialogue.121.01	dialogue	121	1	$m0「さあ　つぎに<CR>$xわたしの　ようじゅつを<CR>$x食らいたいのは　だれだ？	"$m0: ""Now, who would like to taste my sorcery next?"""		enemy_sorcerer	independent_dialogue_reviewed_series_terms	Independently translated from the pinned Japanese; existing species identities retained. Full wording, measured wrapping, no display abbreviation. Speech quirks and jokes are project adaptations. Preserve all semantic substitutions; replace $x indentation with measured line breaks.
companion.dialogue.121.02	dialogue	121	2	$m0「むう……。<CR>$xわれは　もう少し　身体を<CR>$xきたえねば　いかんのう。	"$m0: ""Hmm... I must train this body a little more."""		enemy_sorcerer	independent_dialogue_reviewed_series_terms	Independently translated from the pinned Japanese; existing species identities retained. Full wording, measured wrapping, no display abbreviation. Speech quirks and jokes are project adaptations. Preserve all semantic substitutions; replace $x indentation with measured line breaks.
companion.dialogue.121.03	dialogue	121	3	$m0「くふふ。<CR>$xまだまだ　わたしの体力は<CR>$x半分も　残っておるわ。	"$m0: ""Heh heh. I still have a full half of my HP left."""		enemy_sorcerer,hp	independent_dialogue_reviewed_series_terms	Independently translated from the pinned Japanese; existing species identities retained. Full wording, measured wrapping, no display abbreviation. Speech quirks and jokes are project adaptations. Preserve all semantic substitutions; replace $x indentation with measured line breaks.
companion.dialogue.121.04	dialogue	121	4	$m0「なんの。<CR>$xわが命も　この　ようじゅつで<CR>$x長らえさせて　みせようぞ。	"$m0: ""Hah! I shall use my sorcery to prolong even my own life."""		enemy_sorcerer	independent_dialogue_reviewed_series_terms	Independently translated from the pinned Japanese; existing species identities retained. Full wording, measured wrapping, no display abbreviation. Speech quirks and jokes are project adaptations. Preserve all semantic substitutions; replace $x indentation with measured line breaks.
companion.dialogue.121.05	dialogue	121	5	$m0「うむう。<CR>$xわたしの体力が　底をつく。<CR>$xようじゅつで　なんとか……。	"$m0: ""Hmm. My strength is running out. Perhaps sorcery can help..."""		enemy_sorcerer	independent_dialogue_reviewed_series_terms	Independently translated from the pinned Japanese; existing species identities retained. Full wording, measured wrapping, no display abbreviation. Speech quirks and jokes are project adaptations. Preserve all semantic substitutions; replace $x indentation with measured line breaks.
companion.dialogue.121.06	dialogue	121	6	$m0「ふはははは。<CR>$xわれのレベルが　上がりおった。	"$m0: ""Wahahaha! My level has risen!"""		enemy_sorcerer	independent_dialogue_reviewed_series_terms	Independently translated from the pinned Japanese; existing species identities retained. Full wording, measured wrapping, no display abbreviation. Speech quirks and jokes are project adaptations. Preserve all semantic substitutions; replace $x indentation with measured line breaks.
companion.dialogue.121.07	dialogue	121	7	$m0「よしよし。<CR>$xレベルアップした　われに<CR>$xこわい者は　ない。	"$m0: ""Good, good. Now that I have levelled up, I fear no one."""		enemy_sorcerer	independent_dialogue_reviewed_series_terms	Independently translated from the pinned Japanese; existing species identities retained. Full wording, measured wrapping, no display abbreviation. Speech quirks and jokes are project adaptations. Preserve all semantic substitutions; replace $x indentation with measured line breaks.
companion.dialogue.122.00	dialogue	122	0	$m0「キミの仲間に<CR>$xなったのは　いいんだけど<CR>$xやっぱり　こわいよう。	"$m0: ""It's nice being your ally, but I'm still scared."""		enemy_feralball	independent_dialogue_reviewed_series_terms	Independently translated from the pinned Japanese; existing species identities retained. Full wording, measured wrapping, no display abbreviation. Speech quirks and jokes are project adaptations. Preserve all semantic substitutions; replace $x indentation with measured line breaks.
companion.dialogue.122.01	dialogue	122	1	$m0「あんまり　自信ないけど<CR>$xできるだけ　がんばってみるよ。	"$m0: ""I'm not very confident, but I'll do the best I can."""		enemy_feralball	independent_dialogue_reviewed_series_terms	Independently translated from the pinned Japanese; existing species identities retained. Full wording, measured wrapping, no display abbreviation. Speech quirks and jokes are project adaptations. Preserve all semantic substitutions; replace $x indentation with measured line breaks.
companion.dialogue.122.02	dialogue	122	2	$m0「ごめんよ。<CR>$xボク　きっと　キミの役に<CR>$x立ってないよね？	"$m0: ""I'm sorry. I'm probably not being any help to you, am I?"""		enemy_feralball	independent_dialogue_reviewed_series_terms	Independently translated from the pinned Japanese; existing species identities retained. Full wording, measured wrapping, no display abbreviation. Speech quirks and jokes are project adaptations. Preserve all semantic substitutions; replace $x indentation with measured line breaks.
companion.dialogue.122.03	dialogue	122	3	$m0「……もう体力が<CR>$x半分くらいしか　ないよ。<CR>$xやっぱり　ムリだったんだ。	"$m0: ""...Only about half my HP left. I knew I couldn't do it."""		enemy_feralball,hp	independent_dialogue_reviewed_series_terms	Independently translated from the pinned Japanese; existing species identities retained. Full wording, measured wrapping, no display abbreviation. Speech quirks and jokes are project adaptations. Preserve all semantic substitutions; replace $x indentation with measured line breaks.
companion.dialogue.122.04	dialogue	122	4	$m0「やっぱり　ダメだ。<CR>$xボクなんかが　戦おうとしちゃ<CR>$xいけなかったんだ……。	"$m0: ""It's no use. Someone like me should never have tried to fight..."""		enemy_feralball	independent_dialogue_reviewed_series_terms	Independently translated from the pinned Japanese; existing species identities retained. Full wording, measured wrapping, no display abbreviation. Speech quirks and jokes are project adaptations. Preserve all semantic substitutions; replace $x indentation with measured line breaks.
companion.dialogue.122.05	dialogue	122	5	$m0「いたいよう。<CR>$xボク　もう体力が　ないよ。<CR>$x死んじゃうのかな……。	"$m0: ""It hurts. I've no strength left. Am I going to die...?"""		enemy_feralball	independent_dialogue_reviewed_series_terms	Independently translated from the pinned Japanese; existing species identities retained. Full wording, measured wrapping, no display abbreviation. Speech quirks and jokes are project adaptations. Preserve all semantic substitutions; replace $x indentation with measured line breaks.
companion.dialogue.122.06	dialogue	122	6	$m0「信じられない！<CR>$xボク　レベルアップしちゃった<CR>$xみたいなんだ。	"$m0: ""I can't believe it! I think I've levelled up!"""		enemy_feralball	independent_dialogue_reviewed_series_terms	Independently translated from the pinned Japanese; existing species identities retained. Full wording, measured wrapping, no display abbreviation. Speech quirks and jokes are project adaptations. Preserve all semantic substitutions; replace $x indentation with measured line breaks.
companion.dialogue.122.07	dialogue	122	7	$m0「やったよっ。<CR>$xこんなボクでも　レベルが<CR>$x上げられたんだ。	"$m0: ""I did it! Even someone like me managed to go up a level."""		enemy_feralball	independent_dialogue_reviewed_series_terms	Independently translated from the pinned Japanese; existing species identities retained. Full wording, measured wrapping, no display abbreviation. Speech quirks and jokes are project adaptations. Preserve all semantic substitutions; replace $x indentation with measured line breaks.
companion.dialogue.123.00	dialogue	123	0	$m0「さーてと。<CR>$xオイラは　何をすれば<CR>$xいいのかな？	"$m0: ""Now then. What should I be doing?"""		enemy_feralbeast	independent_dialogue_reviewed_series_terms	Independently translated from the pinned Japanese; existing species identities retained. Full wording, measured wrapping, no display abbreviation. Speech quirks and jokes are project adaptations. Preserve all semantic substitutions; replace $x indentation with measured line breaks.
companion.dialogue.123.01	dialogue	123	1	$m0「オイラを<CR>$x仲間にしてくれて　ありがとう！	"$m0: ""Thank you for letting me join you!"""		enemy_feralbeast	independent_dialogue_reviewed_series_terms	Independently translated from the pinned Japanese; existing species identities retained. Full wording, measured wrapping, no display abbreviation. Speech quirks and jokes are project adaptations. Preserve all semantic substitutions; replace $x indentation with measured line breaks.
companion.dialogue.123.02	dialogue	123	2	$m0「みんな　強いなあ。<CR>$xうらやましいなあ……。	"$m0: ""Everyone's so strong. I'm jealous..."""		enemy_feralbeast	independent_dialogue_reviewed_series_terms	Independently translated from the pinned Japanese; existing species identities retained. Full wording, measured wrapping, no display abbreviation. Speech quirks and jokes are project adaptations. Preserve all semantic substitutions; replace $x indentation with measured line breaks.
companion.dialogue.123.03	dialogue	123	3	$m0「ちょっと<CR>$xドジっちゃったかな。<CR>$x体力が半分に　なっちゃった。	"$m0: ""Maybe I messed up a little. My HP's down to half."""		enemy_feralbeast,hp	independent_dialogue_reviewed_series_terms	Independently translated from the pinned Japanese; existing species identities retained. Full wording, measured wrapping, no display abbreviation. Speech quirks and jokes are project adaptations. Preserve all semantic substitutions; replace $x indentation with measured line breaks.
companion.dialogue.123.04	dialogue	123	4	$m0「オイラだって<CR>$xやれば　できると思ったけど<CR>$xダメだったみたい……。	"$m0: ""I thought even I could do it if I tried. But I guess I couldn't..."""		enemy_feralbeast	independent_dialogue_reviewed_series_terms	Independently translated from the pinned Japanese; existing species identities retained. Full wording, measured wrapping, no display abbreviation. Speech quirks and jokes are project adaptations. Preserve all semantic substitutions; replace $x indentation with measured line breaks.
companion.dialogue.123.05	dialogue	123	5	$m0「オイラ　これでも<CR>$xがんばったんだよ。<CR>$xでも　もう体力が　ないや……。	"$m0: ""I really did try my best, you know. But now I've no strength left..."""		enemy_feralbeast	independent_dialogue_reviewed_series_terms	Independently translated from the pinned Japanese; existing species identities retained. Full wording, measured wrapping, no display abbreviation. Speech quirks and jokes are project adaptations. Preserve all semantic substitutions; replace $x indentation with measured line breaks.
companion.dialogue.123.06	dialogue	123	6	$m0「うわーい。<CR>$xレベルアップしちゃった。<CR>$xがんばって　よかった！	"$m0: ""Hooray! I've levelled up! I'm glad I worked so hard!"""		enemy_feralbeast	independent_dialogue_reviewed_series_terms	Independently translated from the pinned Japanese; existing species identities retained. Full wording, measured wrapping, no display abbreviation. Speech quirks and jokes are project adaptations. Preserve all semantic substitutions; replace $x indentation with measured line breaks.
companion.dialogue.123.07	dialogue	123	7	$m0「レベルが　上がったけど<CR>$xオイラなんか　まだまだだよね。	"$m0: ""My level went up, but I've still got a long way to go, haven't I?"""		enemy_feralbeast	independent_dialogue_reviewed_series_terms	Independently translated from the pinned Japanese; existing species identities retained. Full wording, measured wrapping, no display abbreviation. Speech quirks and jokes are project adaptations. Preserve all semantic substitutions; replace $x indentation with measured line breaks.
companion.dialogue.124.00	dialogue	124	0	$m0「オレの　こうら<CR>$xすごく　かたくて　リッパだろ。<CR>$xでも　ゆずってやらんもんね。	"$m0: ""My shell's wonderfully hard, isn't it? But you can't have it."""		enemy.armoured_wartoise	independent_dialogue_reviewed_series_terms	Independently translated from the pinned Japanese; existing species identities retained. Full wording, measured wrapping, no display abbreviation. Speech quirks and jokes are project adaptations. Preserve all semantic substitutions; replace $x indentation with measured line breaks.
companion.dialogue.124.01	dialogue	124	1	$m0「え？　オレの<CR>$xこうらが　ガシャガシャ<CR>$xうるさい？　……ほっといてよ。	"$m0: ""What? My shell makes too much clattering? ...Leave me alone."""		enemy.armoured_wartoise	independent_dialogue_reviewed_series_terms	Independently translated from the pinned Japanese; existing species identities retained. Full wording, measured wrapping, no display abbreviation. Speech quirks and jokes are project adaptations. Preserve all semantic substitutions; replace $x indentation with measured line breaks.
companion.dialogue.124.02	dialogue	124	2	$m0「うーん。<CR>$xこうらが　重すぎるのかなあ。<CR>$xこうげきを　よけられないや。	"$m0: ""Hmm. Maybe my shell's too heavy. I can't dodge attacks."""		enemy.armoured_wartoise	independent_dialogue_reviewed_series_terms	Independently translated from the pinned Japanese; existing species identities retained. Full wording, measured wrapping, no display abbreviation. Speech quirks and jokes are project adaptations. Preserve all semantic substitutions; replace $x indentation with measured line breaks.
companion.dialogue.124.03	dialogue	124	3	$m0「体力の残りは半分。<CR>$xこうらで　だいぶ　ふせいだけど<CR>$xけっこう　やられたなあ。	"$m0: ""Half my HP left. My shell blocked plenty, but I still took quite a beating."""		enemy.armoured_wartoise,hp	independent_dialogue_reviewed_series_terms	Independently translated from the pinned Japanese; existing species identities retained. Full wording, measured wrapping, no display abbreviation. Speech quirks and jokes are project adaptations. Preserve all semantic substitutions; replace $x indentation with measured line breaks.
companion.dialogue.124.04	dialogue	124	4	$m0「いざとなったら<CR>$xこうらに　かくれて<CR>$xやりすごせば　いいのさ。	"$m0: ""If things get bad, I can just hide in my shell and wait it out."""		enemy.armoured_wartoise	independent_dialogue_reviewed_series_terms	Independently translated from the pinned Japanese; existing species identities retained. Full wording, measured wrapping, no display abbreviation. Speech quirks and jokes are project adaptations. Preserve all semantic substitutions; replace $x indentation with measured line breaks.
companion.dialogue.124.05	dialogue	124	5	$m0「こりゃあ　まずい。<CR>$x残りの体力が　なくなるぞ。<CR>$xこうらが　もつかな？	"$m0: ""This is bad. I'm nearly out of strength. Will my shell hold up?"""		enemy.armoured_wartoise	independent_dialogue_reviewed_series_terms	Independently translated from the pinned Japanese; existing species identities retained. Full wording, measured wrapping, no display abbreviation. Speech quirks and jokes are project adaptations. Preserve all semantic substitutions; replace $x indentation with measured line breaks.
companion.dialogue.124.06	dialogue	124	6	$m0「やっと<CR>$xレベルアップかあ。<CR>$x大変だなあ……。	"$m0: ""Finally, a level up. It's hard work..."""		enemy.armoured_wartoise	independent_dialogue_reviewed_series_terms	Independently translated from the pinned Japanese; existing species identities retained. Full wording, measured wrapping, no display abbreviation. Speech quirks and jokes are project adaptations. Preserve all semantic substitutions; replace $x indentation with measured line breaks.
companion.dialogue.124.07	dialogue	124	7	$m0「オレのレベルが<CR>$x上がったよ。　やれやれ。<CR>$xここまで　長かったなあ。	"$m0: ""My level went up. Phew. It's been a long road."""		enemy.armoured_wartoise	independent_dialogue_reviewed_series_terms	Independently translated from the pinned Japanese; existing species identities retained. Full wording, measured wrapping, no display abbreviation. Speech quirks and jokes are project adaptations. Preserve all semantic substitutions; replace $x indentation with measured line breaks.
companion.dialogue.125.00	dialogue	125	0	$m0「ぬう　ワシの<CR>$x足が　おそいじゃと？<CR>$x大きな　お世話じゃっ。	"$m0: ""Hmm? You say I'm slow? Mind your own business!"""		enemy.iron_tortoise	independent_dialogue_reviewed_series_terms	Independently translated from the pinned Japanese; existing species identities retained. Full wording, measured wrapping, no display abbreviation. Speech quirks and jokes are project adaptations. Preserve all semantic substitutions; replace $x indentation with measured line breaks.
companion.dialogue.125.01	dialogue	125	1	$m0「ワシはのう。<CR>$xもう数万年は　生きておる。<CR>$xカメは万年と言うじゃろ？	"$m0: ""I've lived for tens of thousands of years. They say tortoises live ten thousand, don't they?"""		enemy.iron_tortoise	independent_dialogue_reviewed_series_terms	Independently translated from the pinned Japanese; existing species identities retained. Full wording, measured wrapping, no display abbreviation. Speech quirks and jokes are project adaptations. Preserve all semantic substitutions; replace $x indentation with measured line breaks.
companion.dialogue.125.02	dialogue	125	2	$m0「やれやれ。<CR>$x若い者は　せっかちで　いかん。<CR>$x敵と見たら　すぐ　なぐりよる。	"$m0: ""Good grief. Youngsters are far too hasty. See an enemy, hit it at once."""		enemy.iron_tortoise	independent_dialogue_reviewed_series_terms	Independently translated from the pinned Japanese; existing species identities retained. Full wording, measured wrapping, no display abbreviation. Speech quirks and jokes are project adaptations. Preserve all semantic substitutions; replace $x indentation with measured line breaks.
companion.dialogue.125.03	dialogue	125	3	$m0「なーに。<CR>$xワシの体力は　まだ半分も<CR>$x残っとるから　あわてなさんな。	"$m0: ""Now, now. I still have half my HP. Don't be in such a hurry."""		enemy.iron_tortoise,hp	independent_dialogue_reviewed_series_terms	Independently translated from the pinned Japanese; existing species identities retained. Full wording, measured wrapping, no display abbreviation. Speech quirks and jokes are project adaptations. Preserve all semantic substitutions; replace $x indentation with measured line breaks.
companion.dialogue.125.04	dialogue	125	4	$m0「ふむ……。<CR>$xちと　つらくなってきたかのう。<CR>$xまあ　思い残すことはないがの。	"$m0: ""Hmm... Things are getting a little hard. Well, I have no regrets."""		enemy.iron_tortoise	independent_dialogue_reviewed_series_terms	Independently translated from the pinned Japanese; existing species identities retained. Full wording, measured wrapping, no display abbreviation. Speech quirks and jokes are project adaptations. Preserve all semantic substitutions; replace $x indentation with measured line breaks.
companion.dialogue.125.05	dialogue	125	5	$m0「さあて……。<CR>$x残りの体力が　もうないの。<CR>$x人生　あきらめも　かんじんじゃ。	"$m0: ""Now then... I've no strength left. Sometimes you have to accept things in life."""		enemy.iron_tortoise	independent_dialogue_reviewed_series_terms	Independently translated from the pinned Japanese; existing species identities retained. Full wording, measured wrapping, no display abbreviation. Speech quirks and jokes are project adaptations. Preserve all semantic substitutions; replace $x indentation with measured line breaks.
companion.dialogue.125.06	dialogue	125	6	$m0「おお　おお。<CR>$xこんな老体でも　レベルが<CR>$xまだ　上がりよるのか……。	"$m0: ""Oh my. Even a body as old as this can still go up a level..."""		enemy.iron_tortoise	independent_dialogue_reviewed_series_terms	Independently translated from the pinned Japanese; existing species identities retained. Full wording, measured wrapping, no display abbreviation. Speech quirks and jokes are project adaptations. Preserve all semantic substitutions; replace $x indentation with measured line breaks.
companion.dialogue.125.07	dialogue	125	7	$m0「レベルアップは<CR>$x年には　かんけいなく<CR>$xできるもの　なんじゃなあ。	"$m0: ""It seems you can level up at any age."""		enemy.iron_tortoise	independent_dialogue_reviewed_series_terms	Independently translated from the pinned Japanese; existing species identities retained. Full wording, measured wrapping, no display abbreviation. Speech quirks and jokes are project adaptations. Preserve all semantic substitutions; replace $x indentation with measured line breaks.
companion.dialogue.126.00	dialogue	126	0	$m0「へっへっへ。<CR>$xガッポリ　もうけさせて<CR>$xいただきますぜ。	"$m0: ""Heh heh heh! I'll be making a tidy profit, thank you very much."""		enemy_gargoyle	independent_dialogue_reviewed_series_terms	Independently translated from the pinned Japanese; existing species identities retained. Full wording, measured wrapping, no display abbreviation. Speech quirks and jokes are project adaptations. Preserve all semantic substitutions; replace $x indentation with measured line breaks.
companion.dialogue.126.01	dialogue	126	1	$m0「お客さん<CR>$x強いんだもんな～。<CR>$xまいっちゃうよ。	"$m0: ""You're a strong one, customer. I just can't compete!"""		enemy_gargoyle	independent_dialogue_reviewed_series_terms	Independently translated from the pinned Japanese; existing species identities retained. Full wording, measured wrapping, no display abbreviation. Speech quirks and jokes are project adaptations. Preserve all semantic substitutions; replace $x indentation with measured line breaks.
companion.dialogue.126.02	dialogue	126	2	$m0「いや　あたしも<CR>$xいろいろ　苦労はあるんですよ。<CR>$xあたたた……　腰が……。	"$m0: ""I've got my share of troubles too, you know. Ow, ow... My back..."""		enemy_gargoyle	independent_dialogue_reviewed_series_terms	Independently translated from the pinned Japanese; existing species identities retained. Full wording, measured wrapping, no display abbreviation. Speech quirks and jokes are project adaptations. Preserve all semantic substitutions; replace $x indentation with measured line breaks.
companion.dialogue.126.03	dialogue	126	3	$m0「お客さん<CR>$xけっこう　人使いが<CR>$x荒いよね……。	"$m0: ""You're quite a hard taskmaster, customer..."""		enemy_gargoyle	independent_dialogue_reviewed_series_terms	Independently translated from the pinned Japanese; existing species identities retained. Full wording, measured wrapping, no display abbreviation. Speech quirks and jokes are project adaptations. Preserve all semantic substitutions; replace $x indentation with measured line breaks.
companion.dialogue.126.04	dialogue	126	4	$m0「いや<CR>$xまいった　まいった。<CR>$xもう　死にそう……。	"$m0: ""Well, that's me beaten. I feel like I'm about to die..."""		enemy_gargoyle	independent_dialogue_reviewed_series_terms	Independently translated from the pinned Japanese; existing species identities retained. Full wording, measured wrapping, no display abbreviation. Speech quirks and jokes are project adaptations. Preserve all semantic substitutions; replace $x indentation with measured line breaks.
companion.dialogue.126.05	dialogue	126	5	$m0「あたしゃ<CR>$x商売人ですよ。　なのに<CR>$xこんなケガするとは……。	"$m0: ""I'm a merchant, you know. How did I end up with wounds like these...?"""		enemy_gargoyle	independent_dialogue_reviewed_series_terms	Independently translated from the pinned Japanese; existing species identities retained. Full wording, measured wrapping, no display abbreviation. Speech quirks and jokes are project adaptations. Preserve all semantic substitutions; replace $x indentation with measured line breaks.
companion.dialogue.126.06	dialogue	126	6	$m0「ありゃ？<CR>$xいつの間にか　レベルアップだ。<CR>$xわれながら　けっこうヤルね。	"$m0: ""Oh? I've levelled up without noticing. I'm pretty good, if I say so myself."""		enemy_gargoyle	independent_dialogue_reviewed_series_terms	Independently translated from the pinned Japanese; existing species identities retained. Full wording, measured wrapping, no display abbreviation. Speech quirks and jokes are project adaptations. Preserve all semantic substitutions; replace $x indentation with measured line breaks.
companion.dialogue.126.07	dialogue	126	7	$m0「お客さん<CR>$xちょっと　見た？　りっぱな<CR>$xレベルアップだったでしょうが。	"$m0: ""Did you see that, customer? That was a fine level up, wasn't it?"""		enemy_gargoyle	independent_dialogue_reviewed_series_terms	Independently translated from the pinned Japanese; existing species identities retained. Full wording, measured wrapping, no display abbreviation. Speech quirks and jokes are project adaptations. Preserve all semantic substitutions; replace $x indentation with measured line breaks.
companion.dialogue.127.00	dialogue	127	0	$m0「さあ　今日も<CR>$xどんどん　マネるぜ！	"$m0: ""Right! Another day, another heap of things to copy!"""		enemy_knight_shift	independent_dialogue_reviewed_series_terms	Independently translated from the pinned Japanese; existing species identities retained. Full wording, measured wrapping, no display abbreviation. Speech quirks and jokes are project adaptations. Preserve all semantic substitutions; replace $x indentation with measured line breaks.
companion.dialogue.127.01	dialogue	127	1	$m0「オレに<CR>$xこうげきを　あてようなんざ<CR>$x百万年　早いよな！	"$m0: ""They're a million years too early to land a hit on me!"""		enemy_knight_shift	independent_dialogue_reviewed_series_terms	Independently translated from the pinned Japanese; existing species identities retained. Full wording, measured wrapping, no display abbreviation. Speech quirks and jokes are project adaptations. Preserve all semantic substitutions; replace $x indentation with measured line breaks.
companion.dialogue.127.02	dialogue	127	2	$m0「なあ　知ってるか？<CR>$xこう見えても　モノマネって<CR>$xけっこう　つかれるんだぜ。	"$m0: ""You know, copying others is harder work than it looks."""		enemy_knight_shift	independent_dialogue_reviewed_series_terms	Independently translated from the pinned Japanese; existing species identities retained. Full wording, measured wrapping, no display abbreviation. Speech quirks and jokes are project adaptations. Preserve all semantic substitutions; replace $x indentation with measured line breaks.
companion.dialogue.127.03	dialogue	127	3	$m0「そろそろ<CR>$x残りの体力が　半分になるな。<CR>$xなかなか　ハードだぜ。	"$m0: ""Looks like I'm down to half my HP. This is pretty tough."""		enemy_knight_shift,hp	independent_dialogue_reviewed_series_terms	Independently translated from the pinned Japanese; existing species identities retained. Full wording, measured wrapping, no display abbreviation. Speech quirks and jokes are project adaptations. Preserve all semantic substitutions; replace $x indentation with measured line breaks.
companion.dialogue.127.04	dialogue	127	4	$m0「くそっ。<CR>$xだいぶ　やられたな……。<CR>$xでも　なんか楽しいよ。	"$m0: ""Blast! I've taken quite a beating... But somehow it's fun."""		enemy_knight_shift	independent_dialogue_reviewed_series_terms	Independently translated from the pinned Japanese; existing species identities retained. Full wording, measured wrapping, no display abbreviation. Speech quirks and jokes are project adaptations. Preserve all semantic substitutions; replace $x indentation with measured line breaks.
companion.dialogue.127.05	dialogue	127	5	$m0「オレの体力は<CR>$xもう　残ってねえな。<CR>$xこいつは　ヘビーだぜ。	"$m0: ""I'm out of strength. This is heavy stuff."""		enemy_knight_shift	independent_dialogue_reviewed_series_terms	Independently translated from the pinned Japanese; existing species identities retained. Full wording, measured wrapping, no display abbreviation. Speech quirks and jokes are project adaptations. Preserve all semantic substitutions; replace $x indentation with measured line breaks.
companion.dialogue.127.06	dialogue	127	6	$m0「おっ？<CR>$xどうやら　レベルが<CR>$x上がってたみたいだ。	"$m0: ""Oh? Looks like my level's gone up."""		enemy_knight_shift	independent_dialogue_reviewed_series_terms	Independently translated from the pinned Japanese; existing species identities retained. Full wording, measured wrapping, no display abbreviation. Speech quirks and jokes are project adaptations. Preserve all semantic substitutions; replace $x indentation with measured line breaks.
companion.dialogue.127.07	dialogue	127	7	$m0「この感じ……。<CR>$xレベルアップってヤツだな！	"$m0: ""This feeling... That must be a level up!"""		enemy_knight_shift	independent_dialogue_reviewed_series_terms	Independently translated from the pinned Japanese; existing species identities retained. Full wording, measured wrapping, no display abbreviation. Speech quirks and jokes are project adaptations. Preserve all semantic substitutions; replace $x indentation with measured line breaks.
companion.dialogue.128.00	dialogue	128	0	$m0「オレの剣は<CR>$xきまぐれでな。　調子がいいと<CR>$xとんでもないチカラを出すのさ。	"$m0: ""My sword's fickle. When it's in the mood, it unleashes incredible power."""		enemy_fly_by_knight	independent_dialogue_reviewed_series_terms	Independently translated from the pinned Japanese; existing species identities retained. Full wording, measured wrapping, no display abbreviation. Speech quirks and jokes are project adaptations. Preserve all semantic substitutions; replace $x indentation with measured line breaks.
companion.dialogue.128.01	dialogue	128	1	$m0「さあ　いつでも<CR>$xかかってこい！　……って<CR>$xおぬしに言っても　しかたないか。	"$m0: ""Come on! Any time! ...No point saying that to you, I suppose."""		enemy_fly_by_knight	independent_dialogue_reviewed_series_terms	Independently translated from the pinned Japanese; existing species identities retained. Full wording, measured wrapping, no display abbreviation. Speech quirks and jokes are project adaptations. Preserve all semantic substitutions; replace $x indentation with measured line breaks.
companion.dialogue.128.02	dialogue	128	2	$m0「オレの剣のウデが<CR>$x少し　にぶっているのか？<CR>$xいや　そんなはずはない！	"$m0: ""Has my swordplay lost its edge? No, that can't be!"""		enemy_fly_by_knight	independent_dialogue_reviewed_series_terms	Independently translated from the pinned Japanese; existing species identities retained. Full wording, measured wrapping, no display abbreviation. Speech quirks and jokes are project adaptations. Preserve all semantic substitutions; replace $x indentation with measured line breaks.
companion.dialogue.128.03	dialogue	128	3	$m0「いまひとつ<CR>$xちょうしが　出ないな。<CR>$x体力が半分しか　ないせいか。	"$m0: ""I can't quite get going. Is it because I've only got half my HP?"""		enemy_fly_by_knight,hp	independent_dialogue_reviewed_series_terms	Independently translated from the pinned Japanese; existing species identities retained. Full wording, measured wrapping, no display abbreviation. Speech quirks and jokes are project adaptations. Preserve all semantic substitutions; replace $x indentation with measured line breaks.
companion.dialogue.128.04	dialogue	128	4	$m0「こんなことなら<CR>$xもっと　剣のしゅぎょうを<CR>$xしておくべきだった……。	"$m0: ""If I'd known it would come to this, I'd have trained harder with my sword..."""		enemy_fly_by_knight	independent_dialogue_reviewed_series_terms	Independently translated from the pinned Japanese; existing species identities retained. Full wording, measured wrapping, no display abbreviation. Speech quirks and jokes are project adaptations. Preserve all semantic substitutions; replace $x indentation with measured line breaks.
companion.dialogue.128.05	dialogue	128	5	$m0「しくじった！<CR>$xもう　残りの体力がない。<CR>$xムネンだ……。	"$m0: ""I messed up! No strength left. How bitter..."""		enemy_fly_by_knight	independent_dialogue_reviewed_series_terms	Independently translated from the pinned Japanese; existing species identities retained. Full wording, measured wrapping, no display abbreviation. Speech quirks and jokes are project adaptations. Preserve all semantic substitutions; replace $x indentation with measured line breaks.
companion.dialogue.128.06	dialogue	128	6	$m0「ふう……。<CR>$xなんとか　レベルを上げるのに<CR>$x成功したぜ。	"$m0: ""Phew... Somehow I managed to raise my level."""		enemy_fly_by_knight	independent_dialogue_reviewed_series_terms	Independently translated from the pinned Japanese; existing species identities retained. Full wording, measured wrapping, no display abbreviation. Speech quirks and jokes are project adaptations. Preserve all semantic substitutions; replace $x indentation with measured line breaks.
companion.dialogue.128.07	dialogue	128	7	$m0「レベルアップか。<CR>$x自分が強くなる　この感じ<CR>$xたまらないな。	"$m0: ""Level up, eh? This feeling of growing stronger... I can't get enough."""		enemy_fly_by_knight	independent_dialogue_reviewed_series_terms	Independently translated from the pinned Japanese; existing species identities retained. Full wording, measured wrapping, no display abbreviation. Speech quirks and jokes are project adaptations. Preserve all semantic substitutions; replace $x indentation with measured line breaks.
companion.dialogue.129.00	dialogue	129	0	$m0「ああっ　まぶしい。<CR>$x自分の身体が　まぶしいっ。	"$m0: ""Oh, dazzling! My own body is dazzling me!"""		enemy.gem_slime	independent_dialogue_reviewed_series_terms	Independently translated from the pinned Japanese; existing species identities retained. Full wording, measured wrapping, no display abbreviation. Speech quirks and jokes are project adaptations. Preserve all semantic substitutions; replace $x indentation with measured line breaks.
companion.dialogue.129.01	dialogue	129	1	$m0「私の必殺技は<CR>$x言わずとしれた　マダンテ！<CR>$xさあ　いつ　つかおうか……。	"$m0: ""My ultimate move is, of course, Magic Burst! Now, when shall I use it...?"""		enemy.gem_slime,spell.magic_burst	independent_dialogue_reviewed_series_terms	Independently translated from the pinned Japanese; existing species identities retained. Full wording, measured wrapping, no display abbreviation. Speech quirks and jokes are project adaptations. Preserve all semantic substitutions; replace $x indentation with measured line breaks.
companion.dialogue.129.02	dialogue	129	2	$m0「私の身体から<CR>$x金をけずっていこうとする<CR>$xやからの多いことよ。	"$m0: ""So many scoundrels try to scrape the gold off my body."""		enemy.gem_slime	independent_dialogue_reviewed_series_terms	Independently translated from the pinned Japanese; existing species identities retained. Full wording, measured wrapping, no display abbreviation. Speech quirks and jokes are project adaptations. Preserve all semantic substitutions; replace $x indentation with measured line breaks.
companion.dialogue.129.03	dialogue	129	3	$m0「おお？<CR>$x私の体力が　なんと半分に？<CR>$xこれは　気づかなんだ。	"$m0: ""Oh? My HP's down to half? I hadn't noticed."""		enemy.gem_slime,hp	independent_dialogue_reviewed_series_terms	Independently translated from the pinned Japanese; existing species identities retained. Full wording, measured wrapping, no display abbreviation. Speech quirks and jokes are project adaptations. Preserve all semantic substitutions; replace $x indentation with measured line breaks.
companion.dialogue.129.04	dialogue	129	4	$m0「金の身体とは<CR>$xかように　やわらかいもので<CR>$xあったか……。	"$m0: ""Was a body of gold always this soft...?"""		enemy.gem_slime	independent_dialogue_reviewed_series_terms	Independently translated from the pinned Japanese; existing species identities retained. Full wording, measured wrapping, no display abbreviation. Speech quirks and jokes are project adaptations. Preserve all semantic substitutions; replace $x indentation with measured line breaks.
companion.dialogue.129.05	dialogue	129	5	$m0「私の体力が<CR>$xまったく　残っておらんとは<CR>$xどういうことだ？	"$m0: ""What do you mean, I have no strength left at all?"""		enemy.gem_slime	independent_dialogue_reviewed_series_terms	Independently translated from the pinned Japanese; existing species identities retained. Full wording, measured wrapping, no display abbreviation. Speech quirks and jokes are project adaptations. Preserve all semantic substitutions; replace $x indentation with measured line breaks.
companion.dialogue.129.06	dialogue	129	6	$m0「ほっほっ。<CR>$xレベルアップであるな。	"$m0: ""Ho ho! A level up, indeed."""		enemy.gem_slime	independent_dialogue_reviewed_series_terms	Independently translated from the pinned Japanese; existing species identities retained. Full wording, measured wrapping, no display abbreviation. Speech quirks and jokes are project adaptations. Preserve all semantic substitutions; replace $x indentation with measured line breaks.
companion.dialogue.129.07	dialogue	129	7	$m0「私のレベルが<CR>$x上がったということは　まことに<CR>$xよろこばしいことだ。	"$m0: ""The rising of my level is a most joyous occasion."""		enemy.gem_slime	independent_dialogue_reviewed_series_terms	Independently translated from the pinned Japanese; existing species identities retained. Full wording, measured wrapping, no display abbreviation. Speech quirks and jokes are project adaptations. Preserve all semantic substitutions; replace $x indentation with measured line breaks.
companion.dialogue.130.00	dialogue	130	0	$m0「キングとエンペラー<CR>$xはたして　どちらが　えらいのか<CR>$x決めるべきとは　思わぬか？	"$m0: ""King or emperor? Don't you think it's time we settled which is greater?"""		enemy.emperor_slime	independent_dialogue_reviewed_series_terms	Independently translated from the pinned Japanese; existing species identities retained. Full wording, measured wrapping, no display abbreviation. Speech quirks and jokes are project adaptations. Preserve all semantic substitutions; replace $x indentation with measured line breaks.
companion.dialogue.130.01	dialogue	130	1	$m0「われこそは<CR>$xスライム族の中で　もっとも<CR>$xとうとい存在なり。	"$m0: ""I am the noblest being among all slimekind."""		enemy.emperor_slime	independent_dialogue_reviewed_series_terms	Independently translated from the pinned Japanese; existing species identities retained. Full wording, measured wrapping, no display abbreviation. Speech quirks and jokes are project adaptations. Preserve all semantic substitutions; replace $x indentation with measured line breaks.
companion.dialogue.130.02	dialogue	130	2	$m0「おのれ……。<CR>$xわが身に　手を上げた者ども。<CR>$xハジをしるがよい！	"$m0: ""Scoundrels... Those who raised a hand against me should be ashamed!"""		enemy.emperor_slime	independent_dialogue_reviewed_series_terms	Independently translated from the pinned Japanese; existing species identities retained. Full wording, measured wrapping, no display abbreviation. Speech quirks and jokes are project adaptations. Preserve all semantic substitutions; replace $x indentation with measured line breaks.
companion.dialogue.130.03	dialogue	130	3	$m0「われの体力が<CR>$x半分も　うしなわれておる。<CR>$xそちが　なんとか　いたせ。	"$m0: ""Half my HP has been lost. Do something about it."""		enemy.emperor_slime,hp	independent_dialogue_reviewed_series_terms	Independently translated from the pinned Japanese; existing species identities retained. Full wording, measured wrapping, no display abbreviation. Speech quirks and jokes are project adaptations. Preserve all semantic substitutions; replace $x indentation with measured line breaks.
companion.dialogue.130.04	dialogue	130	4	$m0「まさか……。<CR>$xこの　われを　亡き者にしようと<CR>$xだれかが　たくらんでおるのか？	"$m0: ""Surely not... Is someone plotting to have me killed?"""		enemy.emperor_slime	independent_dialogue_reviewed_series_terms	Independently translated from the pinned Japanese; existing species identities retained. Full wording, measured wrapping, no display abbreviation. Speech quirks and jokes are project adaptations. Preserve all semantic substitutions; replace $x indentation with measured line breaks.
companion.dialogue.130.05	dialogue	130	5	$m0「なぜだ！？<CR>$xなぜ　われの体力が　もう<CR>$x残り少ないのだ！？	"$m0: ""Why!? Why is there so little of my strength left!?"""		enemy.emperor_slime	independent_dialogue_reviewed_series_terms	Independently translated from the pinned Japanese; existing species identities retained. Full wording, measured wrapping, no display abbreviation. Speech quirks and jokes are project adaptations. Preserve all semantic substitutions; replace $x indentation with measured line breaks.
companion.dialogue.130.06	dialogue	130	6	$m0「レベルアップか。<CR>$xまさに　われに　ふさわしい<CR>$x言葉よの。	"$m0: ""Level up, eh? A phrase most fitting for me."""		enemy.emperor_slime	independent_dialogue_reviewed_series_terms	Independently translated from the pinned Japanese; existing species identities retained. Full wording, measured wrapping, no display abbreviation. Speech quirks and jokes are project adaptations. Preserve all semantic substitutions; replace $x indentation with measured line breaks.
companion.dialogue.130.07	dialogue	130	7	$m0「よきかな。<CR>$xレベルが上がれば　われの<CR>$xチカラも上がると　いうもの。	"$m0: ""Excellent. As my level rises, so does my power."""		enemy.emperor_slime	independent_dialogue_reviewed_series_terms	Independently translated from the pinned Japanese; existing species identities retained. Full wording, measured wrapping, no display abbreviation. Speech quirks and jokes are project adaptations. Preserve all semantic substitutions; replace $x indentation with measured line breaks.
companion.dialogue.131.00	dialogue	131	0	$m0「プラチナで<CR>$x身体が　できてるのって<CR>$xすごいでしょ　ふふーん。	"$m0: ""Having a body made of platinum is amazing, isn't it? Heh!"""		enemy.platinum_king_jewel	independent_dialogue_reviewed_series_terms	Independently translated from the pinned Japanese; existing species identities retained. Full wording, measured wrapping, no display abbreviation. Speech quirks and jokes are project adaptations. Preserve all semantic substitutions; replace $x indentation with measured line breaks.
companion.dialogue.131.01	dialogue	131	1	$m0「この　かがやき<CR>$xほかのスライムには　とうてい<CR>$xマネできないよね。	"$m0: ""No other slime could ever match this shine."""		enemy.platinum_king_jewel	independent_dialogue_reviewed_series_terms	Independently translated from the pinned Japanese; existing species identities retained. Full wording, measured wrapping, no display abbreviation. Speech quirks and jokes are project adaptations. Preserve all semantic substitutions; replace $x indentation with measured line breaks.
companion.dialogue.131.02	dialogue	131	2	$m0「やだなあ　もう。<CR>$xボクの身体に　キズを<CR>$xつけちゃ　ダメじゃないか。	"$m0: ""Oh, stop it! You mustn't scratch my body."""		enemy.platinum_king_jewel	independent_dialogue_reviewed_series_terms	Independently translated from the pinned Japanese; existing species identities retained. Full wording, measured wrapping, no display abbreviation. Speech quirks and jokes are project adaptations. Preserve all semantic substitutions; replace $x indentation with measured line breaks.
companion.dialogue.131.03	dialogue	131	3	$m0「体力が半分……。<CR>$xみんな　ボクのこと　もっと<CR>$xだいじに　してよ！	"$m0: ""Half my HP... You should all take better care of me!"""		enemy.platinum_king_jewel,hp	independent_dialogue_reviewed_series_terms	Independently translated from the pinned Japanese; existing species identities retained. Full wording, measured wrapping, no display abbreviation. Speech quirks and jokes are project adaptations. Preserve all semantic substitutions; replace $x indentation with measured line breaks.
companion.dialogue.131.04	dialogue	131	4	$m0「ボクを<CR>$x倒しちゃったら　世界の宝が<CR>$xひとつ　減っちゃうんだよ！	"$m0: ""If you defeat me, the world will lose one of its treasures!"""		enemy.platinum_king_jewel	independent_dialogue_reviewed_series_terms	Independently translated from the pinned Japanese; existing species identities retained. Full wording, measured wrapping, no display abbreviation. Speech quirks and jokes are project adaptations. Preserve all semantic substitutions; replace $x indentation with measured line breaks.
companion.dialogue.131.05	dialogue	131	5	$m0「ひどいよ！<CR>$xみんなで　ボクの体力を<CR>$xぜんぶ　もってく気なんだ！	"$m0: ""How cruel! They're all trying to take every last bit of my strength!"""		enemy.platinum_king_jewel	independent_dialogue_reviewed_series_terms	Independently translated from the pinned Japanese; existing species identities retained. Full wording, measured wrapping, no display abbreviation. Speech quirks and jokes are project adaptations. Preserve all semantic substitutions; replace $x indentation with measured line breaks.
companion.dialogue.131.06	dialogue	131	6	$m0「うん！<CR>$xボク　レベルアップしたよ。	"$m0: ""Yes! I've levelled up!"""		enemy.platinum_king_jewel	independent_dialogue_reviewed_series_terms	Independently translated from the pinned Japanese; existing species identities retained. Full wording, measured wrapping, no display abbreviation. Speech quirks and jokes are project adaptations. Preserve all semantic substitutions; replace $x indentation with measured line breaks.
companion.dialogue.131.07	dialogue	131	7	$m0「よーし。<CR>$xレベルが上がったら　なんか<CR>$xやる気が　出てきた！	"$m0: ""All right! Going up a level has made me feel eager to get going!"""		enemy.platinum_king_jewel	independent_dialogue_reviewed_series_terms	Independently translated from the pinned Japanese; existing species identities retained. Full wording, measured wrapping, no display abbreviation. Speech quirks and jokes are project adaptations. Preserve all semantic substitutions; replace $x indentation with measured line breaks.
companion.dialogue.132.00	dialogue	132	0	$m0「んー。<CR>$xこれから　どうしようかな。<CR>$xしばらく　ようす見るかな。	"$m0: ""Hmm. What shall I do next? Maybe watch and wait a while."""		enemy_tongue_fu_fighter	independent_dialogue_reviewed_series_terms	Independently translated from the pinned Japanese; existing species identities retained. Full wording, measured wrapping, no display abbreviation. Speech quirks and jokes are project adaptations. Preserve all semantic substitutions; replace $x indentation with measured line breaks.
companion.dialogue.132.01	dialogue	132	1	$m0「ちゅう。<CR>$xキミも　ちゅうして行かない？	"$m0: ""Mwah! Wouldn't you like a kiss before you go?"""		enemy_tongue_fu_fighter	independent_dialogue_reviewed_series_terms	Independently translated from the pinned Japanese; existing species identities retained. Full wording, measured wrapping, no display abbreviation. Speech quirks and jokes are project adaptations. Preserve all semantic substitutions; replace $x indentation with measured line breaks.
companion.dialogue.132.02	dialogue	132	2	$m0「あいたたた。<CR>$xみんなに　ちゅうしてあげようと<CR>$xしてるだけなのになー。	"$m0: ""Ow, ow, ow! I'm only trying to give everyone a kiss."""		enemy_tongue_fu_fighter	independent_dialogue_reviewed_series_terms	Independently translated from the pinned Japanese; existing species identities retained. Full wording, measured wrapping, no display abbreviation. Speech quirks and jokes are project adaptations. Preserve all semantic substitutions; replace $x indentation with measured line breaks.
companion.dialogue.132.03	dialogue	132	3	$m0「残りの体力？<CR>$x平気平気　まだ半分あるから。<CR>$xところで　ちゅうしない？	"$m0: ""My HP? Fine, fine! I've still got half. Anyway, fancy a kiss?"""		enemy_tongue_fu_fighter,hp	independent_dialogue_reviewed_series_terms	Independently translated from the pinned Japanese; existing species identities retained. Full wording, measured wrapping, no display abbreviation. Speech quirks and jokes are project adaptations. Preserve all semantic substitutions; replace $x indentation with measured line breaks.
companion.dialogue.132.04	dialogue	132	4	$m0「ぐすん。<CR>$xみんな　ボクのちゅうが<CR>$xそんなに　キライなのか……。	"$m0: ""Sniff... Does everyone hate my kisses that much...?"""		enemy_tongue_fu_fighter	independent_dialogue_reviewed_series_terms	Independently translated from the pinned Japanese; existing species identities retained. Full wording, measured wrapping, no display abbreviation. Speech quirks and jokes are project adaptations. Preserve all semantic substitutions; replace $x indentation with measured line breaks.
companion.dialogue.132.05	dialogue	132	5	$m0「体力がないや。<CR>$xボク　もうダメなんだね。<CR>$xもっと　ちゅうしたかったな。	"$m0: ""No strength left. I guess I'm done for. I wanted to give more kisses."""		enemy_tongue_fu_fighter	independent_dialogue_reviewed_series_terms	Independently translated from the pinned Japanese; existing species identities retained. Full wording, measured wrapping, no display abbreviation. Speech quirks and jokes are project adaptations. Preserve all semantic substitutions; replace $x indentation with measured line breaks.
companion.dialogue.132.06	dialogue	132	6	$m0「やった！<CR>$xちゅうレベルが　上がった。<CR>$xえっ　そんなレベルはないの？	"$m0: ""Hooray! My kissing level went up! What? There's no such level?"""		enemy_tongue_fu_fighter	independent_dialogue_reviewed_series_terms	Independently translated from the pinned Japanese; existing species identities retained. Full wording, measured wrapping, no display abbreviation. Speech quirks and jokes are project adaptations. Preserve all semantic substitutions; replace $x indentation with measured line breaks.
companion.dialogue.132.07	dialogue	132	7	$m0「見てみて。<CR>$xボク　レベルアップしたんだ。	"$m0: ""Look, look! I've levelled up!"""		enemy_tongue_fu_fighter	independent_dialogue_reviewed_series_terms	Independently translated from the pinned Japanese; existing species identities retained. Full wording, measured wrapping, no display abbreviation. Speech quirks and jokes are project adaptations. Preserve all semantic substitutions; replace $x indentation with measured line breaks.
companion.dialogue.133.00	dialogue	133	0	$m0「やあ　こんにちは。<CR>$xおいらのことなら　心配しないで<CR>$xいいからね。	"$m0: ""Hello there. You don't need to worry about me."""		enemy_tongue_fu_master	independent_dialogue_reviewed_series_terms	Independently translated from the pinned Japanese; existing species identities retained. Full wording, measured wrapping, no display abbreviation. Speech quirks and jokes are project adaptations. Preserve all semantic substitutions; replace $x indentation with measured line breaks.
companion.dialogue.133.01	dialogue	133	1	$m0「あんたのために<CR>$xがんばってみるけど<CR>$xどこまで　やれるかな？	"$m0: ""I'll do my best for you. I wonder how far I can go."""		enemy_tongue_fu_master	independent_dialogue_reviewed_series_terms	Independently translated from the pinned Japanese; existing species identities retained. Full wording, measured wrapping, no display abbreviation. Speech quirks and jokes are project adaptations. Preserve all semantic substitutions; replace $x indentation with measured line breaks.
companion.dialogue.133.02	dialogue	133	2	$m0「うーん。<CR>$xこれ以上は　ケガしたくないなあ。	"$m0: ""Hmm. I'd rather not get hurt any more."""		enemy_tongue_fu_master	independent_dialogue_reviewed_series_terms	Independently translated from the pinned Japanese; existing species identities retained. Full wording, measured wrapping, no display abbreviation. Speech quirks and jokes are project adaptations. Preserve all semantic substitutions; replace $x indentation with measured line breaks.
companion.dialogue.133.03	dialogue	133	3	$m0「そうか。<CR>$xおいらの体力は　あと半分か。	"$m0: ""I see. So I've got half my HP left."""		enemy_tongue_fu_master,hp	independent_dialogue_reviewed_series_terms	Independently translated from the pinned Japanese; existing species identities retained. Full wording, measured wrapping, no display abbreviation. Speech quirks and jokes are project adaptations. Preserve all semantic substitutions; replace $x indentation with measured line breaks.
companion.dialogue.133.04	dialogue	133	4	$m0「いけない！<CR>$xつぎに　なぐられたら<CR>$xただじゃ　すまなそうだ。	"$m0: ""Oh no! The next hit could be serious."""		enemy_tongue_fu_master	independent_dialogue_reviewed_series_terms	Independently translated from the pinned Japanese; existing species identities retained. Full wording, measured wrapping, no display abbreviation. Speech quirks and jokes are project adaptations. Preserve all semantic substitutions; replace $x indentation with measured line breaks.
companion.dialogue.133.05	dialogue	133	5	$m0「残りの体力は<CR>$xほとんど　残ってない……。<CR>$xだいぶ　やられちゃったな。	"$m0: ""Hardly any strength left... I've taken quite a beating."""		enemy_tongue_fu_master	independent_dialogue_reviewed_series_terms	Independently translated from the pinned Japanese; existing species identities retained. Full wording, measured wrapping, no display abbreviation. Speech quirks and jokes are project adaptations. Preserve all semantic substitutions; replace $x indentation with measured line breaks.
companion.dialogue.133.06	dialogue	133	6	$m0「うんうん。<CR>$xレベルアップって　とても<CR>$x気持ちいいよね！	"$m0: ""Yes, yes! Going up a level feels wonderful, doesn't it?"""		enemy_tongue_fu_master	independent_dialogue_reviewed_series_terms	Independently translated from the pinned Japanese; existing species identities retained. Full wording, measured wrapping, no display abbreviation. Speech quirks and jokes are project adaptations. Preserve all semantic substitutions; replace $x indentation with measured line breaks.
companion.dialogue.133.07	dialogue	133	7	$m0「うわー。<CR>$xおいら　レベルが上がったよ。	"$m0: ""Wow! My level's gone up!"""		enemy_tongue_fu_master	independent_dialogue_reviewed_series_terms	Independently translated from the pinned Japanese; existing species identities retained. Full wording, measured wrapping, no display abbreviation. Speech quirks and jokes are project adaptations. Preserve all semantic substitutions; replace $x indentation with measured line breaks.
companion.dialogue.134.00	dialogue	134	0	$m0「あーめーあーめー。<CR>$xふってふってふって～って<CR>$xこんなとこじゃ　ふらないか。	"$m0: ""Rain, rain! Fall, fall, fall! ...Oh, I suppose it won't rain in a place like this."""		enemy_rainiac	independent_dialogue_reviewed_series_terms	Independently translated from the pinned Japanese; existing species identities retained. Full wording, measured wrapping, no display abbreviation. Speech quirks and jokes are project adaptations. Preserve all semantic substitutions; replace $x indentation with measured line breaks.
companion.dialogue.134.01	dialogue	134	1	$m0「雨が　ふると<CR>$xなんか　ワクワクするよね！	"$m0: ""Doesn't rain make you feel excited?"""		enemy_rainiac	independent_dialogue_reviewed_series_terms	Independently translated from the pinned Japanese; existing species identities retained. Full wording, measured wrapping, no display abbreviation. Speech quirks and jokes are project adaptations. Preserve all semantic substitutions; replace $x indentation with measured line breaks.
companion.dialogue.134.02	dialogue	134	2	$m0「雨が　ふってれば<CR>$xもうちょっと　元気が<CR>$x出るんだけどなあ。	"$m0: ""I'd feel a little better if it were raining."""		enemy_rainiac	independent_dialogue_reviewed_series_terms	Independently translated from the pinned Japanese; existing species identities retained. Full wording, measured wrapping, no display abbreviation. Speech quirks and jokes are project adaptations. Preserve all semantic substitutions; replace $x indentation with measured line breaks.
companion.dialogue.134.03	dialogue	134	3	$m0「体力が　もう<CR>$x半分に　なっちゃったよ。<CR>$x雨でも　ふらないかなあ。	"$m0: ""My HP's already down to half. Couldn't it rain a little?"""		enemy_rainiac,hp	independent_dialogue_reviewed_series_terms	Independently translated from the pinned Japanese; existing species identities retained. Full wording, measured wrapping, no display abbreviation. Speech quirks and jokes are project adaptations. Preserve all semantic substitutions; replace $x indentation with measured line breaks.
companion.dialogue.134.04	dialogue	134	4	$m0「ああ……。<CR>$xどうせ　倒れるなら<CR>$xかっこよく　雨の中で……。	"$m0: ""Oh... If I have to fall, I want to do it dramatically in the rain..."""		enemy_rainiac	independent_dialogue_reviewed_series_terms	Independently translated from the pinned Japanese; existing species identities retained. Full wording, measured wrapping, no display abbreviation. Speech quirks and jokes are project adaptations. Preserve all semantic substitutions; replace $x indentation with measured line breaks.
companion.dialogue.134.05	dialogue	134	5	$m0「体力が　もう<CR>$xぜんぜん　残ってないよ。<CR>$x雨が　ふらないせいだ！	"$m0: ""I've got no strength left at all. It's because there's no rain!"""		enemy_rainiac	independent_dialogue_reviewed_series_terms	Independently translated from the pinned Japanese; existing species identities retained. Full wording, measured wrapping, no display abbreviation. Speech quirks and jokes are project adaptations. Preserve all semantic substitutions; replace $x indentation with measured line breaks.
companion.dialogue.134.06	dialogue	134	6	$m0「レベルが上がったよ。<CR>$xおいわいの雨を　ちょうだい。	"$m0: ""My level went up. Give me some rain to celebrate!"""		enemy_rainiac	independent_dialogue_reviewed_series_terms	Independently translated from the pinned Japanese; existing species identities retained. Full wording, measured wrapping, no display abbreviation. Speech quirks and jokes are project adaptations. Preserve all semantic substitutions; replace $x indentation with measured line breaks.
companion.dialogue.134.07	dialogue	134	7	$m0「いくら<CR>$xレベルアップしても　雨は<CR>$xふりそうに　ないなあ。	"$m0: ""However many levels I gain, it doesn't look like it'll rain."""		enemy_rainiac	independent_dialogue_reviewed_series_terms	Independently translated from the pinned Japanese; existing species identities retained. Full wording, measured wrapping, no display abbreviation. Speech quirks and jokes are project adaptations. Preserve all semantic substitutions; replace $x indentation with measured line breaks.
companion.dialogue.135.00	dialogue	135	0	$m0「ハリが　千本<CR>$xはえてるから　はりせんもぐら<CR>$x……って　名前なんだ。	"$m0: ""A thousand quills! That's why they call me a Quiller..."""		enemy_quiller	independent_dialogue_reviewed_series_terms	Independently translated from the pinned Japanese; existing species identities retained. Full wording, measured wrapping, no display abbreviation. Speech quirks and jokes are project adaptations. Preserve all semantic substitutions; replace $x indentation with measured line breaks. Retain the thousand-needles boast and immediate retraction, adapting name explanation to Quiller/quills.
companion.dialogue.135.01	dialogue	135	1	$m0「ほんとは　千本も<CR>$xハリは　はえてないんだけどね。<CR>$x言葉のアヤって　ヤツかな。	"$m0: ""I don't actually have a thousand quills, though. A figure of speech, I suppose."""		enemy_quiller	independent_dialogue_reviewed_series_terms	Independently translated from the pinned Japanese; existing species identities retained. Full wording, measured wrapping, no display abbreviation. Speech quirks and jokes are project adaptations. Preserve all semantic substitutions; replace $x indentation with measured line breaks. Retain the thousand-needles boast and immediate retraction, adapting name explanation to Quiller/quills.
companion.dialogue.135.02	dialogue	135	2	$m0「ハリが　あるから<CR>$xだれにも　ねらわれないと<CR>$x思ったけど　あまかった～。	"$m0: ""I thought nobody would attack me with all these quills. How wrong I was!"""		enemy_quiller	independent_dialogue_reviewed_series_terms	Independently translated from the pinned Japanese; existing species identities retained. Full wording, measured wrapping, no display abbreviation. Speech quirks and jokes are project adaptations. Preserve all semantic substitutions; replace $x indentation with measured line breaks.
companion.dialogue.135.03	dialogue	135	3	$m0「体力が半分しか……。<CR>$xハリも　半分に　減っちゃった<CR>$xかもしれない……。	"$m0: ""Only half my HP left... Maybe half my quills have gone too..."""		enemy_quiller,hp	independent_dialogue_reviewed_series_terms	Independently translated from the pinned Japanese; existing species identities retained. Full wording, measured wrapping, no display abbreviation. Speech quirks and jokes are project adaptations. Preserve all semantic substitutions; replace $x indentation with measured line breaks.
companion.dialogue.135.04	dialogue	135	4	$m0「ハリに　さされても<CR>$x平気な連中なんて　大キライだ。<CR>$xえーんえーん。	"$m0: ""I hate those who don't mind being pricked by quills! Waaah! Waaah!"""		enemy_quiller	independent_dialogue_reviewed_series_terms	Independently translated from the pinned Japanese; existing species identities retained. Full wording, measured wrapping, no display abbreviation. Speech quirks and jokes are project adaptations. Preserve all semantic substitutions; replace $x indentation with measured line breaks.
companion.dialogue.135.05	dialogue	135	5	$m0「そんな……。<CR>$xもう　体力が　残ってないよ。<CR>$xこのままじゃ……。	"$m0: ""No... I've got no strength left. At this rate..."""		enemy_quiller	independent_dialogue_reviewed_series_terms	Independently translated from the pinned Japanese; existing species identities retained. Full wording, measured wrapping, no display abbreviation. Speech quirks and jokes are project adaptations. Preserve all semantic substitutions; replace $x indentation with measured line breaks.
companion.dialogue.135.06	dialogue	135	6	$m0「レベルアップした！<CR>$x1本くらい　ハリが<CR>$xふえたかな？	"$m0: ""Level up! Have I grown one more quill?"""		enemy_quiller	independent_dialogue_reviewed_series_terms	Independently translated from the pinned Japanese; existing species identities retained. Full wording, measured wrapping, no display abbreviation. Speech quirks and jokes are project adaptations. Preserve all semantic substitutions; replace $x indentation with measured line breaks.
companion.dialogue.135.07	dialogue	135	7	$m0「やった～。<CR>$xレベルが　上がったよ。	"$m0: ""Hooray! My level's gone up!"""		enemy_quiller	independent_dialogue_reviewed_series_terms	Independently translated from the pinned Japanese; existing species identities retained. Full wording, measured wrapping, no display abbreviation. Speech quirks and jokes are project adaptations. Preserve all semantic substitutions; replace $x indentation with measured line breaks.
companion.dialogue.136.00	dialogue	136	0	$m0「あら？<CR>$xわたしのことが　気にかかるの？<CR>$xありがとう　うふふ。	"$m0: ""Oh? You're thinking of me? Thank you. Hee hee."""		enemy_serial_quiller	independent_dialogue_reviewed_series_terms	Independently translated from the pinned Japanese; existing species identities retained. Full wording, measured wrapping, no display abbreviation. Speech quirks and jokes are project adaptations. Preserve all semantic substitutions; replace $x indentation with measured line breaks.
companion.dialogue.136.01	dialogue	136	1	$m0「わたしなら<CR>$xまだ　ぜんぜん平気よ。<CR>$xあなたも　がんばって！	"$m0: ""I'm still perfectly fine. You keep doing your best too!"""		enemy_serial_quiller	independent_dialogue_reviewed_series_terms	Independently translated from the pinned Japanese; existing species identities retained. Full wording, measured wrapping, no display abbreviation. Speech quirks and jokes are project adaptations. Preserve all semantic substitutions; replace $x indentation with measured line breaks.
companion.dialogue.136.02	dialogue	136	2	$m0「いやねえ。<CR>$xわたしを　ねらうなんて<CR>$xみんな　ひどいわね。	"$m0: ""How horrid. They're all so mean to come after me."""		enemy_serial_quiller	independent_dialogue_reviewed_series_terms	Independently translated from the pinned Japanese; existing species identities retained. Full wording, measured wrapping, no display abbreviation. Speech quirks and jokes are project adaptations. Preserve all semantic substitutions; replace $x indentation with measured line breaks.
companion.dialogue.136.03	dialogue	136	3	$m0「わたしの体力のこと<CR>$x心配して　くれてるのね。<CR>$xだいじょうぶ　まだ半分あるわ。	"$m0: ""You're worried about my HP, aren't you? Don't worry. I've still got half."""		enemy_serial_quiller,hp	independent_dialogue_reviewed_series_terms	Independently translated from the pinned Japanese; existing species identities retained. Full wording, measured wrapping, no display abbreviation. Speech quirks and jokes are project adaptations. Preserve all semantic substitutions; replace $x indentation with measured line breaks.
companion.dialogue.136.04	dialogue	136	4	$m0「ごめんなさい。<CR>$xわたし　あなたのお役に<CR>$x立てなかったかも……。	"$m0: ""I'm sorry. Perhaps I wasn't much help to you..."""		enemy_serial_quiller	independent_dialogue_reviewed_series_terms	Independently translated from the pinned Japanese; existing species identities retained. Full wording, measured wrapping, no display abbreviation. Speech quirks and jokes are project adaptations. Preserve all semantic substitutions; replace $x indentation with measured line breaks.
companion.dialogue.136.05	dialogue	136	5	$m0「もう　体力はないの。<CR>$xさいごに　あなたと話せて<CR>$xよかったわ……。	"$m0: ""I've no strength left. I'm glad I could speak with you one last time..."""		enemy_serial_quiller	independent_dialogue_reviewed_series_terms	Independently translated from the pinned Japanese; existing species identities retained. Full wording, measured wrapping, no display abbreviation. Speech quirks and jokes are project adaptations. Preserve all semantic substitutions; replace $x indentation with measured line breaks.
companion.dialogue.136.06	dialogue	136	6	$m0「うふふ。<CR>$xレベルアップしたのよ　わたし。	"$m0: ""Hee hee! I've levelled up, you know."""		enemy_serial_quiller	independent_dialogue_reviewed_series_terms	Independently translated from the pinned Japanese; existing species identities retained. Full wording, measured wrapping, no display abbreviation. Speech quirks and jokes are project adaptations. Preserve all semantic substitutions; replace $x indentation with measured line breaks.
companion.dialogue.136.07	dialogue	136	7	$m0「ありがとう。<CR>$xわたしのレベルアップの<CR>$xおいわいに　来てくれたのね。	"$m0: ""Thank you. You've come to celebrate my new level, haven't you?"""		enemy_serial_quiller	independent_dialogue_reviewed_series_terms	Independently translated from the pinned Japanese; existing species identities retained. Full wording, measured wrapping, no display abbreviation. Speech quirks and jokes are project adaptations. Preserve all semantic substitutions; replace $x indentation with measured line breaks.
companion.dialogue.137.00	dialogue	137	0	$m0「いやあ。<CR>$xあなたのために　戦えるとは<CR>$x光栄ですな。	"$m0: ""My, what an honour it is to fight for you."""		enemy_natural_born_quiller	independent_dialogue_reviewed_series_terms	Independently translated from the pinned Japanese; existing species identities retained. Full wording, measured wrapping, no display abbreviation. Speech quirks and jokes are project adaptations. Preserve all semantic substitutions; replace $x indentation with measured line breaks.
companion.dialogue.137.01	dialogue	137	1	$m0「私が　戦うからには<CR>$x大船に乗った気で　いてください。	"$m0: ""With me fighting for you, you can rest easy."""		enemy_natural_born_quiller	independent_dialogue_reviewed_series_terms	Independently translated from the pinned Japanese; existing species identities retained. Full wording, measured wrapping, no display abbreviation. Speech quirks and jokes are project adaptations. Preserve all semantic substitutions; replace $x indentation with measured line breaks.
companion.dialogue.137.02	dialogue	137	2	$m0「おや？<CR>$x少しばかり　こうげきを<CR>$xもらってしまったようですね。	"$m0: ""Oh? I seem to have taken a few hits."""		enemy_natural_born_quiller	independent_dialogue_reviewed_series_terms	Independently translated from the pinned Japanese; existing species identities retained. Full wording, measured wrapping, no display abbreviation. Speech quirks and jokes are project adaptations. Preserve all semantic substitutions; replace $x indentation with measured line breaks.
companion.dialogue.137.03	dialogue	137	3	$m0「いけませんね。<CR>$x体力が半分に　なりました。<CR>$x少し　しんちょうに行きます。	"$m0: ""This won't do. My HP's down to half. I'll proceed a little more carefully."""		enemy_natural_born_quiller,hp	independent_dialogue_reviewed_series_terms	Independently translated from the pinned Japanese; existing species identities retained. Full wording, measured wrapping, no display abbreviation. Speech quirks and jokes are project adaptations. Preserve all semantic substitutions; replace $x indentation with measured line breaks.
companion.dialogue.137.04	dialogue	137	4	$m0「まいりましたね。<CR>$x私　もう　フラフラですよ。<CR>$xめんぼくない。	"$m0: ""How embarrassing. I'm barely steady on my feet. My apologies."""		enemy_natural_born_quiller	independent_dialogue_reviewed_series_terms	Independently translated from the pinned Japanese; existing species identities retained. Full wording, measured wrapping, no display abbreviation. Speech quirks and jokes are project adaptations. Preserve all semantic substitutions; replace $x indentation with measured line breaks.
companion.dialogue.137.05	dialogue	137	5	$m0「やってしまいました。<CR>$xもう　体力が　スズメのなみだ<CR>$xほどにしか　残ってません。	"$m0: ""I've really done it now. I've only the tiniest scrap of strength left."""		enemy_natural_born_quiller	independent_dialogue_reviewed_series_terms	Independently translated from the pinned Japanese; existing species identities retained. Full wording, measured wrapping, no display abbreviation. Speech quirks and jokes are project adaptations. Preserve all semantic substitutions; replace $x indentation with measured line breaks.
companion.dialogue.137.06	dialogue	137	6	$m0「これはこれは。<CR>$x私　レベルアップしたんですよ。<CR>$x見ていて　くれましたか？	"$m0: ""Well, well! I've levelled up. Were you watching?"""		enemy_natural_born_quiller	independent_dialogue_reviewed_series_terms	Independently translated from the pinned Japanese; existing species identities retained. Full wording, measured wrapping, no display abbreviation. Speech quirks and jokes are project adaptations. Preserve all semantic substitutions; replace $x indentation with measured line breaks.
companion.dialogue.137.07	dialogue	137	7	$m0「どうですか？<CR>$x私　レベルが上がったんですが<CR>$xなにか　変わって見えます？	"$m0: ""What do you think? My level's gone up. Do I look any different?"""		enemy_natural_born_quiller	independent_dialogue_reviewed_series_terms	Independently translated from the pinned Japanese; existing species identities retained. Full wording, measured wrapping, no display abbreviation. Speech quirks and jokes are project adaptations. Preserve all semantic substitutions; replace $x indentation with measured line breaks.
companion.dialogue.138.00	dialogue	138	0	$m0「オイラの炎は<CR>$xあっついぜ！	"$m0: ""My flames are hot stuff!"""		enemy.drake_slime	independent_dialogue_reviewed_series_terms	Independently translated from the pinned Japanese; existing species identities retained. Full wording, measured wrapping, no display abbreviation. Speech quirks and jokes are project adaptations. Preserve all semantic substitutions; replace $x indentation with measured line breaks.
companion.dialogue.138.01	dialogue	138	1	$m0「炎　ふくと<CR>$xなんというか　こうスッキリして<CR>$x気持ちいいんだよ。	"$m0: ""Breathing fire feels so... refreshing, you know? It's wonderful."""		enemy.drake_slime	independent_dialogue_reviewed_series_terms	Independently translated from the pinned Japanese; existing species identities retained. Full wording, measured wrapping, no display abbreviation. Speech quirks and jokes are project adaptations. Preserve all semantic substitutions; replace $x indentation with measured line breaks.
companion.dialogue.138.02	dialogue	138	2	$m0「うーん。<CR>$xけっこう　がんばってる<CR>$xつもりなんだけどなあ……。	"$m0: ""Hmm. I thought I was trying pretty hard..."""		enemy.drake_slime	independent_dialogue_reviewed_series_terms	Independently translated from the pinned Japanese; existing species identities retained. Full wording, measured wrapping, no display abbreviation. Speech quirks and jokes are project adaptations. Preserve all semantic substitutions; replace $x indentation with measured line breaks.
companion.dialogue.138.03	dialogue	138	3	$m0「なんだか<CR>$x体力が　半分くらいしか<CR>$x残ってないみたいなんだ。	"$m0: ""It seems I've only got about half my HP left."""		enemy.drake_slime,hp	independent_dialogue_reviewed_series_terms	Independently translated from the pinned Japanese; existing species identities retained. Full wording, measured wrapping, no display abbreviation. Speech quirks and jokes are project adaptations. Preserve all semantic substitutions; replace $x indentation with measured line breaks.
companion.dialogue.138.04	dialogue	138	4	$m0「やばいなあ。<CR>$xオイラ　もしかして<CR>$xキケンって感じ？	"$m0: ""Uh-oh. Am I in danger here?"""		enemy.drake_slime	independent_dialogue_reviewed_series_terms	Independently translated from the pinned Japanese; existing species identities retained. Full wording, measured wrapping, no display abbreviation. Speech quirks and jokes are project adaptations. Preserve all semantic substitutions; replace $x indentation with measured line breaks.
companion.dialogue.138.05	dialogue	138	5	$m0「どうしよう。<CR>$x炎の　ふきすぎかなあ。<CR>$x体力が　ぜんぜん　ないや。	"$m0: ""What should I do? Too much fire-breathing? I've got no strength left."""		enemy.drake_slime	independent_dialogue_reviewed_series_terms	Independently translated from the pinned Japanese; existing species identities retained. Full wording, measured wrapping, no display abbreviation. Speech quirks and jokes are project adaptations. Preserve all semantic substitutions; replace $x indentation with measured line breaks.
companion.dialogue.138.06	dialogue	138	6	$m0「やったぜ！<CR>$xレベルが上がったよ。	"$m0: ""I did it! My level's gone up!"""		enemy.drake_slime	independent_dialogue_reviewed_series_terms	Independently translated from the pinned Japanese; existing species identities retained. Full wording, measured wrapping, no display abbreviation. Speech quirks and jokes are project adaptations. Preserve all semantic substitutions; replace $x indentation with measured line breaks.
companion.dialogue.138.07	dialogue	138	7	$m0「いやあ　たくさん<CR>$x炎を　ふいたからね。<CR>$xレベルアップは　とうぜんさ！	"$m0: ""Well, I've breathed plenty of fire. Of course I levelled up!"""		enemy.drake_slime	independent_dialogue_reviewed_series_terms	Independently translated from the pinned Japanese; existing species identities retained. Full wording, measured wrapping, no display abbreviation. Speech quirks and jokes are project adaptations. Preserve all semantic substitutions; replace $x indentation with measured line breaks.
companion.dialogue.139.00	dialogue	139	0	$m0「オレの炎で<CR>$xすべてを　消し炭に<CR>$x変えてやっちゃうぜっ。	"$m0: ""I'll turn everything to cinders with my flames!"""		enemy.dragon_slime	independent_dialogue_reviewed_series_terms	Independently translated from the pinned Japanese; existing species identities retained. Full wording, measured wrapping, no display abbreviation. Speech quirks and jokes are project adaptations. Preserve all semantic substitutions; replace $x indentation with measured line breaks.
companion.dialogue.139.01	dialogue	139	1	$m0「アツい炎は<CR>$xアツい男の　しるしだぜっ！	"$m0: ""Hot flames are the mark of a fiery fellow!"""		enemy.dragon_slime	independent_dialogue_reviewed_series_terms	Independently translated from the pinned Japanese; existing species identities retained. Full wording, measured wrapping, no display abbreviation. Speech quirks and jokes are project adaptations. Preserve all semantic substitutions; replace $x indentation with measured line breaks.
companion.dialogue.139.02	dialogue	139	2	$m0「まだまだっ。<CR>$xこんなくらいじゃ　オレの<CR>$xアツい炎は　消えやしないぜ！	"$m0: ""Not yet! A little thing like that won't put out my flames!"""		enemy.dragon_slime	independent_dialogue_reviewed_series_terms	Independently translated from the pinned Japanese; existing species identities retained. Full wording, measured wrapping, no display abbreviation. Speech quirks and jokes are project adaptations. Preserve all semantic substitutions; replace $x indentation with measured line breaks.
companion.dialogue.139.03	dialogue	139	3	$m0「どうしたい？<CR>$xオレなら　体力は半分ある。<CR>$xまだまだ　アツいぜっ。	"$m0: ""What's up? I've still got half my HP. I'm still burning bright!"""		enemy.dragon_slime,hp	independent_dialogue_reviewed_series_terms	Independently translated from the pinned Japanese; existing species identities retained. Full wording, measured wrapping, no display abbreviation. Speech quirks and jokes are project adaptations. Preserve all semantic substitutions; replace $x indentation with measured line breaks.
companion.dialogue.139.04	dialogue	139	4	$m0「もえつきるよ。<CR>$xまっ白にな……。	"$m0: ""I'll burn out... To pure white ash..."""		enemy.dragon_slime	independent_dialogue_reviewed_series_terms	Independently translated from the pinned Japanese; existing species identities retained. Full wording, measured wrapping, no display abbreviation. Speech quirks and jokes are project adaptations. Preserve all semantic substitutions; replace $x indentation with measured line breaks.
companion.dialogue.139.05	dialogue	139	5	$m0「体力が　ねえな。<CR>$xそれじゃ　そろそろ　さいごの<CR>$xアツい炎　いってみっか！	"$m0: ""No strength left. Time to let loose one last burst of blazing fire!"""		enemy.dragon_slime	independent_dialogue_reviewed_series_terms	Independently translated from the pinned Japanese; existing species identities retained. Full wording, measured wrapping, no display abbreviation. Speech quirks and jokes are project adaptations. Preserve all semantic substitutions; replace $x indentation with measured line breaks.
companion.dialogue.139.06	dialogue	139	6	$m0「身体がアツい！<CR>$xレベルアップって　ヤツかっ。	"$m0: ""My body's burning! Is this what they call levelling up!?"""		enemy.dragon_slime	independent_dialogue_reviewed_series_terms	Independently translated from the pinned Japanese; existing species identities retained. Full wording, measured wrapping, no display abbreviation. Speech quirks and jokes are project adaptations. Preserve all semantic substitutions; replace $x indentation with measured line breaks.
companion.dialogue.139.07	dialogue	139	7	$m0「アツくてアツくて<CR>$xレベルが　上がったぜ～っ。	"$m0: ""So hot! So hot, my level went up!"""		enemy.dragon_slime	independent_dialogue_reviewed_series_terms	Independently translated from the pinned Japanese; existing species identities retained. Full wording, measured wrapping, no display abbreviation. Speech quirks and jokes are project adaptations. Preserve all semantic substitutions; replace $x indentation with measured line breaks.
companion.dialogue.140.00	dialogue	140	0	$m0「ボクたちは<CR>$x自分の炎で　やけないように<CR>$xメタルボディに　なったのさ。	"$m0: ""We developed metal bodies so our own flames wouldn't burn us."""		enemy.metal_dragon_slime	independent_dialogue_reviewed_series_terms	Independently translated from the pinned Japanese; existing species identities retained. Full wording, measured wrapping, no display abbreviation. Speech quirks and jokes are project adaptations. Preserve all semantic substitutions; replace $x indentation with measured line breaks.
companion.dialogue.140.01	dialogue	140	1	$m0「ボクは　キミのために<CR>$x何をすれば　いいんだい？	"$m0: ""What can I do for you?"""		enemy.metal_dragon_slime	independent_dialogue_reviewed_series_terms	Independently translated from the pinned Japanese; existing species identities retained. Full wording, measured wrapping, no display abbreviation. Speech quirks and jokes are project adaptations. Preserve all semantic substitutions; replace $x indentation with measured line breaks.
companion.dialogue.140.02	dialogue	140	2	$m0「メタルボディの<CR>$xこのボクでも　ダメージは<CR>$x食らうってことだね。	"$m0: ""So even a metal body like mine can take damage."""		enemy.metal_dragon_slime	independent_dialogue_reviewed_series_terms	Independently translated from the pinned Japanese; existing species identities retained. Full wording, measured wrapping, no display abbreviation. Speech quirks and jokes are project adaptations. Preserve all semantic substitutions; replace $x indentation with measured line breaks.
companion.dialogue.140.03	dialogue	140	3	$m0「どうして　このボクが<CR>$x体力を半分も　とられなきゃ<CR>$xいけないんだ？	"$m0: ""Why should I have half my HP taken away?"""		enemy.metal_dragon_slime,hp	independent_dialogue_reviewed_series_terms	Independently translated from the pinned Japanese; existing species identities retained. Full wording, measured wrapping, no display abbreviation. Speech quirks and jokes are project adaptations. Preserve all semantic substitutions; replace $x indentation with measured line breaks.
companion.dialogue.140.04	dialogue	140	4	$m0「すまないね。<CR>$xキミとは　そろそろ　お別れの<CR>$x時間が来たみたいだ。	"$m0: ""I'm sorry. It seems our time to part is drawing near."""		enemy.metal_dragon_slime	independent_dialogue_reviewed_series_terms	Independently translated from the pinned Japanese; existing species identities retained. Full wording, measured wrapping, no display abbreviation. Speech quirks and jokes are project adaptations. Preserve all semantic substitutions; replace $x indentation with measured line breaks.
companion.dialogue.140.05	dialogue	140	5	$m0「体力が　そろそろ<CR>$xなくなって　しまいそうだ。<CR>$xなんとか　しないといけないな。	"$m0: ""I'm nearly out of strength. Something must be done."""		enemy.metal_dragon_slime	independent_dialogue_reviewed_series_terms	Independently translated from the pinned Japanese; existing species identities retained. Full wording, measured wrapping, no display abbreviation. Speech quirks and jokes are project adaptations. Preserve all semantic substitutions; replace $x indentation with measured line breaks.
companion.dialogue.140.06	dialogue	140	6	$m0「ふふっ。<CR>$xレベルが上がってしまったよ。<CR>$xボクは。	"$m0: ""Heh. My level has gone up."""		enemy.metal_dragon_slime	independent_dialogue_reviewed_series_terms	Independently translated from the pinned Japanese; existing species identities retained. Full wording, measured wrapping, no display abbreviation. Speech quirks and jokes are project adaptations. Preserve all semantic substitutions; replace $x indentation with measured line breaks.
companion.dialogue.140.07	dialogue	140	7	$m0「レベルアップか。<CR>$xボクならば　カンタンなことさ。	"$m0: ""Level up, eh? An easy task for me."""		enemy.metal_dragon_slime	independent_dialogue_reviewed_series_terms	Independently translated from the pinned Japanese; existing species identities retained. Full wording, measured wrapping, no display abbreviation. Speech quirks and jokes are project adaptations. Preserve all semantic substitutions; replace $x indentation with measured line breaks.
companion.dialogue.141.00	dialogue	141	0	$m0「バブー。<CR>$xお空をフワフワ　ぼくバブリン。<CR>$xキミのお役に　立てるかな？	"$m0: ""Babu! I'm a Zepling, floating through the sky. Can I be of help to you?"""		enemy_zepling	independent_dialogue_reviewed_series_terms	Independently translated from the pinned Japanese; existing species identities retained. Full wording, measured wrapping, no display abbreviation. Speech quirks and jokes are project adaptations. Preserve all semantic substitutions; replace $x indentation with measured line breaks.
companion.dialogue.141.01	dialogue	141	1	$m0「ん？　どうしたの？<CR>$xぼくは　とっても元気だよ。<CR>$xキミのほうは　だいじょうぶ？	"$m0: ""Hmm? What's wrong? I'm full of energy. Are you all right?"""		enemy_zepling	independent_dialogue_reviewed_series_terms	Independently translated from the pinned Japanese; existing species identities retained. Full wording, measured wrapping, no display abbreviation. Speech quirks and jokes are project adaptations. Preserve all semantic substitutions; replace $x indentation with measured line breaks.
companion.dialogue.141.02	dialogue	141	2	$m0「だいぶ　やられた<CR>$x気がするんだけど　まだ<CR>$x平気かな？	"$m0: ""I feel like I've taken quite a beating. Am I still all right?"""		enemy_zepling	independent_dialogue_reviewed_series_terms	Independently translated from the pinned Japanese; existing species identities retained. Full wording, measured wrapping, no display abbreviation. Speech quirks and jokes are project adaptations. Preserve all semantic substitutions; replace $x indentation with measured line breaks.
companion.dialogue.141.03	dialogue	141	3	$m0「体力が　半分に<CR>$xなっちゃったみたいなんだ。	"$m0: ""It looks like my HP's gone down to half."""		enemy_zepling,hp	independent_dialogue_reviewed_series_terms	Independently translated from the pinned Japanese; existing species identities retained. Full wording, measured wrapping, no display abbreviation. Speech quirks and jokes are project adaptations. Preserve all semantic substitutions; replace $x indentation with measured line breaks.
companion.dialogue.141.04	dialogue	141	4	$m0「やっぱり<CR>$xそろそろ　つらくなってきたよ。	"$m0: ""Things really are starting to get hard now."""		enemy_zepling	independent_dialogue_reviewed_series_terms	Independently translated from the pinned Japanese; existing species identities retained. Full wording, measured wrapping, no display abbreviation. Speech quirks and jokes are project adaptations. Preserve all semantic substitutions; replace $x indentation with measured line breaks.
companion.dialogue.141.05	dialogue	141	5	$m0「ダメだあ。<CR>$x体力が　ぜんぜん残ってないよ。	"$m0: ""It's no use! I've got no strength left at all."""		enemy_zepling	independent_dialogue_reviewed_series_terms	Independently translated from the pinned Japanese; existing species identities retained. Full wording, measured wrapping, no display abbreviation. Speech quirks and jokes are project adaptations. Preserve all semantic substitutions; replace $x indentation with measured line breaks.
companion.dialogue.141.06	dialogue	141	6	$m0「あれれ？<CR>$xなんだろう……。<CR>$xあっ　レベルアップしてたのか。	"$m0: ""Huh? What's this...? Oh, I'd levelled up!"""		enemy_zepling	independent_dialogue_reviewed_series_terms	Independently translated from the pinned Japanese; existing species identities retained. Full wording, measured wrapping, no display abbreviation. Speech quirks and jokes are project adaptations. Preserve all semantic substitutions; replace $x indentation with measured line breaks.
companion.dialogue.141.07	dialogue	141	7	$m0「うほほー。<CR>$xレベルが上がったよ。	"$m0: ""Whoo-hoo! My level's gone up!"""		enemy_zepling	independent_dialogue_reviewed_series_terms	Independently translated from the pinned Japanese; existing species identities retained. Full wording, measured wrapping, no display abbreviation. Speech quirks and jokes are project adaptations. Preserve all semantic substitutions; replace $x indentation with measured line breaks.
companion.dialogue.142.00	dialogue	142	0	$m0「まとの　まん中に<CR>$xあたったら　千点ね。<CR>$xおっと　ジョークジョーク。	"$m0: ""A thousand points if you hit the bullseye! Hey, I'm joking! Joking!"""		enemy_healium_balloon	independent_dialogue_reviewed_series_terms	Independently translated from the pinned Japanese; existing species identities retained. Full wording, measured wrapping, no display abbreviation. Speech quirks and jokes are project adaptations. Preserve all semantic substitutions; replace $x indentation with measured line breaks.
companion.dialogue.142.01	dialogue	142	1	$m0「おねがいだから<CR>$xまちがって　おいらを<CR>$xこうげき　しないでね。	"$m0: ""Please don't attack me by mistake."""		enemy_healium_balloon	independent_dialogue_reviewed_series_terms	Independently translated from the pinned Japanese; existing species identities retained. Full wording, measured wrapping, no display abbreviation. Speech quirks and jokes are project adaptations. Preserve all semantic substitutions; replace $x indentation with measured line breaks.
companion.dialogue.142.02	dialogue	142	2	$m0「うわー　やられた。<CR>$xもうダメだ　もう死ぬー。<CR>$x……ごめんね　ウソだよ。	"$m0: ""Aaargh! They got me! I'm done for! I'm dying! ...Sorry, just kidding."""		enemy_healium_balloon	independent_dialogue_reviewed_series_terms	Independently translated from the pinned Japanese; existing species identities retained. Full wording, measured wrapping, no display abbreviation. Speech quirks and jokes are project adaptations. Preserve all semantic substitutions; replace $x indentation with measured line breaks.
companion.dialogue.142.03	dialogue	142	3	$m0「体力はマンタンです。<CR>$xウソです　半分くらいしか<CR>$xなかったりします。	"$m0: ""My HP's full. That's a lie. I've only got about half left."""		enemy_healium_balloon,hp	independent_dialogue_reviewed_series_terms	Independently translated from the pinned Japanese; existing species identities retained. Full wording, measured wrapping, no display abbreviation. Speech quirks and jokes are project adaptations. Preserve all semantic substitutions; replace $x indentation with measured line breaks.
companion.dialogue.142.04	dialogue	142	4	$m0「返事がない……。<CR>$xただの　しかばねのようだ。<CR>$xウソウソ　まだ生きてるよ。	"$m0: ""No reply... Just a corpse, it seems. Kidding! I'm still alive!"""		enemy_healium_balloon	independent_dialogue_reviewed_series_terms	Independently translated from the pinned Japanese; existing species identities retained. Full wording, measured wrapping, no display abbreviation. Speech quirks and jokes are project adaptations. Preserve all semantic substitutions; replace $x indentation with measured line breaks.
companion.dialogue.142.05	dialogue	142	5	$m0「今の　おいらの<CR>$x体力は　だいたい半分です。<CR>$xホントは　もう　すっからかんです。	"$m0: ""I've got about half my HP left. Actually, I'm completely out."""		enemy_healium_balloon,hp	independent_dialogue_reviewed_series_terms	Independently translated from the pinned Japanese; existing species identities retained. Full wording, measured wrapping, no display abbreviation. Speech quirks and jokes are project adaptations. Preserve all semantic substitutions; replace $x indentation with measured line breaks.
companion.dialogue.142.06	dialogue	142	6	$m0「レベルアップ<CR>$xしたので　まとにあてたときの<CR>$x点数が上がりました　ウソですが。	"$m0: ""I've levelled up, so hitting my target is worth more points. Just kidding."""		enemy_healium_balloon	independent_dialogue_reviewed_series_terms	Independently translated from the pinned Japanese; existing species identities retained. Full wording, measured wrapping, no display abbreviation. Speech quirks and jokes are project adaptations. Preserve all semantic substitutions; replace $x indentation with measured line breaks.
companion.dialogue.142.07	dialogue	142	7	$m0「レベルアップ？<CR>$xいえ　してませんよ。<CR>$xウソです　さっき　しました。	"$m0: ""Level up? No, I haven't. That's a lie. I just did."""		enemy_healium_balloon	independent_dialogue_reviewed_series_terms	Independently translated from the pinned Japanese; existing species identities retained. Full wording, measured wrapping, no display abbreviation. Speech quirks and jokes are project adaptations. Preserve all semantic substitutions; replace $x indentation with measured line breaks.
companion.dialogue.143.00	dialogue	143	0	$m0「いざとなったら<CR>$xメガザルを　つかいます。<CR>$xカクゴは　できてますので。	"$m0: ""If the time comes, I'll cast Kerplunk. I'm prepared for it."""		enemy_discombombulator,spell.kerplunk	independent_dialogue_reviewed_series_terms	Independently translated from the pinned Japanese; existing species identities retained. Full wording, measured wrapping, no display abbreviation. Speech quirks and jokes are project adaptations. Preserve all semantic substitutions; replace $x indentation with measured line breaks.
companion.dialogue.143.01	dialogue	143	1	$m0「わたしは　きっと<CR>$xあなたのお役に　立ちますよ。	"$m0: ""I'm sure I'll be of use to you."""		enemy_discombombulator	independent_dialogue_reviewed_series_terms	Independently translated from the pinned Japanese; existing species identities retained. Full wording, measured wrapping, no display abbreviation. Speech quirks and jokes are project adaptations. Preserve all semantic substitutions; replace $x indentation with measured line breaks.
companion.dialogue.143.02	dialogue	143	2	$m0「なんのこれしき。<CR>$xなぐられたうちに　入りません。	"$m0: ""This is nothing. Those hardly count as hits."""		enemy_discombombulator	independent_dialogue_reviewed_series_terms	Independently translated from the pinned Japanese; existing species identities retained. Full wording, measured wrapping, no display abbreviation. Speech quirks and jokes are project adaptations. Preserve all semantic substitutions; replace $x indentation with measured line breaks.
companion.dialogue.143.03	dialogue	143	3	$m0「はい　わたしの<CR>$x体力は　まだ半分は　あります。	"$m0: ""Yes, I still have half my HP left."""		enemy_discombombulator,hp	independent_dialogue_reviewed_series_terms	Independently translated from the pinned Japanese; existing species identities retained. Full wording, measured wrapping, no display abbreviation. Speech quirks and jokes are project adaptations. Preserve all semantic substitutions; replace $x indentation with measured line breaks.
companion.dialogue.143.04	dialogue	143	4	$m0「わたしが　死んでも<CR>$xきっと　だれかが　かわりに<CR>$xがんばってくれるでしょう。	"$m0: ""Even if I die, I'm sure someone else will carry on in my place."""		enemy_discombombulator	independent_dialogue_reviewed_series_terms	Independently translated from the pinned Japanese; existing species identities retained. Full wording, measured wrapping, no display abbreviation. Speech quirks and jokes are project adaptations. Preserve all semantic substitutions; replace $x indentation with measured line breaks.
companion.dialogue.143.05	dialogue	143	5	$m0「体力が　もう<CR>$xほとんど　残っていません。<CR>$xわたし　お役に立てましたか？	"$m0: ""I've hardly any strength left. Was I of help to you?"""		enemy_discombombulator	independent_dialogue_reviewed_series_terms	Independently translated from the pinned Japanese; existing species identities retained. Full wording, measured wrapping, no display abbreviation. Speech quirks and jokes are project adaptations. Preserve all semantic substitutions; replace $x indentation with measured line breaks.
companion.dialogue.143.06	dialogue	143	6	$m0「レベルが　上がりました。<CR>$xまだまだ　がんばりますよ。	"$m0: ""My level has gone up. I'll keep doing my best."""		enemy_discombombulator	independent_dialogue_reviewed_series_terms	Independently translated from the pinned Japanese; existing species identities retained. Full wording, measured wrapping, no display abbreviation. Speech quirks and jokes are project adaptations. Preserve all semantic substitutions; replace $x indentation with measured line breaks.
companion.dialogue.143.07	dialogue	143	7	$m0「なんとか<CR>$xレベルアップに　こぎつけました。	"$m0: ""Somehow I've managed to make it to a level up."""		enemy_discombombulator	independent_dialogue_reviewed_series_terms	Independently translated from the pinned Japanese; existing species identities retained. Full wording, measured wrapping, no display abbreviation. Speech quirks and jokes are project adaptations. Preserve all semantic substitutions; replace $x indentation with measured line breaks.
companion.dialogue.144.00	dialogue	144	0	$m0「私に　あまり<CR>$x近づかないほうが　いい。<CR>$xおまえを　まきこみたくない。	"$m0: ""You'd better not come too close. I don't want to take you with me."""		enemy_spiny_mine	independent_dialogue_reviewed_series_terms	Independently translated from the pinned Japanese; existing species identities retained. Full wording, measured wrapping, no display abbreviation. Speech quirks and jokes are project adaptations. Preserve all semantic substitutions; replace $x indentation with measured line breaks.
companion.dialogue.144.01	dialogue	144	1	$m0「私は　しがない<CR>$xハンマーの魔物だが　おまえに<CR>$xチカラをかすとしよう。	"$m0: ""I'm only a humble hammer monster, but I'll lend you my strength."""		enemy_spiny_mine	independent_dialogue_reviewed_series_terms	Independently translated from the pinned Japanese; existing species identities retained. Full wording, measured wrapping, no display abbreviation. Speech quirks and jokes are project adaptations. Preserve all semantic substitutions; replace $x indentation with measured line breaks.
companion.dialogue.144.02	dialogue	144	2	$m0「くっ……。<CR>$x私に　これだけのダメージを<CR>$xあたえてくるとは……。	"$m0: ""Ugh... To inflict this much damage on me..."""		enemy_spiny_mine	independent_dialogue_reviewed_series_terms	Independently translated from the pinned Japanese; existing species identities retained. Full wording, measured wrapping, no display abbreviation. Speech quirks and jokes are project adaptations. Preserve all semantic substitutions; replace $x indentation with measured line breaks.
companion.dialogue.144.03	dialogue	144	3	$m0「すまない。<CR>$x私の体力は　半分ほどに<CR>$x減ってしまったようだ。	"$m0: ""I'm sorry. It seems my HP has fallen to about half."""		enemy_spiny_mine,hp	independent_dialogue_reviewed_series_terms	Independently translated from the pinned Japanese; existing species identities retained. Full wording, measured wrapping, no display abbreviation. Speech quirks and jokes are project adaptations. Preserve all semantic substitutions; replace $x indentation with measured line breaks.
companion.dialogue.144.04	dialogue	144	4	$m0「そろそろ<CR>$x私の命の　おわりも近い。<CR>$xさいごはハデに　ちるとするか。	"$m0: ""My life is nearing its end. Shall I go out with a bang?"""		enemy_spiny_mine	independent_dialogue_reviewed_series_terms	Independently translated from the pinned Japanese; existing species identities retained. Full wording, measured wrapping, no display abbreviation. Speech quirks and jokes are project adaptations. Preserve all semantic substitutions; replace $x indentation with measured line breaks.
companion.dialogue.144.05	dialogue	144	5	$m0「すでに<CR>$x私の体力は　残り少ない。<CR>$x死なば　もろともか……。	"$m0: ""Little strength remains. If I die, we die together...?"""		enemy_spiny_mine	independent_dialogue_reviewed_series_terms	Independently translated from the pinned Japanese; existing species identities retained. Full wording, measured wrapping, no display abbreviation. Speech quirks and jokes are project adaptations. Preserve all semantic substitutions; replace $x indentation with measured line breaks.
companion.dialogue.144.06	dialogue	144	6	$m0「よし。<CR>$xどうやら　レベルアップに<CR>$x成功したようだ。	"$m0: ""Good. It seems I've successfully levelled up."""		enemy_spiny_mine	independent_dialogue_reviewed_series_terms	Independently translated from the pinned Japanese; existing species identities retained. Full wording, measured wrapping, no display abbreviation. Speech quirks and jokes are project adaptations. Preserve all semantic substitutions; replace $x indentation with measured line breaks.
companion.dialogue.144.07	dialogue	144	7	$m0「おまえのために<CR>$xレベルアップしておいた。	"$m0: ""I've levelled up for your sake."""		enemy_spiny_mine	independent_dialogue_reviewed_series_terms	Independently translated from the pinned Japanese; existing species identities retained. Full wording, measured wrapping, no display abbreviation. Speech quirks and jokes are project adaptations. Preserve all semantic substitutions; replace $x indentation with measured line breaks.
companion.dialogue.145.00	dialogue	145	0	$m0「オレのまわりを<CR>$xあんまり　うろつくなよ。<CR>$xドカンといっても　しらねえぜ。	"$m0: ""Don't hang around me too much. Don't blame me if I go bang."""		enemy_mastermine	independent_dialogue_reviewed_series_terms	Independently translated from the pinned Japanese; existing species identities retained. Full wording, measured wrapping, no display abbreviation. Speech quirks and jokes are project adaptations. Preserve all semantic substitutions; replace $x indentation with measured line breaks.
companion.dialogue.145.01	dialogue	145	1	$m0「さあて　何匹<CR>$x道づれに　できるかな？<CR>$xフッフッフ……。	"$m0: ""Now then. How many can I take with me? Heh heh heh..."""		enemy_mastermine	independent_dialogue_reviewed_series_terms	Independently translated from the pinned Japanese; existing species identities retained. Full wording, measured wrapping, no display abbreviation. Speech quirks and jokes are project adaptations. Preserve all semantic substitutions; replace $x indentation with measured line breaks.
companion.dialogue.145.02	dialogue	145	2	$m0「フン……。<CR>$xまだ　ドカンといくには<CR>$x早すぎるか。	"$m0: ""Hmph... Still too early to go bang, is it?"""		enemy_mastermine	independent_dialogue_reviewed_series_terms	Independently translated from the pinned Japanese; existing species identities retained. Full wording, measured wrapping, no display abbreviation. Speech quirks and jokes are project adaptations. Preserve all semantic substitutions; replace $x indentation with measured line breaks.
companion.dialogue.145.03	dialogue	145	3	$m0「残りの体力は<CR>$xあと半分って　ところか。<CR>$xもう少しだな。	"$m0: ""About half my HP left. Just a little longer."""		enemy_mastermine,hp	independent_dialogue_reviewed_series_terms	Independently translated from the pinned Japanese; existing species identities retained. Full wording, measured wrapping, no display abbreviation. Speech quirks and jokes are project adaptations. Preserve all semantic substitutions; replace $x indentation with measured line breaks.
companion.dialogue.145.04	dialogue	145	4	$m0「オレの命なんて<CR>$xあって　ないようなモンだ。<CR>$x気にするな。	"$m0: ""My life's as good as gone already. Don't worry about it."""		enemy_mastermine	independent_dialogue_reviewed_series_terms	Independently translated from the pinned Japanese; existing species identities retained. Full wording, measured wrapping, no display abbreviation. Speech quirks and jokes are project adaptations. Preserve all semantic substitutions; replace $x indentation with measured line breaks.
companion.dialogue.145.05	dialogue	145	5	$m0「さてと。<CR>$xそろそろ　体力もつきるころだ。<CR>$x世話に　なったな。	"$m0: ""Well, then. My strength's about to run out. Thanks for everything."""		enemy_mastermine	independent_dialogue_reviewed_series_terms	Independently translated from the pinned Japanese; existing species identities retained. Full wording, measured wrapping, no display abbreviation. Speech quirks and jokes are project adaptations. Preserve all semantic substitutions; replace $x indentation with measured line breaks.
companion.dialogue.145.06	dialogue	145	6	$m0「レベルアップか。<CR>$xまあ　ありがたく　しておこう。	"$m0: ""Level up, eh? Well, I'll gratefully accept it."""		enemy_mastermine	independent_dialogue_reviewed_series_terms	Independently translated from the pinned Japanese; existing species identities retained. Full wording, measured wrapping, no display abbreviation. Speech quirks and jokes are project adaptations. Preserve all semantic substitutions; replace $x indentation with measured line breaks.
companion.dialogue.145.07	dialogue	145	7	$m0「レベルが<CR>$x上がるのは　うれしいが……。<CR>$xムダに　なるかもな。	"$m0: ""I'm glad my level went up, but... It might go to waste."""		enemy_mastermine	independent_dialogue_reviewed_series_terms	Independently translated from the pinned Japanese; existing species identities retained. Full wording, measured wrapping, no display abbreviation. Speech quirks and jokes are project adaptations. Preserve all semantic substitutions; replace $x indentation with measured line breaks.
companion.dialogue.146.00	dialogue	146	0	$m0「オイラみたいのを<CR>$x仲間にするなんて　オマエ<CR>$x変なシュミ　してるんだな。	"$m0: ""You've got odd taste, taking someone like me as an ally."""		enemy_briny_mine	independent_dialogue_reviewed_series_terms	Independently translated from the pinned Japanese; existing species identities retained. Full wording, measured wrapping, no display abbreviation. Speech quirks and jokes are project adaptations. Preserve all semantic substitutions; replace $x indentation with measured line breaks.
companion.dialogue.146.01	dialogue	146	1	$m0「どうでも　いいが<CR>$xあまり　そばに来るなよ。<CR>$x気が　ちるじゃねえか。	"$m0: ""Whatever. Just don't come too close. You're distracting me."""		enemy_briny_mine	independent_dialogue_reviewed_series_terms	Independently translated from the pinned Japanese; existing species identities retained. Full wording, measured wrapping, no display abbreviation. Speech quirks and jokes are project adaptations. Preserve all semantic substitutions; replace $x indentation with measured line breaks.
companion.dialogue.146.02	dialogue	146	2	$m0「ふん。<CR>$xなかなか　楽しめそうだな。<CR>$xそうでなくては　つまらん。	"$m0: ""Hmph. This looks like it could be fun. Anything less would be dull."""		enemy_briny_mine	independent_dialogue_reviewed_series_terms	Independently translated from the pinned Japanese; existing species identities retained. Full wording, measured wrapping, no display abbreviation. Speech quirks and jokes are project adaptations. Preserve all semantic substitutions; replace $x indentation with measured line breaks.
companion.dialogue.146.03	dialogue	146	3	$m0「オイラの<CR>$x残り体力は　半分だ。<CR>$xそれだけ　おしえといてやる。	"$m0: ""Half my HP remains. That's all I'll tell you."""		enemy_briny_mine,hp	independent_dialogue_reviewed_series_terms	Independently translated from the pinned Japanese; existing species identities retained. Full wording, measured wrapping, no display abbreviation. Speech quirks and jokes are project adaptations. Preserve all semantic substitutions; replace $x indentation with measured line breaks.
companion.dialogue.146.04	dialogue	146	4	$m0「だいぶ　食らったか。<CR>$xここで　死ぬのも　また<CR>$xおもしろいかも　しれねえな。	"$m0: ""I've taken quite a few hits. Dying here might be interesting too."""		enemy_briny_mine	independent_dialogue_reviewed_series_terms	Independently translated from the pinned Japanese; existing species identities retained. Full wording, measured wrapping, no display abbreviation. Speech quirks and jokes are project adaptations. Preserve all semantic substitutions; replace $x indentation with measured line breaks.
companion.dialogue.146.05	dialogue	146	5	$m0「ああ……。<CR>$x残り体力なら　もうないぞ。<CR>$x気にするな　オマエのせいじゃない。	"$m0: ""Ah... I've no strength left. Don't worry. It isn't your fault."""		enemy_briny_mine	independent_dialogue_reviewed_series_terms	Independently translated from the pinned Japanese; existing species identities retained. Full wording, measured wrapping, no display abbreviation. Speech quirks and jokes are project adaptations. Preserve all semantic substitutions; replace $x indentation with measured line breaks.
companion.dialogue.146.06	dialogue	146	6	$m0「ほほう？<CR>$xレベルアップとは　ありがたい。	"$m0: ""Oh? A level up. Much obliged."""		enemy_briny_mine	independent_dialogue_reviewed_series_terms	Independently translated from the pinned Japanese; existing species identities retained. Full wording, measured wrapping, no display abbreviation. Speech quirks and jokes are project adaptations. Preserve all semantic substitutions; replace $x indentation with measured line breaks.
companion.dialogue.146.07	dialogue	146	7	$m0「レベルが<CR>$xあがった　オイラの姿を<CR>$x見に来たのか？	"$m0: ""Come to see how I look after levelling up?"""		enemy_briny_mine	independent_dialogue_reviewed_series_terms	Independently translated from the pinned Japanese; existing species identities retained. Full wording, measured wrapping, no display abbreviation. Speech quirks and jokes are project adaptations. Preserve all semantic substitutions; replace $x indentation with measured line breaks.
companion.dialogue.147.00	dialogue	147	0	$m0「オレのカマの<CR>$x切れ味は　今日はまた<CR>$xいちだんと　さえているようだ。	"$m0: ""My scythes seem sharper than ever today."""		enemy.preying_mantis	independent_dialogue_reviewed_series_terms	Independently translated from the pinned Japanese; existing species identities retained. Full wording, measured wrapping, no display abbreviation. Speech quirks and jokes are project adaptations. Preserve all semantic substitutions; replace $x indentation with measured line breaks.
companion.dialogue.147.01	dialogue	147	1	$m0「このカマの<CR>$xえじきに　なりたいヤツは<CR>$x前に出るが　いい。	"$m0: ""Anyone who wishes to fall prey to these scythes, step forward."""		enemy.preying_mantis	independent_dialogue_reviewed_series_terms	Independently translated from the pinned Japanese; existing species identities retained. Full wording, measured wrapping, no display abbreviation. Speech quirks and jokes are project adaptations. Preserve all semantic substitutions; replace $x indentation with measured line breaks.
companion.dialogue.147.02	dialogue	147	2	$m0「ふむ。<CR>$xなかなか　手ごたえのある<CR>$x敵が多くて　うれしいぞ。	"$m0: ""Hmm. So many worthy opponents. I'm pleased."""		enemy.preying_mantis	independent_dialogue_reviewed_series_terms	Independently translated from the pinned Japanese; existing species identities retained. Full wording, measured wrapping, no display abbreviation. Speech quirks and jokes are project adaptations. Preserve all semantic substitutions; replace $x indentation with measured line breaks.
companion.dialogue.147.03	dialogue	147	3	$m0「はっはっは！<CR>$xやっと　本気で　カマを<CR>$xふるえる時が　来たようだな。	"$m0: ""Hahaha! At last, the time has come to swing my scythes in earnest!"""		enemy.preying_mantis	independent_dialogue_reviewed_series_terms	Independently translated from the pinned Japanese; existing species identities retained. Full wording, measured wrapping, no display abbreviation. Speech quirks and jokes are project adaptations. Preserve all semantic substitutions; replace $x indentation with measured line breaks.
companion.dialogue.147.04	dialogue	147	4	$m0「ぬかったな。<CR>$xここまで　手だれの敵が<CR>$x多く　いたとは……。	"$m0: ""Careless of me. So many skilled enemies here..."""		enemy.preying_mantis	independent_dialogue_reviewed_series_terms	Independently translated from the pinned Japanese; existing species identities retained. Full wording, measured wrapping, no display abbreviation. Speech quirks and jokes are project adaptations. Preserve all semantic substitutions; replace $x indentation with measured line breaks.
companion.dialogue.147.05	dialogue	147	5	$m0「いくら<CR>$xオレでも　つかれる時は<CR>$xつかれるんだよね……。	"$m0: ""Even I get tired sometimes, you know..."""		enemy.preying_mantis	independent_dialogue_reviewed_series_terms	Independently translated from the pinned Japanese; existing species identities retained. Full wording, measured wrapping, no display abbreviation. Speech quirks and jokes are project adaptations. Preserve all semantic substitutions; replace $x indentation with measured line breaks.
companion.dialogue.147.06	dialogue	147	6	$m0「レベルアップか。<CR>$x何匹の敵が　オレのために<CR>$x死んでいったか……ククク。	"$m0: ""Level up, eh? How many enemies died for my sake...? Heh heh."""		enemy.preying_mantis	independent_dialogue_reviewed_series_terms	Independently translated from the pinned Japanese; existing species identities retained. Full wording, measured wrapping, no display abbreviation. Speech quirks and jokes are project adaptations. Preserve all semantic substitutions; replace $x indentation with measured line breaks.
companion.dialogue.147.07	dialogue	147	7	$m0「見ろ！<CR>$xレベルが上がった　このオレを。	"$m0: ""Behold me, newly levelled up!"""		enemy.preying_mantis	independent_dialogue_reviewed_series_terms	Independently translated from the pinned Japanese; existing species identities retained. Full wording, measured wrapping, no display abbreviation. Speech quirks and jokes are project adaptations. Preserve all semantic substitutions; replace $x indentation with measured line breaks.
companion.dialogue.148.00	dialogue	148	0	$m0「気にいらないワナが<CR>$xあると　作り変えちゃうんだよね。<CR>$xボクの悪いクセだな。	"$m0: ""If I don't like a trap, I change it into another one. A bad habit of mine."""		enemy.slaying_mantis	independent_dialogue_reviewed_series_terms	Independently translated from the pinned Japanese; existing species identities retained. Full wording, measured wrapping, no display abbreviation. Speech quirks and jokes are project adaptations. Preserve all semantic substitutions; replace $x indentation with measured line breaks.
companion.dialogue.148.01	dialogue	148	1	$m0「さてと。<CR>$x今日も　がんばるぞー。	"$m0: ""Right then. I'll do my best again today!"""		enemy.slaying_mantis	independent_dialogue_reviewed_series_terms	Independently translated from the pinned Japanese; existing species identities retained. Full wording, measured wrapping, no display abbreviation. Speech quirks and jokes are project adaptations. Preserve all semantic substitutions; replace $x indentation with measured line breaks.
companion.dialogue.148.02	dialogue	148	2	$m0「いってえー。<CR>$xここにいるヤツらって<CR>$xこんなに　強かったのか？	"$m0: ""Owww! Were the monsters here always this strong?"""		enemy.slaying_mantis	independent_dialogue_reviewed_series_terms	Independently translated from the pinned Japanese; existing species identities retained. Full wording, measured wrapping, no display abbreviation. Speech quirks and jokes are project adaptations. Preserve all semantic substitutions; replace $x indentation with measured line breaks.
companion.dialogue.148.03	dialogue	148	3	$m0「ああっ。<CR>$xボクの体力が　もう半分しか<CR>$x残ってないし！	"$m0: ""Oh! I've only got half my HP left!"""		enemy.slaying_mantis,hp	independent_dialogue_reviewed_series_terms	Independently translated from the pinned Japanese; existing species identities retained. Full wording, measured wrapping, no display abbreviation. Speech quirks and jokes are project adaptations. Preserve all semantic substitutions; replace $x indentation with measured line breaks.
companion.dialogue.148.04	dialogue	148	4	$m0「うああー。<CR>$xボクは　もうダメかもしれない。	"$m0: ""Aaargh! I might be done for."""		enemy.slaying_mantis	independent_dialogue_reviewed_series_terms	Independently translated from the pinned Japanese; existing species identities retained. Full wording, measured wrapping, no display abbreviation. Speech quirks and jokes are project adaptations. Preserve all semantic substitutions; replace $x indentation with measured line breaks.
companion.dialogue.148.05	dialogue	148	5	$m0「どうしてかな。<CR>$xいつの間にか　ボクの体力が<CR>$xゼロに　なりそうなんだ。	"$m0: ""How come? Before I knew it, my HP was nearly at zero."""		enemy.slaying_mantis,hp	independent_dialogue_reviewed_series_terms	Independently translated from the pinned Japanese; existing species identities retained. Full wording, measured wrapping, no display abbreviation. Speech quirks and jokes are project adaptations. Preserve all semantic substitutions; replace $x indentation with measured line breaks.
companion.dialogue.148.06	dialogue	148	6	$m0「レベルアップ<CR>$xおめでとう　ボク！<CR>$xありがとう　ボク！	"$m0: ""Congratulations on levelling up, me! Thank you, me!"""		enemy.slaying_mantis	independent_dialogue_reviewed_series_terms	Independently translated from the pinned Japanese; existing species identities retained. Full wording, measured wrapping, no display abbreviation. Speech quirks and jokes are project adaptations. Preserve all semantic substitutions; replace $x indentation with measured line breaks.
companion.dialogue.148.07	dialogue	148	7	$m0「なんとか<CR>$xレベルが　上がるとこまで<CR>$xこぎつけたぞ！	"$m0: ""Somehow I managed to make it to the next level!"""		enemy.slaying_mantis	independent_dialogue_reviewed_series_terms	Independently translated from the pinned Japanese; existing species identities retained. Full wording, measured wrapping, no display abbreviation. Speech quirks and jokes are project adaptations. Preserve all semantic substitutions; replace $x indentation with measured line breaks.
companion.dialogue.149.00	dialogue	149	0	$m0「あれ？<CR>$xここは　どこだっけ？<CR>$xオレ　何してたんだっけ？	"$m0: ""Huh? Where am I? What was I doing?"""		enemy.compos_mantis	independent_dialogue_reviewed_series_terms	Independently translated from the pinned Japanese; existing species identities retained. Full wording, measured wrapping, no display abbreviation. Speech quirks and jokes are project adaptations. Preserve all semantic substitutions; replace $x indentation with measured line breaks.
companion.dialogue.149.01	dialogue	149	1	$m0「えっと<CR>$xアンタは　だれだっけ？	"$m0: ""Um... Who were you again?"""		enemy.compos_mantis	independent_dialogue_reviewed_series_terms	Independently translated from the pinned Japanese; existing species identities retained. Full wording, measured wrapping, no display abbreviation. Speech quirks and jokes are project adaptations. Preserve all semantic substitutions; replace $x indentation with measured line breaks.
companion.dialogue.149.02	dialogue	149	2	$m0「なんでだ？<CR>$xなんで　みんな　オレを<CR>$xなぐったりするんだ？	"$m0: ""Why? Why does everyone keep hitting me?"""		enemy.compos_mantis	independent_dialogue_reviewed_series_terms	Independently translated from the pinned Japanese; existing species identities retained. Full wording, measured wrapping, no display abbreviation. Speech quirks and jokes are project adaptations. Preserve all semantic substitutions; replace $x indentation with measured line breaks.
companion.dialogue.149.03	dialogue	149	3	$m0「おや？<CR>$x体力が　半分になってるけど<CR>$xいったい　オレに何があったんだ？	"$m0: ""Oh? My HP's down to half. What on earth happened to me?"""		enemy.compos_mantis,hp	independent_dialogue_reviewed_series_terms	Independently translated from the pinned Japanese; existing species identities retained. Full wording, measured wrapping, no display abbreviation. Speech quirks and jokes are project adaptations. Preserve all semantic substitutions; replace $x indentation with measured line breaks.
companion.dialogue.149.04	dialogue	149	4	$m0「あれれ？<CR>$xこのままだと　オレって<CR>$x死んじゃったり？	"$m0: ""Huh? Am I going to die if things keep on like this?"""		enemy.compos_mantis	independent_dialogue_reviewed_series_terms	Independently translated from the pinned Japanese; existing species identities retained. Full wording, measured wrapping, no display abbreviation. Speech quirks and jokes are project adaptations. Preserve all semantic substitutions; replace $x indentation with measured line breaks.
companion.dialogue.149.05	dialogue	149	5	$m0「おいおい！<CR>$xオレの体力が　なんだか<CR>$xぜんぜん　残ってないぞ？	"$m0: ""Hey! Somehow I've got no strength left at all!"""		enemy.compos_mantis	independent_dialogue_reviewed_series_terms	Independently translated from the pinned Japanese; existing species identities retained. Full wording, measured wrapping, no display abbreviation. Speech quirks and jokes are project adaptations. Preserve all semantic substitutions; replace $x indentation with measured line breaks.
companion.dialogue.149.06	dialogue	149	6	$m0「あれ？<CR>$x今　何が　おこったんだ？<CR>$xレベルアップ？　なにそれ？	"$m0: ""Huh? What just happened? Level up? What's that?"""		enemy.compos_mantis	independent_dialogue_reviewed_series_terms	Independently translated from the pinned Japanese; existing species identities retained. Full wording, measured wrapping, no display abbreviation. Speech quirks and jokes are project adaptations. Preserve all semantic substitutions; replace $x indentation with measured line breaks.
companion.dialogue.149.07	dialogue	149	7	$m0「えっ？<CR>$xオレのレベルが　上がったって？<CR>$x何それ？	"$m0: ""What? My level went up? What's that mean?"""		enemy.compos_mantis	independent_dialogue_reviewed_series_terms	Independently translated from the pinned Japanese; existing species identities retained. Full wording, measured wrapping, no display abbreviation. Speech quirks and jokes are project adaptations. Preserve all semantic substitutions; replace $x indentation with measured line breaks.
companion.dialogue.150.00	dialogue	150	0	$m0「ごろごろ……。	"$m0: ""Roll, roll..."""		enemy.bad_egg	independent_dialogue_reviewed_series_terms	Independently translated from the pinned Japanese; existing species identities retained. Full wording, measured wrapping, no display abbreviation. Speech quirks and jokes are project adaptations. Preserve all semantic substitutions; replace $x indentation with measured line breaks.
companion.dialogue.150.01	dialogue	150	1	$m0「ニヤリ。	"$m0: ""Grin."""		enemy.bad_egg	independent_dialogue_reviewed_series_terms	Independently translated from the pinned Japanese; existing species identities retained. Full wording, measured wrapping, no display abbreviation. Speech quirks and jokes are project adaptations. Preserve all semantic substitutions; replace $x indentation with measured line breaks.
companion.dialogue.150.02	dialogue	150	2	$m0「ヒビ……。<CR>$xカラに　ヒビが……。	"$m0: ""Cracks... Cracks in my shell..."""		enemy.bad_egg	independent_dialogue_reviewed_series_terms	Independently translated from the pinned Japanese; existing species identities retained. Full wording, measured wrapping, no display abbreviation. Speech quirks and jokes are project adaptations. Preserve all semantic substitutions; replace $x indentation with measured line breaks.
companion.dialogue.150.03	dialogue	150	3	$m0「体力が……。<CR>$x半分に……。	"$m0: ""My HP... Down to half..."""		enemy.bad_egg,hp	independent_dialogue_reviewed_series_terms	Independently translated from the pinned Japanese; existing species identities retained. Full wording, measured wrapping, no display abbreviation. Speech quirks and jokes are project adaptations. Preserve all semantic substitutions; replace $x indentation with measured line breaks.
companion.dialogue.150.04	dialogue	150	4	$m0「われそう……。	"$m0: ""Going to crack..."""		enemy.bad_egg	independent_dialogue_reviewed_series_terms	Independently translated from the pinned Japanese; existing species identities retained. Full wording, measured wrapping, no display abbreviation. Speech quirks and jokes are project adaptations. Preserve all semantic substitutions; replace $x indentation with measured line breaks.
companion.dialogue.150.05	dialogue	150	5	$m0「体力が……。<CR>$xなくなるよ……。	"$m0: ""My strength... It's running out..."""		enemy.bad_egg	independent_dialogue_reviewed_series_terms	Independently translated from the pinned Japanese; existing species identities retained. Full wording, measured wrapping, no display abbreviation. Speech quirks and jokes are project adaptations. Preserve all semantic substitutions; replace $x indentation with measured line breaks.
companion.dialogue.150.06	dialogue	150	6	$m0「レベルアップ。	"$m0: ""Level up."""		enemy.bad_egg	independent_dialogue_reviewed_series_terms	Independently translated from the pinned Japanese; existing species identities retained. Full wording, measured wrapping, no display abbreviation. Speech quirks and jokes are project adaptations. Preserve all semantic substitutions; replace $x indentation with measured line breaks.
companion.dialogue.150.07	dialogue	150	7	$m0「レベルが上がった。<CR>$xレベルが上がった……。	"$m0: ""My level went up. My level went up..."""		enemy.bad_egg	independent_dialogue_reviewed_series_terms	Independently translated from the pinned Japanese; existing species identities retained. Full wording, measured wrapping, no display abbreviation. Speech quirks and jokes are project adaptations. Preserve all semantic substitutions; replace $x indentation with measured line breaks.
companion.dialogue.151.00	dialogue	151	0	$m0「おいらは<CR>$xふしぎな　ふしぎなタマゴ～。	"$m0: ""I'm a strange and wonderful egg!"""		enemy.rotten_egg	independent_dialogue_reviewed_series_terms	Independently translated from the pinned Japanese; existing species identities retained. Full wording, measured wrapping, no display abbreviation. Speech quirks and jokes are project adaptations. Preserve all semantic substitutions; replace $x indentation with measured line breaks.
companion.dialogue.151.01	dialogue	151	1	$m0「何が出るかな<CR>$x何が出るかな～。<CR>$x何も出ないかも～。	"$m0: ""What'll come out? What'll come out? Maybe nothing at all!"""		enemy.rotten_egg	independent_dialogue_reviewed_series_terms	Independently translated from the pinned Japanese; existing species identities retained. Full wording, measured wrapping, no display abbreviation. Speech quirks and jokes are project adaptations. Preserve all semantic substitutions; replace $x indentation with measured line breaks.
companion.dialogue.151.02	dialogue	151	2	$m0「ひいー。<CR>$xあんまり　たたかないで。<CR>$x中身が　出ちゃうからっ。	"$m0: ""Eeeek! Don't hit me so much! My insides will come out!"""		enemy.rotten_egg	independent_dialogue_reviewed_series_terms	Independently translated from the pinned Japanese; existing species identities retained. Full wording, measured wrapping, no display abbreviation. Speech quirks and jokes are project adaptations. Preserve all semantic substitutions; replace $x indentation with measured line breaks.
companion.dialogue.151.03	dialogue	151	3	$m0「おいらの体力<CR>$x半分こっきり。	"$m0: ""Exactly half my HP left."""		enemy.rotten_egg,hp	independent_dialogue_reviewed_series_terms	Independently translated from the pinned Japanese; existing species identities retained. Full wording, measured wrapping, no display abbreviation. Speech quirks and jokes are project adaptations. Preserve all semantic substitutions; replace $x indentation with measured line breaks.
companion.dialogue.151.04	dialogue	151	4	$m0「もうダメだ～。<CR>$x中身が　もれるー。	"$m0: ""I can't take any more! My insides are leaking!"""		enemy.rotten_egg	independent_dialogue_reviewed_series_terms	Independently translated from the pinned Japanese; existing species identities retained. Full wording, measured wrapping, no display abbreviation. Speech quirks and jokes are project adaptations. Preserve all semantic substitutions; replace $x indentation with measured line breaks.
companion.dialogue.151.05	dialogue	151	5	$m0「おいらの体力<CR>$xすっからかん。	"$m0: ""My strength's completely gone."""		enemy.rotten_egg	independent_dialogue_reviewed_series_terms	Independently translated from the pinned Japanese; existing species identities retained. Full wording, measured wrapping, no display abbreviation. Speech quirks and jokes are project adaptations. Preserve all semantic substitutions; replace $x indentation with measured line breaks.
companion.dialogue.151.06	dialogue	151	6	$m0「おいらのレベルが<CR>$x上がったよ　きゃははは。	"$m0: ""My level went up! Kyahahaha!"""		enemy.rotten_egg	independent_dialogue_reviewed_series_terms	Independently translated from the pinned Japanese; existing species identities retained. Full wording, measured wrapping, no display abbreviation. Speech quirks and jokes are project adaptations. Preserve all semantic substitutions; replace $x indentation with measured line breaks.
companion.dialogue.151.07	dialogue	151	7	$m0「レベルアップで<CR>$xさらに　ふしぎ～。	"$m0: ""Level up! More mysterious than ever!"""		enemy.rotten_egg	independent_dialogue_reviewed_series_terms	Independently translated from the pinned Japanese; existing species identities retained. Full wording, measured wrapping, no display abbreviation. Speech quirks and jokes are project adaptations. Preserve all semantic substitutions; replace $x indentation with measured line breaks.
companion.dialogue.152.00	dialogue	152	0	$m0「なによ。<CR>$xカエルが　空を飛んだら<CR>$xヘンかしら？	"$m0: ""What? Is there something odd about a frog flying?"""		enemy.floating_bloater	independent_dialogue_reviewed_series_terms	Independently translated from the pinned Japanese; existing species identities retained. Full wording, measured wrapping, no display abbreviation. Speech quirks and jokes are project adaptations. Preserve all semantic substitutions; replace $x indentation with measured line breaks.
companion.dialogue.152.01	dialogue	152	1	$m0「ピョンピョンと<CR>$x飛んでれば　敵のこうげき<CR>$xあたりづらいでしょ？	"$m0: ""If I keep hopping about, it's harder for enemies to hit me, isn't it?"""		enemy.floating_bloater	independent_dialogue_reviewed_series_terms	Independently translated from the pinned Japanese; existing species identities retained. Full wording, measured wrapping, no display abbreviation. Speech quirks and jokes are project adaptations. Preserve all semantic substitutions; replace $x indentation with measured line breaks.
companion.dialogue.152.02	dialogue	152	2	$m0「あたしは<CR>$x何にもしてないのに　みんなが<CR>$xねらってくる気が　するの。	"$m0: ""I haven't done a thing, but I feel like everyone's after me."""		enemy.floating_bloater	independent_dialogue_reviewed_series_terms	Independently translated from the pinned Japanese; existing species identities retained. Full wording, measured wrapping, no display abbreviation. Speech quirks and jokes are project adaptations. Preserve all semantic substitutions; replace $x indentation with measured line breaks.
companion.dialogue.152.03	dialogue	152	3	$m0「ちょっと　大変！<CR>$xあたしの体力が　半分しか<CR>$xないのよ！	"$m0: ""Oh, this is terrible! I've only got half my HP!"""		enemy.floating_bloater,hp	independent_dialogue_reviewed_series_terms	Independently translated from the pinned Japanese; existing species identities retained. Full wording, measured wrapping, no display abbreviation. Speech quirks and jokes are project adaptations. Preserve all semantic substitutions; replace $x indentation with measured line breaks.
companion.dialogue.152.04	dialogue	152	4	$m0「ひどいわ。<CR>$xみんなして　あたしの命を<CR>$xねらってくるのよ！	"$m0: ""How cruel! They're all trying to take my life!"""		enemy.floating_bloater	independent_dialogue_reviewed_series_terms	Independently translated from the pinned Japanese; existing species identities retained. Full wording, measured wrapping, no display abbreviation. Speech quirks and jokes are project adaptations. Preserve all semantic substitutions; replace $x indentation with measured line breaks.
companion.dialogue.152.05	dialogue	152	5	$m0「たすけて！<CR>$xあたし　もう体力が　ぜんぜん<CR>$x残ってないんだからっ。	"$m0: ""Help! I've got no strength left at all!"""		enemy.floating_bloater	independent_dialogue_reviewed_series_terms	Independently translated from the pinned Japanese; existing species identities retained. Full wording, measured wrapping, no display abbreviation. Speech quirks and jokes are project adaptations. Preserve all semantic substitutions; replace $x indentation with measured line breaks.
companion.dialogue.152.06	dialogue	152	6	$m0「どう？<CR>$xあたし　さっきまでと　ちがうの。<CR>$xレベルが上がったのよ！	"$m0: ""Well? I'm different from a moment ago. My level went up!"""		enemy.floating_bloater	independent_dialogue_reviewed_series_terms	Independently translated from the pinned Japanese; existing species identities retained. Full wording, measured wrapping, no display abbreviation. Speech quirks and jokes are project adaptations. Preserve all semantic substitutions; replace $x indentation with measured line breaks.
companion.dialogue.152.07	dialogue	152	7	$m0「レベルアップね。<CR>$xあたし　また　ひとつ<CR>$x美しくなったのかしら？	"$m0: ""Level up. Have I grown a little more beautiful?"""		enemy.floating_bloater	independent_dialogue_reviewed_series_terms	Independently translated from the pinned Japanese; existing species identities retained. Full wording, measured wrapping, no display abbreviation. Speech quirks and jokes are project adaptations. Preserve all semantic substitutions; replace $x indentation with measured line breaks.
companion.dialogue.153.00	dialogue	153	0	$m0「ぴょーん。	"$m0: ""Boing!"""		enemy.blistering_bloater	independent_dialogue_reviewed_series_terms	Independently translated from the pinned Japanese; existing species identities retained. Full wording, measured wrapping, no display abbreviation. Speech quirks and jokes are project adaptations. Preserve all semantic substitutions; replace $x indentation with measured line breaks.
companion.dialogue.153.01	dialogue	153	1	$m0「オイラの　じまんは<CR>$xこの　ジャンプさ！	"$m0: ""I'm proud of this jump of mine!"""		enemy.blistering_bloater	independent_dialogue_reviewed_series_terms	Independently translated from the pinned Japanese; existing species identities retained. Full wording, measured wrapping, no display abbreviation. Speech quirks and jokes are project adaptations. Preserve all semantic substitutions; replace $x indentation with measured line breaks.
companion.dialogue.153.02	dialogue	153	2	$m0「かれいなジャンプで<CR>$x敵の　こうげきを　ヒラリと<CR>$x……かわしてる　つもりなのに。	"$m0: ""With an elegant leap, I deftly dodge the enemy's attacks... Or so I thought."""		enemy.blistering_bloater	independent_dialogue_reviewed_series_terms	Independently translated from the pinned Japanese; existing species identities retained. Full wording, measured wrapping, no display abbreviation. Speech quirks and jokes are project adaptations. Preserve all semantic substitutions; replace $x indentation with measured line breaks.
companion.dialogue.153.03	dialogue	153	3	$m0「オイラの　体力が<CR>$x半分くらいしか　残ってない。<CR>$x飛んで　にげるしか！	"$m0: ""I've only got about half my HP left. I'll have to hop away!"""		enemy.blistering_bloater,hp	independent_dialogue_reviewed_series_terms	Independently translated from the pinned Japanese; existing species identities retained. Full wording, measured wrapping, no display abbreviation. Speech quirks and jokes are project adaptations. Preserve all semantic substitutions; replace $x indentation with measured line breaks.
companion.dialogue.153.04	dialogue	153	4	$m0「うはあ。<CR>$xこれは　まずいことになった。<CR>$xオイラは　ここで　おわり？	"$m0: ""Whoa! This has turned nasty. Is this the end for me?"""		enemy.blistering_bloater	independent_dialogue_reviewed_series_terms	Independently translated from the pinned Japanese; existing species identities retained. Full wording, measured wrapping, no display abbreviation. Speech quirks and jokes are project adaptations. Preserve all semantic substitutions; replace $x indentation with measured line breaks.
companion.dialogue.153.05	dialogue	153	5	$m0「体力が　もう<CR>$xひとかけらしか　残ってないよ。<CR>$xもう　にげきれないかな。	"$m0: ""Only a scrap of strength left. Maybe I can't get away now."""		enemy.blistering_bloater	independent_dialogue_reviewed_series_terms	Independently translated from the pinned Japanese; existing species identities retained. Full wording, measured wrapping, no display abbreviation. Speech quirks and jokes are project adaptations. Preserve all semantic substitutions; replace $x indentation with measured line breaks.
companion.dialogue.153.06	dialogue	153	6	$m0「よかった。<CR>$xとりあえず　レベルが<CR>$x上がって　ひと安心……かな？	"$m0: ""Thank goodness. My level went up, so I can relax a little... Maybe?"""		enemy.blistering_bloater	independent_dialogue_reviewed_series_terms	Independently translated from the pinned Japanese; existing species identities retained. Full wording, measured wrapping, no display abbreviation. Speech quirks and jokes are project adaptations. Preserve all semantic substitutions; replace $x indentation with measured line breaks.
companion.dialogue.153.07	dialogue	153	7	$m0「レベルアップだ。<CR>$xもう少し　がんばれそうな<CR>$x気がしてきたよ。	"$m0: ""Level up. I feel like I can keep going a little longer."""		enemy.blistering_bloater	independent_dialogue_reviewed_series_terms	Independently translated from the pinned Japanese; existing species identities retained. Full wording, measured wrapping, no display abbreviation. Speech quirks and jokes are project adaptations. Preserve all semantic substitutions; replace $x indentation with measured line breaks.
companion.dialogue.154.00	dialogue	154	0	$m0「ただの　カエルと<CR>$xあなどるなかれ。<CR>$xこう見えても　魔界出身よ。	"$m0: ""Do not dismiss me as a mere frog. I hail from the demon realm."""		enemy.blighted_bloater	independent_dialogue_reviewed_series_terms	Independently translated from the pinned Japanese; existing species identities retained. Full wording, measured wrapping, no display abbreviation. Speech quirks and jokes are project adaptations. Preserve all semantic substitutions; replace $x indentation with measured line breaks.
companion.dialogue.154.01	dialogue	154	1	$m0「カエルというだけで<CR>$x世の中には　われらを<CR>$x毛ぎらいする者も　おるようじゃな。	"$m0: ""Some in this world seem to loathe us simply because we are frogs."""		enemy.blighted_bloater	independent_dialogue_reviewed_series_terms	Independently translated from the pinned Japanese; existing species identities retained. Full wording, measured wrapping, no display abbreviation. Speech quirks and jokes are project adaptations. Preserve all semantic substitutions; replace $x indentation with measured line breaks.
companion.dialogue.154.02	dialogue	154	2	$m0「ここのヤツらは<CR>$xこのワシの相手を　するには<CR>$xちと　ものたりないか？	"$m0: ""Are the creatures here a little too weak to be worthy opponents for me?"""		enemy.blighted_bloater	independent_dialogue_reviewed_series_terms	Independently translated from the pinned Japanese; existing species identities retained. Full wording, measured wrapping, no display abbreviation. Speech quirks and jokes are project adaptations. Preserve all semantic substitutions; replace $x indentation with measured line breaks.
companion.dialogue.154.03	dialogue	154	3	$m0「ワシの体力は<CR>$x半分は　残してある。<CR>$x気にせんで　よいぞ。	"$m0: ""I have kept half my HP in reserve. Do not worry."""		enemy.blighted_bloater,hp	independent_dialogue_reviewed_series_terms	Independently translated from the pinned Japanese; existing species identities retained. Full wording, measured wrapping, no display abbreviation. Speech quirks and jokes are project adaptations. Preserve all semantic substitutions; replace $x indentation with measured line breaks.
companion.dialogue.154.04	dialogue	154	4	$m0「油断したわ。<CR>$xワシとしたことが　ここまで<CR>$xこうげきを　食らうとはの。	"$m0: ""I let my guard down. To think I could take so many hits."""		enemy.blighted_bloater	independent_dialogue_reviewed_series_terms	Independently translated from the pinned Japanese; existing species identities retained. Full wording, measured wrapping, no display abbreviation. Speech quirks and jokes are project adaptations. Preserve all semantic substitutions; replace $x indentation with measured line breaks.
companion.dialogue.154.05	dialogue	154	5	$m0「なんということじゃ。<CR>$xワシの体力が　気づけば<CR>$xほとんど　カラになっておる！	"$m0: ""What is this? Before I knew it, nearly all my strength was gone!"""		enemy.blighted_bloater	independent_dialogue_reviewed_series_terms	Independently translated from the pinned Japanese; existing species identities retained. Full wording, measured wrapping, no display abbreviation. Speech quirks and jokes are project adaptations. Preserve all semantic substitutions; replace $x indentation with measured line breaks.
companion.dialogue.154.06	dialogue	154	6	$m0「ふむふむ。<CR>$xレベルが上がったようだな。<CR>$xつぎは　いつじゃ？	"$m0: ""Hmm, hmm. It seems my level has risen. When is the next one?"""		enemy.blighted_bloater	independent_dialogue_reviewed_series_terms	Independently translated from the pinned Japanese; existing species identities retained. Full wording, measured wrapping, no display abbreviation. Speech quirks and jokes are project adaptations. Preserve all semantic substitutions; replace $x indentation with measured line breaks.
companion.dialogue.154.07	dialogue	154	7	$m0「レベルアップか。<CR>$xさらに　つぎ　めざして<CR>$xしょうじん　するとしようぞ。	"$m0: ""Level up, eh? Let us strive towards the next."""		enemy.blighted_bloater	independent_dialogue_reviewed_series_terms	Independently translated from the pinned Japanese; existing species identities retained. Full wording, measured wrapping, no display abbreviation. Speech quirks and jokes are project adaptations. Preserve all semantic substitutions; replace $x indentation with measured line breaks.
companion.dialogue.155.00	dialogue	155	0	$m0「ボクはねえ。<CR>$x王さま　なんだよ。<CR>$xとても　えらいんだよ。	"$m0: ""I'm a king, you know. Very important indeed."""		enemy.king_slime	independent_dialogue_reviewed_series_terms	Independently translated from the pinned Japanese; existing species identities retained. Full wording, measured wrapping, no display abbreviation. Speech quirks and jokes are project adaptations. Preserve all semantic substitutions; replace $x indentation with measured line breaks.
companion.dialogue.155.01	dialogue	155	1	$m0「えらばれた<CR>$xスライムだけが　合体して<CR>$xキングに　なれるんだよ。	"$m0: ""Only chosen slimes can join together to become a king."""		enemy.king_slime	independent_dialogue_reviewed_series_terms	Independently translated from the pinned Japanese; existing species identities retained. Full wording, measured wrapping, no display abbreviation. Speech quirks and jokes are project adaptations. Preserve all semantic substitutions; replace $x indentation with measured line breaks.
companion.dialogue.155.02	dialogue	155	2	$m0「王さまに<CR>$x手を上げるなんて　ここの魔物は<CR>$xしつけが　なってないよね。	"$m0: ""Raising a hand against a king! The monsters here have no manners."""		enemy.king_slime	independent_dialogue_reviewed_series_terms	Independently translated from the pinned Japanese; existing species identities retained. Full wording, measured wrapping, no display abbreviation. Speech quirks and jokes are project adaptations. Preserve all semantic substitutions; replace $x indentation with measured line breaks.
companion.dialogue.155.03	dialogue	155	3	$m0「ボクの体力は<CR>$x半分くらい　残ってるよ。<CR>$x王さまだから　平気さ。	"$m0: ""I've got about half my HP left. I'm a king, so I'm fine."""		enemy.king_slime,hp	independent_dialogue_reviewed_series_terms	Independently translated from the pinned Japanese; existing species identities retained. Full wording, measured wrapping, no display abbreviation. Speech quirks and jokes are project adaptations. Preserve all semantic substitutions; replace $x indentation with measured line breaks.
companion.dialogue.155.04	dialogue	155	4	$m0「うーん。<CR>$xだいぶ　やられたけど　ボクには<CR>$xべホマラーが　あるもんね。	"$m0: ""Hmm. I've taken quite a beating, but I do have Multiheal."""		enemy.king_slime,spell.multiheal	independent_dialogue_reviewed_series_terms	Independently translated from the pinned Japanese; existing species identities retained. Full wording, measured wrapping, no display abbreviation. Speech quirks and jokes are project adaptations. Preserve all semantic substitutions; replace $x indentation with measured line breaks.
companion.dialogue.155.05	dialogue	155	5	$m0「王さまの　ボクから<CR>$x体力　ほとんど　とってくなんて<CR>$xゆるせないよねえ。	"$m0: ""Taking nearly all the strength from a king like me! Unforgivable, isn't it?"""		enemy.king_slime	independent_dialogue_reviewed_series_terms	Independently translated from the pinned Japanese; existing species identities retained. Full wording, measured wrapping, no display abbreviation. Speech quirks and jokes are project adaptations. Preserve all semantic substitutions; replace $x indentation with measured line breaks.
companion.dialogue.155.06	dialogue	155	6	$m0「レベルアップだ。<CR>$x王さまとしての　格が<CR>$xまた　上がっちゃったよ。	"$m0: ""Level up! My standing as a king has risen again."""		enemy.king_slime	independent_dialogue_reviewed_series_terms	Independently translated from the pinned Japanese; existing species identities retained. Full wording, measured wrapping, no display abbreviation. Speech quirks and jokes are project adaptations. Preserve all semantic substitutions; replace $x indentation with measured line breaks.
companion.dialogue.155.07	dialogue	155	7	$m0「えへへ。<CR>$xレベルが上がっちゃったよ。<CR>$xやっぱり　ボクって　えらいんだ。	"$m0: ""Hee hee! My level went up. I really am important."""		enemy.king_slime	independent_dialogue_reviewed_series_terms	Independently translated from the pinned Japanese; existing species identities retained. Full wording, measured wrapping, no display abbreviation. Speech quirks and jokes are project adaptations. Preserve all semantic substitutions; replace $x indentation with measured line breaks.
companion.dialogue.156.00	dialogue	156	0	$m0「仲間になったけど<CR>$xほんとは　だれにも<CR>$xキズついて　ほしくないんだ。	"$m0: ""I've joined you, but truthfully, I don't want anyone to get hurt."""		enemy.king_cureslime	independent_dialogue_reviewed_series_terms	Independently translated from the pinned Japanese; existing species identities retained. Full wording, measured wrapping, no display abbreviation. Speech quirks and jokes are project adaptations. Preserve all semantic substitutions; replace $x indentation with measured line breaks.
companion.dialogue.156.01	dialogue	156	1	$m0「戦いなんて<CR>$xむなしいと　思わないかい？<CR>$xみんな　仲良くできないかな。	"$m0: ""Don't you think fighting is pointless? Can't everyone get along?"""		enemy.king_cureslime	independent_dialogue_reviewed_series_terms	Independently translated from the pinned Japanese; existing species identities retained. Full wording, measured wrapping, no display abbreviation. Speech quirks and jokes are project adaptations. Preserve all semantic substitutions; replace $x indentation with measured line breaks.
companion.dialogue.156.02	dialogue	156	2	$m0「いいんだ。<CR>$xボクは　いくら　なぐられても<CR>$x平気だよ。	"$m0: ""It's all right. However much they hit me, I'll be fine."""		enemy.king_cureslime	independent_dialogue_reviewed_series_terms	Independently translated from the pinned Japanese; existing species identities retained. Full wording, measured wrapping, no display abbreviation. Speech quirks and jokes are project adaptations. Preserve all semantic substitutions; replace $x indentation with measured line breaks.
companion.dialogue.156.03	dialogue	156	3	$m0「安心して。<CR>$xボクの体力は　まだ半分も<CR>$x残ってるから。	"$m0: ""Don't worry. I still have half my HP left."""		enemy.king_cureslime,hp	independent_dialogue_reviewed_series_terms	Independently translated from the pinned Japanese; existing species identities retained. Full wording, measured wrapping, no display abbreviation. Speech quirks and jokes are project adaptations. Preserve all semantic substitutions; replace $x indentation with measured line breaks.
companion.dialogue.156.04	dialogue	156	4	$m0「そろそろ<CR>$x回復呪文の　つかいどきかな。	"$m0: ""Perhaps it's time to use a healing spell."""		enemy.king_cureslime	independent_dialogue_reviewed_series_terms	Independently translated from the pinned Japanese; existing species identities retained. Full wording, measured wrapping, no display abbreviation. Speech quirks and jokes are project adaptations. Preserve all semantic substitutions; replace $x indentation with measured line breaks.
companion.dialogue.156.05	dialogue	156	5	$m0「キミは　やさしいね。<CR>$xボクのこと　心配してくれてる。<CR>$x体力はないけど　平気だから。	"$m0: ""You're kind to worry about me. I've no strength left, but I'm all right."""		enemy.king_cureslime	independent_dialogue_reviewed_series_terms	Independently translated from the pinned Japanese; existing species identities retained. Full wording, measured wrapping, no display abbreviation. Speech quirks and jokes are project adaptations. Preserve all semantic substitutions; replace $x indentation with measured line breaks.
companion.dialogue.156.06	dialogue	156	6	$m0「あっ……。<CR>$xレベルアップしちゃった。	"$m0: ""Oh... I've levelled up."""		enemy.king_cureslime	independent_dialogue_reviewed_series_terms	Independently translated from the pinned Japanese; existing species identities retained. Full wording, measured wrapping, no display abbreviation. Speech quirks and jokes are project adaptations. Preserve all semantic substitutions; replace $x indentation with measured line breaks.
companion.dialogue.156.07	dialogue	156	7	$m0「レベルが<CR>$x上がったけど　これって<CR>$xみんなの　おかげだよね。	"$m0: ""My level went up, but I owe it to everyone, don't I?"""		enemy.king_cureslime	independent_dialogue_reviewed_series_terms	Independently translated from the pinned Japanese; existing species identities retained. Full wording, measured wrapping, no display abbreviation. Speech quirks and jokes are project adaptations. Preserve all semantic substitutions; replace $x indentation with measured line breaks.
companion.dialogue.157.00	dialogue	157	0	$m0「メタルスライムの<CR>$x王さま　メタルキングです。<CR>$xよしなに。	"$m0: ""I am the Metal king slime, king of Metal slimes. A pleasure."""		enemy.metal_king_slime,enemy.metal_slime	independent_dialogue_reviewed_series_terms	Independently translated from the pinned Japanese; existing species identities retained. Full wording, measured wrapping, no display abbreviation. Speech quirks and jokes are project adaptations. Preserve all semantic substitutions; replace $x indentation with measured line breaks.
companion.dialogue.157.01	dialogue	157	1	$m0「かたくて　太いのが<CR>$x私のじまんの　身体です。	"$m0: ""This tough, plump body is my pride and joy."""		enemy.metal_king_slime	independent_dialogue_reviewed_series_terms	Independently translated from the pinned Japanese; existing species identities retained. Full wording, measured wrapping, no display abbreviation. Speech quirks and jokes are project adaptations. Preserve all semantic substitutions; replace $x indentation with measured line breaks.
companion.dialogue.157.02	dialogue	157	2	$m0「ここの魔物たちは<CR>$x気が　あらい者が多いですねえ。<CR>$x落ち着いて　ほしいものです。	"$m0: ""So many of the monsters here are hot-tempered. I wish they'd calm down."""		enemy.metal_king_slime	independent_dialogue_reviewed_series_terms	Independently translated from the pinned Japanese; existing species identities retained. Full wording, measured wrapping, no display abbreviation. Speech quirks and jokes are project adaptations. Preserve all semantic substitutions; replace $x indentation with measured line breaks.
companion.dialogue.157.03	dialogue	157	3	$m0「おやおや。<CR>$x私の体力が　半分となりました。<CR>$xまあ　まだ　いけるでしょう。	"$m0: ""Oh my. My HP has fallen to half. Well, I can probably keep going."""		enemy.metal_king_slime,hp	independent_dialogue_reviewed_series_terms	Independently translated from the pinned Japanese; existing species identities retained. Full wording, measured wrapping, no display abbreviation. Speech quirks and jokes are project adaptations. Preserve all semantic substitutions; replace $x indentation with measured line breaks.
companion.dialogue.157.04	dialogue	157	4	$m0「なあに。<CR>$x少しくらい　なぐられても<CR>$x私　へっちゃらですので。	"$m0: ""Oh, a few hits don't bother me at all."""		enemy.metal_king_slime	independent_dialogue_reviewed_series_terms	Independently translated from the pinned Japanese; existing species identities retained. Full wording, measured wrapping, no display abbreviation. Speech quirks and jokes are project adaptations. Preserve all semantic substitutions; replace $x indentation with measured line breaks.
companion.dialogue.157.05	dialogue	157	5	$m0「うーん。<CR>$x体力が　心もとないですが<CR>$xなんとかなると　思います。	"$m0: ""Hmm. My remaining strength is rather worrying, but I think I'll manage."""		enemy.metal_king_slime	independent_dialogue_reviewed_series_terms	Independently translated from the pinned Japanese; existing species identities retained. Full wording, measured wrapping, no display abbreviation. Speech quirks and jokes are project adaptations. Preserve all semantic substitutions; replace $x indentation with measured line breaks.
companion.dialogue.157.06	dialogue	157	6	$m0「なんと。<CR>$xうっかり　レベルアップ<CR>$xしてしまいましたよ。	"$m0: ""Goodness. I've carelessly gone and levelled up."""		enemy.metal_king_slime	independent_dialogue_reviewed_series_terms	Independently translated from the pinned Japanese; existing species identities retained. Full wording, measured wrapping, no display abbreviation. Speech quirks and jokes are project adaptations. Preserve all semantic substitutions; replace $x indentation with measured line breaks.
companion.dialogue.157.07	dialogue	157	7	$m0「レベルが<CR>$x上がってしまいました。<CR>$xえんりょ　してたんですけどね。	"$m0: ""My level has gone up. And I was trying to hold back, too."""		enemy.metal_king_slime	independent_dialogue_reviewed_series_terms	Independently translated from the pinned Japanese; existing species identities retained. Full wording, measured wrapping, no display abbreviation. Speech quirks and jokes are project adaptations. Preserve all semantic substitutions; replace $x indentation with measured line breaks.
companion.dialogue.158.00	dialogue	158	0	$m0「わがチカラを<CR>$xお前のために　かすことを<CR>$xやくそくしよう。	"$m0: ""I promise to lend you my strength."""		enemy.enormoose	independent_dialogue_reviewed_series_terms	Independently translated from the pinned Japanese; existing species identities retained. Full wording, measured wrapping, no display abbreviation. Speech quirks and jokes are project adaptations. Preserve all semantic substitutions; replace $x indentation with measured line breaks.
companion.dialogue.158.01	dialogue	158	1	$m0「おおう。<CR>$x戦士の　ほこりにかけて<CR>$x目の前の敵を　打ち倒す！	"$m0: ""Ohhh! On my warrior's honour, I shall defeat the foe before me!"""		enemy.enormoose	independent_dialogue_reviewed_series_terms	Independently translated from the pinned Japanese; existing species identities retained. Full wording, measured wrapping, no display abbreviation. Speech quirks and jokes are project adaptations. Preserve all semantic substitutions; replace $x indentation with measured line breaks.
companion.dialogue.158.02	dialogue	158	2	$m0「さあ　もっとだ。<CR>$x私に　もっと　戦いを<CR>$xいどんでこい！	"$m0: ""Come! More! Let more of them challenge me!"""		enemy.enormoose	independent_dialogue_reviewed_series_terms	Independently translated from the pinned Japanese; existing species identities retained. Full wording, measured wrapping, no display abbreviation. Speech quirks and jokes are project adaptations. Preserve all semantic substitutions; replace $x indentation with measured line breaks.
companion.dialogue.158.03	dialogue	158	3	$m0「私の体力は<CR>$xまだ　半分残っている。<CR>$xこれだけあれば　もんだいはない。	"$m0: ""I still have half my HP. With that much, there is no problem."""		enemy.enormoose,hp	independent_dialogue_reviewed_series_terms	Independently translated from the pinned Japanese; existing species identities retained. Full wording, measured wrapping, no display abbreviation. Speech quirks and jokes are project adaptations. Preserve all semantic substitutions; replace $x indentation with measured line breaks.
companion.dialogue.158.04	dialogue	158	4	$m0「私は　戦士だ。<CR>$xこの身が　くだけちろうとも<CR>$xあとに　ひくことは　できぬ！	"$m0: ""I am a warrior. Even if this body shatters, I cannot retreat!"""		enemy.enormoose	independent_dialogue_reviewed_series_terms	Independently translated from the pinned Japanese; existing species identities retained. Full wording, measured wrapping, no display abbreviation. Speech quirks and jokes are project adaptations. Preserve all semantic substitutions; replace $x indentation with measured line breaks.
companion.dialogue.158.05	dialogue	158	5	$m0「私の体力は<CR>$xすでに　底を　つきかけている。<CR>$xだが　私は　あきらめぬぞ。	"$m0: ""My strength is nearly exhausted. But I shall not give up."""		enemy.enormoose	independent_dialogue_reviewed_series_terms	Independently translated from the pinned Japanese; existing species identities retained. Full wording, measured wrapping, no display abbreviation. Speech quirks and jokes are project adaptations. Preserve all semantic substitutions; replace $x indentation with measured line breaks.
companion.dialogue.158.06	dialogue	158	6	$m0「レベルアップか……。<CR>$xわが　前にちった者たちに<CR>$x祈りを　ささげよう。	"$m0: ""Level up...? Let me pray for those who fell before me."""		enemy.enormoose	independent_dialogue_reviewed_series_terms	Independently translated from the pinned Japanese; existing species identities retained. Full wording, measured wrapping, no display abbreviation. Speech quirks and jokes are project adaptations. Preserve all semantic substitutions; replace $x indentation with measured line breaks.
companion.dialogue.158.07	dialogue	158	7	$m0「うらららーっ。<CR>$x……レベルが上がったときの<CR>$x戦士の　おたけびだ。	"$m0: ""Urararaaah! ...A warrior's cry upon gaining a level."""		enemy.enormoose	independent_dialogue_reviewed_series_terms	Independently translated from the pinned Japanese; existing species identities retained. Full wording, measured wrapping, no display abbreviation. Speech quirks and jokes are project adaptations. Preserve all semantic substitutions; replace $x indentation with measured line breaks.
companion.dialogue.159.00	dialogue	159	0	$m0「このツノは<CR>$x大いなる勇士のあかし！	"$m0: ""These horns are the mark of a mighty warrior!"""		enemy.ginormoose	independent_dialogue_reviewed_series_terms	Independently translated from the pinned Japanese; existing species identities retained. Full wording, measured wrapping, no display abbreviation. Speech quirks and jokes are project adaptations. Preserve all semantic substitutions; replace $x indentation with measured line breaks.
companion.dialogue.159.01	dialogue	159	1	$m0「オレのジャマを<CR>$xするヤツは　チカラずくで<CR>$xどかしてやるぞ。	"$m0: ""Anyone who gets in my way will be shoved aside by force."""		enemy.ginormoose	independent_dialogue_reviewed_series_terms	Independently translated from the pinned Japanese; existing species identities retained. Full wording, measured wrapping, no display abbreviation. Speech quirks and jokes are project adaptations. Preserve all semantic substitutions; replace $x indentation with measured line breaks.
companion.dialogue.159.02	dialogue	159	2	$m0「オレのジャマをする<CR>$xバカ者どもが　これほど<CR>$x多いとはな。	"$m0: ""So many fools dare to stand in my way."""		enemy.ginormoose	independent_dialogue_reviewed_series_terms	Independently translated from the pinned Japanese; existing species identities retained. Full wording, measured wrapping, no display abbreviation. Speech quirks and jokes are project adaptations. Preserve all semantic substitutions; replace $x indentation with measured line breaks.
companion.dialogue.159.03	dialogue	159	3	$m0「半分だ。<CR>$xオレの体力は　まだ半分ある。	"$m0: ""Half. I still have half my HP."""		enemy.ginormoose,hp	independent_dialogue_reviewed_series_terms	Independently translated from the pinned Japanese; existing species identities retained. Full wording, measured wrapping, no display abbreviation. Speech quirks and jokes are project adaptations. Preserve all semantic substitutions; replace $x indentation with measured line breaks.
companion.dialogue.159.04	dialogue	159	4	$m0「オレは　倒れん。<CR>$x戦いの中に　いる限り<CR>$x勇士は　死をおそれないのだ。	"$m0: ""I shall not fall. On the battlefield, a warrior does not fear death."""		enemy.ginormoose	independent_dialogue_reviewed_series_terms	Independently translated from the pinned Japanese; existing species identities retained. Full wording, measured wrapping, no display abbreviation. Speech quirks and jokes are project adaptations. Preserve all semantic substitutions; replace $x indentation with measured line breaks.
companion.dialogue.159.05	dialogue	159	5	$m0「聞くな。<CR>$xオレの体力は　もう残っていない。<CR>$x心のチカラで　立っているのだ。	"$m0: ""Do not ask. My strength is spent. Willpower alone keeps me standing."""		enemy.ginormoose	independent_dialogue_reviewed_series_terms	Independently translated from the pinned Japanese; existing species identities retained. Full wording, measured wrapping, no display abbreviation. Speech quirks and jokes are project adaptations. Preserve all semantic substitutions; replace $x indentation with measured line breaks.
companion.dialogue.159.06	dialogue	159	6	$m0「レベルアップした<CR>$xこのオレは　無敵！	"$m0: ""Now that I have levelled up, I am invincible!"""		enemy.ginormoose	independent_dialogue_reviewed_series_terms	Independently translated from the pinned Japanese; existing species identities retained. Full wording, measured wrapping, no display abbreviation. Speech quirks and jokes are project adaptations. Preserve all semantic substitutions; replace $x indentation with measured line breaks.
companion.dialogue.159.07	dialogue	159	7	$m0「戦いの　はてに<CR>$xえられるのは　おのれの成長のみ。<CR>$xだが　それで　まんぞくだ。	"$m0: ""All one gains at the end of battle is one's own growth. But that is enough for me."""		enemy.ginormoose	independent_dialogue_reviewed_series_terms	Independently translated from the pinned Japanese; existing species identities retained. Full wording, measured wrapping, no display abbreviation. Speech quirks and jokes are project adaptations. Preserve all semantic substitutions; replace $x indentation with measured line breaks.
companion.dialogue.160.00	dialogue	160	0	$m0「オレの必殺技<CR>$xムーンサルトの前に　敵はない！	"$m0: ""No enemy can withstand my ultimate move, Harvest Moon!"""		enemy.dingbat,series_harvest_moon	independent_dialogue_reviewed_series_terms	Independently translated from the pinned Japanese; existing species identities retained. Full wording, measured wrapping, no display abbreviation. Speech quirks and jokes are project adaptations. Preserve all semantic substitutions; replace $x indentation with measured line breaks.
companion.dialogue.160.01	dialogue	160	1	$m0「とべ　とべ<CR>$xフラーイング　デビールっ！<CR>$xわっはっは！	"$m0: ""Fly! Fly! Fly, Dingbat, fly! Wahahaha!"""		enemy.dingbat	independent_dialogue_reviewed_series_terms	Independently translated from the pinned Japanese; existing species identities retained. Full wording, measured wrapping, no display abbreviation. Speech quirks and jokes are project adaptations. Preserve all semantic substitutions; replace $x indentation with measured line breaks.
companion.dialogue.160.02	dialogue	160	2	$m0「ふははは。<CR>$xさあ　どんどん　こい！<CR>$xあの世へ　送ってやろう！	"$m0: ""Wahahaha! Come on, all of you! I'll send you to the next world!"""		enemy.dingbat	independent_dialogue_reviewed_series_terms	Independently translated from the pinned Japanese; existing species identities retained. Full wording, measured wrapping, no display abbreviation. Speech quirks and jokes are project adaptations. Preserve all semantic substitutions; replace $x indentation with measured line breaks.
companion.dialogue.160.03	dialogue	160	3	$m0「なんだ。<CR>$xオレの体力なら　半分だ。<CR>$x戦いのジャマを　するな！	"$m0: ""What? I've got half my HP. Don't interrupt my battle!"""		enemy.dingbat,hp	independent_dialogue_reviewed_series_terms	Independently translated from the pinned Japanese; existing species identities retained. Full wording, measured wrapping, no display abbreviation. Speech quirks and jokes are project adaptations. Preserve all semantic substitutions; replace $x indentation with measured line breaks.
companion.dialogue.160.04	dialogue	160	4	$m0「ここまでか？<CR>$xいや　オレは　まだ<CR>$x生きている……戦える！	"$m0: ""Is this the end? No! I'm still alive... I can fight!"""		enemy.dingbat	independent_dialogue_reviewed_series_terms	Independently translated from the pinned Japanese; existing species identities retained. Full wording, measured wrapping, no display abbreviation. Speech quirks and jokes are project adaptations. Preserve all semantic substitutions; replace $x indentation with measured line breaks.
companion.dialogue.160.05	dialogue	160	5	$m0「おのれ。<CR>$xオレの体力を　ここまで<CR>$xうばうとは　やってくれる。	"$m0: ""Curse them. To rob me of so much strength... They've done well."""		enemy.dingbat	independent_dialogue_reviewed_series_terms	Independently translated from the pinned Japanese; existing species identities retained. Full wording, measured wrapping, no display abbreviation. Speech quirks and jokes are project adaptations. Preserve all semantic substitutions; replace $x indentation with measured line breaks.
companion.dialogue.160.06	dialogue	160	6	$m0「ふははっ。<CR>$xレベルアップしたぞ。<CR>$xまだまだ　これからだ！	"$m0: ""Wahaha! I've levelled up! I'm only getting started!"""		enemy.dingbat	independent_dialogue_reviewed_series_terms	Independently translated from the pinned Japanese; existing species identities retained. Full wording, measured wrapping, no display abbreviation. Speech quirks and jokes are project adaptations. Preserve all semantic substitutions; replace $x indentation with measured line breaks.
companion.dialogue.160.07	dialogue	160	7	$m0「レベルアップだ。<CR>$xオレの戦いは　まだまだ　つづく！	"$m0: ""Level up! My battle goes on and on!"""		enemy.dingbat	independent_dialogue_reviewed_series_terms	Independently translated from the pinned Japanese; existing species identities retained. Full wording, measured wrapping, no display abbreviation. Speech quirks and jokes are project adaptations. Preserve all semantic substitutions; replace $x indentation with measured line breaks.
companion.dialogue.161.00	dialogue	161	0	$m0「まかせておけ。<CR>$xお前の敵は　すべて　私が<CR>$x消してやろう。	"$m0: ""Leave it to me. I shall erase every one of your enemies."""		enemy.div	independent_dialogue_reviewed_series_terms	Independently translated from the pinned Japanese; existing species identities retained. Full wording, measured wrapping, no display abbreviation. Speech quirks and jokes are project adaptations. Preserve all semantic substitutions; replace $x indentation with measured line breaks.
companion.dialogue.161.01	dialogue	161	1	$m0「この私に<CR>$x呪文は　通用しない。<CR>$xお前も　おぼえておくがいい。	"$m0: ""Spells do not work on me. Remember that."""		enemy.div	independent_dialogue_reviewed_series_terms	Independently translated from the pinned Japanese; existing species identities retained. Full wording, measured wrapping, no display abbreviation. Speech quirks and jokes are project adaptations. Preserve all semantic substitutions; replace $x indentation with measured line breaks.
companion.dialogue.161.02	dialogue	161	2	$m0「戦いは　いい。<CR>$x心が　躍るようだ。<CR>$x強い相手がいれば　なおさらな。	"$m0: ""Battle is good. It makes the heart dance. All the more so against a strong foe."""		enemy.div	independent_dialogue_reviewed_series_terms	Independently translated from the pinned Japanese; existing species identities retained. Full wording, measured wrapping, no display abbreviation. Speech quirks and jokes are project adaptations. Preserve all semantic substitutions; replace $x indentation with measured line breaks.
companion.dialogue.161.03	dialogue	161	3	$m0「ふん……。<CR>$x今の私の　体力は半分くらいか。<CR>$xこの戦いには　じゅうぶんだ。	"$m0: ""Hmph... About half my HP remains. Enough for this battle."""		enemy.div,hp	independent_dialogue_reviewed_series_terms	Independently translated from the pinned Japanese; existing species identities retained. Full wording, measured wrapping, no display abbreviation. Speech quirks and jokes are project adaptations. Preserve all semantic substitutions; replace $x indentation with measured line breaks.
companion.dialogue.161.04	dialogue	161	4	$m0「おもしろい！<CR>$x私を死に　追いやるほどの<CR>$x敵と　出会えるとは！	"$m0: ""Splendid! To meet an enemy capable of driving me to death's door!"""		enemy.div	independent_dialogue_reviewed_series_terms	Independently translated from the pinned Japanese; existing species identities retained. Full wording, measured wrapping, no display abbreviation. Speech quirks and jokes are project adaptations. Preserve all semantic substitutions; replace $x indentation with measured line breaks.
companion.dialogue.161.05	dialogue	161	5	$m0「私としたことが<CR>$x戦いに　夢中で　体力がないことに<CR>$x気づいていなかったようだ。	"$m0: ""How unlike me. I was so caught up in battle, I failed to notice my strength was gone."""		enemy.div	independent_dialogue_reviewed_series_terms	Independently translated from the pinned Japanese; existing species identities retained. Full wording, measured wrapping, no display abbreviation. Speech quirks and jokes are project adaptations. Preserve all semantic substitutions; replace $x indentation with measured line breaks.
companion.dialogue.161.06	dialogue	161	6	$m0「レベルなど<CR>$x私にとっては　どうでもいい。<CR>$x戦うことこそ　生きがいなのだ。	"$m0: ""Levels mean nothing to me. Fighting is what I live for."""		enemy.div	independent_dialogue_reviewed_series_terms	Independently translated from the pinned Japanese; existing species identities retained. Full wording, measured wrapping, no display abbreviation. Speech quirks and jokes are project adaptations. Preserve all semantic substitutions; replace $x indentation with measured line breaks.
companion.dialogue.161.07	dialogue	161	7	$m0「いいぞ。<CR>$xレベルが上がれば　強くなる。<CR>$xおのずと　敵もな。	"$m0: ""Good. As my level rises, I grow stronger. And naturally, so do my foes."""		enemy.div	independent_dialogue_reviewed_series_terms	Independently translated from the pinned Japanese; existing species identities retained. Full wording, measured wrapping, no display abbreviation. Speech quirks and jokes are project adaptations. Preserve all semantic substitutions; replace $x indentation with measured line breaks.
companion.dialogue.162.00	dialogue	162	0	$m0「わが　剣技。<CR>$xたえられる者が　おるかのう。	"$m0: ""Can anyone withstand my swordplay, I wonder?"""		enemy.terracotta_warrior	independent_dialogue_reviewed_series_terms	Independently translated from the pinned Japanese; existing species identities retained. Full wording, measured wrapping, no display abbreviation. Speech quirks and jokes are project adaptations. Preserve all semantic substitutions; replace $x indentation with measured line breaks.
companion.dialogue.162.01	dialogue	162	1	$m0「土くれの身体とて<CR>$x肉のある者に　ひけはとらぬよ。	"$m0: ""Though my body is clay, I am no less than those of flesh."""		enemy.terracotta_warrior	independent_dialogue_reviewed_series_terms	Independently translated from the pinned Japanese; existing species identities retained. Full wording, measured wrapping, no display abbreviation. Speech quirks and jokes are project adaptations. Preserve all semantic substitutions; replace $x indentation with measured line breaks.
companion.dialogue.162.02	dialogue	162	2	$m0「わが　剣技を見て<CR>$xなお　向かってくる者がいる。<CR>$xおろかなことよ……。	"$m0: ""Some still attack after seeing my swordplay. How foolish..."""		enemy.terracotta_warrior	independent_dialogue_reviewed_series_terms	Independently translated from the pinned Japanese; existing species identities retained. Full wording, measured wrapping, no display abbreviation. Speech quirks and jokes are project adaptations. Preserve all semantic substitutions; replace $x indentation with measured line breaks.
companion.dialogue.162.03	dialogue	162	3	$m0「わが　剣技。<CR>$xチカラが　みなぎってこそ<CR>$xさえわたるのじゃが……。	"$m0: ""My swordplay shines brightest when I am brimming with strength, but..."""		enemy.terracotta_warrior	independent_dialogue_reviewed_series_terms	Independently translated from the pinned Japanese; existing species identities retained. Full wording, measured wrapping, no display abbreviation. Speech quirks and jokes are project adaptations. Preserve all semantic substitutions; replace $x indentation with measured line breaks.
companion.dialogue.162.04	dialogue	162	4	$m0「おお……。<CR>$x身体が……わが身が……。	"$m0: ""Oh... My body... This body of mine..."""		enemy.terracotta_warrior	independent_dialogue_reviewed_series_terms	Independently translated from the pinned Japanese; existing species identities retained. Full wording, measured wrapping, no display abbreviation. Speech quirks and jokes are project adaptations. Preserve all semantic substitutions; replace $x indentation with measured line breaks.
companion.dialogue.162.05	dialogue	162	5	$m0「おお……<CR>$xこの身が　ほろびようとも<CR>$x剣は　死なぬぞ……。	"$m0: ""Oh... Though this body perish, my sword shall not die..."""		enemy.terracotta_warrior	independent_dialogue_reviewed_series_terms	Independently translated from the pinned Japanese; existing species identities retained. Full wording, measured wrapping, no display abbreviation. Speech quirks and jokes are project adaptations. Preserve all semantic substitutions; replace $x indentation with measured line breaks.
companion.dialogue.162.06	dialogue	162	6	$m0「れべるが<CR>$x上がったようじゃ。<CR>$xれべるとは　なんぞや？	"$m0: ""It seems my level has risen. What is a level?"""		enemy.terracotta_warrior	independent_dialogue_reviewed_series_terms	Independently translated from the pinned Japanese; existing species identities retained. Full wording, measured wrapping, no display abbreviation. Speech quirks and jokes are project adaptations. Preserve all semantic substitutions; replace $x indentation with measured line breaks.
companion.dialogue.162.07	dialogue	162	7	$m0「れべるあっぷか。<CR>$xうむ　チカラが　みなぎる<CR>$x感じが　心地よいぞ。	"$m0: ""Level up, eh? Hmm. This feeling of strength welling up is pleasant."""		enemy.terracotta_warrior	independent_dialogue_reviewed_series_terms	Independently translated from the pinned Japanese; existing species identities retained. Full wording, measured wrapping, no display abbreviation. Speech quirks and jokes are project adaptations. Preserve all semantic substitutions; replace $x indentation with measured line breaks.
companion.dialogue.163.00	dialogue	163	0	$m0「オレの技は<CR>$xお前にとって　大いなる<CR>$xチカラと　なるだろう。	"$m0: ""My skills will be a great source of strength to you."""		enemy.ceramic_sergeant	independent_dialogue_reviewed_series_terms	Independently translated from the pinned Japanese; existing species identities retained. Full wording, measured wrapping, no display abbreviation. Speech quirks and jokes are project adaptations. Preserve all semantic substitutions; replace $x indentation with measured line breaks.
companion.dialogue.163.01	dialogue	163	1	$m0「さあ　オレに<CR>$xついてくるがいい。<CR>$xお前の進む道を　切り開こう。	"$m0: ""Come, follow me. I shall cut a path for you."""		enemy.ceramic_sergeant	independent_dialogue_reviewed_series_terms	Independently translated from the pinned Japanese; existing species identities retained. Full wording, measured wrapping, no display abbreviation. Speech quirks and jokes are project adaptations. Preserve all semantic substitutions; replace $x indentation with measured line breaks.
companion.dialogue.163.02	dialogue	163	2	$m0「オレのジャマを<CR>$xするというのなら　もはや<CR>$xようしゃは　できぬ。	"$m0: ""If they insist on standing in my way, I can show no further mercy."""		enemy.ceramic_sergeant	independent_dialogue_reviewed_series_terms	Independently translated from the pinned Japanese; existing species identities retained. Full wording, measured wrapping, no display abbreviation. Speech quirks and jokes are project adaptations. Preserve all semantic substitutions; replace $x indentation with measured line breaks.
companion.dialogue.163.03	dialogue	163	3	$m0「体力を<CR>$x半分　うばわれたか。<CR>$xクチおしい……。	"$m0: ""Half my HP has been taken. How bitter..."""		enemy.ceramic_sergeant,hp	independent_dialogue_reviewed_series_terms	Independently translated from the pinned Japanese; existing species identities retained. Full wording, measured wrapping, no display abbreviation. Speech quirks and jokes are project adaptations. Preserve all semantic substitutions; replace $x indentation with measured line breaks.
companion.dialogue.163.04	dialogue	163	4	$m0「すまぬ。<CR>$xオレは　ここまでのようだ。<CR>$xあとは　まかせたぞ……。	"$m0: ""Forgive me. This seems to be my limit. The rest is up to you..."""		enemy.ceramic_sergeant	independent_dialogue_reviewed_series_terms	Independently translated from the pinned Japanese; existing species identities retained. Full wording, measured wrapping, no display abbreviation. Speech quirks and jokes are project adaptations. Preserve all semantic substitutions; replace $x indentation with measured line breaks.
companion.dialogue.163.05	dialogue	163	5	$m0「もはや　ここまで。<CR>$xオレの体力は　もう　もたないが<CR>$xそのときまでは　戦おうぞ。	"$m0: ""This is as far as I go. My strength won't last, but I shall fight until it fails."""		enemy.ceramic_sergeant	independent_dialogue_reviewed_series_terms	Independently translated from the pinned Japanese; existing species identities retained. Full wording, measured wrapping, no display abbreviation. Speech quirks and jokes are project adaptations. Preserve all semantic substitutions; replace $x indentation with measured line breaks.
companion.dialogue.163.06	dialogue	163	6	$m0「レベルアップだ。<CR>$xこのチカラ　お前のために。	"$m0: ""Level up. This strength is for you."""		enemy.ceramic_sergeant	independent_dialogue_reviewed_series_terms	Independently translated from the pinned Japanese; existing species identities retained. Full wording, measured wrapping, no display abbreviation. Speech quirks and jokes are project adaptations. Preserve all semantic substitutions; replace $x indentation with measured line breaks.
companion.dialogue.163.07	dialogue	163	7	$m0「おお。<CR>$xレベルが　上がっていたのか。<CR>$xこれは　ありがたい。	"$m0: ""Oh! So my level had risen. Much appreciated."""		enemy.ceramic_sergeant	independent_dialogue_reviewed_series_terms	Independently translated from the pinned Japanese; existing species identities retained. Full wording, measured wrapping, no display abbreviation. Speech quirks and jokes are project adaptations. Preserve all semantic substitutions; replace $x indentation with measured line breaks.
companion.dialogue.164.00	dialogue	164	0	$m0「ウハハハ。<CR>$xこのハガネの身体に<CR>$xキズつけるなど　ふかのう！	"$m0: ""Wahahaha! It is impossible to wound this steel body!"""		enemy.metal_heavy	independent_dialogue_reviewed_series_terms	Independently translated from the pinned Japanese; existing species identities retained. Full wording, measured wrapping, no display abbreviation. Speech quirks and jokes are project adaptations. Preserve all semantic substitutions; replace $x indentation with measured line breaks.
companion.dialogue.164.01	dialogue	164	1	$m0「オレの相手は<CR>$xだれだ……オマエか？	"$m0: ""Who is my opponent...? You?"""		enemy.metal_heavy	independent_dialogue_reviewed_series_terms	Independently translated from the pinned Japanese; existing species identities retained. Full wording, measured wrapping, no display abbreviation. Speech quirks and jokes are project adaptations. Preserve all semantic substitutions; replace $x indentation with measured line breaks.
companion.dialogue.164.02	dialogue	164	2	$m0「むう　このオレの<CR>$xハガネの身体に　いかにして<CR>$xキズをつけたと言うのだ！	"$m0: ""Hmm! How did they wound this steel body of mine!?"""		enemy.metal_heavy	independent_dialogue_reviewed_series_terms	Independently translated from the pinned Japanese; existing species identities retained. Full wording, measured wrapping, no display abbreviation. Speech quirks and jokes are project adaptations. Preserve all semantic substitutions; replace $x indentation with measured line breaks.
companion.dialogue.164.03	dialogue	164	3	$m0「体力は　半分だ。<CR>$xこのハガネの身体を　もってすれば<CR>$xよゆうで　戦いぬけるぞ。	"$m0: ""Half my HP remains. With this steel body, I can easily fight on."""		enemy.metal_heavy,hp	independent_dialogue_reviewed_series_terms	Independently translated from the pinned Japanese; existing species identities retained. Full wording, measured wrapping, no display abbreviation. Speech quirks and jokes are project adaptations. Preserve all semantic substitutions; replace $x indentation with measured line breaks.
companion.dialogue.164.04	dialogue	164	4	$m0「なんと！<CR>$xこのハガネの身体が　もう<CR>$xもたぬとは　いったい……。	"$m0: ""What!? This steel body can endure no more? How...?"""		enemy.metal_heavy	independent_dialogue_reviewed_series_terms	Independently translated from the pinned Japanese; existing species identities retained. Full wording, measured wrapping, no display abbreviation. Speech quirks and jokes are project adaptations. Preserve all semantic substitutions; replace $x indentation with measured line breaks.
companion.dialogue.164.05	dialogue	164	5	$m0「うぬう……。<CR>$x体力が　もう残っていないだと！<CR>$xそんなバカなことが　あるかっ。	"$m0: ""Ugh... No strength left, you say!? Impossible!"""		enemy.metal_heavy	independent_dialogue_reviewed_series_terms	Independently translated from the pinned Japanese; existing species identities retained. Full wording, measured wrapping, no display abbreviation. Speech quirks and jokes are project adaptations. Preserve all semantic substitutions; replace $x indentation with measured line breaks.
companion.dialogue.164.06	dialogue	164	6	$m0「レベルアップなど<CR>$xもはや　不要！	"$m0: ""I have no further need of levels!"""		enemy.metal_heavy	independent_dialogue_reviewed_series_terms	Independently translated from the pinned Japanese; existing species identities retained. Full wording, measured wrapping, no display abbreviation. Speech quirks and jokes are project adaptations. Preserve all semantic substitutions; replace $x indentation with measured line breaks.
companion.dialogue.164.07	dialogue	164	7	$m0「レベルが<CR>$x上がったか……。	"$m0: ""So my level has risen..."""		enemy.metal_heavy	independent_dialogue_reviewed_series_terms	Independently translated from the pinned Japanese; existing species identities retained. Full wording, measured wrapping, no display abbreviation. Speech quirks and jokes are project adaptations. Preserve all semantic substitutions; replace $x indentation with measured line breaks.
companion.dialogue.165.00	dialogue	165	0	$m0「エスタークの<CR>$x名が持つ意味を　みなに<CR>$xしらしめて　くれよう。	"$m0: ""I shall teach them all what the name Estark means."""		character.estark,enemy.ersatz_estark	independent_dialogue_reviewed_series_terms	Independently translated from the pinned Japanese; existing species identities retained. Full wording, measured wrapping, no display abbreviation. Speech quirks and jokes are project adaptations. Preserve all semantic substitutions; replace $x indentation with measured line breaks. Estark is the name invoked inside the boast; the speaker remains the separate species Ersatz Estark.
companion.dialogue.165.01	dialogue	165	1	$m0「ワレが<CR>$xチカラをかすこと　ありがたく<CR>$x思うのだぞ！	"$m0: ""Be grateful that I lend you my strength!"""		enemy.ersatz_estark	independent_dialogue_reviewed_series_terms	Independently translated from the pinned Japanese; existing species identities retained. Full wording, measured wrapping, no display abbreviation. Speech quirks and jokes are project adaptations. Preserve all semantic substitutions; replace $x indentation with measured line breaks.
companion.dialogue.165.02	dialogue	165	2	$m0「見くびって<CR>$xもらっては　こまる。<CR>$xあのていど　かゆくもないわ。	"$m0: ""Do not underestimate me. That hardly even tickled."""		enemy.ersatz_estark	independent_dialogue_reviewed_series_terms	Independently translated from the pinned Japanese; existing species identities retained. Full wording, measured wrapping, no display abbreviation. Speech quirks and jokes are project adaptations. Preserve all semantic substitutions; replace $x indentation with measured line breaks.
companion.dialogue.165.03	dialogue	165	3	$m0「ワレに残った<CR>$x体力は　５分目というところか。	"$m0: ""About half my strength remains."""		enemy.ersatz_estark	independent_dialogue_reviewed_series_terms	Independently translated from the pinned Japanese; existing species identities retained. Full wording, measured wrapping, no display abbreviation. Speech quirks and jokes are project adaptations. Preserve all semantic substitutions; replace $x indentation with measured line breaks.
companion.dialogue.165.04	dialogue	165	4	$m0「ぐはあっ　バカな！<CR>$xワレが　こんなところで<CR>$xくちはてるはずが　ない！	"$m0: ""Graaah! Impossible! I cannot perish in a place like this!"""		enemy.ersatz_estark	independent_dialogue_reviewed_series_terms	Independently translated from the pinned Japanese; existing species identities retained. Full wording, measured wrapping, no display abbreviation. Speech quirks and jokes are project adaptations. Preserve all semantic substitutions; replace $x indentation with measured line breaks.
companion.dialogue.165.05	dialogue	165	5	$m0「ワレの体力は……<CR>$xなんと　底をつきかけておる！<CR>$xなぜだ！	"$m0: ""My strength... It is nearly exhausted! Why!?"""		enemy.ersatz_estark	independent_dialogue_reviewed_series_terms	Independently translated from the pinned Japanese; existing species identities retained. Full wording, measured wrapping, no display abbreviation. Speech quirks and jokes are project adaptations. Preserve all semantic substitutions; replace $x indentation with measured line breaks.
companion.dialogue.165.06	dialogue	165	6	$m0「ぐはははは。<CR>$xレベルアップしてやったぞ。<CR>$xワレは　もう負けることはない！	"$m0: ""Gwahahaha! I have levelled up! I shall never lose again!"""		enemy.ersatz_estark	independent_dialogue_reviewed_series_terms	Independently translated from the pinned Japanese; existing species identities retained. Full wording, measured wrapping, no display abbreviation. Speech quirks and jokes are project adaptations. Preserve all semantic substitutions; replace $x indentation with measured line breaks.
companion.dialogue.165.07	dialogue	165	7	$m0「ふむ……。<CR>$xレベルが　上がったようだ。<CR>$xまたひとつ　野望に近づいたな。	"$m0: ""Hmm... My level has risen. Another step closer to my ambition."""		enemy.ersatz_estark	independent_dialogue_reviewed_series_terms	Independently translated from the pinned Japanese; existing species identities retained. Full wording, measured wrapping, no display abbreviation. Speech quirks and jokes are project adaptations. Preserve all semantic substitutions; replace $x indentation with measured line breaks.
companion.dialogue.166.00	dialogue	166	0	$m0「うぉんうぉんうぉん。	"$m0: ""Whirr, whirr, whirr."""		enemy.slaughtomaton	independent_dialogue_reviewed_series_terms	Independently translated from the pinned Japanese; existing species identities retained. Full wording, measured wrapping, no display abbreviation. Speech quirks and jokes are project adaptations. Preserve all semantic substitutions; replace $x indentation with measured line breaks. Percentage values are the Japanese character lines, not a claim that the HP selector uses these exact percentages.
companion.dialogue.166.01	dialogue	166	1	$m0「カクニン。<CR>$xスベテノ　たーげっとを<CR>$xハイジョ　イタシマス。	"$m0: ""Confirmed. Eliminating all targets."""		enemy.slaughtomaton	independent_dialogue_reviewed_series_terms	Independently translated from the pinned Japanese; existing species identities retained. Full wording, measured wrapping, no display abbreviation. Speech quirks and jokes are project adaptations. Preserve all semantic substitutions; replace $x indentation with measured line breaks. Percentage values are the Japanese character lines, not a claim that the HP selector uses these exact percentages.
companion.dialogue.166.02	dialogue	166	2	$m0「メイレイ<CR>$xジッコウチュウ。<CR>$xだめーじ　モンダイナシ。	"$m0: ""Executing orders. Damage within acceptable limits."""		enemy.slaughtomaton	independent_dialogue_reviewed_series_terms	Independently translated from the pinned Japanese; existing species identities retained. Full wording, measured wrapping, no display abbreviation. Speech quirks and jokes are project adaptations. Preserve all semantic substitutions; replace $x indentation with measured line breaks. Percentage values are the Japanese character lines, not a claim that the HP selector uses these exact percentages.
companion.dialogue.166.03	dialogue	166	3	$m0「だめーじ。<CR>$x５０ぱーせんと。<CR>$xメイレイ　カイジョハ　フノウ。	"$m0: ""Damage: 50 percent. Unable to cancel orders."""		enemy.slaughtomaton	independent_dialogue_reviewed_series_terms	Independently translated from the pinned Japanese; existing species identities retained. Full wording, measured wrapping, no display abbreviation. Speech quirks and jokes are project adaptations. Preserve all semantic substitutions; replace $x indentation with measured line breaks. Percentage values are the Japanese character lines, not a claim that the HP selector uses these exact percentages.
companion.dialogue.166.04	dialogue	166	4	$m0「ケイコク。<CR>$xシュウリ　ヒツヨウ。<CR>$xシュウリ　ヒツヨウ。	"$m0: ""Warning. Repairs required. Repairs required."""		enemy.slaughtomaton	independent_dialogue_reviewed_series_terms	Independently translated from the pinned Japanese; existing species identities retained. Full wording, measured wrapping, no display abbreviation. Speech quirks and jokes are project adaptations. Preserve all semantic substitutions; replace $x indentation with measured line breaks. Percentage values are the Japanese character lines, not a claim that the HP selector uses these exact percentages.
companion.dialogue.166.05	dialogue	166	5	$m0「だめーじ。<CR>$x９９ぱーせんと。<CR>$xメイレイ　カイジョハ　フノウ。	"$m0: ""Damage: 99 percent. Unable to cancel orders."""		enemy.slaughtomaton	independent_dialogue_reviewed_series_terms	Independently translated from the pinned Japanese; existing species identities retained. Full wording, measured wrapping, no display abbreviation. Speech quirks and jokes are project adaptations. Preserve all semantic substitutions; replace $x indentation with measured line breaks. Percentage values are the Japanese character lines, not a claim that the HP selector uses these exact percentages.
companion.dialogue.166.06	dialogue	166	6	$m0「れべるあっぷ。<CR>$xしすてむ　セイジョウ。<CR>$xメイレイヲ　ゾッコウ。	"$m0: ""Level up. Systems normal. Continuing orders."""		enemy.slaughtomaton	independent_dialogue_reviewed_series_terms	Independently translated from the pinned Japanese; existing species identities retained. Full wording, measured wrapping, no display abbreviation. Speech quirks and jokes are project adaptations. Preserve all semantic substitutions; replace $x indentation with measured line breaks. Percentage values are the Japanese character lines, not a claim that the HP selector uses these exact percentages.
companion.dialogue.166.07	dialogue	166	7	$m0「れべる　あっぷ。<CR>$xしすてむニ　イジョウナシ。	"$m0: ""Level increased. No system abnormalities."""		enemy.slaughtomaton	independent_dialogue_reviewed_series_terms	Independently translated from the pinned Japanese; existing species identities retained. Full wording, measured wrapping, no display abbreviation. Speech quirks and jokes are project adaptations. Preserve all semantic substitutions; replace $x indentation with measured line breaks. Percentage values are the Japanese character lines, not a claim that the HP selector uses these exact percentages.
companion.dialogue.167.00	dialogue	167	0	$m0「ねえねえ。<CR>$xヤバくなったら　オイラ<CR>$xカラに　閉じこもってもいい？	"$m0: ""Hey! If things get bad, can I shut myself inside my shell?"""		enemy_deathcargot	independent_dialogue_reviewed_series_terms	Independently translated from the pinned Japanese; existing species identities retained. Full wording, measured wrapping, no display abbreviation. Speech quirks and jokes are project adaptations. Preserve all semantic substitutions; replace $x indentation with measured line breaks.
companion.dialogue.167.01	dialogue	167	1	$m0「このカラに<CR>$xこもってれば　多少の<CR>$xこうげきは　へっちゃらなんだ。	"$m0: ""Inside this shell, a few attacks don't bother me."""		enemy_deathcargot	independent_dialogue_reviewed_series_terms	Independently translated from the pinned Japanese; existing species identities retained. Full wording, measured wrapping, no display abbreviation. Speech quirks and jokes are project adaptations. Preserve all semantic substitutions; replace $x indentation with measured line breaks.
companion.dialogue.167.02	dialogue	167	2	$m0「けっこう<CR>$xやられちゃったな。<CR>$x呪文は　ニガテなんだよね。	"$m0: ""I've taken quite a beating. I'm no good against spells."""		enemy_deathcargot	independent_dialogue_reviewed_series_terms	Independently translated from the pinned Japanese; existing species identities retained. Full wording, measured wrapping, no display abbreviation. Speech quirks and jokes are project adaptations. Preserve all semantic substitutions; replace $x indentation with measured line breaks.
companion.dialogue.167.03	dialogue	167	3	$m0「ええーっと。<CR>$x体力は　まだ半分はあるから<CR>$xもう少し　戦ってみるね。	"$m0: ""Um... I've still got half my HP, so I'll try fighting a little longer."""		enemy_deathcargot,hp	independent_dialogue_reviewed_series_terms	Independently translated from the pinned Japanese; existing species identities retained. Full wording, measured wrapping, no display abbreviation. Speech quirks and jokes are project adaptations. Preserve all semantic substitutions; replace $x indentation with measured line breaks.
companion.dialogue.167.04	dialogue	167	4	$m0「ヤバいよ！<CR>$xここから先は　ずーっと<CR>$xカラに　かくれてようかな。	"$m0: ""This is bad! Maybe I'll just stay in my shell from now on."""		enemy_deathcargot	independent_dialogue_reviewed_series_terms	Independently translated from the pinned Japanese; existing species identities retained. Full wording, measured wrapping, no display abbreviation. Speech quirks and jokes are project adaptations. Preserve all semantic substitutions; replace $x indentation with measured line breaks.
companion.dialogue.167.05	dialogue	167	5	$m0「ああ　体力が<CR>$xすっかり　なくなっちゃってる。<CR>$xカラに　こもって　やりすごそう。	"$m0: ""Oh, all my strength's gone. I'll hide in my shell and wait it out."""		enemy_deathcargot	independent_dialogue_reviewed_series_terms	Independently translated from the pinned Japanese; existing species identities retained. Full wording, measured wrapping, no display abbreviation. Speech quirks and jokes are project adaptations. Preserve all semantic substitutions; replace $x indentation with measured line breaks.
companion.dialogue.167.06	dialogue	167	6	$m0「わはっ。<CR>$xレベルアップしたよ。	"$m0: ""Waha! I've levelled up!"""		enemy_deathcargot	independent_dialogue_reviewed_series_terms	Independently translated from the pinned Japanese; existing species identities retained. Full wording, measured wrapping, no display abbreviation. Speech quirks and jokes are project adaptations. Preserve all semantic substitutions; replace $x indentation with measured line breaks.
companion.dialogue.167.07	dialogue	167	7	$m0「あー　よかった。<CR>$xオイラ　レベルが上がらないのかと<CR>$x思ってたよ。	"$m0: ""Oh, thank goodness. I was starting to think my level would never go up."""		enemy_deathcargot	independent_dialogue_reviewed_series_terms	Independently translated from the pinned Japanese; existing species identities retained. Full wording, measured wrapping, no display abbreviation. Speech quirks and jokes are project adaptations. Preserve all semantic substitutions; replace $x indentation with measured line breaks.
companion.dialogue.168.00	dialogue	168	0	$m0「オレに　あんまり<CR>$xこうげきを　まかすなよ。<CR>$x守りのほうが　とくいなんだ。	"$m0: ""Don't leave too much of the attacking to me. I'm better at defending."""		enemy_disastropod	independent_dialogue_reviewed_series_terms	Independently translated from the pinned Japanese; existing species identities retained. Full wording, measured wrapping, no display abbreviation. Speech quirks and jokes are project adaptations. Preserve all semantic substitutions; replace $x indentation with measured line breaks.
companion.dialogue.168.01	dialogue	168	1	$m0「アンタ　まさか<CR>$xオレを　タテにしようって<CR>$xいうんじゃ　ないだろうな？	"$m0: ""You're not planning to use me as a shield, are you?"""		enemy_disastropod	independent_dialogue_reviewed_series_terms	Independently translated from the pinned Japanese; existing species identities retained. Full wording, measured wrapping, no display abbreviation. Speech quirks and jokes are project adaptations. Preserve all semantic substitutions; replace $x indentation with measured line breaks.
companion.dialogue.168.02	dialogue	168	2	$m0「オレが　敵を<CR>$xひきつけてる間に　アンタが<CR>$xがんばってくれ！	"$m0: ""I'll draw the enemy's attention. You do your best while they're busy with me!"""		enemy_disastropod	independent_dialogue_reviewed_series_terms	Independently translated from the pinned Japanese; existing species identities retained. Full wording, measured wrapping, no display abbreviation. Speech quirks and jokes are project adaptations. Preserve all semantic substitutions; replace $x indentation with measured line breaks.
companion.dialogue.168.03	dialogue	168	3	$m0「体力は　半分か。<CR>$xカラが　もってくれれば<CR>$xいいんだが……。	"$m0: ""Half my HP left. I hope my shell holds out..."""		enemy_disastropod,hp	independent_dialogue_reviewed_series_terms	Independently translated from the pinned Japanese; existing species identities retained. Full wording, measured wrapping, no display abbreviation. Speech quirks and jokes are project adaptations. Preserve all semantic substitutions; replace $x indentation with measured line breaks.
companion.dialogue.168.04	dialogue	168	4	$m0「いくら　オレでも<CR>$xもう　もたねえぞ！<CR>$xカラが　こわれちまうっ。	"$m0: ""Even I can't take much more! My shell's going to break!"""		enemy_disastropod	independent_dialogue_reviewed_series_terms	Independently translated from the pinned Japanese; existing species identities retained. Full wording, measured wrapping, no display abbreviation. Speech quirks and jokes are project adaptations. Preserve all semantic substitutions; replace $x indentation with measured line breaks.
companion.dialogue.168.05	dialogue	168	5	$m0「ダメだ！<CR>$xもう体力が　残ってねえ。<CR>$xカラも　もちそうもねえぞっ。	"$m0: ""It's no use! No strength left. My shell won't hold out either!"""		enemy_disastropod	independent_dialogue_reviewed_series_terms	Independently translated from the pinned Japanese; existing species identities retained. Full wording, measured wrapping, no display abbreviation. Speech quirks and jokes are project adaptations. Preserve all semantic substitutions; replace $x indentation with measured line breaks.
companion.dialogue.168.06	dialogue	168	6	$m0「ふう……。<CR>$xなんとか　生きてるうちに<CR>$xレベルアップできたか。	"$m0: ""Phew... Somehow I managed to level up while I was still alive."""		enemy_disastropod	independent_dialogue_reviewed_series_terms	Independently translated from the pinned Japanese; existing species identities retained. Full wording, measured wrapping, no display abbreviation. Speech quirks and jokes are project adaptations. Preserve all semantic substitutions; replace $x indentation with measured line breaks.
companion.dialogue.168.07	dialogue	168	7	$m0「せっかく　レベルが<CR>$x上がったんだから　もう少し<CR>$xがんばってみるか。	"$m0: ""Since I've gone to the trouble of gaining a level, I'll try a little harder."""		enemy_disastropod	independent_dialogue_reviewed_series_terms	Independently translated from the pinned Japanese; existing species identities retained. Full wording, measured wrapping, no display abbreviation. Speech quirks and jokes are project adaptations. Preserve all semantic substitutions; replace $x indentation with measured line breaks.
companion.dialogue.169.00	dialogue	169	0	$m0「うふふふ。<CR>$x私は　ガードのかたい女なのよ。	"$m0: ""Hee hee. I'm a woman who keeps her guard up."""		enemy_perilwinkle	independent_dialogue_reviewed_series_terms	Independently translated from the pinned Japanese; existing species identities retained. Full wording, measured wrapping, no display abbreviation. Speech quirks and jokes are project adaptations. Preserve all semantic substitutions; replace $x indentation with measured line breaks.
companion.dialogue.169.01	dialogue	169	1	$m0「あなたのために<CR>$x私が　タテになってあげる。<CR>$xそれくらいしか　できないし。	"$m0: ""I'll be your shield. It's about all I can do."""		enemy_perilwinkle	independent_dialogue_reviewed_series_terms	Independently translated from the pinned Japanese; existing species identities retained. Full wording, measured wrapping, no display abbreviation. Speech quirks and jokes are project adaptations. Preserve all semantic substitutions; replace $x indentation with measured line breaks.
companion.dialogue.169.02	dialogue	169	2	$m0「私は　平気よ。<CR>$xあなたのためなら<CR>$xこれぐらい　たえてみせるわ。	"$m0: ""I'm fine. For your sake, I can endure this much."""		enemy_perilwinkle	independent_dialogue_reviewed_series_terms	Independently translated from the pinned Japanese; existing species identities retained. Full wording, measured wrapping, no display abbreviation. Speech quirks and jokes are project adaptations. Preserve all semantic substitutions; replace $x indentation with measured line breaks.
companion.dialogue.169.03	dialogue	169	3	$m0「そうね。<CR>$x今の私の体力は　半分ってとこ。	"$m0: ""Let's see. About half my HP remains."""		enemy_perilwinkle,hp	independent_dialogue_reviewed_series_terms	Independently translated from the pinned Japanese; existing species identities retained. Full wording, measured wrapping, no display abbreviation. Speech quirks and jokes are project adaptations. Preserve all semantic substitutions; replace $x indentation with measured line breaks.
companion.dialogue.169.04	dialogue	169	4	$m0「ごめんなさい。<CR>$x私　あなたのことを<CR>$x守りきれないかも……。	"$m0: ""I'm sorry. I may not be able to keep you safe..."""		enemy_perilwinkle	independent_dialogue_reviewed_series_terms	Independently translated from the pinned Japanese; existing species identities retained. Full wording, measured wrapping, no display abbreviation. Speech quirks and jokes are project adaptations. Preserve all semantic substitutions; replace $x indentation with measured line breaks.
companion.dialogue.169.05	dialogue	169	5	$m0「ああ……。<CR>$xもう　残りの体力が……。<CR>$xふがいない私を　ゆるして……。	"$m0: ""Oh... My strength is nearly gone... Forgive me for failing you..."""		enemy_perilwinkle	independent_dialogue_reviewed_series_terms	Independently translated from the pinned Japanese; existing species identities retained. Full wording, measured wrapping, no display abbreviation. Speech quirks and jokes are project adaptations. Preserve all semantic substitutions; replace $x indentation with measured line breaks.
companion.dialogue.169.06	dialogue	169	6	$m0「あら。<CR>$xレベルアップしちゃったわ。<CR>$xちょっと　ビックリ。	"$m0: ""Oh! I've levelled up. What a surprise."""		enemy_perilwinkle	independent_dialogue_reviewed_series_terms	Independently translated from the pinned Japanese; existing species identities retained. Full wording, measured wrapping, no display abbreviation. Speech quirks and jokes are project adaptations. Preserve all semantic substitutions; replace $x indentation with measured line breaks.
companion.dialogue.169.07	dialogue	169	7	$m0「あなたのおかげで<CR>$x私のレベルが　上がったわ。<CR>$xありがと。	"$m0: ""My level went up thanks to you. Thank you."""		enemy_perilwinkle	independent_dialogue_reviewed_series_terms	Independently translated from the pinned Japanese; existing species identities retained. Full wording, measured wrapping, no display abbreviation. Speech quirks and jokes are project adaptations. Preserve all semantic substitutions; replace $x indentation with measured line breaks.
companion.dialogue.170.00	dialogue	170	0	$m0「ボクは　炎と氷<CR>$xふたつの息を　つかえるんだ。<CR>$xなかなか　いいでしょ。	"$m0: ""I can breathe both fire and ice. Pretty good, isn't it?"""		enemy_sizzard	independent_dialogue_reviewed_series_terms	Independently translated from the pinned Japanese; existing species identities retained. Full wording, measured wrapping, no display abbreviation. Speech quirks and jokes are project adaptations. Preserve all semantic substitutions; replace $x indentation with measured line breaks.
companion.dialogue.170.01	dialogue	170	1	$m0「キミは　あついのと<CR>$xさむいの　どっちが好き？	"$m0: ""Do you prefer the heat or the cold?"""		enemy_sizzard	independent_dialogue_reviewed_series_terms	Independently translated from the pinned Japanese; existing species identities retained. Full wording, measured wrapping, no display abbreviation. Speech quirks and jokes are project adaptations. Preserve all semantic substitutions; replace $x indentation with measured line breaks.
companion.dialogue.170.02	dialogue	170	2	$m0「ちっこくても<CR>$xボクは　ドラゴンなんだ。<CR>$xこのくらい　いたくないよ。	"$m0: ""I may be small, but I'm a dragon. This doesn't hurt."""		enemy_sizzard	independent_dialogue_reviewed_series_terms	Independently translated from the pinned Japanese; existing species identities retained. Full wording, measured wrapping, no display abbreviation. Speech quirks and jokes are project adaptations. Preserve all semantic substitutions; replace $x indentation with measured line breaks.
companion.dialogue.170.03	dialogue	170	3	$m0「まだ　平気だよ。<CR>$x体力半分　残ってるもん！	"$m0: ""I'm still fine! I've got half my HP left!"""		enemy_sizzard,hp	independent_dialogue_reviewed_series_terms	Independently translated from the pinned Japanese; existing species identities retained. Full wording, measured wrapping, no display abbreviation. Speech quirks and jokes are project adaptations. Preserve all semantic substitutions; replace $x indentation with measured line breaks.
companion.dialogue.170.04	dialogue	170	4	$m0「へ……平気だよ。<CR>$xボクは　ドラゴンなんだ。<CR>$x泣いたり　しないんだ……。	"$m0: ""I-I'm fine. I'm a dragon. I won't cry..."""		enemy_sizzard	independent_dialogue_reviewed_series_terms	Independently translated from the pinned Japanese; existing species identities retained. Full wording, measured wrapping, no display abbreviation. Speech quirks and jokes are project adaptations. Preserve all semantic substitutions; replace $x indentation with measured line breaks.
companion.dialogue.170.05	dialogue	170	5	$m0「ひっく……。<CR>$xもう体力が　ぜんぜんないよ。<CR>$xでも　泣いちゃ　ダメだ……。	"$m0: ""Sniff... I've got no strength left. But I mustn't cry..."""		enemy_sizzard	independent_dialogue_reviewed_series_terms	Independently translated from the pinned Japanese; existing species identities retained. Full wording, measured wrapping, no display abbreviation. Speech quirks and jokes are project adaptations. Preserve all semantic substitutions; replace $x indentation with measured line breaks.
companion.dialogue.170.06	dialogue	170	6	$m0「ほっ。<CR>$xレベルが　ひとつでも上がれば<CR>$xもう少し　ガマンできるよ。	"$m0: ""Phew. Even one more level helps me hold on a little longer."""		enemy_sizzard	independent_dialogue_reviewed_series_terms	Independently translated from the pinned Japanese; existing species identities retained. Full wording, measured wrapping, no display abbreviation. Speech quirks and jokes are project adaptations. Preserve all semantic substitutions; replace $x indentation with measured line breaks.
companion.dialogue.170.07	dialogue	170	7	$m0「やったー。<CR>$xついに　レベルアップだ。<CR>$xうれしくて　泣いちゃいそう。	"$m0: ""Hooray! At last, a level up! I'm so happy I could cry."""		enemy_sizzard	independent_dialogue_reviewed_series_terms	Independently translated from the pinned Japanese; existing species identities retained. Full wording, measured wrapping, no display abbreviation. Speech quirks and jokes are project adaptations. Preserve all semantic substitutions; replace $x indentation with measured line breaks.
companion.dialogue.171.00	dialogue	171	0	$m0「ちっちゃいからって<CR>$xバカに　すんなよ。<CR>$xオイラはもう　コドモじゃないぞ。	"$m0: ""Don't laugh at me just because I'm small. I'm not a kid any more!"""		enemy.small_fry	independent_dialogue_reviewed_series_terms	Independently translated from the pinned Japanese; existing species identities retained. Full wording, measured wrapping, no display abbreviation. Speech quirks and jokes are project adaptations. Preserve all semantic substitutions; replace $x indentation with measured line breaks.
companion.dialogue.171.01	dialogue	171	1	$m0「フンだ。<CR>$xオイラが　火をふきゃ<CR>$xみんな　ビックリするのさ。	"$m0: ""Hmph! When I breathe fire, everyone gets a surprise."""		enemy.small_fry	independent_dialogue_reviewed_series_terms	Independently translated from the pinned Japanese; existing species identities retained. Full wording, measured wrapping, no display abbreviation. Speech quirks and jokes are project adaptations. Preserve all semantic substitutions; replace $x indentation with measured line breaks.
companion.dialogue.171.02	dialogue	171	2	$m0「あたたた。<CR>$xみんな　手加減なしだなあ。<CR>$xでも　ちょっと　うれしい。	"$m0: ""Ow, ow! Nobody's going easy on me. But that makes me a little happy."""		enemy.small_fry	independent_dialogue_reviewed_series_terms	Independently translated from the pinned Japanese; existing species identities retained. Full wording, measured wrapping, no display abbreviation. Speech quirks and jokes are project adaptations. Preserve all semantic substitutions; replace $x indentation with measured line breaks.
companion.dialogue.171.03	dialogue	171	3	$m0「うあー。<CR>$xちょうしに　のってたら<CR>$x体力　半分になっちゃった。	"$m0: ""Whoa! I got carried away and my HP's down to half."""		enemy.small_fry,hp	independent_dialogue_reviewed_series_terms	Independently translated from the pinned Japanese; existing species identities retained. Full wording, measured wrapping, no display abbreviation. Speech quirks and jokes are project adaptations. Preserve all semantic substitutions; replace $x indentation with measured line breaks.
companion.dialogue.171.04	dialogue	171	4	$m0「ちょっと<CR>$xみんな　やりすぎじゃない？<CR>$xオイラ　死んじゃうって！	"$m0: ""Aren't they taking this a bit too far? I'm going to die!"""		enemy.small_fry	independent_dialogue_reviewed_series_terms	Independently translated from the pinned Japanese; existing species identities retained. Full wording, measured wrapping, no display abbreviation. Speech quirks and jokes are project adaptations. Preserve all semantic substitutions; replace $x indentation with measured line breaks.
companion.dialogue.171.05	dialogue	171	5	$m0「うわーん。<CR>$xごめんなさい　もう体力<CR>$x残ってないです～。	"$m0: ""Waaah! I'm sorry! I've got no strength left!"""		enemy.small_fry	independent_dialogue_reviewed_series_terms	Independently translated from the pinned Japanese; existing species identities retained. Full wording, measured wrapping, no display abbreviation. Speech quirks and jokes are project adaptations. Preserve all semantic substitutions; replace $x indentation with measured line breaks.
companion.dialogue.171.06	dialogue	171	6	$m0「へへんだ。<CR>$xちゃんと　レベルアップ<CR>$xできたもんね。	"$m0: ""Heh! I managed to level up properly, you know!"""		enemy.small_fry	independent_dialogue_reviewed_series_terms	Independently translated from the pinned Japanese; existing species identities retained. Full wording, measured wrapping, no display abbreviation. Speech quirks and jokes are project adaptations. Preserve all semantic substitutions; replace $x indentation with measured line breaks.
companion.dialogue.171.07	dialogue	171	7	$m0「レベルが<CR>$x上がったから　もう　コドモだ<CR>$xなんて　言わせないぞ！	"$m0: ""Now that my level's gone up, nobody can call me a kid!"""		enemy.small_fry	independent_dialogue_reviewed_series_terms	Independently translated from the pinned Japanese; existing species identities retained. Full wording, measured wrapping, no display abbreviation. Speech quirks and jokes are project adaptations. Preserve all semantic substitutions; replace $x indentation with measured line breaks.
companion.dialogue.172.00	dialogue	172	0	$m0「ぎゃうっ？	"$m0: ""Gyau?"""		enemy_frizzard	independent_dialogue_reviewed_series_terms	Independently translated from the pinned Japanese; existing species identities retained. Full wording, measured wrapping, no display abbreviation. Speech quirks and jokes are project adaptations. Preserve all semantic substitutions; replace $x indentation with measured line breaks.
companion.dialogue.172.01	dialogue	172	1	$m0「あついの　ボー。<CR>$xさむいの　シャー。	"$m0: ""Hot goes whoosh. Cold goes hiss."""		enemy_frizzard	independent_dialogue_reviewed_series_terms	Independently translated from the pinned Japanese; existing species identities retained. Full wording, measured wrapping, no display abbreviation. Speech quirks and jokes are project adaptations. Preserve all semantic substitutions; replace $x indentation with measured line breaks.
companion.dialogue.172.02	dialogue	172	2	$m0「ぎゃう～。<CR>$xぎゃうん　ぎゃうん。	"$m0: ""Gyauuu! Gyaun, gyaun."""		enemy_frizzard	independent_dialogue_reviewed_series_terms	Independently translated from the pinned Japanese; existing species identities retained. Full wording, measured wrapping, no display abbreviation. Speech quirks and jokes are project adaptations. Preserve all semantic substitutions; replace $x indentation with measured line breaks.
companion.dialogue.172.03	dialogue	172	3	$m0「ぎゃう。<CR>$x体力　半分しか　ない。	"$m0: ""Gyau. Only half HP left."""		enemy_frizzard,hp	independent_dialogue_reviewed_series_terms	Independently translated from the pinned Japanese; existing species identities retained. Full wording, measured wrapping, no display abbreviation. Speech quirks and jokes are project adaptations. Preserve all semantic substitutions; replace $x indentation with measured line breaks.
companion.dialogue.172.04	dialogue	172	4	$m0「うぎゃ……。	"$m0: ""Ugya..."""		enemy_frizzard	independent_dialogue_reviewed_series_terms	Independently translated from the pinned Japanese; existing species identities retained. Full wording, measured wrapping, no display abbreviation. Speech quirks and jokes are project adaptations. Preserve all semantic substitutions; replace $x indentation with measured line breaks.
companion.dialogue.172.05	dialogue	172	5	$m0「ぎゃん……。<CR>$x$m1　体力　ない。	"$m0: ""Gyan... $m1 has no strength."""		enemy_frizzard	independent_dialogue_reviewed_series_terms	Independently translated from the pinned Japanese; existing species identities retained. Full wording, measured wrapping, no display abbreviation. Speech quirks and jokes are project adaptations. Preserve all semantic substitutions; replace $x indentation with measured line breaks.
companion.dialogue.172.06	dialogue	172	6	$m0「ぎゃおーっ。	"$m0: ""Gyaoooh!"""		enemy_frizzard	independent_dialogue_reviewed_series_terms	Independently translated from the pinned Japanese; existing species identities retained. Full wording, measured wrapping, no display abbreviation. Speech quirks and jokes are project adaptations. Preserve all semantic substitutions; replace $x indentation with measured line breaks.
companion.dialogue.172.07	dialogue	172	7	$m0「おいら　上がった。<CR>$xレベル　上がった。	"$m0: ""Me went up. Level went up."""		enemy_frizzard	independent_dialogue_reviewed_series_terms	Independently translated from the pinned Japanese; existing species identities retained. Full wording, measured wrapping, no display abbreviation. Speech quirks and jokes are project adaptations. Preserve all semantic substitutions; replace $x indentation with measured line breaks.
companion.dialogue.173.00	dialogue	173	0	$m0「５本の足を<CR>$xつかった　この踊りは<CR>$x人間にゃあ　むずかしいか？	"$m0: ""Is a dance using five legs too hard for a human?"""		enemy_scarfish	independent_dialogue_reviewed_series_terms	Independently translated from the pinned Japanese; existing species identities retained. Full wording, measured wrapping, no display abbreviation. Speech quirks and jokes are project adaptations. Preserve all semantic substitutions; replace $x indentation with measured line breaks.
companion.dialogue.173.01	dialogue	173	1	$m0「なんだよ。<CR>$xいいじゃんか　オレが<CR>$x地面の上を　歩いてたってさ。	"$m0: ""What? What's wrong with me walking on dry land?"""		enemy_scarfish	independent_dialogue_reviewed_series_terms	Independently translated from the pinned Japanese; existing species identities retained. Full wording, measured wrapping, no display abbreviation. Speech quirks and jokes are project adaptations. Preserve all semantic substitutions; replace $x indentation with measured line breaks.
companion.dialogue.173.02	dialogue	173	2	$m0「くわっ<CR>$xこりゃ　たまらん。<CR>$x海に　にげこみたいぜ。	"$m0: ""Gah! I can't stand this. I want to escape into the sea."""		enemy_scarfish	independent_dialogue_reviewed_series_terms	Independently translated from the pinned Japanese; existing species identities retained. Full wording, measured wrapping, no display abbreviation. Speech quirks and jokes are project adaptations. Preserve all semantic substitutions; replace $x indentation with measured line breaks.
companion.dialogue.173.03	dialogue	173	3	$m0「ちくしょー。<CR>$x体力半分　持ってかれた！	"$m0: ""Blast! They've taken half my HP!"""		enemy_scarfish,hp	independent_dialogue_reviewed_series_terms	Independently translated from the pinned Japanese; existing species identities retained. Full wording, measured wrapping, no display abbreviation. Speech quirks and jokes are project adaptations. Preserve all semantic substitutions; replace $x indentation with measured line breaks.
companion.dialogue.173.04	dialogue	173	4	$m0「やっぱなあ。<CR>$xオレは　ここでの戦いにゃ<CR>$x向いてないと　思ってたんだ。	"$m0: ""I knew it. I always thought I wasn't suited to fighting here."""		enemy_scarfish	independent_dialogue_reviewed_series_terms	Independently translated from the pinned Japanese; existing species identities retained. Full wording, measured wrapping, no display abbreviation. Speech quirks and jokes are project adaptations. Preserve all semantic substitutions; replace $x indentation with measured line breaks.
companion.dialogue.173.05	dialogue	173	5	$m0「バカやろー。<CR>$xオレの体力　ぜんぶ<CR>$x持ってく気かー！！	"$m0: ""You idiots! Are you trying to take every last bit of my strength!?"""		enemy_scarfish	independent_dialogue_reviewed_series_terms	Independently translated from the pinned Japanese; existing species identities retained. Full wording, measured wrapping, no display abbreviation. Speech quirks and jokes are project adaptations. Preserve all semantic substitutions; replace $x indentation with measured line breaks.
companion.dialogue.173.06	dialogue	173	6	$m0「おっ？<CR>$xレベルアップたあ<CR>$x気がきいてるね。	"$m0: ""Oh? A level up? How thoughtful."""		enemy_scarfish	independent_dialogue_reviewed_series_terms	Independently translated from the pinned Japanese; existing species identities retained. Full wording, measured wrapping, no display abbreviation. Speech quirks and jokes are project adaptations. Preserve all semantic substitutions; replace $x indentation with measured line breaks.
companion.dialogue.173.07	dialogue	173	7	$m0「へへっ。<CR>$xレベルが上がったんなら<CR>$xこっちのもんだ。	"$m0: ""Heh! Now that my level's gone up, I've got this in the bag."""		enemy_scarfish	independent_dialogue_reviewed_series_terms	Independently translated from the pinned Japanese; existing species identities retained. Full wording, measured wrapping, no display abbreviation. Speech quirks and jokes are project adaptations. Preserve all semantic substitutions; replace $x indentation with measured line breaks.
companion.dialogue.174.00	dialogue	174	0	$m0「海の中と　ちがって<CR>$xここは　動きにくいねえ。	"$m0: ""It's hard to move around here compared with the sea."""		enemy_trickstar	independent_dialogue_reviewed_series_terms	Independently translated from the pinned Japanese; existing species identities retained. Full wording, measured wrapping, no display abbreviation. Speech quirks and jokes are project adaptations. Preserve all semantic substitutions; replace $x indentation with measured line breaks.
companion.dialogue.174.01	dialogue	174	1	$m0「やっぱり<CR>$x海のほうが　くらしやすいなあ。	"$m0: ""Life really is easier in the sea."""		enemy_trickstar	independent_dialogue_reviewed_series_terms	Independently translated from the pinned Japanese; existing species identities retained. Full wording, measured wrapping, no display abbreviation. Speech quirks and jokes are project adaptations. Preserve all semantic substitutions; replace $x indentation with measured line breaks.
companion.dialogue.174.02	dialogue	174	2	$m0「なんだかなあ。<CR>$xここの連中は　みんな<CR>$x殺気だって　ないか？	"$m0: ""I don't know... Isn't everyone here a little bloodthirsty?"""		enemy_trickstar	independent_dialogue_reviewed_series_terms	Independently translated from the pinned Japanese; existing species identities retained. Full wording, measured wrapping, no display abbreviation. Speech quirks and jokes are project adaptations. Preserve all semantic substitutions; replace $x indentation with measured line breaks.
companion.dialogue.174.03	dialogue	174	3	$m0「あちゃー。<CR>$x体力が　もう半分　減ったか。	"$m0: ""Uh-oh! Half my HP's gone already."""		enemy_trickstar,hp	independent_dialogue_reviewed_series_terms	Independently translated from the pinned Japanese; existing species identities retained. Full wording, measured wrapping, no display abbreviation. Speech quirks and jokes are project adaptations. Preserve all semantic substitutions; replace $x indentation with measured line breaks.
companion.dialogue.174.04	dialogue	174	4	$m0「オレを倒したって<CR>$xなんのトクもないから　やめとけ<CR>$x……って　言ってやってくれよ。	"$m0: ""There's nothing to gain by defeating me, so leave me alone... Could you tell them that?"""		enemy_trickstar	independent_dialogue_reviewed_series_terms	Independently translated from the pinned Japanese; existing species identities retained. Full wording, measured wrapping, no display abbreviation. Speech quirks and jokes are project adaptations. Preserve all semantic substitutions; replace $x indentation with measured line breaks.
companion.dialogue.174.05	dialogue	174	5	$m0「まいったねえ。<CR>$x体力が　かけらも残ってないよ。	"$m0: ""Well, this is a fine mess. I haven't got a scrap of strength left."""		enemy_trickstar	independent_dialogue_reviewed_series_terms	Independently translated from the pinned Japanese; existing species identities retained. Full wording, measured wrapping, no display abbreviation. Speech quirks and jokes are project adaptations. Preserve all semantic substitutions; replace $x indentation with measured line breaks.
companion.dialogue.174.06	dialogue	174	6	$m0「いやあ。<CR>$xやっとこさ　レベルアップに<CR>$xこぎつけたよ。	"$m0: ""Phew! At long last, I managed to level up."""		enemy_trickstar	independent_dialogue_reviewed_series_terms	Independently translated from the pinned Japanese; existing species identities retained. Full wording, measured wrapping, no display abbreviation. Speech quirks and jokes are project adaptations. Preserve all semantic substitutions; replace $x indentation with measured line breaks.
companion.dialogue.174.07	dialogue	174	7	$m0「レベルアップか。<CR>$xもうちょっと　サクサクと<CR>$xいかないもんかねえ。	"$m0: ""Level up, eh? Couldn't it happen a little more smoothly?"""		enemy_trickstar	independent_dialogue_reviewed_series_terms	Independently translated from the pinned Japanese; existing species identities retained. Full wording, measured wrapping, no display abbreviation. Speech quirks and jokes are project adaptations. Preserve all semantic substitutions; replace $x indentation with measured line breaks.
companion.dialogue.175.00	dialogue	175	0	$m0「オーケイ。<CR>$xオイラに　まかしときな。	"$m0: ""Okay! Leave it to me!"""		enemy_pogoin_penguin	independent_dialogue_reviewed_series_terms	Independently translated from the pinned Japanese; existing species identities retained. Full wording, measured wrapping, no display abbreviation. Speech quirks and jokes are project adaptations. Preserve all semantic substitutions; replace $x indentation with measured line breaks.
companion.dialogue.175.01	dialogue	175	1	$m0「オーライ。<CR>$xオイラが　いっしょに<CR>$x戦ってやるよ。	"$m0: ""All right! I'll fight alongside you!"""		enemy_pogoin_penguin	independent_dialogue_reviewed_series_terms	Independently translated from the pinned Japanese; existing species identities retained. Full wording, measured wrapping, no display abbreviation. Speech quirks and jokes are project adaptations. Preserve all semantic substitutions; replace $x indentation with measured line breaks.
companion.dialogue.175.02	dialogue	175	2	$m0「オーノー！<CR>$xなかなか　きびしいバトルに<CR>$xなりそうだぜ。	"$m0: ""Oh no! This is shaping up to be one tough battle!"""		enemy_pogoin_penguin	independent_dialogue_reviewed_series_terms	Independently translated from the pinned Japanese; existing species identities retained. Full wording, measured wrapping, no display abbreviation. Speech quirks and jokes are project adaptations. Preserve all semantic substitutions; replace $x indentation with measured line breaks.
companion.dialogue.175.03	dialogue	175	3	$m0「ホワット？<CR>$xオイラの体力は　半分あるさ。<CR>$xノープロブレム！	"$m0: ""What? I've still got half my HP. No problem!"""		enemy_pogoin_penguin,hp	independent_dialogue_reviewed_series_terms	Independently translated from the pinned Japanese; existing species identities retained. Full wording, measured wrapping, no display abbreviation. Speech quirks and jokes are project adaptations. Preserve all semantic substitutions; replace $x indentation with measured line breaks.
companion.dialogue.175.04	dialogue	175	4	$m0「デンジャー！<CR>$xオイラのハートが　ブレイク<CR>$xしそうだぜ！	"$m0: ""Danger! My heart's about to break!"""		enemy_pogoin_penguin	independent_dialogue_reviewed_series_terms	Independently translated from the pinned Japanese; existing species identities retained. Full wording, measured wrapping, no display abbreviation. Speech quirks and jokes are project adaptations. Preserve all semantic substitutions; replace $x indentation with measured line breaks.
companion.dialogue.175.05	dialogue	175	5	$m0「オー　マイガッ！<CR>$xオイラの体力が　アラーム<CR>$xならしまくってるぜっ。	"$m0: ""Oh my gosh! My HP's setting off every alarm!"""		enemy_pogoin_penguin,hp	independent_dialogue_reviewed_series_terms	Independently translated from the pinned Japanese; existing species identities retained. Full wording, measured wrapping, no display abbreviation. Speech quirks and jokes are project adaptations. Preserve all semantic substitutions; replace $x indentation with measured line breaks.
companion.dialogue.175.06	dialogue	175	6	$m0「ラッキー。<CR>$xレベルアップしちまったぜっ。	"$m0: ""Lucky! I've gone and levelled up!"""		enemy_pogoin_penguin	independent_dialogue_reviewed_series_terms	Independently translated from the pinned Japanese; existing species identities retained. Full wording, measured wrapping, no display abbreviation. Speech quirks and jokes are project adaptations. Preserve all semantic substitutions; replace $x indentation with measured line breaks.
companion.dialogue.175.07	dialogue	175	7	$m0「ハッピー！<CR>$xレベルが上がって　気分も<CR>$xハイだぜっ。	"$m0: ""Happy! My level's up and so are my spirits!"""		enemy_pogoin_penguin	independent_dialogue_reviewed_series_terms	Independently translated from the pinned Japanese; existing species identities retained. Full wording, measured wrapping, no display abbreviation. Speech quirks and jokes are project adaptations. Preserve all semantic substitutions; replace $x indentation with measured line breaks.
companion.dialogue.176.00	dialogue	176	0	$m0「どこかに　いい岩ないかな。<CR>$xオレは岩の上で　とびはねるのが<CR>$xなによりも　好きなんだ。	"$m0: ""Any good rocks around here? Nothing beats hopping about on top of a rock."""		enemy_rockin_rockhopper	independent_dialogue_reviewed_series_terms	Independently translated from the pinned Japanese; existing species identities retained. Full wording, measured wrapping, no display abbreviation. Speech quirks and jokes are project adaptations. Preserve all semantic substitutions; replace $x indentation with measured line breaks.
companion.dialogue.176.01	dialogue	176	1	$m0「オレの　とくいワザは<CR>$xみんなを　混乱させることだ。<CR>$xおもしろいだろ？	"$m0: ""My speciality is confusing everyone. Fun, isn't it?"""		enemy_rockin_rockhopper	independent_dialogue_reviewed_series_terms	Independently translated from the pinned Japanese; existing species identities retained. Full wording, measured wrapping, no display abbreviation. Speech quirks and jokes are project adaptations. Preserve all semantic substitutions; replace $x indentation with measured line breaks.
companion.dialogue.176.02	dialogue	176	2	$m0「くそう。<CR>$x空を飛んで　にげられたらなあ。	"$m0: ""Blast! If only I could fly away."""		enemy_rockin_rockhopper	independent_dialogue_reviewed_series_terms	Independently translated from the pinned Japanese; existing species identities retained. Full wording, measured wrapping, no display abbreviation. Speech quirks and jokes are project adaptations. Preserve all semantic substitutions; replace $x indentation with measured line breaks.
companion.dialogue.176.03	dialogue	176	3	$m0「やばいよなあ。<CR>$xもう　体力が半分に<CR>$x減っちゃったよ。	"$m0: ""This is bad. My HP's already down to half."""		enemy_rockin_rockhopper,hp	independent_dialogue_reviewed_series_terms	Independently translated from the pinned Japanese; existing species identities retained. Full wording, measured wrapping, no display abbreviation. Speech quirks and jokes are project adaptations. Preserve all semantic substitutions; replace $x indentation with measured line breaks.
companion.dialogue.176.04	dialogue	176	4	$m0「かんべんしてくれよ！<CR>$xこのままじゃ　オレはもう<CR>$xおだぶつ　じゃないか。	"$m0: ""Give me a break! At this rate, I'm as good as dead!"""		enemy_rockin_rockhopper	independent_dialogue_reviewed_series_terms	Independently translated from the pinned Japanese; existing species identities retained. Full wording, measured wrapping, no display abbreviation. Speech quirks and jokes are project adaptations. Preserve all semantic substitutions; replace $x indentation with measured line breaks.
companion.dialogue.176.05	dialogue	176	5	$m0「ああ　オレの体力が<CR>$xみんな　どこかへ行ってしまった。<CR>$xさようなら　オレ。	"$m0: ""Oh, all my strength's gone somewhere. Goodbye, me."""		enemy_rockin_rockhopper	independent_dialogue_reviewed_series_terms	Independently translated from the pinned Japanese; existing species identities retained. Full wording, measured wrapping, no display abbreviation. Speech quirks and jokes are project adaptations. Preserve all semantic substitutions; replace $x indentation with measured line breaks.
companion.dialogue.176.06	dialogue	176	6	$m0「いえーい。<CR>$xレベルアップしたぞ。	"$m0: ""Yeah! I've levelled up!"""		enemy_rockin_rockhopper	independent_dialogue_reviewed_series_terms	Independently translated from the pinned Japanese; existing species identities retained. Full wording, measured wrapping, no display abbreviation. Speech quirks and jokes are project adaptations. Preserve all semantic substitutions; replace $x indentation with measured line breaks.
companion.dialogue.176.07	dialogue	176	7	$m0「いいねえ。<CR>$xレベルが　上がると<CR>$xやっと　ひと息つけるよ。	"$m0: ""Nice! Going up a level means I can finally catch my breath."""		enemy_rockin_rockhopper	independent_dialogue_reviewed_series_terms	Independently translated from the pinned Japanese; existing species identities retained. Full wording, measured wrapping, no display abbreviation. Speech quirks and jokes are project adaptations. Preserve all semantic substitutions; replace $x indentation with measured line breaks.
companion.dialogue.177.00	dialogue	177	0	$m0「ワシの　このホコは<CR>$xなんでも　なぎはらうぞ。	"$m0: ""This spear of mine can sweep anything aside."""		enemy_merderer	independent_dialogue_reviewed_series_terms	Independently translated from the pinned Japanese; existing species identities retained. Full wording, measured wrapping, no display abbreviation. Speech quirks and jokes are project adaptations. Preserve all semantic substitutions; replace $x indentation with measured line breaks.
companion.dialogue.177.01	dialogue	177	1	$m0「このワシが<CR>$xおぬしに　チカラをかしてやるのだ。<CR>$xありがたく　思えよ。	"$m0: ""I am lending you my strength. Be grateful."""		enemy_merderer	independent_dialogue_reviewed_series_terms	Independently translated from the pinned Japanese; existing species identities retained. Full wording, measured wrapping, no display abbreviation. Speech quirks and jokes are project adaptations. Preserve all semantic substitutions; replace $x indentation with measured line breaks.
companion.dialogue.177.02	dialogue	177	2	$m0「なまいきな！<CR>$xワシに　さからう者が<CR>$xこんなにも　おるとは。	"$m0: ""Insolent! So many dare to defy me."""		enemy_merderer	independent_dialogue_reviewed_series_terms	Independently translated from the pinned Japanese; existing species identities retained. Full wording, measured wrapping, no display abbreviation. Speech quirks and jokes are project adaptations. Preserve all semantic substitutions; replace $x indentation with measured line breaks.
companion.dialogue.177.03	dialogue	177	3	$m0「ゆるせん。<CR>$xこのワシに　体力半分ほどの<CR>$x手キズを　おわせるとは！	"$m0: ""Unforgivable! To wound me enough to take half my HP!"""		enemy_merderer,hp	independent_dialogue_reviewed_series_terms	Independently translated from the pinned Japanese; existing species identities retained. Full wording, measured wrapping, no display abbreviation. Speech quirks and jokes are project adaptations. Preserve all semantic substitutions; replace $x indentation with measured line breaks.
companion.dialogue.177.04	dialogue	177	4	$m0「ワシとて<CR>$x海の王と　言われた男じゃ。<CR>$xなさけは　うけぬ！	"$m0: ""I was called the king of the sea. I will accept no pity!"""		enemy_merderer	independent_dialogue_reviewed_series_terms	Independently translated from the pinned Japanese; existing species identities retained. Full wording, measured wrapping, no display abbreviation. Speech quirks and jokes are project adaptations. Preserve all semantic substitutions; replace $x indentation with measured line breaks.
companion.dialogue.177.05	dialogue	177	5	$m0「残りの体力は……。<CR>$xこのワシを　倒す者が　だれか<CR>$xおぬしも　きょうみが　あるのか？	"$m0: ""My remaining strength...? Are you curious to see who will defeat me?"""		enemy_merderer	independent_dialogue_reviewed_series_terms	Independently translated from the pinned Japanese; existing species identities retained. Full wording, measured wrapping, no display abbreviation. Speech quirks and jokes are project adaptations. Preserve all semantic substitutions; replace $x indentation with measured line breaks.
companion.dialogue.177.06	dialogue	177	6	$m0「おおっ。<CR>$xレベルが上がりおった。<CR>$xふっ　とうぜんのことであったな。	"$m0: ""Oh! My level has risen. Heh. Only to be expected."""		enemy_merderer	independent_dialogue_reviewed_series_terms	Independently translated from the pinned Japanese; existing species identities retained. Full wording, measured wrapping, no display abbreviation. Speech quirks and jokes are project adaptations. Preserve all semantic substitutions; replace $x indentation with measured line breaks.
companion.dialogue.177.07	dialogue	177	7	$m0「ワシは　先ほど<CR>$xレベルを　上げたぞ。<CR>$xおぬしは　どうなんじゃ？	"$m0: ""I raised my level just now. And how about you?"""		enemy_merderer	independent_dialogue_reviewed_series_terms	Independently translated from the pinned Japanese; existing species identities retained. Full wording, measured wrapping, no display abbreviation. Speech quirks and jokes are project adaptations. Preserve all semantic substitutions; replace $x indentation with measured line breaks.
companion.dialogue.178.00	dialogue	178	0	$m0「ボクは　リッパな<CR>$x勇者になるために　あなたと<CR>$xともに　戦います！	"$m0: ""I'll fight alongside you so I can become a great hero!"""		enemy_pip_fighter	independent_dialogue_reviewed_series_terms	Independently translated from the pinned Japanese; existing species identities retained. Full wording, measured wrapping, no display abbreviation. Speech quirks and jokes are project adaptations. Preserve all semantic substitutions; replace $x indentation with measured line breaks.
companion.dialogue.178.01	dialogue	178	1	$m0「いつか　ギガデインを<CR>$xつかいこなせる　勇者になるんだ！	"$m0: ""One day I'll be a hero who can master Kazap!"""		enemy_pip_fighter,spell.kazap	independent_dialogue_reviewed_series_terms	Independently translated from the pinned Japanese; existing species identities retained. Full wording, measured wrapping, no display abbreviation. Speech quirks and jokes are project adaptations. Preserve all semantic substitutions; replace $x indentation with measured line breaks.
companion.dialogue.178.02	dialogue	178	2	$m0「まだです！<CR>$xこのくらいで　へこたれていては<CR>$x勇者には　なれませんから！	"$m0: ""Not yet! I'll never become a hero if I give in over this!"""		enemy_pip_fighter	independent_dialogue_reviewed_series_terms	Independently translated from the pinned Japanese; existing species identities retained. Full wording, measured wrapping, no display abbreviation. Speech quirks and jokes are project adaptations. Preserve all semantic substitutions; replace $x indentation with measured line breaks.
companion.dialogue.178.03	dialogue	178	3	$m0「はい！<CR>$xボクの体力は　まだ半分<CR>$x残ってますから　平気です！	"$m0: ""Yes! I still have half my HP, so I'm fine!"""		enemy_pip_fighter,hp	independent_dialogue_reviewed_series_terms	Independently translated from the pinned Japanese; existing species identities retained. Full wording, measured wrapping, no display abbreviation. Speech quirks and jokes are project adaptations. Preserve all semantic substitutions; replace $x indentation with measured line breaks.
companion.dialogue.178.04	dialogue	178	4	$m0「ホンモノの勇者に<CR>$xなれるまでは　ボクは<CR>$xぜったいに　あきらめ……ない。	"$m0: ""Until I become a true hero, I will never... give up."""		enemy_pip_fighter	independent_dialogue_reviewed_series_terms	Independently translated from the pinned Japanese; existing species identities retained. Full wording, measured wrapping, no display abbreviation. Speech quirks and jokes are project adaptations. Preserve all semantic substitutions; replace $x indentation with measured line breaks.
companion.dialogue.178.05	dialogue	178	5	$m0「ピンチです！<CR>$xボクの体力が　もうありません。<CR>$xどうすれば　いいですか？	"$m0: ""I'm in trouble! I've got no strength left. What should I do?"""		enemy_pip_fighter	independent_dialogue_reviewed_series_terms	Independently translated from the pinned Japanese; existing species identities retained. Full wording, measured wrapping, no display abbreviation. Speech quirks and jokes are project adaptations. Preserve all semantic substitutions; replace $x indentation with measured line breaks.
companion.dialogue.178.06	dialogue	178	6	$m0「やりました！<CR>$xレベルアップして　ひとつ<CR>$x勇者に　近づきましたよ！！	"$m0: ""I did it! I've levelled up! One step closer to being a hero!"""		enemy_pip_fighter	independent_dialogue_reviewed_series_terms	Independently translated from the pinned Japanese; existing species identities retained. Full wording, measured wrapping, no display abbreviation. Speech quirks and jokes are project adaptations. Preserve all semantic substitutions; replace $x indentation with measured line breaks.
companion.dialogue.178.07	dialogue	178	7	$m0「ありがとうございます。<CR>$xレベルが上がりました！	"$m0: ""Thank you! My level's gone up!"""		enemy_pip_fighter	independent_dialogue_reviewed_series_terms	Independently translated from the pinned Japanese; existing species identities retained. Full wording, measured wrapping, no display abbreviation. Speech quirks and jokes are project adaptations. Preserve all semantic substitutions; replace $x indentation with measured line breaks.
companion.dialogue.179.00	dialogue	179	0	$m0「オイラは　勇者でしゅ。<CR>$xホントでしゅよー。<CR>$xそーれ　アルテマソード～。	"$m0: ""I'm a hero, yesh I am! It's true! Here goesh... Blade of Ultimate Power!"""		ability.blade_of_ultimate_power,enemy_conkuistador	independent_dialogue_reviewed_series_terms	Independently translated from the pinned Japanese; existing species identities retained. Full wording, measured wrapping, no display abbreviation. Speech quirks and jokes are project adaptations. Preserve all semantic substitutions; replace $x indentation with measured line breaks.
companion.dialogue.179.01	dialogue	179	1	$m0「キミは　勇者を<CR>$xめざしてたり　しましゅか？<CR>$xオイラが　手つだいましゅよ。	"$m0: ""Are you trying to be a hero too? I'll help you, yesh I will."""		enemy_conkuistador	independent_dialogue_reviewed_series_terms	Independently translated from the pinned Japanese; existing species identities retained. Full wording, measured wrapping, no display abbreviation. Speech quirks and jokes are project adaptations. Preserve all semantic substitutions; replace $x indentation with measured line breaks.
companion.dialogue.179.02	dialogue	179	2	$m0「いたいけど<CR>$x泣かないのでしゅ。<CR>$xだって　勇者でしゅから。	"$m0: ""It hurtsh, but I won't cry. I'm a hero, after all."""		enemy_conkuistador	independent_dialogue_reviewed_series_terms	Independently translated from the pinned Japanese; existing species identities retained. Full wording, measured wrapping, no display abbreviation. Speech quirks and jokes are project adaptations. Preserve all semantic substitutions; replace $x indentation with measured line breaks.
companion.dialogue.179.03	dialogue	179	3	$m0「オイラの体力は<CR>$xまだ　半分もありましゅから<CR>$xぜんぜん　平気なのでしゅ。	"$m0: ""I've shtill got half my HP, so I'm perfectly fine."""		enemy_conkuistador,hp	independent_dialogue_reviewed_series_terms	Independently translated from the pinned Japanese; existing species identities retained. Full wording, measured wrapping, no display abbreviation. Speech quirks and jokes are project adaptations. Preserve all semantic substitutions; replace $x indentation with measured line breaks.
companion.dialogue.179.04	dialogue	179	4	$m0「ゆ……勇者は<CR>$xいくら　やられても<CR>$xかならず　立ち上がるのでしゅ。	"$m0: ""A h-hero alwaysh gets back up, no matter how many timesh he's knocked down."""		enemy_conkuistador	independent_dialogue_reviewed_series_terms	Independently translated from the pinned Japanese; existing species identities retained. Full wording, measured wrapping, no display abbreviation. Speech quirks and jokes are project adaptations. Preserve all semantic substitutions; replace $x indentation with measured line breaks.
companion.dialogue.179.05	dialogue	179	5	$m0「もう　体力は<CR>$xぜんぜん　残ってないでしゅが<CR>$x勇者は　あきらめないのでしゅ。	"$m0: ""I've got no shtrength left at all, but a hero never givesh up."""		enemy_conkuistador	independent_dialogue_reviewed_series_terms	Independently translated from the pinned Japanese; existing species identities retained. Full wording, measured wrapping, no display abbreviation. Speech quirks and jokes are project adaptations. Preserve all semantic substitutions; replace $x indentation with measured line breaks.
companion.dialogue.179.06	dialogue	179	6	$m0「レベルアップで<CR>$x勇者として　ハクがついたでしゅ。	"$m0: ""This level up hash made me a more impressive hero."""		enemy_conkuistador	independent_dialogue_reviewed_series_terms	Independently translated from the pinned Japanese; existing species identities retained. Full wording, measured wrapping, no display abbreviation. Speech quirks and jokes are project adaptations. Preserve all semantic substitutions; replace $x indentation with measured line breaks.
companion.dialogue.179.07	dialogue	179	7	$m0「わーい。<CR>$xレベルが上がったでしゅよ。	"$m0: ""Hooray! My level went up, yesh it did!"""		enemy_conkuistador	independent_dialogue_reviewed_series_terms	Independently translated from the pinned Japanese; existing species identities retained. Full wording, measured wrapping, no display abbreviation. Speech quirks and jokes are project adaptations. Preserve all semantic substitutions; replace $x indentation with measured line breaks.
companion.dialogue.180.00	dialogue	180	0	$m0「オ……オノが<CR>$x重くて……はあはあ。	"$m0: ""Th-this axe is heavy... Pant, pant..."""		enemy_battle_pip	independent_dialogue_reviewed_series_terms	Independently translated from the pinned Japanese; existing species identities retained. Full wording, measured wrapping, no display abbreviation. Speech quirks and jokes are project adaptations. Preserve all semantic substitutions; replace $x indentation with measured line breaks.
companion.dialogue.180.01	dialogue	180	1	$m0「戦士として<CR>$xしゅぎょうを　つみたいんだ。<CR>$xよろしく　たのむ！	"$m0: ""I want to train as a warrior. I'm counting on you!"""		enemy_battle_pip	independent_dialogue_reviewed_series_terms	Independently translated from the pinned Japanese; existing species identities retained. Full wording, measured wrapping, no display abbreviation. Speech quirks and jokes are project adaptations. Preserve all semantic substitutions; replace $x indentation with measured line breaks.
companion.dialogue.180.02	dialogue	180	2	$m0「敵の　こうげきに<CR>$xたえつづけるのも　戦士の<CR>$x役目……なんだ……ろ？	"$m0: ""Enduring the enemy's attacks is a warrior's duty... Isn't... it?"""		enemy_battle_pip	independent_dialogue_reviewed_series_terms	Independently translated from the pinned Japanese; existing species identities retained. Full wording, measured wrapping, no display abbreviation. Speech quirks and jokes are project adaptations. Preserve all semantic substitutions; replace $x indentation with measured line breaks.
companion.dialogue.180.03	dialogue	180	3	$m0「もう　体力が<CR>$x半分しか　ないんだが。<CR>$x戦士として　ダメなのか？	"$m0: ""I've only got half my HP left. Am I a failure as a warrior?"""		enemy_battle_pip,hp	independent_dialogue_reviewed_series_terms	Independently translated from the pinned Japanese; existing species identities retained. Full wording, measured wrapping, no display abbreviation. Speech quirks and jokes are project adaptations. Preserve all semantic substitutions; replace $x indentation with measured line breaks.
companion.dialogue.180.04	dialogue	180	4	$m0「も……もう<CR>$x敵の　こうげきをふせげない。<CR>$x戦士として　はずかし……い。	"$m0: ""I-I can't block their attacks any more. How... shameful for a warrior."""		enemy_battle_pip	independent_dialogue_reviewed_series_terms	Independently translated from the pinned Japanese; existing species identities retained. Full wording, measured wrapping, no display abbreviation. Speech quirks and jokes are project adaptations. Preserve all semantic substitutions; replace $x indentation with measured line breaks.
companion.dialogue.180.05	dialogue	180	5	$m0「体力が……<CR>$xまったく　残っていないんだ。	"$m0: ""My strength... There's none left at all."""		enemy_battle_pip	independent_dialogue_reviewed_series_terms	Independently translated from the pinned Japanese; existing species identities retained. Full wording, measured wrapping, no display abbreviation. Speech quirks and jokes are project adaptations. Preserve all semantic substitutions; replace $x indentation with measured line breaks.
companion.dialogue.180.06	dialogue	180	6	$m0「レベルアップ？<CR>$xレベルアップしたぞ！<CR>$xやった！	"$m0: ""Level up? I've levelled up! Hooray!"""		enemy_battle_pip	independent_dialogue_reviewed_series_terms	Independently translated from the pinned Japanese; existing species identities retained. Full wording, measured wrapping, no display abbreviation. Speech quirks and jokes are project adaptations. Preserve all semantic substitutions; replace $x indentation with measured line breaks.
companion.dialogue.180.07	dialogue	180	7	$m0「はあはあ。<CR>$xな……なんとか　レベルを<CR>$x上げることが　できた。	"$m0: ""Pant, pant... S-somehow I managed to raise my level."""		enemy_battle_pip	independent_dialogue_reviewed_series_terms	Independently translated from the pinned Japanese; existing species identities retained. Full wording, measured wrapping, no display abbreviation. Speech quirks and jokes are project adaptations. Preserve all semantic substitutions; replace $x indentation with measured line breaks.
companion.dialogue.181.00	dialogue	181	0	$m0「オラはなー。<CR>$xちょーいちりゅーの　戦士<CR>$xなんだど。	"$m0: ""I'm a super-duper first-rate warrior, I am!"""		enemy_conkerer	independent_dialogue_reviewed_series_terms	Independently translated from the pinned Japanese; existing species identities retained. Full wording, measured wrapping, no display abbreviation. Speech quirks and jokes are project adaptations. Preserve all semantic substitutions; replace $x indentation with measured line breaks.
companion.dialogue.181.01	dialogue	181	1	$m0「オラが　仲間に<CR>$xなったんだから　もう<CR>$xなーんも　心配いらんど。	"$m0: ""Now that I'm your ally, you've got nothing to worry about, you haven't!"""		enemy_conkerer	independent_dialogue_reviewed_series_terms	Independently translated from the pinned Japanese; existing species identities retained. Full wording, measured wrapping, no display abbreviation. Speech quirks and jokes are project adaptations. Preserve all semantic substitutions; replace $x indentation with measured line breaks.
companion.dialogue.181.02	dialogue	181	2	$m0「へへへ。<CR>$x戦士なんだから　こんなキズ<CR>$xぜんぜん　へっちゃらだど。	"$m0: ""Heh heh! I'm a warrior. Wounds like these don't bother me, they don't!"""		enemy_conkerer	independent_dialogue_reviewed_series_terms	Independently translated from the pinned Japanese; existing species identities retained. Full wording, measured wrapping, no display abbreviation. Speech quirks and jokes are project adaptations. Preserve all semantic substitutions; replace $x indentation with measured line breaks.
companion.dialogue.181.03	dialogue	181	3	$m0「ん？<CR>$xオラの体力は　半分もあるど。<CR>$x心配は　いらないど。	"$m0: ""Hmm? I've still got half my HP. No need to worry, there isn't!"""		enemy_conkerer,hp	independent_dialogue_reviewed_series_terms	Independently translated from the pinned Japanese; existing species identities retained. Full wording, measured wrapping, no display abbreviation. Speech quirks and jokes are project adaptations. Preserve all semantic substitutions; replace $x indentation with measured line breaks.
companion.dialogue.181.04	dialogue	181	4	$m0「戦って　死ぬのが<CR>$x戦士の役目って　聞いたど。<CR>$xでも　死ぬのはイヤだど～。	"$m0: ""I heard a warrior's duty is to die fighting. But I don't want to die, I don't!"""		enemy_conkerer	independent_dialogue_reviewed_series_terms	Independently translated from the pinned Japanese; existing species identities retained. Full wording, measured wrapping, no display abbreviation. Speech quirks and jokes are project adaptations. Preserve all semantic substitutions; replace $x indentation with measured line breaks.
companion.dialogue.181.05	dialogue	181	5	$m0「体力が　ないどー。<CR>$xこうなったら　やぶれかぶれだど。<CR>$xとつげきー！	"$m0: ""No strength left, there isn't! Nothing for it but a desperate attack! Charge!"""		enemy_conkerer	independent_dialogue_reviewed_series_terms	Independently translated from the pinned Japanese; existing species identities retained. Full wording, measured wrapping, no display abbreviation. Speech quirks and jokes are project adaptations. Preserve all semantic substitutions; replace $x indentation with measured line breaks.
companion.dialogue.181.06	dialogue	181	6	$m0「戦いぬいたオラは<CR>$xレベルが　上がったんだど。	"$m0: ""I fought my way through, and my level went up, it did!"""		enemy_conkerer	independent_dialogue_reviewed_series_terms	Independently translated from the pinned Japanese; existing species identities retained. Full wording, measured wrapping, no display abbreviation. Speech quirks and jokes are project adaptations. Preserve all semantic substitutions; replace $x indentation with measured line breaks.
companion.dialogue.181.07	dialogue	181	7	$m0「レベルアップだど。<CR>$xオラの強さは　うなぎのぼり！<CR>$xだどー。	"$m0: ""Level up, it is! My strength's shooting through the roof, it is!"""		enemy_conkerer	independent_dialogue_reviewed_series_terms	Independently translated from the pinned Japanese; existing species identities retained. Full wording, measured wrapping, no display abbreviation. Speech quirks and jokes are project adaptations. Preserve all semantic substitutions; replace $x indentation with measured line breaks.
companion.dialogue.182.00	dialogue	182	0	$m0「んー。<CR>$x魔法つかいは　気楽な<CR>$xしょくぎょーと　きたもんだ。	"$m0: ""Hmm. Being a mage is such an easy job."""		enemy_wiz_pip	independent_dialogue_reviewed_series_terms	Independently translated from the pinned Japanese; existing species identities retained. Full wording, measured wrapping, no display abbreviation. Speech quirks and jokes are project adaptations. Preserve all semantic substitutions; replace $x indentation with measured line breaks.
companion.dialogue.182.01	dialogue	182	1	$m0「はいはい。<CR>$x言われなくても　ちゃんと<CR>$x呪文は　となえますよー。	"$m0: ""Yes, yes. I'll cast my spells without being told, you know."""		enemy_wiz_pip	independent_dialogue_reviewed_series_terms	Independently translated from the pinned Japanese; existing species identities retained. Full wording, measured wrapping, no display abbreviation. Speech quirks and jokes are project adaptations. Preserve all semantic substitutions; replace $x indentation with measured line breaks.
companion.dialogue.182.02	dialogue	182	2	$m0「ちょっとー。<CR>$x魔法つかいが　やられてるの<CR>$xだまって　見てるわけ？	"$m0: ""Hey! Are you just going to watch your mage get beaten up?"""		enemy_wiz_pip	independent_dialogue_reviewed_series_terms	Independently translated from the pinned Japanese; existing species identities retained. Full wording, measured wrapping, no display abbreviation. Speech quirks and jokes are project adaptations. Preserve all semantic substitutions; replace $x indentation with measured line breaks.
companion.dialogue.182.03	dialogue	182	3	$m0「体力は　まだ<CR>$x半分あるけど……。<CR>$xこれって　もんだいあるよね。	"$m0: ""I've still got half my HP, but... That's a problem, isn't it?"""		enemy_wiz_pip,hp	independent_dialogue_reviewed_series_terms	Independently translated from the pinned Japanese; existing species identities retained. Full wording, measured wrapping, no display abbreviation. Speech quirks and jokes are project adaptations. Preserve all semantic substitutions; replace $x indentation with measured line breaks.
companion.dialogue.182.04	dialogue	182	4	$m0「魔法つかいが<CR>$x先に死んじゃう　パーティって<CR>$xなってないよね……。	"$m0: ""A party that lets its mage die first really hasn't got it together..."""		enemy_wiz_pip	independent_dialogue_reviewed_series_terms	Independently translated from the pinned Japanese; existing species identities retained. Full wording, measured wrapping, no display abbreviation. Speech quirks and jokes are project adaptations. Preserve all semantic substitutions; replace $x indentation with measured line breaks.
companion.dialogue.182.05	dialogue	182	5	$m0「ダメじゃん！<CR>$x魔法つかいの体力　残ってないの<CR>$xめっちゃ　まずいじゃん！	"$m0: ""This is no good! Your mage has no strength left! That's seriously bad!"""		enemy_wiz_pip	independent_dialogue_reviewed_series_terms	Independently translated from the pinned Japanese; existing species identities retained. Full wording, measured wrapping, no display abbreviation. Speech quirks and jokes are project adaptations. Preserve all semantic substitutions; replace $x indentation with measured line breaks.
companion.dialogue.182.06	dialogue	182	6	$m0「よしよし。<CR>$xレベルアップしたようだ。	"$m0: ""Good, good. Looks like I've levelled up."""		enemy_wiz_pip	independent_dialogue_reviewed_series_terms	Independently translated from the pinned Japanese; existing species identities retained. Full wording, measured wrapping, no display abbreviation. Speech quirks and jokes are project adaptations. Preserve all semantic substitutions; replace $x indentation with measured line breaks.
companion.dialogue.182.07	dialogue	182	7	$m0「おっ。<CR>$xレベルが　上がったよ。<CR>$xところで　あんたは　何レベル？	"$m0: ""Oh! My level went up. By the way, what level are you?"""		enemy_wiz_pip	independent_dialogue_reviewed_series_terms	Independently translated from the pinned Japanese; existing species identities retained. Full wording, measured wrapping, no display abbreviation. Speech quirks and jokes are project adaptations. Preserve all semantic substitutions; replace $x indentation with measured line breaks.
companion.dialogue.183.00	dialogue	183	0	$m0「ボクの呪文で<CR>$xみんなを　強くしたりするみょ。	"$m0: ""I'll use my spells to make everyone stronger, myo."""		enemy_conkjurer	independent_dialogue_reviewed_series_terms	Independently translated from the pinned Japanese; existing species identities retained. Full wording, measured wrapping, no display abbreviation. Speech quirks and jokes are project adaptations. Preserve all semantic substitutions; replace $x indentation with measured line breaks.
companion.dialogue.183.01	dialogue	183	1	$m0「身体の大きさと<CR>$x魔法のチカラは　カンケイないみょ。	"$m0: ""Your size has nothing to do with your magic power, myo."""		enemy_conkjurer	independent_dialogue_reviewed_series_terms	Independently translated from the pinned Japanese; existing species identities retained. Full wording, measured wrapping, no display abbreviation. Speech quirks and jokes are project adaptations. Preserve all semantic substitutions; replace $x indentation with measured line breaks.
companion.dialogue.183.02	dialogue	183	2	$m0「いやだみょー。<CR>$xボクばっかり　やられてる<CR>$x気がするみょー！	"$m0: ""No, myooo! I feel like I'm the only one getting beaten up, myo!"""		enemy_conkjurer	independent_dialogue_reviewed_series_terms	Independently translated from the pinned Japanese; existing species identities retained. Full wording, measured wrapping, no display abbreviation. Speech quirks and jokes are project adaptations. Preserve all semantic substitutions; replace $x indentation with measured line breaks.
companion.dialogue.183.03	dialogue	183	3	$m0「ボクの体力が<CR>$xもう　半分しかないみょ！<CR>$xだれか　回復してみょー。	"$m0: ""I've only got half my HP left, myo! Somebody heal me, myooo!"""		enemy_conkjurer,hp	independent_dialogue_reviewed_series_terms	Independently translated from the pinned Japanese; existing species identities retained. Full wording, measured wrapping, no display abbreviation. Speech quirks and jokes are project adaptations. Preserve all semantic substitutions; replace $x indentation with measured line breaks.
companion.dialogue.183.04	dialogue	183	4	$m0「もう　ちょびっと<CR>$x身体も　きたえておくべき<CR>$xだったかみょしれない……。	"$m0: ""Maybe I should have trained my body a little more, myo..."""		enemy_conkjurer	independent_dialogue_reviewed_series_terms	Independently translated from the pinned Japanese; existing species identities retained. Full wording, measured wrapping, no display abbreviation. Speech quirks and jokes are project adaptations. Preserve all semantic substitutions; replace $x indentation with measured line breaks.
companion.dialogue.183.05	dialogue	183	5	$m0「たいへんみょ！<CR>$xボクの体力が　すかんぴんみょ。<CR>$xだれか　たすけてみょー！	"$m0: ""It's terrible, myo! I'm completely out of strength! Somebody help, myooo!"""		enemy_conkjurer	independent_dialogue_reviewed_series_terms	Independently translated from the pinned Japanese; existing species identities retained. Full wording, measured wrapping, no display abbreviation. Speech quirks and jokes are project adaptations. Preserve all semantic substitutions; replace $x indentation with measured line breaks.
companion.dialogue.183.06	dialogue	183	6	$m0「ふふん。<CR>$xレベルアップしちゃったみょ。<CR>$xさすが　ボクだみょ。	"$m0: ""Heh! I've levelled up, myo. Just what you'd expect of me, myo."""		enemy_conkjurer	independent_dialogue_reviewed_series_terms	Independently translated from the pinned Japanese; existing species identities retained. Full wording, measured wrapping, no display abbreviation. Speech quirks and jokes are project adaptations. Preserve all semantic substitutions; replace $x indentation with measured line breaks.
companion.dialogue.183.07	dialogue	183	7	$m0「みょほほ。<CR>$xレベルが上がってしまったみょ。<CR>$xボクって　やっぱりスゴいみょ。	"$m0: ""Myohoho! My level went up, myo! I really am amazing, myo."""		enemy_conkjurer	independent_dialogue_reviewed_series_terms	Independently translated from the pinned Japanese; existing species identities retained. Full wording, measured wrapping, no display abbreviation. Speech quirks and jokes are project adaptations. Preserve all semantic substitutions; replace $x indentation with measured line breaks.
companion.dialogue.184.00	dialogue	184	0	$m0「早く　べホマズンも<CR>$xつかえるように　なりたいです。	"$m0: ""I hope I can learn to use Omniheal soon too."""		enemy_epipany,spell.omniheal	independent_dialogue_reviewed_series_terms	Independently translated from the pinned Japanese; existing species identities retained. Full wording, measured wrapping, no display abbreviation. Speech quirks and jokes are project adaptations. Preserve all semantic substitutions; replace $x indentation with measured line breaks.
companion.dialogue.184.01	dialogue	184	1	$m0「ふふ……。<CR>$xあなたの　お手つだいが<CR>$xできて　とても　うれしいです。	"$m0: ""Hee hee... I'm very happy to be able to help you."""		enemy_epipany	independent_dialogue_reviewed_series_terms	Independently translated from the pinned Japanese; existing species identities retained. Full wording, measured wrapping, no display abbreviation. Speech quirks and jokes are project adaptations. Preserve all semantic substitutions; replace $x indentation with measured line breaks.
companion.dialogue.184.02	dialogue	184	2	$m0「ほかの　みんなが<CR>$xなぐられるくらいなら　わたしが<CR>$xその分を　うけましょう。	"$m0: ""Rather than let everyone else be hit, I'll take those blows myself."""		enemy_epipany	independent_dialogue_reviewed_series_terms	Independently translated from the pinned Japanese; existing species identities retained. Full wording, measured wrapping, no display abbreviation. Speech quirks and jokes are project adaptations. Preserve all semantic substitutions; replace $x indentation with measured line breaks.
companion.dialogue.184.03	dialogue	184	3	$m0「わたしの体力は<CR>$xまだ　半分ありますよ。<CR>$xあなたは　平気ですか？	"$m0: ""I still have half my HP. Are you all right?"""		enemy_epipany,hp	independent_dialogue_reviewed_series_terms	Independently translated from the pinned Japanese; existing species identities retained. Full wording, measured wrapping, no display abbreviation. Speech quirks and jokes are project adaptations. Preserve all semantic substitutions; replace $x indentation with measured line breaks.
companion.dialogue.184.04	dialogue	184	4	$m0「いけない！<CR>$xわたしが　みんなより　先に<CR>$x倒れては……。	"$m0: ""Oh no! I mustn't fall before everyone else..."""		enemy_epipany	independent_dialogue_reviewed_series_terms	Independently translated from the pinned Japanese; existing species identities retained. Full wording, measured wrapping, no display abbreviation. Speech quirks and jokes are project adaptations. Preserve all semantic substitutions; replace $x indentation with measured line breaks.
companion.dialogue.184.05	dialogue	184	5	$m0「ああ……。<CR>$xそろそろ　体力がなくなります。<CR>$x回復呪文の用意を……。	"$m0: ""Oh... I'm nearly out of strength. I'd better ready a healing spell..."""		enemy_epipany	independent_dialogue_reviewed_series_terms	Independently translated from the pinned Japanese; existing species identities retained. Full wording, measured wrapping, no display abbreviation. Speech quirks and jokes are project adaptations. Preserve all semantic substitutions; replace $x indentation with measured line breaks.
companion.dialogue.184.06	dialogue	184	6	$m0「みんなが<CR>$xがんばってくれたから<CR>$xわたしも　レベルアップしました。	"$m0: ""Everyone worked so hard that I levelled up too."""		enemy_epipany	independent_dialogue_reviewed_series_terms	Independently translated from the pinned Japanese; existing species identities retained. Full wording, measured wrapping, no display abbreviation. Speech quirks and jokes are project adaptations. Preserve all semantic substitutions; replace $x indentation with measured line breaks.
companion.dialogue.184.07	dialogue	184	7	$m0「ごめんなさい。<CR>$xもしかして　わたし　ひとりだけ<CR>$xレベル　上がりましたか？	"$m0: ""I'm sorry. Was I perhaps the only one whose level went up?"""		enemy_epipany	independent_dialogue_reviewed_series_terms	Independently translated from the pinned Japanese; existing species identities retained. Full wording, measured wrapping, no display abbreviation. Speech quirks and jokes are project adaptations. Preserve all semantic substitutions; replace $x indentation with measured line breaks.
companion.dialogue.185.00	dialogue	185	0	$m0「わたくちの呪文で<CR>$xみなたんを　お守りちまつ。	"$m0: ""I'll protect everyone with my shpellsh."""		enemy_conkuisitor	independent_dialogue_reviewed_series_terms	Independently translated from the pinned Japanese; existing species identities retained. Full wording, measured wrapping, no display abbreviation. Speech quirks and jokes are project adaptations. Preserve all semantic substitutions; replace $x indentation with measured line breaks.
companion.dialogue.185.01	dialogue	185	1	$m0「まかててください。<CR>$xわたくちは　回復呪文のプロ<CR>$xでちからね。	"$m0: ""Leave it to me. I'm an expert at healing shpellsh, you know."""		enemy_conkuisitor	independent_dialogue_reviewed_series_terms	Independently translated from the pinned Japanese; existing species identities retained. Full wording, measured wrapping, no display abbreviation. Speech quirks and jokes are project adaptations. Preserve all semantic substitutions; replace $x indentation with measured line breaks.
companion.dialogue.185.02	dialogue	185	2	$m0「少ちくらい<CR>$xいたくても　あとで回復呪文を<CR>$xかけまつから　ガマンしまつ。	"$m0: ""I'll put up with a little pain. I can casht a healing shpell later."""		enemy_conkuisitor	independent_dialogue_reviewed_series_terms	Independently translated from the pinned Japanese; existing species identities retained. Full wording, measured wrapping, no display abbreviation. Speech quirks and jokes are project adaptations. Preserve all semantic substitutions; replace $x indentation with measured line breaks.
companion.dialogue.185.03	dialogue	185	3	$m0「わたくちの体力は<CR>$x半分くらい　残っていまつ。<CR>$xまだ　よゆうでつね。	"$m0: ""I've shtill got about half my HP. Plenty to shpare."""		enemy_conkuisitor,hp	independent_dialogue_reviewed_series_terms	Independently translated from the pinned Japanese; existing species identities retained. Full wording, measured wrapping, no display abbreviation. Speech quirks and jokes are project adaptations. Preserve all semantic substitutions; replace $x indentation with measured line breaks.
companion.dialogue.185.04	dialogue	185	4	$m0「自分のために<CR>$x回復呪文は　かけたくないでつが<CR>$xそろそろ　キケンでつね。	"$m0: ""I'd rather not use healing shpellsh for myself, but thish is getting dangerous."""		enemy_conkuisitor	independent_dialogue_reviewed_series_terms	Independently translated from the pinned Japanese; existing species identities retained. Full wording, measured wrapping, no display abbreviation. Speech quirks and jokes are project adaptations. Preserve all semantic substitutions; replace $x indentation with measured line breaks.
companion.dialogue.185.05	dialogue	185	5	$m0「いけまてん！<CR>$xわたくちの体力が　もう<CR>$x残っていないでつよ！	"$m0: ""Thish won't do! I've got no shtrength left!"""		enemy_conkuisitor	independent_dialogue_reviewed_series_terms	Independently translated from the pinned Japanese; existing species identities retained. Full wording, measured wrapping, no display abbreviation. Speech quirks and jokes are project adaptations. Preserve all semantic substitutions; replace $x indentation with measured line breaks.
companion.dialogue.185.06	dialogue	185	6	$m0「わたくち　先ほど<CR>$xレベルアップしまちた。	"$m0: ""I levelled up jusht now."""		enemy_conkuisitor	independent_dialogue_reviewed_series_terms	Independently translated from the pinned Japanese; existing species identities retained. Full wording, measured wrapping, no display abbreviation. Speech quirks and jokes are project adaptations. Preserve all semantic substitutions; replace $x indentation with measured line breaks.
companion.dialogue.185.07	dialogue	185	7	$m0「よろこんでくだたい。<CR>$xわたくちのレベルが　上がりまつた。	"$m0: ""Please be happy for me. My level hash gone up."""		enemy_conkuisitor	independent_dialogue_reviewed_series_terms	Independently translated from the pinned Japanese; existing species identities retained. Full wording, measured wrapping, no display abbreviation. Speech quirks and jokes are project adaptations. Preserve all semantic substitutions; replace $x indentation with measured line breaks.
companion.dialogue.186.00	dialogue	186	0	$m0「今日も<CR>$xよろしくたのむよ。<CR>$x$tくん。	"$m0: ""I'm counting on you again today, $t."""		enemy_hell_justice,enemy_tipper,torneko	independent_dialogue_reviewed_series_terms	Independently translated from the pinned Japanese; existing species identities retained. Full wording, measured wrapping, no display abbreviation. Speech quirks and jokes are project adaptations. Preserve all semantic substitutions; replace $x indentation with measured line breaks. These three records contain identical Japanese at distinct addresses; identical English is intentional and does not prove boss recruitment or speaker identity.
companion.dialogue.186.01	dialogue	186	1	$m0「いつぞやは　私の弟が<CR>$xめいわくを　かけたようだ。<CR>$xすまなかったね。	"$m0: ""It seems my younger brother caused you trouble some time ago. I'm sorry about that."""		enemy_hell_justice	independent_dialogue_reviewed_series_terms	Independently translated from the pinned Japanese; existing species identities retained. Full wording, measured wrapping, no display abbreviation. Speech quirks and jokes are project adaptations. Preserve all semantic substitutions; replace $x indentation with measured line breaks. These three records contain identical Japanese at distinct addresses; identical English is intentional and does not prove boss recruitment or speaker identity.
companion.dialogue.186.02	dialogue	186	2	$m0「私に　キズを<CR>$xおわせるものが　いたとは<CR>$xこの世は　広いな。	"$m0: ""So there are those who can wound me. The world is a vast place."""		enemy_hell_justice	independent_dialogue_reviewed_series_terms	Independently translated from the pinned Japanese; existing species identities retained. Full wording, measured wrapping, no display abbreviation. Speech quirks and jokes are project adaptations. Preserve all semantic substitutions; replace $x indentation with measured line breaks. These three records contain identical Japanese at distinct addresses; identical English is intentional and does not prove boss recruitment or speaker identity.
companion.dialogue.186.03	dialogue	186	3	$m0「ふむ？<CR>$x私のカラダを　心配しとるのか？<CR>$xはっはっは。　大丈夫だ！	"$m0: ""Hmm? Worried about my health? Hahaha! I'm perfectly fine!"""		enemy_hell_justice	independent_dialogue_reviewed_series_terms	Independently translated from the pinned Japanese; existing species identities retained. Full wording, measured wrapping, no display abbreviation. Speech quirks and jokes are project adaptations. Preserve all semantic substitutions; replace $x indentation with measured line breaks. These three records contain identical Japanese at distinct addresses; identical English is intentional and does not prove boss recruitment or speaker identity.
companion.dialogue.186.04	dialogue	186	4	$m0「くっ……。<CR>$xわたしとしたことが<CR>$xとんだ　油断をしたものだ……。	"$m0: ""Ugh... How unlike me to let my guard down so badly..."""		enemy_hell_justice	independent_dialogue_reviewed_series_terms	Independently translated from the pinned Japanese; existing species identities retained. Full wording, measured wrapping, no display abbreviation. Speech quirks and jokes are project adaptations. Preserve all semantic substitutions; replace $x indentation with measured line breaks. These three records contain identical Japanese at distinct addresses; identical English is intentional and does not prove boss recruitment or speaker identity.
companion.dialogue.186.05	dialogue	186	5	$m0「いかん……<CR>$xキズで　思うように動けぬ。<CR>$xそろそろ　終わりか……。	"$m0: ""This is bad... My wounds keep me from moving freely. Is the end near...?"""		enemy_hell_justice	independent_dialogue_reviewed_series_terms	Independently translated from the pinned Japanese; existing species identities retained. Full wording, measured wrapping, no display abbreviation. Speech quirks and jokes are project adaptations. Preserve all semantic substitutions; replace $x indentation with measured line breaks. These three records contain identical Japanese at distinct addresses; identical English is intentional and does not prove boss recruitment or speaker identity.
companion.dialogue.186.06	dialogue	186	6	$m0「男たるもの<CR>$xレベルアップごときで<CR>$xうかれては　おられぬのだ。	"$m0: ""A man must not get carried away over something as trifling as a level up."""		enemy_hell_justice	independent_dialogue_reviewed_series_terms	Independently translated from the pinned Japanese; existing species identities retained. Full wording, measured wrapping, no display abbreviation. Speech quirks and jokes are project adaptations. Preserve all semantic substitutions; replace $x indentation with measured line breaks. These three records contain identical Japanese at distinct addresses; identical English is intentional and does not prove boss recruitment or speaker identity.
companion.dialogue.186.07	dialogue	186	7	$m0「ふっ……。<CR>$xこの私に　まだ　レベルアップなぞ<CR>$xあったとはな……。	"$m0: ""Heh... To think there were still levels left for me to gain..."""		enemy_hell_justice	independent_dialogue_reviewed_series_terms	Independently translated from the pinned Japanese; existing species identities retained. Full wording, measured wrapping, no display abbreviation. Speech quirks and jokes are project adaptations. Preserve all semantic substitutions; replace $x indentation with measured line breaks. These three records contain identical Japanese at distinct addresses; identical English is intentional and does not prove boss recruitment or speaker identity.
companion.dialogue.187.00	dialogue	187	0	$m0「今日も<CR>$xよろしくたのむよ。<CR>$x$tくん。	"$m0: ""I'm counting on you again today, $t."""		enemy_boss_for,enemy_tipper,torneko	independent_dialogue_reviewed_series_terms	Independently translated from the pinned Japanese; existing species identities retained. Full wording, measured wrapping, no display abbreviation. Speech quirks and jokes are project adaptations. Preserve all semantic substitutions; replace $x indentation with measured line breaks. These three records contain identical Japanese at distinct addresses; identical English is intentional and does not prove boss recruitment or speaker identity.
companion.dialogue.187.01	dialogue	187	1	$m0「いつぞやは　私の弟が<CR>$xめいわくを　かけたようだ。<CR>$xすまなかったね。	"$m0: ""It seems my younger brother caused you trouble some time ago. I'm sorry about that."""		enemy_boss_for	independent_dialogue_reviewed_series_terms	Independently translated from the pinned Japanese; existing species identities retained. Full wording, measured wrapping, no display abbreviation. Speech quirks and jokes are project adaptations. Preserve all semantic substitutions; replace $x indentation with measured line breaks. These three records contain identical Japanese at distinct addresses; identical English is intentional and does not prove boss recruitment or speaker identity.
companion.dialogue.187.02	dialogue	187	2	$m0「私に　キズを<CR>$xおわせるものが　いたとは<CR>$xこの世は　広いな。	"$m0: ""So there are those who can wound me. The world is a vast place."""		enemy_boss_for	independent_dialogue_reviewed_series_terms	Independently translated from the pinned Japanese; existing species identities retained. Full wording, measured wrapping, no display abbreviation. Speech quirks and jokes are project adaptations. Preserve all semantic substitutions; replace $x indentation with measured line breaks. These three records contain identical Japanese at distinct addresses; identical English is intentional and does not prove boss recruitment or speaker identity.
companion.dialogue.187.03	dialogue	187	3	$m0「ふむ？<CR>$x私のカラダを　心配しとるのか？<CR>$xはっはっは。　大丈夫だ！	"$m0: ""Hmm? Worried about my health? Hahaha! I'm perfectly fine!"""		enemy_boss_for	independent_dialogue_reviewed_series_terms	Independently translated from the pinned Japanese; existing species identities retained. Full wording, measured wrapping, no display abbreviation. Speech quirks and jokes are project adaptations. Preserve all semantic substitutions; replace $x indentation with measured line breaks. These three records contain identical Japanese at distinct addresses; identical English is intentional and does not prove boss recruitment or speaker identity.
companion.dialogue.187.04	dialogue	187	4	$m0「くっ……。<CR>$xわたしとしたことが<CR>$xとんだ　油断をしたものだ……。	"$m0: ""Ugh... How unlike me to let my guard down so badly..."""		enemy_boss_for	independent_dialogue_reviewed_series_terms	Independently translated from the pinned Japanese; existing species identities retained. Full wording, measured wrapping, no display abbreviation. Speech quirks and jokes are project adaptations. Preserve all semantic substitutions; replace $x indentation with measured line breaks. These three records contain identical Japanese at distinct addresses; identical English is intentional and does not prove boss recruitment or speaker identity.
companion.dialogue.187.05	dialogue	187	5	$m0「いかん……<CR>$xキズで　思うように動けぬ。<CR>$xそろそろ　終わりか……。	"$m0: ""This is bad... My wounds keep me from moving freely. Is the end near...?"""		enemy_boss_for	independent_dialogue_reviewed_series_terms	Independently translated from the pinned Japanese; existing species identities retained. Full wording, measured wrapping, no display abbreviation. Speech quirks and jokes are project adaptations. Preserve all semantic substitutions; replace $x indentation with measured line breaks. These three records contain identical Japanese at distinct addresses; identical English is intentional and does not prove boss recruitment or speaker identity.
companion.dialogue.187.06	dialogue	187	6	$m0「男たるもの<CR>$xレベルアップごときで<CR>$xうかれては　おられぬのだ。	"$m0: ""A man must not get carried away over something as trifling as a level up."""		enemy_boss_for	independent_dialogue_reviewed_series_terms	Independently translated from the pinned Japanese; existing species identities retained. Full wording, measured wrapping, no display abbreviation. Speech quirks and jokes are project adaptations. Preserve all semantic substitutions; replace $x indentation with measured line breaks. These three records contain identical Japanese at distinct addresses; identical English is intentional and does not prove boss recruitment or speaker identity.
companion.dialogue.187.07	dialogue	187	7	$m0「ふっ……。<CR>$xこの私に　まだ　レベルアップなぞ<CR>$xあったとはな……。	"$m0: ""Heh... To think there were still levels left for me to gain..."""		enemy_boss_for	independent_dialogue_reviewed_series_terms	Independently translated from the pinned Japanese; existing species identities retained. Full wording, measured wrapping, no display abbreviation. Speech quirks and jokes are project adaptations. Preserve all semantic substitutions; replace $x indentation with measured line breaks. These three records contain identical Japanese at distinct addresses; identical English is intentional and does not prove boss recruitment or speaker identity.
companion.dialogue.188.00	dialogue	188	0	$m0「今日も<CR>$xよろしくたのむよ。<CR>$x$tくん。	"$m0: ""I'm counting on you again today, $t."""		enemy_justice_s_elder_brother,enemy_tipper,torneko	independent_dialogue_reviewed_series_terms	Independently translated from the pinned Japanese; existing species identities retained. Full wording, measured wrapping, no display abbreviation. Speech quirks and jokes are project adaptations. Preserve all semantic substitutions; replace $x indentation with measured line breaks. These three records contain identical Japanese at distinct addresses; identical English is intentional and does not prove boss recruitment or speaker identity.
companion.dialogue.188.01	dialogue	188	1	$m0「いつぞやは　私の弟が<CR>$xめいわくを　かけたようだ。<CR>$xすまなかったね。	"$m0: ""It seems my younger brother caused you trouble some time ago. I'm sorry about that."""		enemy_justice_s_elder_brother	independent_dialogue_reviewed_series_terms	Independently translated from the pinned Japanese; existing species identities retained. Full wording, measured wrapping, no display abbreviation. Speech quirks and jokes are project adaptations. Preserve all semantic substitutions; replace $x indentation with measured line breaks. These three records contain identical Japanese at distinct addresses; identical English is intentional and does not prove boss recruitment or speaker identity.
companion.dialogue.188.02	dialogue	188	2	$m0「私に　キズを<CR>$xおわせるものが　いたとは<CR>$xこの世は　広いな。	"$m0: ""So there are those who can wound me. The world is a vast place."""		enemy_justice_s_elder_brother	independent_dialogue_reviewed_series_terms	Independently translated from the pinned Japanese; existing species identities retained. Full wording, measured wrapping, no display abbreviation. Speech quirks and jokes are project adaptations. Preserve all semantic substitutions; replace $x indentation with measured line breaks. These three records contain identical Japanese at distinct addresses; identical English is intentional and does not prove boss recruitment or speaker identity.
companion.dialogue.188.03	dialogue	188	3	$m0「ふむ？<CR>$x私のカラダを　心配しとるのか？<CR>$xはっはっは。　大丈夫だ！	"$m0: ""Hmm? Worried about my health? Hahaha! I'm perfectly fine!"""		enemy_justice_s_elder_brother	independent_dialogue_reviewed_series_terms	Independently translated from the pinned Japanese; existing species identities retained. Full wording, measured wrapping, no display abbreviation. Speech quirks and jokes are project adaptations. Preserve all semantic substitutions; replace $x indentation with measured line breaks. These three records contain identical Japanese at distinct addresses; identical English is intentional and does not prove boss recruitment or speaker identity.
companion.dialogue.188.04	dialogue	188	4	$m0「くっ……。<CR>$xわたしとしたことが<CR>$xとんだ　油断をしたものだ……。	"$m0: ""Ugh... How unlike me to let my guard down so badly..."""		enemy_justice_s_elder_brother	independent_dialogue_reviewed_series_terms	Independently translated from the pinned Japanese; existing species identities retained. Full wording, measured wrapping, no display abbreviation. Speech quirks and jokes are project adaptations. Preserve all semantic substitutions; replace $x indentation with measured line breaks. These three records contain identical Japanese at distinct addresses; identical English is intentional and does not prove boss recruitment or speaker identity.
companion.dialogue.188.05	dialogue	188	5	$m0「いかん……<CR>$xキズで　思うように動けぬ。<CR>$xそろそろ　終わりか……。	"$m0: ""This is bad... My wounds keep me from moving freely. Is the end near...?"""		enemy_justice_s_elder_brother	independent_dialogue_reviewed_series_terms	Independently translated from the pinned Japanese; existing species identities retained. Full wording, measured wrapping, no display abbreviation. Speech quirks and jokes are project adaptations. Preserve all semantic substitutions; replace $x indentation with measured line breaks. These three records contain identical Japanese at distinct addresses; identical English is intentional and does not prove boss recruitment or speaker identity.
companion.dialogue.188.06	dialogue	188	6	$m0「男たるもの<CR>$xレベルアップごときで<CR>$xうかれては　おられぬのだ。	"$m0: ""A man must not get carried away over something as trifling as a level up."""		enemy_justice_s_elder_brother	independent_dialogue_reviewed_series_terms	Independently translated from the pinned Japanese; existing species identities retained. Full wording, measured wrapping, no display abbreviation. Speech quirks and jokes are project adaptations. Preserve all semantic substitutions; replace $x indentation with measured line breaks. These three records contain identical Japanese at distinct addresses; identical English is intentional and does not prove boss recruitment or speaker identity.
companion.dialogue.188.07	dialogue	188	7	$m0「ふっ……。<CR>$xこの私に　まだ　レベルアップなぞ<CR>$xあったとはな……。	"$m0: ""Heh... To think there were still levels left for me to gain..."""		enemy_justice_s_elder_brother	independent_dialogue_reviewed_series_terms	Independently translated from the pinned Japanese; existing species identities retained. Full wording, measured wrapping, no display abbreviation. Speech quirks and jokes are project adaptations. Preserve all semantic substitutions; replace $x indentation with measured line breaks. These three records contain identical Japanese at distinct addresses; identical English is intentional and does not prove boss recruitment or speaker identity.
companion.dialogue.189.00	dialogue	189	0	よやく	Reserved		enemy_hell_justice	independent_dialogue_reviewed_series_terms	Reserved/test-style source translated as written; natural use is unverified. Preserve substitutions and row identity; no invented conversation or changed game logic.
companion.dialogue.189.01	dialogue	189	1	よやく	Reserved		enemy_hell_justice	independent_dialogue_reviewed_series_terms	Reserved/test-style source translated as written; natural use is unverified. Preserve substitutions and row identity; no invented conversation or changed game logic.
companion.dialogue.189.02	dialogue	189	2	よやく	Reserved		enemy_hell_justice	independent_dialogue_reviewed_series_terms	Reserved/test-style source translated as written; natural use is unverified. Preserve substitutions and row identity; no invented conversation or changed game logic.
companion.dialogue.189.03	dialogue	189	3	よやく	Reserved		enemy_hell_justice	independent_dialogue_reviewed_series_terms	Reserved/test-style source translated as written; natural use is unverified. Preserve substitutions and row identity; no invented conversation or changed game logic.
companion.dialogue.189.04	dialogue	189	4	よやく	Reserved		enemy_hell_justice	independent_dialogue_reviewed_series_terms	Reserved/test-style source translated as written; natural use is unverified. Preserve substitutions and row identity; no invented conversation or changed game logic.
companion.dialogue.189.05	dialogue	189	5	よやく	Reserved		enemy_hell_justice	independent_dialogue_reviewed_series_terms	Reserved/test-style source translated as written; natural use is unverified. Preserve substitutions and row identity; no invented conversation or changed game logic.
companion.dialogue.189.06	dialogue	189	6	よやく	Reserved		enemy_hell_justice	independent_dialogue_reviewed_series_terms	Reserved/test-style source translated as written; natural use is unverified. Preserve substitutions and row identity; no invented conversation or changed game logic.
companion.dialogue.189.07	dialogue	189	7	よやく	Reserved		enemy_hell_justice	independent_dialogue_reviewed_series_terms	Reserved/test-style source translated as written; natural use is unverified. Preserve substitutions and row identity; no invented conversation or changed game logic.
companion.dialogue.190.00	dialogue	190	0	よやく	Reserved		enemy_reserved	independent_dialogue_reviewed_series_terms	Reserved/test-style source translated as written; natural use is unverified. Preserve substitutions and row identity; no invented conversation or changed game logic.
companion.dialogue.190.01	dialogue	190	1	よやく	Reserved		enemy_reserved	independent_dialogue_reviewed_series_terms	Reserved/test-style source translated as written; natural use is unverified. Preserve substitutions and row identity; no invented conversation or changed game logic.
companion.dialogue.190.02	dialogue	190	2	よやく	Reserved		enemy_reserved	independent_dialogue_reviewed_series_terms	Reserved/test-style source translated as written; natural use is unverified. Preserve substitutions and row identity; no invented conversation or changed game logic.
companion.dialogue.190.03	dialogue	190	3	よやく	Reserved		enemy_reserved	independent_dialogue_reviewed_series_terms	Reserved/test-style source translated as written; natural use is unverified. Preserve substitutions and row identity; no invented conversation or changed game logic.
companion.dialogue.190.04	dialogue	190	4	よやく	Reserved		enemy_reserved	independent_dialogue_reviewed_series_terms	Reserved/test-style source translated as written; natural use is unverified. Preserve substitutions and row identity; no invented conversation or changed game logic.
companion.dialogue.190.05	dialogue	190	5	よやく	Reserved		enemy_reserved	independent_dialogue_reviewed_series_terms	Reserved/test-style source translated as written; natural use is unverified. Preserve substitutions and row identity; no invented conversation or changed game logic.
companion.dialogue.190.06	dialogue	190	6	よやく	Reserved		enemy_reserved	independent_dialogue_reviewed_series_terms	Reserved/test-style source translated as written; natural use is unverified. Preserve substitutions and row identity; no invented conversation or changed game logic.
companion.dialogue.190.07	dialogue	190	7	よやく	Reserved		enemy_reserved	independent_dialogue_reviewed_series_terms	Reserved/test-style source translated as written; natural use is unverified. Preserve substitutions and row identity; no invented conversation or changed game logic.
companion.dialogue.191.00	dialogue	191	0	$m0「$tさん　オイラの宝物<CR>$xちゃんと　持ってんだろうね。	"$m0: ""$t, you've still got my treasure safe, haven't you?"""		enemy_rosa,enemy_tipper,torneko	independent_dialogue_reviewed_series_terms	Independently translated from the pinned Japanese; existing species identities retained. Full wording, measured wrapping, no display abbreviation. Speech quirks and jokes are project adaptations. Preserve all semantic substitutions; replace $x indentation with measured line breaks.
companion.dialogue.191.01	dialogue	191	1	$m0「オイラは　バッチリ元気だぜ！<CR>$x心配すんなって！	"$m0: ""I'm bursting with energy! Don't worry about me!"""		enemy_rosa	independent_dialogue_reviewed_series_terms	Independently translated from the pinned Japanese; existing species identities retained. Full wording, measured wrapping, no display abbreviation. Speech quirks and jokes are project adaptations. Preserve all semantic substitutions; replace $x indentation with measured line breaks.
companion.dialogue.191.02	dialogue	191	2	$m0「わっはっは！<CR>$x冒険してこそ　オトコってもんだよな<CR>$x$tさん！	"$m0: ""Wahahaha! Adventure's what makes a man, eh, $t?"""		enemy_rosa,enemy_tipper,torneko	independent_dialogue_reviewed_series_terms	Independently translated from the pinned Japanese; existing species identities retained. Full wording, measured wrapping, no display abbreviation. Speech quirks and jokes are project adaptations. Preserve all semantic substitutions; replace $x indentation with measured line breaks.
companion.dialogue.191.03	dialogue	191	3	$m0「おっとっと！　ダンジョンは　<CR>$xいろんな　モノが　落ちてるから<CR>$x気をつけなきゃな。	"$m0: ""Whoa! All sorts of things lie around in dungeons. I'd better watch my step."""		enemy_rosa	independent_dialogue_reviewed_series_terms	Independently translated from the pinned Japanese; existing species identities retained. Full wording, measured wrapping, no display abbreviation. Speech quirks and jokes are project adaptations. Preserve all semantic substitutions; replace $x indentation with measured line breaks.
companion.dialogue.191.04	dialogue	191	4	$m0「ピ～ピ～ピピ～♪<CR>$xあっ　オイラの　口笛聞いてたの？<CR>$xへへっ　なかなかのモンだろ。	"$m0: ""Fwee, fwee, fwee-fwee! Oh, you heard me whistling? Heh! Pretty good, eh?"""		enemy_rosa	independent_dialogue_reviewed_series_terms	Independently translated from the pinned Japanese; existing species identities retained. Full wording, measured wrapping, no display abbreviation. Speech quirks and jokes are project adaptations. Preserve all semantic substitutions; replace $x indentation with measured line breaks.
companion.dialogue.191.05	dialogue	191	5	$m0「いてえ～っ！<CR>$xなんで　オイラが　ケガしなきゃ<CR>$xいけないんだよお～。	"$m0: ""Owww! Why do I have to get hurt!?"""		enemy_rosa	independent_dialogue_reviewed_series_terms	Independently translated from the pinned Japanese; existing species identities retained. Full wording, measured wrapping, no display abbreviation. Speech quirks and jokes are project adaptations. Preserve all semantic substitutions; replace $x indentation with measured line breaks.
companion.dialogue.191.06	dialogue	191	6	$m0「ちぇっ　こんなところに<CR>$xアザが　できちゃったよ……。	"$m0: ""Tch! I've got a bruise right here..."""		enemy_rosa	independent_dialogue_reviewed_series_terms	Independently translated from the pinned Japanese; existing species identities retained. Full wording, measured wrapping, no display abbreviation. Speech quirks and jokes are project adaptations. Preserve all semantic substitutions; replace $x indentation with measured line breaks.
companion.dialogue.191.07	dialogue	191	7	$m0「$tさんって　けっこう<CR>$xタフだよな。　オイラ　弱いから<CR>$x守ってくれよ。	"$m0: ""You're pretty tough, $t. I'm weak, so protect me, will you?"""		enemy_rosa,enemy_tipper,torneko	independent_dialogue_reviewed_series_terms	Independently translated from the pinned Japanese; existing species identities retained. Full wording, measured wrapping, no display abbreviation. Speech quirks and jokes are project adaptations. Preserve all semantic substitutions; replace $x indentation with measured line breaks.
companion.dialogue.191.08	dialogue	191	8	$m0「勉強よりは　イイけど<CR>$xダンジョン冒険も　大変だな……。	"$m0: ""It's better than studying, but exploring dungeons is hard work..."""		enemy_rosa	independent_dialogue_reviewed_series_terms	Independently translated from the pinned Japanese; existing species identities retained. Full wording, measured wrapping, no display abbreviation. Speech quirks and jokes are project adaptations. Preserve all semantic substitutions; replace $x indentation with measured line breaks.
companion.dialogue.191.09	dialogue	191	9	$m0「え？　オイラの　体調？<CR>$xう～ん……　まあまあ……かな？	"$m0: ""Huh? How am I feeling? Hmm... So-so, I guess?"""		enemy_rosa	independent_dialogue_reviewed_series_terms	Independently translated from the pinned Japanese; existing species identities retained. Full wording, measured wrapping, no display abbreviation. Speech quirks and jokes are project adaptations. Preserve all semantic substitutions; replace $x indentation with measured line breaks.
companion.dialogue.191.10	dialogue	191	10	$m0「うっ　いてえ……　いてえよう<CR>$x$tさん～。<CR>$xもう　出ようよ～。	"$m0: ""Ooh, it hurts... It hurts, $t! Let's get out of here!"""		enemy_rosa,enemy_tipper,torneko	independent_dialogue_reviewed_series_terms	Independently translated from the pinned Japanese; existing species identities retained. Full wording, measured wrapping, no display abbreviation. Speech quirks and jokes are project adaptations. Preserve all semantic substitutions; replace $x indentation with measured line breaks.
companion.dialogue.191.11	dialogue	191	11	$m0「オイラ　自分でも　ずいぶん<CR>$xがんばったと　思うぜ。<CR>$xでも　そろそろ　ダメかも……。	"$m0: ""I think I've worked pretty hard, if I say so myself. But I might be done for soon..."""		enemy_rosa	independent_dialogue_reviewed_series_terms	Independently translated from the pinned Japanese; existing species identities retained. Full wording, measured wrapping, no display abbreviation. Speech quirks and jokes are project adaptations. Preserve all semantic substitutions; replace $x indentation with measured line breaks.
companion.dialogue.191.12	dialogue	191	12	$m0「はっきり　言って　ダメ！<CR>$xもう　がんばれないって。	"$m0: ""To be blunt, no! I can't keep going!"""		enemy_rosa	independent_dialogue_reviewed_series_terms	Independently translated from the pinned Japanese; existing species identities retained. Full wording, measured wrapping, no display abbreviation. Speech quirks and jokes are project adaptations. Preserve all semantic substitutions; replace $x indentation with measured line breaks.
companion.dialogue.191.13	dialogue	191	13	$m0「あ～　もう　帰って<CR>$x寝たいよ～。	"$m0: ""Oh, I just want to go home and sleep!"""		enemy_rosa	independent_dialogue_reviewed_series_terms	Independently translated from the pinned Japanese; existing species identities retained. Full wording, measured wrapping, no display abbreviation. Speech quirks and jokes are project adaptations. Preserve all semantic substitutions; replace $x indentation with measured line breaks.
companion.dialogue.191.14	dialogue	191	14	$m0「このままじゃ　オイラ　もうダメだ。<CR>$x$tさん　なんとかしてくれよ～。	"$m0: ""I can't go on like this. Do something, $t!"""		enemy_rosa,enemy_tipper,torneko	independent_dialogue_reviewed_series_terms	Independently translated from the pinned Japanese; existing species identities retained. Full wording, measured wrapping, no display abbreviation. Speech quirks and jokes are project adaptations. Preserve all semantic substitutions; replace $x indentation with measured line breaks.
companion.dialogue.191.15	dialogue	191	15	$m0「へっへっへ～　レベルアップだ。<CR>$xどんなもんだい！	"$m0: ""Heh heh heh! Level up! How about that!?"""		enemy_rosa	independent_dialogue_reviewed_series_terms	Independently translated from the pinned Japanese; existing species identities retained. Full wording, measured wrapping, no display abbreviation. Speech quirks and jokes are project adaptations. Preserve all semantic substitutions; replace $x indentation with measured line breaks.
companion.dialogue.191.16	dialogue	191	16	$m0「勉強も　このくらい<CR>$xレベルアップできたらなあ……。	"$m0: ""If only I could level up this easily in my studies..."""		enemy_rosa	independent_dialogue_reviewed_series_terms	Independently translated from the pinned Japanese; existing species identities retained. Full wording, measured wrapping, no display abbreviation. Speech quirks and jokes are project adaptations. Preserve all semantic substitutions; replace $x indentation with measured line breaks.
companion.dialogue.191.17	dialogue	191	17	$m0「おっと　この調子じゃ<CR>$x$tさんより　強くなっちゃうかも<CR>$xしれないぜ～。	"$m0: ""Whoa! At this rate, I might get stronger than you, $t!"""		enemy_rosa,enemy_tipper,torneko	independent_dialogue_reviewed_series_terms	Independently translated from the pinned Japanese; existing species identities retained. Full wording, measured wrapping, no display abbreviation. Speech quirks and jokes are project adaptations. Preserve all semantic substitutions; replace $x indentation with measured line breaks.
companion.dialogue.191.18	dialogue	191	18	$m0「よっしゃ　レベルアップだ！<CR>$xどんどん　いこうぜ！	"$m0: ""All right! Level up! Let's keep going!"""		enemy_rosa	independent_dialogue_reviewed_series_terms	Independently translated from the pinned Japanese; existing species identities retained. Full wording, measured wrapping, no display abbreviation. Speech quirks and jokes are project adaptations. Preserve all semantic substitutions; replace $x indentation with measured line breaks.
companion.dialogue.191.19	dialogue	191	19	$m0「…　…。	"$m0: ""... ..."""		enemy_rosa	independent_dialogue_reviewed_series_terms	Independently translated from the pinned Japanese; existing species identities retained. Full wording, measured wrapping, no display abbreviation. Speech quirks and jokes are project adaptations. Preserve all semantic substitutions; replace $x indentation with measured line breaks.
companion.dialogue.192.00	dialogue	192	0	$m0「$tさんと　ご一緒できて<CR>$xうれしいですわ。　うふふ。	"$m0: ""I'm so happy to be travelling with you, $t. Hee hee."""		enemy_ines,enemy_tipper,torneko	independent_dialogue_reviewed_series_terms	Independently translated from the pinned Japanese; existing species identities retained. Full wording, measured wrapping, no display abbreviation. Speech quirks and jokes are project adaptations. Preserve all semantic substitutions; replace $x indentation with measured line breaks.
companion.dialogue.192.01	dialogue	192	1	$m0「モンスターたちは　いったい<CR>$xどこから　やってくるのかしら？<CR>$xなんだか　不思議ですよね。	"$m0: ""Where on earth do the monsters come from? It's rather mysterious, isn't it?"""		enemy_ines	independent_dialogue_reviewed_series_terms	Independently translated from the pinned Japanese; existing species identities retained. Full wording, measured wrapping, no display abbreviation. Speech quirks and jokes are project adaptations. Preserve all semantic substitutions; replace $x indentation with measured line breaks.
companion.dialogue.192.02	dialogue	192	2	$m0「私は　まだまだ　たたかえますわ。<CR>$xさあ　行きましょう！	"$m0: ""I can still fight on. Come, let's go!"""		enemy_ines	independent_dialogue_reviewed_series_terms	Independently translated from the pinned Japanese; existing species identities retained. Full wording, measured wrapping, no display abbreviation. Speech quirks and jokes are project adaptations. Preserve all semantic substitutions; replace $x indentation with measured line breaks.
companion.dialogue.192.03	dialogue	192	3	$m0「もう！　髪が　みだれちゃったわ。<CR>$x……あ　ごめんなさい。　こんなこと<CR>$x気にしてたりして。	"$m0: ""Oh! My hair's a mess. ...Sorry. I shouldn't be worrying about things like that."""		enemy_ines	independent_dialogue_reviewed_series_terms	Independently translated from the pinned Japanese; existing species identities retained. Full wording, measured wrapping, no display abbreviation. Speech quirks and jokes are project adaptations. Preserve all semantic substitutions; replace $x indentation with measured line breaks.
companion.dialogue.192.04	dialogue	192	4	$m0「あら　$tさん　私のこと<CR>$x心配してくださってるの？<CR>$x元気いっぱいですから　大丈夫よ。	"$m0: ""Oh, $t, are you worried about me? I'm full of energy, so I'll be fine."""		enemy_ines,enemy_tipper,torneko	independent_dialogue_reviewed_series_terms	Independently translated from the pinned Japanese; existing species identities retained. Full wording, measured wrapping, no display abbreviation. Speech quirks and jokes are project adaptations. Preserve all semantic substitutions; replace $x indentation with measured line breaks.
companion.dialogue.192.05	dialogue	192	5	$m0「はあはあ……。<CR>$x少し　つかれたみたい。<CR>$xでも　まだまだ　いけますわ！	"$m0: ""Pant, pant... I'm a little tired. But I can still go on!"""		enemy_ines	independent_dialogue_reviewed_series_terms	Independently translated from the pinned Japanese; existing species identities retained. Full wording, measured wrapping, no display abbreviation. Speech quirks and jokes are project adaptations. Preserve all semantic substitutions; replace $x indentation with measured line breaks.
companion.dialogue.192.06	dialogue	192	6	$m0「さすがに　少し　ダメージを<CR>$xうけたみたい……。<CR>$x$tさんは　大丈夫？	"$m0: ""It seems I've taken a little damage after all... Are you all right, $t?"""		enemy_ines,enemy_tipper,torneko	independent_dialogue_reviewed_series_terms	Independently translated from the pinned Japanese; existing species identities retained. Full wording, measured wrapping, no display abbreviation. Speech quirks and jokes are project adaptations. Preserve all semantic substitutions; replace $x indentation with measured line breaks.
companion.dialogue.192.07	dialogue	192	7	$m0「$tさんに　ごめいわくを<CR>$xかけないよう　私は　そろそろ<CR>$x身を　守らせていただきますわ……。	"$m0: ""I'd better start protecting myself so I don't cause you any trouble, $t..."""		enemy_ines,enemy_tipper,torneko	independent_dialogue_reviewed_series_terms	Independently translated from the pinned Japanese; existing species identities retained. Full wording, measured wrapping, no display abbreviation. Speech quirks and jokes are project adaptations. Preserve all semantic substitutions; replace $x indentation with measured line breaks.
companion.dialogue.192.08	dialogue	192	8	$m0「もう！　髪が　みだれちゃったわ。<CR>$xなんて　こんなこと　気にしてる場合じゃ<CR>$xないわね…　はあはあ……。	"$m0: ""Oh! My hair's a mess. Hardly the time to worry about that, is it...? Pant, pant..."""		enemy_ines	independent_dialogue_reviewed_series_terms	Independently translated from the pinned Japanese; existing species identities retained. Full wording, measured wrapping, no display abbreviation. Speech quirks and jokes are project adaptations. Preserve all semantic substitutions; replace $x indentation with measured line breaks.
companion.dialogue.192.09	dialogue	192	9	$m0「心配かけて　ごめんなさい。<CR>$xでも　もう少し　がんばりますわ。	"$m0: ""I'm sorry to worry you. But I'll try a little harder."""		enemy_ines	independent_dialogue_reviewed_series_terms	Independently translated from the pinned Japanese; existing species identities retained. Full wording, measured wrapping, no display abbreviation. Speech quirks and jokes are project adaptations. Preserve all semantic substitutions; replace $x indentation with measured line breaks.
companion.dialogue.192.10	dialogue	192	10	$m0「はあはあ……。<CR>$xもう　私……。	"$m0: ""Pant, pant... I can't..."""		enemy_ines	independent_dialogue_reviewed_series_terms	Independently translated from the pinned Japanese; existing species identities retained. Full wording, measured wrapping, no display abbreviation. Speech quirks and jokes are project adaptations. Preserve all semantic substitutions; replace $x indentation with measured line breaks.
companion.dialogue.192.11	dialogue	192	11	$m0「さすがに　ダメージが<CR>$xきついですわ……。　このままじゃ<CR>$x$tさんに　ごめいわくを……。	"$m0: ""These wounds are rather severe... At this rate, I'll only be a burden to you, $t..."""		enemy_ines,enemy_tipper,torneko	independent_dialogue_reviewed_series_terms	Independently translated from the pinned Japanese; existing species identities retained. Full wording, measured wrapping, no display abbreviation. Speech quirks and jokes are project adaptations. Preserve all semantic substitutions; replace $x indentation with measured line breaks.
companion.dialogue.192.12	dialogue	192	12	$m0「ああ　私　そろそろ<CR>$xダメかもしれません……<CR>$xごめんなさい　$tさん。	"$m0: ""Oh, I might not last much longer... I'm sorry, $t."""		enemy_ines,enemy_tipper,torneko	independent_dialogue_reviewed_series_terms	Independently translated from the pinned Japanese; existing species identities retained. Full wording, measured wrapping, no display abbreviation. Speech quirks and jokes are project adaptations. Preserve all semantic substitutions; replace $x indentation with measured line breaks.
companion.dialogue.192.13	dialogue	192	13	$m0「なんだか　めまいが<CR>$xしてきましたわ……。	"$m0: ""I'm starting to feel dizzy..."""		enemy_ines	independent_dialogue_reviewed_series_terms	Independently translated from the pinned Japanese; existing species identities retained. Full wording, measured wrapping, no display abbreviation. Speech quirks and jokes are project adaptations. Preserve all semantic substitutions; replace $x indentation with measured line breaks.
companion.dialogue.192.14	dialogue	192	14	$m0「私ったら　どうして　こんなに<CR>$x弱いのかしら……うっうっ……。	"$m0: ""Why am I so weak...? Sob, sob..."""		enemy_ines	independent_dialogue_reviewed_series_terms	Independently translated from the pinned Japanese; existing species identities retained. Full wording, measured wrapping, no display abbreviation. Speech quirks and jokes are project adaptations. Preserve all semantic substitutions; replace $x indentation with measured line breaks.
companion.dialogue.192.15	dialogue	192	15	$m0「$tさん　見た？<CR>$x私　レベルアップしたみたい！	"$m0: ""Did you see, $t? I think I've levelled up!"""		enemy_ines,enemy_tipper,torneko	independent_dialogue_reviewed_series_terms	Independently translated from the pinned Japanese; existing species identities retained. Full wording, measured wrapping, no display abbreviation. Speech quirks and jokes are project adaptations. Preserve all semantic substitutions; replace $x indentation with measured line breaks.
companion.dialogue.192.16	dialogue	192	16	$m0「なんだか　身も心も<CR>$xじゅうじつした気分ですわ！	"$m0: ""Somehow I feel refreshed in both body and spirit!"""		enemy_ines	independent_dialogue_reviewed_series_terms	Independently translated from the pinned Japanese; existing species identities retained. Full wording, measured wrapping, no display abbreviation. Speech quirks and jokes are project adaptations. Preserve all semantic substitutions; replace $x indentation with measured line breaks.
companion.dialogue.192.17	dialogue	192	17	$m0「こんな私でも　ちょっぴり<CR>$x強くなったみたいですね！	"$m0: ""Even someone like me seems to have grown a little stronger!"""		enemy_ines	independent_dialogue_reviewed_series_terms	Independently translated from the pinned Japanese; existing species identities retained. Full wording, measured wrapping, no display abbreviation. Speech quirks and jokes are project adaptations. Preserve all semantic substitutions; replace $x indentation with measured line breaks.
companion.dialogue.192.18	dialogue	192	18	$m0「やっと　レベルアップしましたわ！<CR>$xさあ　がんばりましょうね。	"$m0: ""At last, I've levelled up! Come, let's do our best."""		enemy_ines	independent_dialogue_reviewed_series_terms	Independently translated from the pinned Japanese; existing species identities retained. Full wording, measured wrapping, no display abbreviation. Speech quirks and jokes are project adaptations. Preserve all semantic substitutions; replace $x indentation with measured line breaks.
companion.dialogue.192.19	dialogue	192	19	$m0「…　…。	"$m0: ""... ..."""		enemy_ines	independent_dialogue_reviewed_series_terms	Independently translated from the pinned Japanese; existing species identities retained. Full wording, measured wrapping, no display abbreviation. Speech quirks and jokes are project adaptations. Preserve all semantic substitutions; replace $x indentation with measured line breaks.
companion.dialogue.193.00	dialogue	193	0	まねまねである。	Float-o-copier it is.		enemy_float_o_copier	independent_dialogue_reviewed_series_terms	Reserved/test-style source translated as written; natural use is unverified. Preserve substitutions and row identity; no invented conversation or changed game logic.
companion.dialogue.193.01	dialogue	193	1	まねまねですわ。	Float-o-copier, dear.		enemy_float_o_copier	independent_dialogue_reviewed_series_terms	Reserved/test-style source translated as written; natural use is unverified. Preserve substitutions and row identity; no invented conversation or changed game logic.
companion.dialogue.193.02	dialogue	193	2	まねまねだっちゃ。	It's Float-o-copier, yep.		enemy_float_o_copier	independent_dialogue_reviewed_series_terms	Reserved/test-style source translated as written; natural use is unverified. Preserve substitutions and row identity; no invented conversation or changed game logic.
companion.dialogue.193.03	dialogue	193	3	まねまねにけり。	Float-o-copier, indeed.		enemy_float_o_copier	independent_dialogue_reviewed_series_terms	Reserved/test-style source translated as written; natural use is unverified. Preserve substitutions and row identity; no invented conversation or changed game logic.
companion.dialogue.193.04	dialogue	193	4	まねまねじゃけん。	It's Float-o-copier, I tell you.		enemy_float_o_copier	independent_dialogue_reviewed_series_terms	Reserved/test-style source translated as written; natural use is unverified. Preserve substitutions and row identity; no invented conversation or changed game logic.
companion.dialogue.193.05	dialogue	193	5	まねまねやねん。	It's Float-o-copier, you know.		enemy_float_o_copier	independent_dialogue_reviewed_series_terms	Reserved/test-style source translated as written; natural use is unverified. Preserve substitutions and row identity; no invented conversation or changed game logic.
companion.dialogue.193.06	dialogue	193	6	まねまねのレベルアップだな。	Float-o-copier levels up.		enemy_float_o_copier	independent_dialogue_reviewed_series_terms	Reserved/test-style source translated as written; natural use is unverified. Preserve substitutions and row identity; no invented conversation or changed game logic.
companion.dialogue.193.07	dialogue	193	7	まねまねのレベルアップですわ。	Float-o-copier has gained a level, dear.		enemy_float_o_copier	independent_dialogue_reviewed_series_terms	Reserved/test-style source translated as written; natural use is unverified. Preserve substitutions and row identity; no invented conversation or changed game logic.
companion.dialogue.194.00	dialogue	194	0	$m0「ヒャーハッハッ<CR>$xオレさまに触ると　ヤケドするぜい！	"$m0: ""Hyahahaha! Touch me and you'll get burned!"""		enemy.dancing_flame	independent_dialogue_reviewed_series_terms	Independently translated from the pinned Japanese; existing species identities retained. Full wording, measured wrapping, no display abbreviation. Speech quirks and jokes are project adaptations. Preserve all semantic substitutions; replace $x indentation with measured line breaks.
companion.dialogue.194.01	dialogue	194	1	$m0「オヒョー<CR>$xアツい炎は　最高に気持ちいいぜい！<CR>$xおめえも　一発どうだい？	"$m0: ""Whoo! Hot flames feel amazing! Want a blast yourself?"""		enemy.dancing_flame	independent_dialogue_reviewed_series_terms	Independently translated from the pinned Japanese; existing species identities retained. Full wording, measured wrapping, no display abbreviation. Speech quirks and jokes are project adaptations. Preserve all semantic substitutions; replace $x indentation with measured line breaks.
companion.dialogue.194.02	dialogue	194	2	$m0「これっくらいじゃ<CR>$xオレさまの燃えるハートは<CR>$x消せないぜい！	"$m0: ""This little bit won't put out my burning heart!"""		enemy.dancing_flame	independent_dialogue_reviewed_series_terms	Independently translated from the pinned Japanese; existing species identities retained. Full wording, measured wrapping, no display abbreviation. Speech quirks and jokes are project adaptations. Preserve all semantic substitutions; replace $x indentation with measured line breaks.
companion.dialogue.194.03	dialogue	194	3	$m0「いってー<CR>$xオレさまを相手にして　なかなか<CR>$xやりやがるぜ。	"$m0: ""Owww! They're doing pretty well for someone fighting me!"""		enemy.dancing_flame	independent_dialogue_reviewed_series_terms	Independently translated from the pinned Japanese; existing species identities retained. Full wording, measured wrapping, no display abbreviation. Speech quirks and jokes are project adaptations. Preserve all semantic substitutions; replace $x indentation with measured line breaks.
companion.dialogue.194.04	dialogue	194	4	$m0「もう　消えちまいそうだ<CR>$xこれが風前の灯火ってやつかな……。	"$m0: ""I'm about to go out. Is this what they mean by a candle in the wind...?"""		enemy.dancing_flame	independent_dialogue_reviewed_series_terms	Independently translated from the pinned Japanese; existing species identities retained. Full wording, measured wrapping, no display abbreviation. Speech quirks and jokes are project adaptations. Preserve all semantic substitutions; replace $x indentation with measured line breaks.
companion.dialogue.194.05	dialogue	194	5	$m0「イタイ　イタイ！<CR>$x死んじまいそうだってーの！<CR>$xオレさまも　これで終わりか！？	"$m0: ""Ow! Ow! I'm going to die! Is this the end for me!?"""		enemy.dancing_flame	independent_dialogue_reviewed_series_terms	Independently translated from the pinned Japanese; existing species identities retained. Full wording, measured wrapping, no display abbreviation. Speech quirks and jokes are project adaptations. Preserve all semantic substitutions; replace $x indentation with measured line breaks.
companion.dialogue.194.06	dialogue	194	6	$m0「ウヒヒヒヒ<CR>$xレベルがあがったぜー！	"$m0: ""Heeheehee! My level went up!"""		enemy.dancing_flame	independent_dialogue_reviewed_series_terms	Independently translated from the pinned Japanese; existing species identities retained. Full wording, measured wrapping, no display abbreviation. Speech quirks and jokes are project adaptations. Preserve all semantic substitutions; replace $x indentation with measured line breaks.
companion.dialogue.194.07	dialogue	194	7	$m0「レベルアップ！<CR>$xこの調子で　みんな消し炭に<CR>$xしてやるぜい！	"$m0: ""Level up! I'll keep going and turn everyone to charcoal!"""		enemy.dancing_flame	independent_dialogue_reviewed_series_terms	Independently translated from the pinned Japanese; existing species identities retained. Full wording, measured wrapping, no display abbreviation. Speech quirks and jokes are project adaptations. Preserve all semantic substitutions; replace $x indentation with measured line breaks.
companion.dialogue.195.00	dialogue	195	0	$m0「このへんは　すこし<CR>$xあついのう。　わしゃ　すずしいほうが<CR>$x好きなんじゃが。	"$m0: ""It's a bit hot round here. I prefer somewhere cooler."""		enemy_frostburn	independent_dialogue_reviewed_series_terms	Independently translated from the pinned Japanese; existing species identities retained. Full wording, measured wrapping, no display abbreviation. Speech quirks and jokes are project adaptations. Preserve all semantic substitutions; replace $x indentation with measured line breaks.
companion.dialogue.195.01	dialogue	195	1	$m0「ヒョッホッホ<CR>$xあつい時はいっとくれ<CR>$x冷たい息を吹きかけてやるでのう。	"$m0: ""Ho ho ho! Tell me if you're hot. I'll breathe some cold air on you."""		enemy_frostburn	independent_dialogue_reviewed_series_terms	Independently translated from the pinned Japanese; existing species identities retained. Full wording, measured wrapping, no display abbreviation. Speech quirks and jokes are project adaptations. Preserve all semantic substitutions; replace $x indentation with measured line breaks.
companion.dialogue.195.02	dialogue	195	2	$m0「こりゃー！<CR>$x年寄りは　もっと　いたわらんかい！<CR>$x最近の　若いもんは……	"$m0: ""Hey! Show a little more care for your elders! Youngsters these days..."""		enemy_frostburn	independent_dialogue_reviewed_series_terms	Independently translated from the pinned Japanese; existing species identities retained. Full wording, measured wrapping, no display abbreviation. Speech quirks and jokes are project adaptations. Preserve all semantic substitutions; replace $x indentation with measured line breaks.
companion.dialogue.195.03	dialogue	195	3	$m0「おっとっと<CR>$xあんまり　年寄りに　ムリを<CR>$xさせんようにな。	"$m0: ""Now, now. Don't push an old fellow too hard."""		enemy_frostburn	independent_dialogue_reviewed_series_terms	Independently translated from the pinned Japanese; existing species identities retained. Full wording, measured wrapping, no display abbreviation. Speech quirks and jokes are project adaptations. Preserve all semantic substitutions; replace $x indentation with measured line breaks.
companion.dialogue.195.04	dialogue	195	4	$m0「あいたたた<CR>$xこりゃ　やられすぎたわ…。<CR>$xもう　消えそうじゃわい。	"$m0: ""Ow, ow! I've taken far too many hits... I'm about to fade away."""		enemy_frostburn	independent_dialogue_reviewed_series_terms	Independently translated from the pinned Japanese; existing species identities retained. Full wording, measured wrapping, no display abbreviation. Speech quirks and jokes are project adaptations. Preserve all semantic substitutions; replace $x indentation with measured line breaks.
companion.dialogue.195.05	dialogue	195	5	$m0「ぐぬぬ…<CR>$x年をとると　体がついてこんわい。<CR>$xこれまでかのう……。	"$m0: ""Grr... The body can't keep up when you get old. Is this the end...?"""		enemy_frostburn	independent_dialogue_reviewed_series_terms	Independently translated from the pinned Japanese; existing species identities retained. Full wording, measured wrapping, no display abbreviation. Speech quirks and jokes are project adaptations. Preserve all semantic substitutions; replace $x indentation with measured line breaks.
companion.dialogue.195.06	dialogue	195	6	$m0「そおれ　レベルアップじゃ！<CR>$xわしは　まだまだ　若いもんには<CR>$x負けんぞ～。	"$m0: ""There we go! Level up! I won't lose to the youngsters yet!"""		enemy_frostburn	independent_dialogue_reviewed_series_terms	Independently translated from the pinned Japanese; existing species identities retained. Full wording, measured wrapping, no display abbreviation. Speech quirks and jokes are project adaptations. Preserve all semantic substitutions; replace $x indentation with measured line breaks.
companion.dialogue.195.07	dialogue	195	7	$m0「おっほっほ<CR>$xレベルアップしたぞい。<CR>$xじじいも　なかなか　やるもんじゃろ？	"$m0: ""Ho ho ho! I've levelled up. This old fellow's still got it, eh?"""		enemy_frostburn	independent_dialogue_reviewed_series_terms	Independently translated from the pinned Japanese; existing species identities retained. Full wording, measured wrapping, no display abbreviation. Speech quirks and jokes are project adaptations. Preserve all semantic substitutions; replace $x indentation with measured line breaks.
companion.dialogue.196.00	dialogue	196	0	$m0「おまかせください。<CR>$x弱き者を守るのが　ナイトの役目です！	"$m0: ""Leave it to me. Protecting the weak is a knight's duty!"""		enemy.slime_knight	independent_dialogue_reviewed_series_terms	Independently translated from the pinned Japanese; existing species identities retained. Full wording, measured wrapping, no display abbreviation. Speech quirks and jokes are project adaptations. Preserve all semantic substitutions; replace $x indentation with measured line breaks.
companion.dialogue.196.01	dialogue	196	1	$m0「おや　なにか<CR>$xお困りですか？　私でよろしければ<CR>$xちからになりますよ。	"$m0: ""Oh, are you in trouble? If you'll have me, I'd be glad to help."""		enemy.slime_knight	independent_dialogue_reviewed_series_terms	Independently translated from the pinned Japanese; existing species identities retained. Full wording, measured wrapping, no display abbreviation. Speech quirks and jokes are project adaptations. Preserve all semantic substitutions; replace $x indentation with measured line breaks.
companion.dialogue.196.02	dialogue	196	2	$m0「てごわい相手が<CR>$xいるようですね。　それでは<CR>$xそろそろ本気でいきますよ。	"$m0: ""There seem to be some formidable foes. Time to fight in earnest."""		enemy.slime_knight	independent_dialogue_reviewed_series_terms	Independently translated from the pinned Japanese; existing species identities retained. Full wording, measured wrapping, no display abbreviation. Speech quirks and jokes are project adaptations. Preserve all semantic substitutions; replace $x indentation with measured line breaks.
companion.dialogue.196.03	dialogue	196	3	$m0「なかなかやりますね<CR>$xしかし　このていどの攻撃では<CR>$xわたしは倒せません。	"$m0: ""They fight well. But attacks of this calibre cannot defeat me."""		enemy.slime_knight	independent_dialogue_reviewed_series_terms	Independently translated from the pinned Japanese; existing species identities retained. Full wording, measured wrapping, no display abbreviation. Speech quirks and jokes are project adaptations. Preserve all semantic substitutions; replace $x indentation with measured line breaks.
companion.dialogue.196.04	dialogue	196	4	$m0「くっ……<CR>$xこのまま倒れようとも<CR>$x最後まで戦ってみせます……。	"$m0: ""Ugh... Even if I fall, I shall fight to the very end..."""		enemy.slime_knight	independent_dialogue_reviewed_series_terms	Independently translated from the pinned Japanese; existing species identities retained. Full wording, measured wrapping, no display abbreviation. Speech quirks and jokes are project adaptations. Preserve all semantic substitutions; replace $x indentation with measured line breaks.
companion.dialogue.196.05	dialogue	196	5	$m0「うう…<CR>$xもう　体力が残っていません。<CR>$xここでお別れのようです……。	"$m0: ""Ugh... I've no strength remaining. It seems we must part here..."""		enemy.slime_knight	independent_dialogue_reviewed_series_terms	Independently translated from the pinned Japanese; existing species identities retained. Full wording, measured wrapping, no display abbreviation. Speech quirks and jokes are project adaptations. Preserve all semantic substitutions; replace $x indentation with measured line breaks.
companion.dialogue.196.06	dialogue	196	6	$m0「レベルアップです。<CR>$xこれで満足せずに　さらなる<CR>$x高みをめざしましょう。	"$m0: ""Level up. Let us not be content with this, but aim higher still."""		enemy.slime_knight	independent_dialogue_reviewed_series_terms	Independently translated from the pinned Japanese; existing species identities retained. Full wording, measured wrapping, no display abbreviation. Speech quirks and jokes are project adaptations. Preserve all semantic substitutions; replace $x indentation with measured line breaks.
companion.dialogue.196.07	dialogue	196	7	$m0「おお　これが<CR>$xレベルアップというやつですか。<CR>$xなんとも気持ちいいものですね。	"$m0: ""Oh! So this is what they call levelling up. What a delightful feeling."""		enemy.slime_knight	independent_dialogue_reviewed_series_terms	Independently translated from the pinned Japanese; existing species identities retained. Full wording, measured wrapping, no display abbreviation. Speech quirks and jokes are project adaptations. Preserve all semantic substitutions; replace $x indentation with measured line breaks.
companion.dialogue.197.00	dialogue	197	0	$m0「ふふん<CR>$xおれのスピードについてこれるかな？	"$m0: ""Heh! Think you can keep up with my speed?"""		enemy.metal_slime_knight	independent_dialogue_reviewed_series_terms	Independently translated from the pinned Japanese; existing species identities retained. Full wording, measured wrapping, no display abbreviation. Speech quirks and jokes are project adaptations. Preserve all semantic substitutions; replace $x indentation with measured line breaks.
companion.dialogue.197.01	dialogue	197	1	$m0「ヘイヘイ！<CR>$xそんな　しけたツラしてんなよ。<CR>$x今日も　つっぱしるぜ！	"$m0: ""Hey, hey! Don't look so glum! We're tearing ahead again today!"""		enemy.metal_slime_knight	independent_dialogue_reviewed_series_terms	Independently translated from the pinned Japanese; existing species identities retained. Full wording, measured wrapping, no display abbreviation. Speech quirks and jokes are project adaptations. Preserve all semantic substitutions; replace $x indentation with measured line breaks.
companion.dialogue.197.02	dialogue	197	2	$m0「あいててて…<CR>$xちょっとミスっちまったよ。<CR>$xスピード出しすぎたかな。	"$m0: ""Ow, ow... I slipped up a little. Was I going too fast?"""		enemy.metal_slime_knight	independent_dialogue_reviewed_series_terms	Independently translated from the pinned Japanese; existing species identities retained. Full wording, measured wrapping, no display abbreviation. Speech quirks and jokes are project adaptations. Preserve all semantic substitutions; replace $x indentation with measured line breaks.
companion.dialogue.197.03	dialogue	197	3	$m0「なんてこった！<CR>$xおれのメタルボディに　傷が<CR>$xついちまった！	"$m0: ""What the!? My metal body's been scratched!"""		enemy.metal_slime_knight	independent_dialogue_reviewed_series_terms	Independently translated from the pinned Japanese; existing species identities retained. Full wording, measured wrapping, no display abbreviation. Speech quirks and jokes are project adaptations. Preserve all semantic substitutions; replace $x indentation with measured line breaks.
companion.dialogue.197.04	dialogue	197	4	$m0「……だめだ<CR>$x今日は　もう　これ以上<CR>$x走れそうにねえよ……。	"$m0: ""...It's no use. I don't think I can run any further today..."""		enemy.metal_slime_knight	independent_dialogue_reviewed_series_terms	Independently translated from the pinned Japanese; existing species identities retained. Full wording, measured wrapping, no display abbreviation. Speech quirks and jokes are project adaptations. Preserve all semantic substitutions; replace $x indentation with measured line breaks.
companion.dialogue.197.05	dialogue	197	5	$m0「じまんのメタルボディが<CR>$xガタガタだ……。	"$m0: ""My prized metal body's falling apart..."""		enemy.metal_slime_knight	independent_dialogue_reviewed_series_terms	Independently translated from the pinned Japanese; existing species identities retained. Full wording, measured wrapping, no display abbreviation. Speech quirks and jokes are project adaptations. Preserve all semantic substitutions; replace $x indentation with measured line breaks.
companion.dialogue.197.06	dialogue	197	6	$m0「おっ！　おっ！<CR>$xおれってば　またまた速く<CR>$xなっちまったってか！？	"$m0: ""Oh! Oh! Have I gone and got faster again!?"""		enemy.metal_slime_knight	independent_dialogue_reviewed_series_terms	Independently translated from the pinned Japanese; existing species identities retained. Full wording, measured wrapping, no display abbreviation. Speech quirks and jokes are project adaptations. Preserve all semantic substitutions; replace $x indentation with measured line breaks.
companion.dialogue.197.07	dialogue	197	7	$m0「レベルアップって<CR>$xやっぱ　気持ちいいよな！	"$m0: ""Going up a level really does feel good!"""		enemy.metal_slime_knight	independent_dialogue_reviewed_series_terms	Independently translated from the pinned Japanese; existing species identities retained. Full wording, measured wrapping, no display abbreviation. Speech quirks and jokes are project adaptations. Preserve all semantic substitutions; replace $x indentation with measured line breaks.
companion.dialogue.198.00	dialogue	198	0	パウロである。	Paulo it is.		enemy_tipper,placeholder.paulo	independent_dialogue_reviewed_series_terms	Reserved/test-style source translated as written; natural use is unverified. Preserve substitutions and row identity; no invented conversation or changed game logic. The source says パウロ (Paulo), not ポポロ; this placeholder transliteration does not rename Tipper.
companion.dialogue.198.01	dialogue	198	1	パウロですわ。	Paulo, dear.		enemy_tipper,placeholder.paulo	independent_dialogue_reviewed_series_terms	Reserved/test-style source translated as written; natural use is unverified. Preserve substitutions and row identity; no invented conversation or changed game logic. The source says パウロ (Paulo), not ポポロ; this placeholder transliteration does not rename Tipper.
companion.dialogue.198.02	dialogue	198	2	パウロだっちゃ。	It's Paulo, yep.		enemy_tipper,placeholder.paulo	independent_dialogue_reviewed_series_terms	Reserved/test-style source translated as written; natural use is unverified. Preserve substitutions and row identity; no invented conversation or changed game logic. The source says パウロ (Paulo), not ポポロ; this placeholder transliteration does not rename Tipper.
companion.dialogue.198.03	dialogue	198	3	パウロにけり。	Paulo, indeed.		enemy_tipper,placeholder.paulo	independent_dialogue_reviewed_series_terms	Reserved/test-style source translated as written; natural use is unverified. Preserve substitutions and row identity; no invented conversation or changed game logic. The source says パウロ (Paulo), not ポポロ; this placeholder transliteration does not rename Tipper.
companion.dialogue.198.04	dialogue	198	4	パウロじゃけん。	It's Paulo, I tell you.		enemy_tipper,placeholder.paulo	independent_dialogue_reviewed_series_terms	Reserved/test-style source translated as written; natural use is unverified. Preserve substitutions and row identity; no invented conversation or changed game logic. The source says パウロ (Paulo), not ポポロ; this placeholder transliteration does not rename Tipper.
companion.dialogue.198.05	dialogue	198	5	パウロやねん。	It's Paulo, you know.		enemy_tipper,placeholder.paulo	independent_dialogue_reviewed_series_terms	Reserved/test-style source translated as written; natural use is unverified. Preserve substitutions and row identity; no invented conversation or changed game logic. The source says パウロ (Paulo), not ポポロ; this placeholder transliteration does not rename Tipper.
companion.dialogue.198.06	dialogue	198	6	パウロのレベルアップだな。	Paulo levels up.		enemy_tipper,placeholder.paulo	independent_dialogue_reviewed_series_terms	Reserved/test-style source translated as written; natural use is unverified. Preserve substitutions and row identity; no invented conversation or changed game logic. The source says パウロ (Paulo), not ポポロ; this placeholder transliteration does not rename Tipper.
companion.dialogue.198.07	dialogue	198	7	パウロのレベルアップですわ。	Paulo has gained a level, dear.		enemy_tipper,placeholder.paulo	independent_dialogue_reviewed_series_terms	Reserved/test-style source translated as written; natural use is unverified. Preserve substitutions and row identity; no invented conversation or changed game logic. The source says パウロ (Paulo), not ポポロ; this placeholder transliteration does not rename Tipper.
companion.dialogue.199.00	dialogue	199	0	ニセトルである。	Fake Torneko it is.		enemy_fake_torneko	independent_dialogue_reviewed_series_terms	Reserved/test-style source translated as written; natural use is unverified. Preserve substitutions and row identity; no invented conversation or changed game logic.
companion.dialogue.199.01	dialogue	199	1	ニセトルですわ。	Fake Torneko, dear.		enemy_fake_torneko	independent_dialogue_reviewed_series_terms	Reserved/test-style source translated as written; natural use is unverified. Preserve substitutions and row identity; no invented conversation or changed game logic.
companion.dialogue.199.02	dialogue	199	2	ニセトルだっちゃ。	It's Fake Torneko, yep.		enemy_fake_torneko	independent_dialogue_reviewed_series_terms	Reserved/test-style source translated as written; natural use is unverified. Preserve substitutions and row identity; no invented conversation or changed game logic.
companion.dialogue.199.03	dialogue	199	3	ニセトルにけり。	Fake Torneko, indeed.		enemy_fake_torneko	independent_dialogue_reviewed_series_terms	Reserved/test-style source translated as written; natural use is unverified. Preserve substitutions and row identity; no invented conversation or changed game logic.
companion.dialogue.199.04	dialogue	199	4	ニセトルじゃけん。	It's Fake Torneko, I tell you.		enemy_fake_torneko	independent_dialogue_reviewed_series_terms	Reserved/test-style source translated as written; natural use is unverified. Preserve substitutions and row identity; no invented conversation or changed game logic.
companion.dialogue.199.05	dialogue	199	5	ニセトルやねん。	It's Fake Torneko, you know.		enemy_fake_torneko	independent_dialogue_reviewed_series_terms	Reserved/test-style source translated as written; natural use is unverified. Preserve substitutions and row identity; no invented conversation or changed game logic.
companion.dialogue.199.06	dialogue	199	6	ニセトルのレベルアップだな。	Fake Torneko levels up.		enemy_fake_torneko	independent_dialogue_reviewed_series_terms	Reserved/test-style source translated as written; natural use is unverified. Preserve substitutions and row identity; no invented conversation or changed game logic.
companion.dialogue.199.07	dialogue	199	7	ニセトルのレベルアップですわ。	Fake Torneko has gained a level, dear.		enemy_fake_torneko	independent_dialogue_reviewed_series_terms	Reserved/test-style source translated as written; natural use is unverified. Preserve substitutions and row identity; no invented conversation or changed game logic.
companion.rosa_alt.0	rosa_alt	191	0	$m0「よくも　オイラの大事な<CR>$x宝物をっ！　$tさん<CR>$x覚悟しろよ～！	"$m0: ""How dare you do that to my precious treasure! You'd better be ready, $t!"""		enemy_rosa,enemy_tipper,torneko	independent_dialogue_reviewed_series_terms	Independently translated from the pinned Japanese; existing species identities retained. Full wording, measured wrapping, no display abbreviation. Speech quirks and jokes are project adaptations. Preserve all semantic substitutions; replace $x indentation with measured line breaks.
companion.rosa_alt.1	rosa_alt	191	1	$m0「ああっ！　オイラの大事な<CR>$x宝物がっ！　ううっ。	"$m0: ""Aaah! My precious treasure! Sob..."""		enemy_rosa	independent_dialogue_reviewed_series_terms	Independently translated from the pinned Japanese; existing species identities retained. Full wording, measured wrapping, no display abbreviation. Speech quirks and jokes are project adaptations. Preserve all semantic substitutions; replace $x indentation with measured line breaks.
companion.rosa_alt.2	rosa_alt	191	2	$m0「$tさん　ひどいや！<CR>$xしかも　モンスターにやられて<CR>$xたおれそうだよ　オイラ……。	"$m0: ""You're awful, $t! And now these monsters have nearly finished me off..."""		enemy_rosa,enemy_tipper,torneko	independent_dialogue_reviewed_series_terms	Independently translated from the pinned Japanese; existing species identities retained. Full wording, measured wrapping, no display abbreviation. Speech quirks and jokes are project adaptations. Preserve all semantic substitutions; replace $x indentation with measured line breaks.
