id	japanese	full_english	glossary_references	notes
village.009c2264	ネネ「族長さまなら　なにか　ご存知かも<LF><TAB>しれないわ。　ねえ　あなた<LF><TAB>族長さまに　お話ししてみて。	"Tessie: ""Perhaps the chief knows something. Please go and speak to him, dear."""	character.tessie,role.village_chief	Independent translation from the pinned Japanese GBA script. Full message fits the original three-line page; preserve event parameters, speaker identity, and shared operand ownership.
village.009c22c8	ネネ「それなのに　ポポロがまだ<LF><TAB>眠ったままなの……　こんなの<LF><TAB>どう考えても　おかしいわ。	"Tessie: ""But Tipper is still asleep... Something must be wrong."""	enemy_tipper,character.tessie	Independent translation from the pinned Japanese GBA script. Full message fits the original three-line page; preserve event parameters, speaker identity, and shared operand ownership.
village.009c2324	ネネ「眠ってみたけど　なにも<LF><TAB>変わらなかったわ。　やっぱり<LF><TAB>これは　夢じゃなかったのね。	"Tessie: ""Sleeping changed nothing. So this really is not a dream."""	character.tessie	Independent translation from the pinned Japanese GBA script. Full message fits the original three-line page; preserve event parameters, speaker identity, and shared operand ownership.
village.009c2380	ネネ「あっ！　あなたも　起きたのね！	"Tessie: ""Oh! You are awake too!"""	character.tessie	Independent translation from the pinned Japanese GBA script. Full message fits the original three-line page; preserve event parameters, speaker identity, and shared operand ownership.
village.009c23b8	ネネ「族長さまなら　なにか　ご存知かも<LF><TAB>しれないわ。　ねえ　あなた　<LF><TAB>族長さまに　お話ししてみて。	"Tessie: ""Perhaps the chief knows something. Please go and speak to him, dear."""	character.tessie,role.village_chief	Independent translation from the pinned Japanese GBA script. Full message fits the original three-line page; preserve event parameters, speaker identity, and shared operand ownership.
village.009c258c	ネネ「だって　かつては<LF><TAB>世界をすくった　あなただもの。	"Tessie: ""After all, you once saved the whole world."""	character.tessie	Independent translation from the pinned Japanese GBA script. Full message fits the original three-line page; preserve event parameters, speaker identity, and shared operand ownership.
village.009c25c4	ネネ「……でも　私　信じてるわ。<LF><TAB>なにが　起きても　きっと　あなたが<LF><TAB>助けてくださるって。	"Tessie: ""But I believe in you. Whatever happens, I know you will save us."""	character.tessie	Independent translation from the pinned Japanese GBA script. Full message fits the original three-line page; preserve event parameters, speaker identity, and shared operand ownership.
village.009c2620	ネネ「もしかしたら　ポポロが見た<LF><TAB>ふしぎな夢って　あの嵐のこと<LF><TAB>だったのかもしれないでしょ。	"Tessie: ""Perhaps that strange dream Tipper had was about the storm."""	enemy_tipper,character.tessie	Independent translation from the pinned Japanese GBA script. Full message fits the original three-line page; preserve event parameters, speaker identity, and shared operand ownership.
village.009c2680	ネネ「ねえ　あなた……。<LF><TAB>私　なんだか　今回のことは<LF><TAB>ただの事故じゃない気がするの。	"Tessie: ""You know, dear... I have a feeling this was no ordinary accident."""	character.tessie	Independent translation from the pinned Japanese GBA script. Full message fits the original three-line page; preserve event parameters, speaker identity, and shared operand ownership.
village.009c26d8	ネネ「まあ　そんなことが……。<LF><TAB>でも　ポポロのことも<LF><TAB>考えてくださるのね？	"Tessie: ""Goodness... But he will think about how to help Tipper too?"""	enemy_tipper,character.tessie	Independent translation from the pinned Japanese GBA script. Full message fits the original three-line page; preserve event parameters, speaker identity, and shared operand ownership.
village.009c2724	ネネ「え？　なんですって？<LF><TAB>北のほこらの　神の像が　倒れて<LF><TAB>族長さまが　出て行ったの？	"Tessie: ""What? The statue at the northern shrine fell, and the chief went to see it?"""	character.tessie,role.village_chief,place.shrine_of_the_gods	Independent translation from the pinned Japanese GBA script. Full message fits the original three-line page; preserve event parameters, speaker identity, and shared operand ownership.
village.009c28f4	族長「よろしければ　しばし<LF><TAB>考えてみてくだされ。　孫と<LF><TAB>話してみるのも　よろしかろう。	"Chief: ""Take a little time to think. You might wish to speak with my grandchildren."""	role.village_chief	Independent translation from the pinned Japanese GBA script. Full message fits the original three-line page; preserve event parameters, speaker identity, and shared operand ownership.
village.009c294c	族長「……ところで　くどいようですが<LF><TAB>トルネコどの。　本当に　孫息子の<LF><TAB>ロサの方を　つれて行きなさるか？	"Chief: ""Forgive me for asking again, Torneko. Will you truly take my grandson Rosa?"""	torneko,role.village_chief,enemy_rosa	Independent translation from the pinned Japanese GBA script. Full message fits the original three-line page; preserve event parameters, speaker identity, and shared operand ownership.
village.009c29b8	族長「では　昨日のお約束通り<LF><TAB>わしの孫を　おあずけしましょう。	"Chief: ""As I promised yesterday, I shall entrust my grandchild to you."""	role.village_chief	Independent translation from the pinned Japanese GBA script. Full message fits the original three-line page; preserve event parameters, speaker identity, and shared operand ownership.
village.009c29f8	族長「くれぐれも　気をつけて進みなされ。<LF><TAB>そして　道中　休けいできる場所を<LF><TAB>みつけたら　無理せず　休むことじゃ。	"Chief: ""Travel carefully. When you find somewhere to rest, take the chance to do so."""	role.village_chief	Independent translation from the pinned Japanese GBA script. Full message fits the original three-line page; preserve event parameters, speaker identity, and shared operand ownership.
village.009c2a6c	族長「しかも　はるか　北の島へと<LF><TAB>たどりつくには　いくつもの　洞くつを<LF><TAB>抜けなければ　ならぬであろう。	"Chief: ""You will have to pass through many caves to reach the island far to the north."""	role.village_chief	Independent translation from the pinned Japanese GBA script. Full message fits the original three-line page; preserve event parameters, speaker identity, and shared operand ownership.
village.009c2ad4	族長「かなりの修行者であっても<LF><TAB>道に迷う上に　今は　おそらく<LF><TAB>魔物が　入りこんでおるはずじゃ。	"Chief: ""Even seasoned explorers lose their way. And now, monsters have likely entered."""	role.village_chief	Independent translation from the pinned Japanese GBA script. Full message fits the original three-line page; preserve event parameters, speaker identity, and shared operand ownership.
village.009c2b34	族長「はるか　北へと続く　地下の道は<LF><TAB>ふしぎなチカラによって　入るたびに<LF><TAB>形が変わってしまう　ふしぎな洞くつ。	"Chief: ""The underground route north is a strange cave. Its magic reshapes it each visit."""	role.village_chief	Independent translation from the pinned Japanese GBA script. Full message fits the original three-line page; preserve event parameters, speaker identity, and shared operand ownership.
village.009c2ba4	族長「さて　これから　北のほこらへと<LF><TAB>出発されるのでしょうが　これだけは<LF><TAB>申しあげておきたい。	"Chief: ""Before you set off for the northern shrine, there is something you should know."""	role.village_chief,place.shrine_of_the_gods	Independent translation from the pinned Japanese GBA script. Full message fits the original three-line page; preserve event parameters, speaker identity, and shared operand ownership.
village.009c2c04	族長「なかなか　わしの家へ<LF><TAB>おいでにならぬので　こちらから<LF><TAB>おじゃまいたしましたぞ。	"Chief: ""You had not come to my house, so I thought I would visit you here."""	role.village_chief	Independent translation from the pinned Japanese GBA script. Full message fits the original three-line page; preserve event parameters, speaker identity, and shared operand ownership.
village.009c2c5c	族長「おお　トルネコどの。　さすがに<LF><TAB>昨日は　おつかれだったようですな。	"Chief: ""Ah, Torneko. Yesterday must have been quite tiring for you."""	torneko,role.village_chief	Independent translation from the pinned Japanese GBA script. Full message fits the original three-line page; preserve event parameters, speaker identity, and shared operand ownership.
village.009c2ca8	ネネ「あら　あなた　目が覚めたのね。<LF><TAB>ちょうど　いま　族長さまと　お孫さんが<LF><TAB>いらっしゃったところよ。	"Tessie: ""Oh, you are awake! The chief and his grandchildren have just arrived."""	character.tessie,role.village_chief	Independent translation from the pinned Japanese GBA script. Full message fits the original three-line page; preserve event parameters, speaker identity, and shared operand ownership.
village.009c2d60	ネネ「……あ　あら　私ったら<LF><TAB>何を　言ってるのかしら？<LF><TAB>気にしないでね　あなた。	"Tessie: ""Oh, goodness! What am I saying? Pay no attention to me, dear."""	character.tessie	Independent translation from the pinned Japanese GBA script. Full message fits the original three-line page; preserve event parameters, speaker identity, and shared operand ownership.
village.009c2db4	ネネ「イネスさんって　とても美人で<LF><TAB>みりょく的な　おじょうさんね。	"Tessie: ""Ines is such a beautiful, charming young lady, isn't she?"""	character.tessie,enemy_ines	Independent translation from the pinned Japanese GBA script. Full message fits the original three-line page; preserve event parameters, speaker identity, and shared operand ownership.
village.009c2f40	族長「そうですな。　それがよろしかろう。	"Chief: ""Yes. That would be best."""	role.village_chief	Independent translation from the pinned Japanese GBA script. Full message fits the original three-line page; preserve event parameters, speaker identity, and shared operand ownership.
village.009c2f6c	族長「トルネコどの。　いかがですかな？<LF><TAB>やはり　ロサではなく　孫娘のイネスを<LF><TAB>つれて行かれますか？	"Chief: ""Well, Torneko? Will you take my granddaughter Ines instead of Rosa after all?"""	torneko,role.village_chief,enemy_rosa,enemy_ines	Independent translation from the pinned Japanese GBA script. Full message fits the original three-line page; preserve event parameters, speaker identity, and shared operand ownership. Original Yes/No meaning and defaults retained.
village.009c2fd0	族長「トルネコどのの　お供で<LF><TAB>修行させていただくのは　たいへん<LF><TAB>ありがたいことでは　ありますが……。	"Chief: ""I would be grateful for him to learn by travelling with you, of course..."""	torneko,role.village_chief	Independent translation from the pinned Japanese GBA script. Full message fits the original three-line page; preserve event parameters, speaker identity, and shared operand ownership.
village.009c3038	族長「わしの孫ながら　ロサは<LF><TAB>とんでもない　なまけ者でのう。	"Chief: ""Grandson or not, I must admit that Rosa is terribly lazy."""	role.village_chief,enemy_rosa	Independent translation from the pinned Japanese GBA script. Full message fits the original three-line page; preserve event parameters, speaker identity, and shared operand ownership.
village.009c30a0	イネス「トルネコさんも　ロサの荷物には<LF><TAB>さわらないよう　注意されたほうが<LF><TAB>安全ですわ。	"Ines: ""For your own safety, Torneko, you should be careful not to touch Rosa's things."""	torneko,enemy_rosa,enemy_ines	Independent translation from the pinned Japanese GBA script. Full message fits the original three-line page; preserve event parameters, speaker identity, and shared operand ownership.
village.009c30f8	イネス「この前も　ばあやが　部屋を<LF><TAB>そうじして　ロサの荷物にさわったら<LF><TAB>いきなり　怒りだすんですもの。	"Ines: ""The other day, Nanny touched his things while cleaning. He flew into a rage!"""	enemy_rosa,enemy_ines	Independent translation from the pinned Japanese GBA script. Full message fits the original three-line page; preserve event parameters, speaker identity, and shared operand ownership.
village.009c3160	イネス「ロサは　大人ぶってるけど<LF><TAB>とても　甘えんぼうで<LF><TAB>子どもっぽいところがあるんです。	"Ines: ""Rosa acts so grown-up, but he is rather spoiled and childish underneath."""	enemy_rosa,enemy_ines	Independent translation from the pinned Japanese GBA script. Full message fits the original three-line page; preserve event parameters, speaker identity, and shared operand ownership.
village.009c31e4	ロサ「その分　トルネコさんには<LF><TAB>自分の荷物を　へらしてもらうぜ。<LF><TAB>よろしくな。	"Rosa: ""So you'll have to carry less of your own stuff, Torneko. I'm counting on you!"""	torneko,enemy_rosa	Independent translation from the pinned Japanese GBA script. Full message fits the original three-line page; preserve event parameters, speaker identity, and shared operand ownership.
village.009c3234	ロサ「ところで　オイラ　旅には<LF><TAB>必ず　大事なモノを　持っていく<LF><TAB>ことにしてるからさ。	"Rosa: ""By the way, I always bring my treasures along when I travel."""	enemy_rosa	Independent translation from the pinned Japanese GBA script. Full message fits the original three-line page; preserve event parameters, speaker identity, and shared operand ownership.
village.009c328c	ロサ「あんた　大事な旅に<LF><TAB>オイラを　つれて行こうとするなんて<LF><TAB>なかなか　見る目があるじゃん。	"Rosa: ""Taking me on a trip this important? You've got a good eye for talent!"""	enemy_rosa	Independent translation from the pinned Japanese GBA script. Full message fits the original three-line page; preserve event parameters, speaker identity, and shared operand ownership.
village.009c3464	族長「では　どうか　お気をつけて。<LF><TAB>そなたに　バリナボの神の　ご加護を。	"Chief: ""Take care, then. May the god of Barinabo watch over you."""	role.village_chief,place.barinabo	Independent translation from the pinned Japanese GBA script. Full message fits the original three-line page; preserve event parameters, speaker identity, and shared operand ownership.
village.009c34b0	族長「町の中であれば　ＳＴＡＲＴボタン<LF><TAB>とやらで　地図を見ることが<LF><TAB>できるそうですぞ。	"Chief: ""I hear you can view the map while in town by pressing the START Button."""	role.village_chief	Independent translation from the pinned Japanese GBA script. Full message fits the original three-line page; preserve event parameters, speaker identity, and shared operand ownership.
village.009c3508	族長「世界のすべてが　記されて<LF><TAB>いるわけでは　ありませんが<LF><TAB>旅に　役立つことでしょう。	"Chief: ""It does not show the whole world, but it should help you on your journey."""	role.village_chief	Independent translation from the pinned Japanese GBA script. Full message fits the original three-line page; preserve event parameters, speaker identity, and shared operand ownership.
village.009c3560	トルネコは　地図を手に入れた！	Torneko obtained a map!	torneko	Independent translation from the pinned Japanese GBA script. Full message fits the original three-line page; preserve event parameters, speaker identity, and shared operand ownership.
village.009c3580	族長は　なにやら　古びた地図を<LF>取り出した。	The chief took out an old map.	role.village_chief	Independent translation from the pinned Japanese GBA script. Full message fits the original three-line page; preserve event parameters, speaker identity, and shared operand ownership.
village.009c35ac	族長「そうそう　念のために<LF><TAB>わが家に伝わる　この地図を<LF><TAB>お渡ししておきましょう。	"Chief: ""Ah, yes! Take this map as well. It has been passed down through my family."""	role.village_chief	Independent translation from the pinned Japanese GBA script. Full message fits the original three-line page; preserve event parameters, speaker identity, and shared operand ownership.
village.009c3600	族長「では　トルネコどの。<LF><TAB>くれぐれも　お気をつけて。	"Chief: ""Well then, Torneko. Do take care."""	torneko,role.village_chief	Independent translation from the pinned Japanese GBA script. Full message fits the original three-line page; preserve event parameters, speaker identity, and shared operand ownership.
village.009c3638	イネスが　仲間に　くわわった！	Ines joined the party!	enemy_ines	Independent translation from the pinned Japanese GBA script. Full message fits the original three-line page; preserve event parameters, speaker identity, and shared operand ownership.
village.009c3658	イネス「では　トルネコさん<LF><TAB>よろしくお願いします！	"Ines: ""I look forward to travelling with you, Torneko!"""	torneko,enemy_ines	Independent translation from the pinned Japanese GBA script. Full message fits the original three-line page; preserve event parameters, speaker identity, and shared operand ownership.
village.009c368c	イネス「はい　おじいさま！	"Ines: ""Yes, Grandfather!"""	enemy_ines	Independent translation from the pinned Japanese GBA script. Full message fits the original three-line page; preserve event parameters, speaker identity, and shared operand ownership.
village.009c36a8	族長「さあ　イネスや。<LF><TAB>しっかり　トルネコどのの<LF><TAB>お手伝いを　するのじゃよ。	"Chief: ""Now, Ines. Be sure to give Torneko all the help you can."""	torneko,role.village_chief,enemy_ines	Independent translation from the pinned Japanese GBA script. Full message fits the original three-line page; preserve event parameters, speaker identity, and shared operand ownership.
village.009c38d8	ネネ「今度の旅は　今までで　いちばん<LF><TAB>長くなるような気がするから……。	"Tessie: ""I have a feeling this will be your longest journey yet..."""	character.tessie	Independent translation from the pinned Japanese GBA script. Full message fits the original three-line page; preserve event parameters, speaker identity, and shared operand ownership.
village.009c3920	ネネ「旅のとちゅうで　教会や　神父さまを<LF><TAB>見かけたら　忘れずにお祈りするのよ。	"Tessie: ""If you see a church or a priest along the way, remember to stop and pray."""	character.tessie	Independent translation from the pinned Japanese GBA script. Full message fits the original three-line page; preserve event parameters, speaker identity, and shared operand ownership.
village.009c3970	ネネ「あなたのことだから　心配は<LF><TAB>してないけど……。<LF><TAB>どうか　無理はしないでね。	"Tessie: ""I know you can take care of yourself... Just do not push yourself too hard."""	character.tessie	Independent translation from the pinned Japanese GBA script. Full message fits the original three-line page; preserve event parameters, speaker identity, and shared operand ownership.
village.009c39c4	ネネ「じゃあ　いってらっしゃい　あなた。<LF><TAB>ポポロと　ふたりで　待ってるわ。	"Tessie: ""Off you go, dear. Tipper and I will be waiting for you."""	enemy_tipper,character.tessie	Independent translation from the pinned Japanese GBA script. Full message fits the original three-line page; preserve event parameters, speaker identity, and shared operand ownership.
village.009c3a10	ネネ「きっと　パンより　もっと<LF><TAB>たいせつな　持ち物を　たくさん<LF><TAB>かかえているのね。	"Tessie: ""You must be carrying lots of things more important than bread."""	character.tessie,bread	Independent translation from the pinned Japanese GBA script. Full message fits the original three-line page; preserve event parameters, speaker identity, and shared operand ownership.
village.009c3a64	ネネ「……あら？　あなたったら<LF><TAB>持ち物が　いっぱいみたいね。<LF><TAB>残念だわ。	"Tessie: ""Oh? Your bag seems to be full. What a shame."""	character.tessie	Independent translation from the pinned Japanese GBA script. Full message fits the original three-line page; preserve event parameters, speaker identity, and shared operand ownership.
village.009c3ab0	ネネ「洞くつの　とちゅうで<LF><TAB>お腹がすいたら　食べてね。	"Tessie: ""Eat it if you get hungry in the caves."""	character.tessie	Independent translation from the pinned Japanese GBA script. Full message fits the original three-line page; preserve event parameters, speaker identity, and shared operand ownership.
village.009c3ae8	ネネ「それから　お弁当をもっていってね。<LF><TAB>おとなりの奥さんに　焼きガマをかりて<LF><TAB>今朝　焼いたばかりの　パンよ。	"Tessie: ""Take this bread for lunch. I baked it this morning in our neighbour's oven."""	character.tessie,bread	Independent translation from the pinned Japanese GBA script. Full message fits the original three-line page; preserve event parameters, speaker identity, and shared operand ownership.
village.009c3b58	ネネ「どうか　無理はしないでね。<LF><TAB>教会や　神父さまを見かけたら<LF><TAB>忘れずに　お祈りするのよ。	"Tessie: ""Please do not overdo it. If you see a church or a priest, remember to pray."""	character.tessie	Independent translation from the pinned Japanese GBA script. Full message fits the original three-line page; preserve event parameters, speaker identity, and shared operand ownership.
village.009c3bb4	ネネ「いよいよ　行くのね。<LF><TAB>あなたのことだから<LF><TAB>心配はしてないけど……。	"Tessie: ""So you are leaving at last. I know you can take care of yourself, but..."""	character.tessie	Independent translation from the pinned Japanese GBA script. Full message fits the original three-line page; preserve event parameters, speaker identity, and shared operand ownership.
village.009c3c88	ロサ「へへへ　じょうだんだよ！<LF><TAB>さあ　急いで　北のほこらに<LF><TAB>向かった方が　いいんじゃないの。	"Rosa: ""Heh heh, just kidding! Come on, shouldn't we hurry to the northern shrine?"""	enemy_rosa,place.shrine_of_the_gods	Independent translation from the pinned Japanese GBA script. Full message fits the original three-line page; preserve event parameters, speaker identity, and shared operand ownership.
village.009c3ce8	ロサ「へえ～　本当に眠ったままなんだな。<LF><TAB>なんなら　オイラが　代わってやっても<LF><TAB>いいんだけど……。	"Rosa: ""Wow, he really is still asleep. I wouldn't mind trading places with him..."""	enemy_rosa	Independent translation from the pinned Japanese GBA script. Full message fits the original three-line page; preserve event parameters, speaker identity, and shared operand ownership.
village.009c3d4c	イネス「本当に　眠ったまま起きないのね…<LF><TAB>心配だわ。　トルネコさん　いそいで<LF><TAB>北のほこらに　向かいましょう。	"Ines: ""He really will not wake up... How worrying. Let us hurry to the northern shrine."""	torneko,enemy_ines,place.shrine_of_the_gods	Independent translation from the pinned Japanese GBA script. Full message fits the original three-line page; preserve event parameters, speaker identity, and shared operand ownership.
village.009c3f54	ロサ「じゃあ　行こうぜ！	"Rosa: ""Come on, let's go!"""	enemy_rosa	Independent translation from the pinned Japanese GBA script. Full message fits the original three-line page; preserve event parameters, speaker identity, and shared operand ownership.
village.009c3f70	ロサが　仲間に　くわわった！	Rosa joined the party!	enemy_rosa	Independent translation from the pinned Japanese GBA script. Full message fits the original three-line page; preserve event parameters, speaker identity, and shared operand ownership.
village.009c3f90	ロサ「へへっ　よろしくな　トルネコさん！<LF><TAB>楽しくやろうぜ。	"Rosa: ""Heh! Good to be with you, Torneko. Let's have some fun!"""	torneko,enemy_rosa	Independent translation from the pinned Japanese GBA script. Full message fits the original three-line page; preserve event parameters, speaker identity, and shared operand ownership.
village.009c3fcc	ロサ「へ～～い！	"Rosa: ""Yeeees, sir!"""	enemy_rosa	Independent translation from the pinned Japanese GBA script. Full message fits the original three-line page; preserve event parameters, speaker identity, and shared operand ownership.
village.009c3fe0	族長「さあ　ロサや！<LF><TAB>しっかり　トルネコどのの<LF><TAB>お手伝いを　するのだぞ！	"Chief: ""Now, Rosa! Be sure to give Torneko all the help you can!"""	torneko,role.village_chief,enemy_rosa	Independent translation from the pinned Japanese GBA script. Full message fits the original three-line page; preserve event parameters, speaker identity, and shared operand ownership.
village.009c402c	族長「そうですか……。<LF><TAB>そこまで　言われるのでしたら<LF><TAB>ロサを　お供させましょう。	"Chief: ""I see... If you insist, I shall let Rosa accompany you."""	role.village_chief,enemy_rosa	Independent translation from the pinned Japanese GBA script. Full message fits the original three-line page; preserve event parameters, speaker identity, and shared operand ownership.
village.009c4648	ネネ「ポポロと　ふたりで　待ってるわ。<LF><TAB>いってらっしゃい　あなた。　チュッ。	"Tessie: ""Tipper and I will be waiting. Take care, dear. Mwah!"""	enemy_tipper,character.tessie	Independent translation from the pinned Japanese GBA script. Full message fits the original three-line page; preserve event parameters, speaker identity, and shared operand ownership.
village.009c4698	ネネ「さあ　やきたての　おいしいパンよ。<LF><TAB>お弁当に　もっていってね。	"Tessie: ""Here, some lovely fresh bread. Take it with you for lunch."""	character.tessie,bread	Independent translation from the pinned Japanese GBA script. Full message fits the original three-line page; preserve event parameters, speaker identity, and shared operand ownership.
village.009c46e0	ネネ「おはよう　あなた。<LF><TAB>ぐっすり　眠れたみたいね。フフフ。	"Tessie: ""Good morning, dear. You seem to have slept well. Hee hee."""	character.tessie	Independent translation from the pinned Japanese GBA script. Full message fits the original three-line page; preserve event parameters, speaker identity, and shared operand ownership.
village.009c4720	ネネ「じゃあ　ポポロと　いっしょに<LF><TAB>寝ましょうね。<LF><TAB>お休みなさい　あなた……。	"Tessie: ""Let us get some sleep with Tipper, then. Good night, dear..."""	enemy_tipper,character.tessie	Independent translation from the pinned Japanese GBA script. Full message fits the original three-line page; preserve event parameters, speaker identity, and shared operand ownership.
village.009c4770	ネネ「まあ　元気なのね。<LF><TAB>じゃあ　休みたくなったら　言ってね。	"Tessie: ""My, you have plenty of energy! Let me know when you feel like resting."""	character.tessie	Independent translation from the pinned Japanese GBA script. Full message fits the original three-line page; preserve event parameters, speaker identity, and shared operand ownership.
village.009c47b0	ネネ「ねえ　あなた。<LF><TAB>今夜は　ゆっくりできるの？<LF><TAB>もう　お休みになる？	"Tessie: ""Can you take it easy tonight, dear? Are you ready for bed?"""	character.tessie	Independent translation from the pinned Japanese GBA script. Full message fits the original three-line page; preserve event parameters, speaker identity, and shared operand ownership. Original Yes/No meaning and defaults retained.
village.009cda68	＊「このさい　この村に　コシを<LF><TAB>おちつけるしか　ないんでねえか。<LF><TAB>漁なら　オレが　教えてやるきに。	"???: ""Might as well settle down here now. I'll teach you how to fish."""		Independent translation from the pinned Japanese GBA script. Full message fits the original three-line page; preserve event parameters, speaker identity, and shared operand ownership. Anonymous speaker remains ??? until identified by the source.
village.009cdacc	＊「いや　あんたらも　困ったことに<LF><TAB>なっただなあ。　オレらも<LF><TAB>困ってんだけどよ。	"???: ""You've landed in a fine mess, haven't you? Mind you, so have we."""		Independent translation from the pinned Japanese GBA script. Full message fits the original three-line page; preserve event parameters, speaker identity, and shared operand ownership. Anonymous speaker remains ??? until identified by the source.
village.009cdb60	＊「わ～い！　旅の人が<LF><TAB>うちに　遊びに来た～！	"???: ""Hooray! The traveller came to play at our house!"""		Independent translation from the pinned Japanese GBA script. Full message fits the original three-line page; preserve event parameters, speaker identity, and shared operand ownership. Anonymous speaker remains ??? until identified by the source.
village.009cdbf8	ロサ「あいかわらず　クチがへらねえなあ<LF><TAB>オジさん。　オイラの真のチカラを<LF><TAB>見たら　そんなこと言えないっての。	"Rosa: ""Still as cheeky as ever, old man! You wouldn't say that if you knew my true power."""	enemy_rosa	Independent translation from the pinned Japanese GBA script. Full message fits the original three-line page; preserve event parameters, speaker identity, and shared operand ownership.
village.009cdc68	＊「おお　これは　ロサぼっちゃん。<LF><TAB>旅の人を　助けるとは<LF><TAB>どういう風の　ふきまわしかね。	"???: ""Well, Master Rosa! Helping the traveller, are you? What brought this on?"""	enemy_rosa	Independent translation from the pinned Japanese GBA script. Full message fits the original three-line page; preserve event parameters, speaker identity, and shared operand ownership. Anonymous speaker remains ??? until identified by the source.
village.009cdcc4	＊「トルネコさん　なんだか　うれしそうな<LF><TAB>顔をしてるんじゃないの。<LF><TAB>オレは　だまされんぜよ。	"???: ""You look awfully pleased with yourself, Torneko. You're not fooling me!"""	torneko	Independent translation from the pinned Japanese GBA script. Full message fits the original three-line page; preserve event parameters, speaker identity, and shared operand ownership. Anonymous speaker remains ??? until identified by the source.
village.009cdd24	＊「おお　これは　イネスじょうちゃん。<LF><TAB>最近また　キレイになっただなあ。	"???: ""Well, Miss Ines! You're looking lovelier than ever."""	enemy_ines	Independent translation from the pinned Japanese GBA script. Full message fits the original three-line page; preserve event parameters, speaker identity, and shared operand ownership. Anonymous speaker remains ??? until identified by the source.
village.009cde68	＊「だって　あっちの家の　男の子<LF><TAB>なまいきなんだもん。	"???: ""That boy in the other house is such a show-off!"""		Independent translation from the pinned Japanese GBA script. Full message fits the original three-line page; preserve event parameters, speaker identity, and shared operand ownership. Anonymous speaker remains ??? until identified by the source.
village.009cdea0	＊「遊び相手が　いなくて<LF><TAB>つまんないなあ～。	"???: ""Nobody to play with... I'm so bored!"""		Independent translation from the pinned Japanese GBA script. Full message fits the original three-line page; preserve event parameters, speaker identity, and shared operand ownership. Anonymous speaker remains ??? until identified by the source.
village.009cdf38	＊「はい　あなた。<LF><TAB>ごはんが　出来まちたよ。<LF><TAB>めしあがれ。	"???: ""Here you are, dear. Dinner's weady! Eat up!"""		Independent translation from the pinned Japanese GBA script. Full message fits the original three-line page; preserve event parameters, speaker identity, and shared operand ownership. Anonymous speaker remains ??? until identified by the source. Child playing house: light childish pronunciation adapts the Japanese baby talk.
village.009cdfdc	＊「はい　あなた。<LF><TAB>ごはんを　残ちちゃ　ダメよ。<LF><TAB>めしあがれ。	"???: ""Here you are, dear. Don't weave anything on your plate! Eat up!"""		Independent translation from the pinned Japanese GBA script. Full message fits the original three-line page; preserve event parameters, speaker identity, and shared operand ownership. Anonymous speaker remains ??? until identified by the source. Child playing house: light childish pronunciation adapts the Japanese baby talk.
village.009d5660	族長「小さな島とはいえ　村の外を<LF><TAB>歩いたりしては　危険ですからのう。	"Chief: ""Small as this island is, it is dangerous to wander outside the village."""	role.village_chief	Independent translation from the pinned Japanese GBA script. Full message fits the original three-line page; preserve event parameters, speaker identity, and shared operand ownership.
village.009d56a8	族長「…ああ　いや　ゴホン！<LF><TAB>ともかく　なにか方法が見つかるまで<LF><TAB>この村の中で　休んでいてくだされ。	"Chief: ""Ah, no... Ahem! Stay here and rest until we find some way to help you."""	role.village_chief	Independent translation from the pinned Japanese GBA script. Full message fits the original three-line page; preserve event parameters, speaker identity, and shared operand ownership.
village.009d5710	族長「いったい　あの嵐は　何だったのか。<LF><TAB>わしらの村の歴史でも　こんなことは<LF><TAB>過去に　１度しか……	"Chief: ""What was that storm? In all our village's history, only once before has..."""	role.village_chief	Independent translation from the pinned Japanese GBA script. Full message fits the original three-line page; preserve event parameters, speaker identity, and shared operand ownership.
village.009d5774	族長「船が　流されてしまったのでは<LF><TAB>この島を出ることも<LF><TAB>できぬし……　う～む。	"Chief: ""With your ship swept away, you cannot leave this island... Hmm."""	role.village_chief	Independent translation from the pinned Japanese GBA script. Full message fits the original three-line page; preserve event parameters, speaker identity, and shared operand ownership.
village.009d57c4	族長「いや　このたびは　大変な目に<LF><TAB>あわれましたな……。	"Chief: ""You have been through quite an ordeal..."""	role.village_chief	Independent translation from the pinned Japanese GBA script. Full message fits the original three-line page; preserve event parameters, speaker identity, and shared operand ownership.
village.009d5800	族長「ささ　どうぞ　わしの前に<LF><TAB>お座りくだされ。	"Chief: ""Please, sit down here in front of me."""	role.village_chief	Independent translation from the pinned Japanese GBA script. Full message fits the original three-line page; preserve event parameters, speaker identity, and shared operand ownership.
village.009d5834	族長「おお！　トルネコどの。<LF><TAB>朝はやくから　お呼びだてして<LF><TAB>申しわけない。	"Chief: ""Ah, Torneko! Forgive me for sending for you so early."""	torneko,role.village_chief	Independent translation from the pinned Japanese GBA script. Full message fits the original three-line page; preserve event parameters, speaker identity, and shared operand ownership.
village.009d5930	イネス「もし　私に　なにか<LF><TAB>お手伝いできることが　あったら<LF><TAB>いつでも　お声を　かけてくださいね。	"Ines: ""If there is anything I can do to help, please feel free to ask."""	enemy_ines	Independent translation from the pinned Japanese GBA script. Full message fits the original three-line page; preserve event parameters, speaker identity, and shared operand ownership.
village.009d5994	＊「はじめまして　旅のお方。<LF><TAB>私は　族長の孫娘<LF><TAB>イネス　といいます。	"???: ""Pleased to meet you, traveller. I am Ines, the chief's granddaughter."""	role.village_chief,enemy_ines	Independent translation from the pinned Japanese GBA script. Full message fits the original three-line page; preserve event parameters, speaker identity, and shared operand ownership. Anonymous speaker remains ??? until identified by the source.
village.009d5a34	＊「ガムランさまに　まずい食事を<LF><TAB>お出しするわけには　いかないし。<LF><TAB>ぶつぶつ……	"???: ""I can't serve Master Gamlan a poor meal, now can I? Grumble, grumble..."""	character.gamlan	Independent translation from the pinned Japanese GBA script. Full message fits the original three-line page; preserve event parameters, speaker identity, and shared operand ownership. Anonymous speaker remains ??? until identified by the source.
village.009d5a88	＊「やれ　忙しい……　しんせんな魚が<LF><TAB>とれなくなってしまったから<LF><TAB>お料理も　工夫しなきゃねえ。	"???: ""So much to do... With no fresh fish being caught, I'll have to get creative."""		Independent translation from the pinned Japanese GBA script. Full message fits the original three-line page; preserve event parameters, speaker identity, and shared operand ownership. Anonymous speaker remains ??? until identified by the source.
village.009d5b38	族長「村の外には　謎の迷宮の入り口が<LF><TAB>とつぜん現れ　旅人を　闇の底へ<LF><TAB>引きずり込むと　言われていますのでのう。　	"Chief: ""They say strange mazes appear outside the village, dragging travellers below."""	role.village_chief	Independent translation from the pinned Japanese GBA script. Full message fits the original three-line page; preserve event parameters, speaker identity, and shared operand ownership.
village.009d5bac	族長「いいですかな　トルネコどの。<LF><TAB>不安なのは　分かりますが　決して<LF><TAB>この村から　出ては　いけませんぞ。	"Chief: ""Listen, Torneko. I know you are anxious, but you must not leave this village."""	torneko,role.village_chief	Independent translation from the pinned Japanese GBA script. Full message fits the original three-line page; preserve event parameters, speaker identity, and shared operand ownership.
village.009d5ea8	イネス「はい！　おじいさま！	"Ines: ""Yes, Grandfather!"""	enemy_ines	Independent translation from the pinned Japanese GBA script. Full message fits the original three-line page; preserve event parameters, speaker identity, and shared operand ownership.
village.009d5ec8	族長「イネスや　お前も　わしといっしょに<LF><TAB>来るのじゃ。　いいな？	"Chief: ""Ines, you are coming with me. Understood?"""	role.village_chief,enemy_ines	Independent translation from the pinned Japanese GBA script. Full message fits the original three-line page; preserve event parameters, speaker identity, and shared operand ownership.
village.009d5f0c	族長「すまぬが　今しばらく<LF><TAB>お待ちいただけないじゃろうか。	"Chief: ""I am sorry, but could you wait a little longer?"""	role.village_chief	Independent translation from the pinned Japanese GBA script. Full message fits the original three-line page; preserve event parameters, speaker identity, and shared operand ownership.
village.009d5f48	族長「ともかく　今は　北のほこらに行って<LF><TAB>神の像をたしかめなくては　ならん。	"Chief: ""For now, I must go to the northern shrine and examine the statue."""	role.village_chief,place.shrine_of_the_gods	Independent translation from the pinned Japanese GBA script. Full message fits the original three-line page; preserve event parameters, speaker identity, and shared operand ownership.
village.009d5f98	族長「ポポロどのを　助ける方法が<LF><TAB>思いあたらなくも　ないのだが……	"Chief: ""I may know a way to help Tipper, but..."""	enemy_tipper,role.village_chief	Independent translation from the pinned Japanese GBA script. Full message fits the original three-line page; preserve event parameters, speaker identity, and shared operand ownership.
village.009d5fdc	族長「トルネコどの。<LF><TAB>これは　ただならぬことが<LF><TAB>起きたようじゃ。	"Chief: ""Torneko. Something most alarming seems to have happened."""	torneko,role.village_chief	Independent translation from the pinned Japanese GBA script. Full message fits the original three-line page; preserve event parameters, speaker identity, and shared operand ownership.
village.009d6020	族長「なんということじゃ……。<LF><TAB>まさか　あの嵐は……	"Chief: ""How could this be...? Could that storm have been...?"""	role.village_chief	Independent translation from the pinned Japanese GBA script. Full message fits the original three-line page; preserve event parameters, speaker identity, and shared operand ownership.
village.009d6058	族長「な　なんじゃと！？<LF><TAB>神の像が　倒れたと！？	"Chief: ""W-what?! The sacred statue has fallen?!"""	role.village_chief	Independent translation from the pinned Japanese GBA script. Full message fits the original three-line page; preserve event parameters, speaker identity, and shared operand ownership.
village.009d608c	＊「われらの　神の像が……<LF><TAB>あの嵐で…　た　た　倒れました！	"???: ""The statue of our god... In the storm... It f-f-fell over!"""		Independent translation from the pinned Japanese GBA script. Full message fits the original three-line page; preserve event parameters, speaker identity, and shared operand ownership. Anonymous speaker remains ??? until identified by the source.
village.009d60cc	＊「そ　それが　大変なんです！<LF><TAB>今朝　北のほこらの様子を<LF><TAB>調べにいったところ……	"???: ""S-something terrible! I went to check the northern shrine this morning..."""	place.shrine_of_the_gods	Independent translation from the pinned Japanese GBA script. Full message fits the original three-line page; preserve event parameters, speaker identity, and shared operand ownership. Anonymous speaker remains ??? until identified by the source.
village.009d6120	族長「むっ？　なにごとじゃ！<LF><TAB>今は　トルネコどのと　大事な<LF><TAB>話をしているところなのだぞ。	"Chief: ""Hmm? What is it? I am discussing something important with Torneko!"""	torneko,role.village_chief	Independent translation from the pinned Japanese GBA script. Full message fits the original three-line page; preserve event parameters, speaker identity, and shared operand ownership.
village.009d617c	＊「はあ　はあ！<LF><TAB>ぞ　族長さま～！	"???: ""Huff... Puff... Ch-chief!"""	role.village_chief	Independent translation from the pinned Japanese GBA script. Full message fits the original three-line page; preserve event parameters, speaker identity, and shared operand ownership. Anonymous speaker remains ??? until identified by the source.
village.009d61a0	族長「いったい　なんとしたことか……	"Chief: ""What on earth could have happened...?"""	role.village_chief	Independent translation from the pinned Japanese GBA script. Full message fits the original three-line page; preserve event parameters, speaker identity, and shared operand ownership.
village.009d61c8	族長「なんと！　あれから　ずっと<LF><TAB>目を覚まさなかったと　申されるか！	"Chief: ""What?! You mean he has not woken up since then?"""	role.village_chief	Independent translation from the pinned Japanese GBA script. Full message fits the original three-line page; preserve event parameters, speaker identity, and shared operand ownership.
village.009d6210	族長「うん？　息子さんが<LF><TAB>まだ　眠ったままですと？	"Chief: ""Hmm? Your son is still asleep?"""	role.village_chief	Independent translation from the pinned Japanese GBA script. Full message fits the original three-line page; preserve event parameters, speaker identity, and shared operand ownership.
village.009d6244	族長「おお　トルネコどの！<LF><TAB>いったい　どうなされた？　そんなに<LF><TAB>心配そうなカオを　して……	"Chief: ""Ah, Torneko! What is the matter? You look so worried..."""	torneko,role.village_chief	Independent translation from the pinned Japanese GBA script. Full message fits the original three-line page; preserve event parameters, speaker identity, and shared operand ownership.
village.009d6478	族長「持ちものや　お金は　魔物に<LF><TAB>うばわれても　たたかいの経験は<LF><TAB>きっと　生かされるでしょうからのう。	"Chief: ""Monsters may take your money and belongings, but your battle experience remains."""	role.village_chief	Independent translation from the pinned Japanese GBA script. Full message fits the original three-line page; preserve event parameters, speaker identity, and shared operand ownership.
village.009d64e0	族長「もし　道中　チカラつきることが<LF><TAB>あっても　あきらめずに<LF><TAB>進むことじゃ。	"Chief: ""Even if you collapse along the way, do not give up. Keep trying."""	role.village_chief	Independent translation from the pinned Japanese GBA script. Full message fits the original three-line page; preserve event parameters, speaker identity, and shared operand ownership.
village.009d6530	族長「どうやら　旅なれた　あなたのこと<LF><TAB>あまり　余計なことは　言うまいが……	"Chief: ""You are an experienced traveller. I shall spare you needless advice, but..."""	role.village_chief	Independent translation from the pinned Japanese GBA script. Full message fits the original three-line page; preserve event parameters, speaker identity, and shared operand ownership.
village.009d6580	族長「おお　トルネコどの。<LF><TAB>いよいよ　出発されるのですな。	"Chief: ""Ah, Torneko. So you are setting off at last."""	torneko,role.village_chief	Independent translation from the pinned Japanese GBA script. Full message fits the original three-line page; preserve event parameters, speaker identity, and shared operand ownership.
village.009d65f4	イネス「もし　ロサが　ごめいわくを<LF><TAB>おかけするようでしたら　えんりょなく<LF><TAB>おっしゃってくださいね。	"Ines: ""If Rosa causes you any trouble, please do not hesitate to tell me."""	enemy_rosa,enemy_ines	Independent translation from the pinned Japanese GBA script. Full message fits the original three-line page; preserve event parameters, speaker identity, and shared operand ownership.
village.009d6658	イネス「トルネコさんに　バリナボの神の<LF><TAB>ご加護が　ありますように。	"Ines: ""May the god of Barinabo watch over you, Torneko."""	torneko,enemy_ines,place.barinabo	Independent translation from the pinned Japanese GBA script. Full message fits the original three-line page; preserve event parameters, speaker identity, and shared operand ownership.
village.009d66f4	ロサ「また　ガムランじいさまの前で<LF><TAB>勉強とは……。　トルネコさんとの旅が<LF><TAB>なつかしいよ。　とほほ。	"Rosa: ""Back to studying under Grandpa Gamlan... I miss our travels, Torneko. Sigh."""	torneko,character.gamlan,enemy_rosa	Independent translation from the pinned Japanese GBA script. Full message fits the original three-line page; preserve event parameters, speaker identity, and shared operand ownership.
village.009d6758	ロサ「あ～あ。　ガムランじいさまの前で<LF><TAB>勉強かよ……。	"Rosa: ""Aww... Studying under Grandpa Gamlan again..."""	character.gamlan,enemy_rosa	Independent translation from the pinned Japanese GBA script. Full message fits the original three-line page; preserve event parameters, speaker identity, and shared operand ownership.
village.009d6998	族長「それが　真実のトビラの向こう<LF><TAB>でのことだったのなら　ともかく<LF><TAB>どうか　お気になさらず。	"Chief: ""If it happened beyond the Gate of Truth... Well, please do not trouble yourself."""	role.village_chief,lore.gate_of_truth	Independent translation from the pinned Japanese GBA script. Full message fits the original three-line page; preserve event parameters, speaker identity, and shared operand ownership. Related return conversation; not claimed to occur before first departure.
village.009d69f8	族長「しかし　もう　ずいぶん<LF><TAB>昔のことじゃ。　おそらく<LF><TAB>人ちがいでしょう。	"Chief: ""But that was long ago. You probably heard about someone else."""	role.village_chief	Independent translation from the pinned Japanese GBA script. Full message fits the original three-line page; preserve event parameters, speaker identity, and shared operand ownership. Related return conversation; not claimed to occur before first departure.
village.009d6a44	族長「分からなくなるほどの<LF><TAB>荒れようでした。　まるで　あくまの<LF><TAB>しわざのようでしたな。	"Chief: ""...That was how fierce it was. It was as though a demon were behind it."""	role.village_chief	Independent translation from the pinned Japanese GBA script. Full message fits the original three-line page; preserve event parameters, speaker identity, and shared operand ownership. Related return conversation; not claimed to occur before first departure.
village.009d6a9c	族長「あれは　ひどい嵐でしてな。<LF><TAB>いったい　われわれが　助かったのか<LF><TAB>娘と娘ムコが　助かったのか……	"Chief: ""Such a fierce storm... Had we survived, or my daughter and her husband? I could not tell..."""	role.village_chief	Independent translation from the pinned Japanese GBA script. Full message fits the original three-line page; preserve event parameters, speaker identity, and shared operand ownership. Related return conversation; not claimed to occur before first departure.
village.009d6b04	族長「たしかに　ヴィオラというのは<LF><TAB>かつて　大嵐で　生き別れになった<LF><TAB>わしの娘ですが……	"Chief: ""Yes, Viola is my daughter. A great storm separated us long ago..."""	role.village_chief,character.viola	Independent translation from the pinned Japanese GBA script. Full message fits the original three-line page; preserve event parameters, speaker identity, and shared operand ownership. Related return conversation; not claimed to occur before first departure.
village.009d6b60	族長「ん？　なんですと？<LF><TAB>旅のとちゅうで　ヴィオラについての<LF><TAB>話を聞いたと？	"Chief: ""Hmm? What is that? You heard something about Viola on your journey?"""	role.village_chief,character.viola	Independent translation from the pinned Japanese GBA script. Full message fits the original three-line page; preserve event parameters, speaker identity, and shared operand ownership. Related return conversation; not claimed to occur before first departure.
village.009d6bb0	族長「おお　トルネコどの<LF><TAB>もどられましたか。　旅の調子は<LF><TAB>どうですかな？	"Chief: ""Ah, Torneko, you have returned. How are your travels going?"""	torneko,role.village_chief	Independent translation from the pinned Japanese GBA script. Full message fits the original three-line page; preserve event parameters, speaker identity, and shared operand ownership. Related return conversation; not claimed to occur before first departure.
village.009d6bfc	族長「それでは　トルネコどの<LF><TAB>どうぞ　お気をつけて。　そなたに<LF><TAB>バリナボの神の　ご加護を。	"Chief: ""Take care, Torneko. May the god of Barinabo watch over you."""	torneko,role.village_chief,place.barinabo	Independent translation from the pinned Japanese GBA script. Full message fits the original three-line page; preserve event parameters, speaker identity, and shared operand ownership.
village.009d6c58	ロサに　代わって<LF>イネスが　仲間に　くわわった！	Ines joined the party in Rosa's place!	enemy_rosa,enemy_ines	Independent translation from the pinned Japanese GBA script. Full message fits the original three-line page; preserve event parameters, speaker identity, and shared operand ownership.
village.009d6c88	イネス「トルネコさん。　今度は　私が<LF><TAB>がんばって　お供しますので<LF><TAB>よろしく　お願いいたします。	"Ines: ""I shall do my best to help you on your journey this time, Torneko."""	torneko,enemy_ines	Independent translation from the pinned Japanese GBA script. Full message fits the original three-line page; preserve event parameters, speaker identity, and shared operand ownership.
village.009d6ce8	イネス「まったく　ロサったら。<LF><TAB>トルネコさんとの旅を　修行だと<LF><TAB>思ってなかったでしょ。	"Ines: ""Honestly, Rosa! You never thought of travelling with Torneko as training, did you?"""	torneko,enemy_rosa,enemy_ines	Independent translation from the pinned Japanese GBA script. Full message fits the original three-line page; preserve event parameters, speaker identity, and shared operand ownership.
village.009d6d40	ロサ「ちぇっ。　つまんねえの。<LF><TAB>また　村で　修行かよ……。	"Rosa: ""Tch. No fun at all. Back to training in the village..."""	enemy_rosa	Independent translation from the pinned Japanese GBA script. Full message fits the original three-line page; preserve event parameters, speaker identity, and shared operand ownership.
village.009d6d7c	族長「うむ。　では　ロサや<LF><TAB>お前の役目は　ここまでじゃ。<LF><TAB>さあ　イネスと交代しなさい。	"Chief: ""Very well, Rosa. Your task is over. Let Ines take your place."""	role.village_chief,enemy_rosa,enemy_ines	Independent translation from the pinned Japanese GBA script. Full message fits the original three-line page; preserve event parameters, speaker identity, and shared operand ownership.
village.009d6dd4	族長「では　トルネコどの<LF><TAB>お気をつけて。　そなたに<LF><TAB>バリナボの神の　ご加護を。	"Chief: ""Take care, Torneko. May the god of Barinabo watch over you."""	torneko,role.village_chief,place.barinabo	Independent translation from the pinned Japanese GBA script. Full message fits the original three-line page; preserve event parameters, speaker identity, and shared operand ownership.
village.009d6e24	族長「わかりました。<LF><TAB>そこまで　おっしゃるのでしたら<LF><TAB>このまま　ロサを　お供させましょう。	"Chief: ""Very well. If you insist, Rosa shall continue to accompany you."""	role.village_chief,enemy_rosa	Independent translation from the pinned Japanese GBA script. Full message fits the original three-line page; preserve event parameters, speaker identity, and shared operand ownership.
village.009d6e80	族長「では　やはり　ロサの代わりに<LF><TAB>イネスを　お供させるということで<LF><TAB>よろしいですな？	"Chief: ""Then you would like Ines to take Rosa's place. Is that right?"""	role.village_chief,enemy_rosa,enemy_ines	Independent translation from the pinned Japanese GBA script. Full message fits the original three-line page; preserve event parameters, speaker identity, and shared operand ownership. Original Yes/No meaning and defaults retained.
village.009d6ed8	族長「うむ。　そうでしょうとも。	"Chief: ""Yes. I thought as much."""	role.village_chief	Independent translation from the pinned Japanese GBA script. Full message fits the original three-line page; preserve event parameters, speaker identity, and shared operand ownership.
village.009d6efc	族長「では　イネスより　苦労が多くとも<LF><TAB>このまま　ロサを　お連れになる<LF><TAB>覚悟を　お持ちですか？	"Chief: ""Are you willing to keep Rosa with you, even if he makes things harder than Ines?"""	role.village_chief,enemy_rosa,enemy_ines	Independent translation from the pinned Japanese GBA script. Full message fits the original three-line page; preserve event parameters, speaker identity, and shared operand ownership. Original Yes/No meaning and defaults retained.
village.009d6f5c	族長「ほほう。　多少は　ロサでも<LF><TAB>お役に立つのですか。	"Chief: ""Oh? So even Rosa is of some use to you."""	role.village_chief,enemy_rosa	Independent translation from the pinned Japanese GBA script. Full message fits the original three-line page; preserve event parameters, speaker identity, and shared operand ownership.
village.009d6f94	族長「ここで　置いていかれると　ロサは<LF><TAB>ヘソを曲げて　もう　お供はしないと<LF><TAB>思いますが　よろしいですな？	"Chief: ""If you leave Rosa here, he may sulk and never join you again. Is that all right?"""	role.village_chief,enemy_rosa	Independent translation from the pinned Japanese GBA script. Full message fits the original three-line page; preserve event parameters, speaker identity, and shared operand ownership. Original Yes/No meaning and defaults retained.
village.009d7000	族長「やはり　ロサには無理でしたな……。<LF><TAB>では　イネスを　代わりに<LF><TAB>行かせましょう。	"Chief: ""It was too much for Rosa after all... I shall send Ines in his place."""	role.village_chief,enemy_rosa,enemy_ines	Independent translation from the pinned Japanese GBA script. Full message fits the original three-line page; preserve event parameters, speaker identity, and shared operand ownership.
village.009d7058	族長「それでは　今後も　ロサを<LF><TAB>お供させましょう。　トルネコどのに<LF><TAB>バリナボの神の　ご加護を。	"Chief: ""Then Rosa shall stay with you. May the god of Barinabo watch over you, Torneko."""	torneko,role.village_chief,enemy_rosa,place.barinabo	Independent translation from the pinned Japanese GBA script. Full message fits the original three-line page; preserve event parameters, speaker identity, and shared operand ownership.
village.009d70b8	族長「もし　おのぞみであれば<LF><TAB>ロサではなく　イネスを　お供に<LF><TAB>行かせましょうか？	"Chief: ""If you wish, shall I send Ines to accompany you instead of Rosa?"""	role.village_chief,enemy_rosa,enemy_ines	Independent translation from the pinned Japanese GBA script. Full message fits the original three-line page; preserve event parameters, speaker identity, and shared operand ownership. Original Yes/No meaning and defaults retained.
village.009d710c	族長「ことさら　ロサを連れていては<LF><TAB>大変　足手まといなのでは<LF><TAB>ありませぬか？	"Chief: ""Surely having Rosa with you is a terrible burden?"""	role.village_chief,enemy_rosa	Independent translation from the pinned Japanese GBA script. Full message fits the original three-line page; preserve event parameters, speaker identity, and shared operand ownership.
village.009d715c	族長「あまり　お役に立てず<LF><TAB>申しわけないが　せめて　ここに<LF><TAB>いる間は　くつろいでくだされ。	"Chief: ""I am sorry I cannot help more. At least make yourself comfortable while here."""	role.village_chief	Independent translation from the pinned Japanese GBA script. Full message fits the original three-line page; preserve event parameters, speaker identity, and shared operand ownership.
village.009d71b8	族長「はるか北への　道は<LF><TAB>さぞかし　けわしく<LF><TAB>きびしいものでしょうな。	"Chief: ""The journey far to the north must be very long and difficult."""	role.village_chief	Independent translation from the pinned Japanese GBA script. Full message fits the original three-line page; preserve event parameters, speaker identity, and shared operand ownership.
village.009d7200	族長「おお　トルネコどの！<LF><TAB>よくぞ　もどられた。	"Chief: ""Ah, Torneko! Welcome back!"""	torneko,role.village_chief	Independent translation from the pinned Japanese GBA script. Full message fits the original three-line page; preserve event parameters, speaker identity, and shared operand ownership.
village.009e178c	カベには　地図が　かけられている。<LF>南の方に　小さく描かれているのが<LF>この島のようだ。	A map hangs on the wall. The small island drawn far to the south seems to be this one.		Independent translation from the pinned Japanese GBA script. Full message fits the original three-line page; preserve event parameters, speaker identity, and shared operand ownership.
village.009e192c	＊「ポポロちゃん　起きたのかい？<LF><TAB>朝ごはんが　できてますよ。<LF><TAB>下に　おりていらっしゃい。	"???: ""Are you awake, Tipper? Breakfast is ready. Come downstairs!"""	enemy_tipper	Independent translation from the pinned Japanese GBA script. Full message fits the original three-line page; preserve event parameters, speaker identity, and shared operand ownership. Anonymous speaker remains ??? until identified by the source.
village.009e1a10	ロサ「あ～あ。　オイラも　はやく<LF><TAB>この　ちっぽけな村から<LF><TAB>出て行きたいよ。	"Rosa: ""Ahh... I can't wait to get out of this tiny village."""	enemy_rosa	Independent translation from the pinned Japanese GBA script. Full message fits the original three-line page; preserve event parameters, speaker identity, and shared operand ownership.
village.009e1a5c	ロサ「なあ　なあ　トルネコさんは<LF><TAB>ずっと　遠くの　都会の町から<LF><TAB>来たんだろ？	"Rosa: ""Hey, Torneko. You came from a big town far away, right?"""	torneko,enemy_rosa	Independent translation from the pinned Japanese GBA script. Full message fits the original three-line page; preserve event parameters, speaker identity, and shared operand ownership.
village.009e1aac	＊「オイラは　族長ガムランの　孫息子<LF><TAB>ロサ　ってんだ。　よろしくな。	"???: ""I'm Rosa, Chief Gamlan's grandson. Nice to meet you!"""	role.village_chief,character.gamlan,enemy_rosa	Independent translation from the pinned Japanese GBA script. Full message fits the original three-line page; preserve event parameters, speaker identity, and shared operand ownership. Anonymous speaker remains ??? until identified by the source.
village.009e1af4	＊「たしか　トルネコさんとか<LF><TAB>いったよな？	"???: ""Torneko, wasn't it?"""	torneko	Independent translation from the pinned Japanese GBA script. Full message fits the original three-line page; preserve event parameters, speaker identity, and shared operand ownership. Anonymous speaker remains ??? until identified by the source.
village.009e1b20	＊「あっ！？　べ　勉強なら　今<LF><TAB>やろうと思ってたところさ……　って<LF><TAB>なんだ　あんた　旅の人か。	"???: ""Wha?! I-I was just about to study... Oh, it's you, traveller."""		Independent translation from the pinned Japanese GBA script. Full message fits the original three-line page; preserve event parameters, speaker identity, and shared operand ownership. Anonymous speaker remains ??? until identified by the source.
village.009e1ba0	＊「あらあら　ロサぼっちゃんは　また<LF><TAB>お勉強をさぼって　ぬけ出したりして。<LF><TAB>まったく　しょうがないねえ。	"???: ""Oh dear. Master Rosa has sneaked off instead of studying again. That boy!"""	enemy_rosa	Independent translation from the pinned Japanese GBA script. Full message fits the original three-line page; preserve event parameters, speaker identity, and shared operand ownership. Anonymous speaker remains ??? until identified by the source.
village.009e1c2c	＊「あたしゃ　ふたりの　おマゴさまの<LF><TAB>お世話をするのが　楽しみなのに<LF><TAB>やれ　さみしくなりますわねえ。	"???: ""Looking after those two grandchildren is such a joy. It will be lonely here."""		Independent translation from the pinned Japanese GBA script. Full message fits the original three-line page; preserve event parameters, speaker identity, and shared operand ownership. Anonymous speaker remains ??? until identified by the source.
village.009e1cbc	＊「うちの　息子は　外ばっかり<LF><TAB>旅していて　帰ってきやしませんのよ。	"???: ""My own son is always off travelling. He never comes home."""		Independent translation from the pinned Japanese GBA script. Full message fits the original three-line page; preserve event parameters, speaker identity, and shared operand ownership. Anonymous speaker remains ??? until identified by the source.
village.009e1d04	＊「家族が　いっしょに　暮らすって<LF><TAB>ほんに　いいことですわ。	"???: ""It really is lovely for a family to live together."""		Independent translation from the pinned Japanese GBA script. Full message fits the original three-line page; preserve event parameters, speaker identity, and shared operand ownership. Anonymous speaker remains ??? until identified by the source.
village.009e1f14	ベッドが　ある。<LF>ここで　休ませてもらいますか？	There is a bed here. Will you rest in it?		Independent translation from the pinned Japanese GBA script. Full message fits the original three-line page; preserve event parameters, speaker identity, and shared operand ownership. Original Yes/No meaning and defaults retained.
village.009ea22c	＊「海の　神さまでも<LF><TAB>お怒りになったのかねえ。	"???: ""Perhaps the god of the sea is angry with us."""		Independent translation from the pinned Japanese GBA script. Full message fits the original three-line page; preserve event parameters, speaker identity, and shared operand ownership. Anonymous speaker remains ??? until identified by the source.
village.009ea25c	＊「まったく　なんてことだい！？<LF><TAB>大事な畑が　こんなに荒れちゃって！	"???: ""What a disaster! My precious field is ruined!"""		Independent translation from the pinned Japanese GBA script. Full message fits the original three-line page; preserve event parameters, speaker identity, and shared operand ownership. Anonymous speaker remains ??? until identified by the source.
village.009ea2dc	＊「あ～ムリムリ！<LF><TAB>オレらの小舟じゃ　とても<LF><TAB>そんな遠くには　行けないよ。	"???: ""No chance! Our little boats could never take you that far."""		Independent translation from the pinned Japanese GBA script. Full message fits the original three-line page; preserve event parameters, speaker identity, and shared operand ownership. Anonymous speaker remains ??? until identified by the source.
village.009ea328	＊「……え？　小舟を作れば<LF><TAB>ほかの場所へ行けるかって？	"???: ""Eh? Could we build a boat to take you somewhere else?"""		Independent translation from the pinned Japanese GBA script. Full message fits the original three-line page; preserve event parameters, speaker identity, and shared operand ownership. Anonymous speaker remains ??? until identified by the source.
village.009ea360	＊「もう　おしまいだ……<LF><TAB>家の屋根が飛ばされるなんて……。<LF><TAB>漁の小舟を作り直す気力もないよ。	"???: ""It's all over... The roof blew off my house. I can't face rebuilding my boat too."""		Independent translation from the pinned Japanese GBA script. Full message fits the original three-line page; preserve event parameters, speaker identity, and shared operand ownership. Anonymous speaker remains ??? until identified by the source.
village.009ea3d8	＊「あたしを　都会の島から<LF><TAB>連れ出したときの　調子のいいセリフは<LF><TAB>なんだったのかしら。	"???: ""What happened to all his sweet talk when he whisked me away from my island city?"""		Independent translation from the pinned Japanese GBA script. Full message fits the original three-line page; preserve event parameters, speaker identity, and shared operand ownership. Anonymous speaker remains ??? until identified by the source.
village.009ea430	＊「この人ったら　すっかり<LF><TAB>気力を　なくしちゃって。	"???: ""He's lost all his get-up-and-go."""		Independent translation from the pinned Japanese GBA script. Full message fits the original three-line page; preserve event parameters, speaker identity, and shared operand ownership. Anonymous speaker remains ??? until identified by the source.
village.009ea4a0	＊「それに　いつも　オモチャを<LF><TAB>もち歩いてさ。　もう<LF><TAB>子どもじゃないのに　変だよね。	"???: ""And he always carries toys around. He's not a little kid any more! Weird, huh?"""		Independent translation from the pinned Japanese GBA script. Full message fits the original three-line page; preserve event parameters, speaker identity, and shared operand ownership. Anonymous speaker remains ??? until identified by the source.
village.009ea4f8	＊「ロサって　ふたごの　おねえちゃんの<LF><TAB>イネスとはちがって　ワガママだから<LF><TAB>気をつけた方がいいよっ。	"???: ""Rosa's selfish, unlike his older twin sister Ines. You'd better watch out!"""	enemy_rosa,enemy_ines	Independent translation from the pinned Japanese GBA script. Full message fits the original three-line page; preserve event parameters, speaker identity, and shared operand ownership. Anonymous speaker remains ??? until identified by the source.
village.009ea560	＊「あっ　旅の人だ！<LF><TAB>族長さまのところの　ロサにいちゃんに<LF><TAB>もう　会った？	"???: ""Oh, the traveller! Have you met Rosa yet? He lives at the chief's house."""	role.village_chief,enemy_rosa	Independent translation from the pinned Japanese GBA script. Full message fits the original three-line page; preserve event parameters, speaker identity, and shared operand ownership. Anonymous speaker remains ??? until identified by the source. Original Yes/No meaning and defaults retained.
village.009ea5cc	＊「にゃ～ん。	"???: ""Meow!"""		Independent translation from the pinned Japanese GBA script. Full message fits the original three-line page; preserve event parameters, speaker identity, and shared operand ownership. Anonymous speaker remains ??? until identified by the source.
village.009ea5f4	＊「今は　危険ですから　誰も<LF><TAB>村の外に　出さないようにとの<LF><TAB>族長さまの　命令ですわ。	"???: ""The chief ordered us not to let anyone leave the village. It is too dangerous."""	role.village_chief	Independent translation from the pinned Japanese GBA script. Full message fits the original three-line page; preserve event parameters, speaker identity, and shared operand ownership. Anonymous speaker remains ??? until identified by the source.
village.009ea64c	＊「ここは　南の果て　バリナボの村。	"???: ""This is Barinabo Village, at the far southern edge of the world."""	place.barinabo	Independent translation from the pinned Japanese GBA script. Full message fits the original three-line page; preserve event parameters, speaker identity, and shared operand ownership. Anonymous speaker remains ??? until identified by the source.
village.009ea78c	＊「こちらが　族長さまの　お屋敷です。<LF><TAB>どうぞ　お入りください。	"???: ""This is the chief's house. Please go inside."""	role.village_chief	Independent translation from the pinned Japanese GBA script. Full message fits the original three-line page; preserve event parameters, speaker identity, and shared operand ownership. Anonymous speaker remains ??? until identified by the source.
village.009ea7d0	＊「族長さまが　お呼びですので<LF><TAB>どうぞ　こちらへ。	"???: ""The chief would like to see you. This way, please."""	role.village_chief	Independent translation from the pinned Japanese GBA script. Full message fits the original three-line page; preserve event parameters, speaker identity, and shared operand ownership. Anonymous speaker remains ??? until identified by the source.
village.009ea804	＊「おお　目が覚めたようですね。<LF><TAB>ちょうどよかった。	"???: ""Ah, you are awake. Just in time."""		Independent translation from the pinned Japanese GBA script. Full message fits the original three-line page; preserve event parameters, speaker identity, and shared operand ownership. Anonymous speaker remains ??? until identified by the source.
village.009ea914	＊「それが　あのはげしい嵐と共に<LF><TAB>現れるなんて　なにやら<LF><TAB>不思議な　めぐり合わせですね。	"???: ""For you to arrive with that fierce storm... What a strange turn of fate."""		Independent translation from the pinned Japanese GBA script. Full message fits the original three-line page; preserve event parameters, speaker identity, and shared operand ownership. Anonymous speaker remains ??? until identified by the source.
village.009ea970	＊「旅の人が　やってくることなど<LF><TAB>もう　なん十年も　ありませんでした。	"???: ""It has been decades since any travellers came here."""		Independent translation from the pinned Japanese GBA script. Full message fits the original three-line page; preserve event parameters, speaker identity, and shared operand ownership. Anonymous speaker remains ??? until identified by the source.
village.009ea9b8	＊「ここは　はるか南の果ての<LF><TAB>忘れ去られた島　バリナボにある<LF><TAB>ただひとつの村。	"???: ""This is the only village on Barinabo, a forgotten island in the far south."""	place.barinabo	Independent translation from the pinned Japanese GBA script. Full message fits the original three-line page; preserve event parameters, speaker identity, and shared operand ownership. Anonymous speaker remains ??? until identified by the source.
village.009eab80	＊「な～んだ……。	"???: ""Aww..."""		Independent translation from the pinned Japanese GBA script. Full message fits the original three-line page; preserve event parameters, speaker identity, and shared operand ownership. Anonymous speaker remains ??? until identified by the source.
village.009eab94	＊「ボクの話　わかった？<LF><TAB>もう１回　聞きたい？	"???: ""Did you get all that? Want to hear it again?"""		Independent translation from the pinned Japanese GBA script. Full message fits the original three-line page; preserve event parameters, speaker identity, and shared operand ownership. Anonymous speaker remains ??? until identified by the source. Original Yes/No meaning and defaults retained.
village.009eabc4	＊「その場で　剣をふったりして<LF><TAB>わざとモンスターを近づけてから<LF><TAB>たたく！　それがコツだってさ。	"???: ""Swing your sword to let them come to you. Then strike! That's the trick."""		Independent translation from the pinned Japanese GBA script. Full message fits the original three-line page; preserve event parameters, speaker identity, and shared operand ownership. Anonymous speaker remains ??? until identified by the source.
village.009eac24	＊「モンスターが　１歩はなれた所に<LF><TAB>いたら　自分から近づいちゃ<LF><TAB>ダメだからね。	"???: ""If a monster is one step away, don't step towards it yourself."""		Independent translation from the pinned Japanese GBA script. Full message fits the original three-line page; preserve event parameters, speaker identity, and shared operand ownership. Anonymous speaker remains ??? until identified by the source.
village.009eac74	＊「それから　おぼえておいてね。<LF><TAB>ダンジョンでは　自分とモンスターが<LF><TAB>順番に行動するから…	"???: ""And remember, you and the monsters take turns to act in a dungeon, so..."""		Independent translation from the pinned Japanese GBA script. Full message fits the original three-line page; preserve event parameters, speaker identity, and shared operand ownership. Anonymous speaker remains ??? until identified by the source.
village.009eacd0	＊「あと　とちゅうで　ひろった<LF><TAB>武器や防具は　ちゃんと<LF><TAB>そうび　しなきゃ　ダメだよ。	"???: ""Make sure you equip any weapons and armour you find along the way, too."""		Independent translation from the pinned Japanese GBA script. Full message fits the original three-line page; preserve event parameters, speaker identity, and shared operand ownership. Anonymous speaker remains ??? until identified by the source.
village.009ead28	＊「それから　お腹がへって<LF><TAB>たおれると　魔物にやられちゃうから<LF><TAB>お腹がへったら　パンを食べてね。	"???: ""If you collapse from hunger, monsters will get you. Eat bread when you're hungry."""	bread	Independent translation from the pinned Japanese GBA script. Full message fits the original three-line page; preserve event parameters, speaker identity, and shared operand ownership. Anonymous speaker remains ??? until identified by the source.
village.009ead8c	＊「でも　魔物が　いるから<LF><TAB>どんどん　戦って　強くならなきゃ<LF><TAB>最後までは　行けないみたいだよ。	"???: ""But there are monsters, so you'll need to fight and get stronger to reach the end."""		Independent translation from the pinned Japanese GBA script. Full message fits the original three-line page; preserve event parameters, speaker identity, and shared operand ownership. Anonymous speaker remains ??? until identified by the source.
village.009eadec	＊「だから　階段をさがして　ずっと<LF><TAB>最後まで下りれば　ふしぎなチカラで<LF><TAB>外に出られるんだって。	"???: ""Find the stairs and keep going down. When you reach the end, magic lets you out."""		Independent translation from the pinned Japanese GBA script. Full message fits the original three-line page; preserve event parameters, speaker identity, and shared operand ownership. Anonymous speaker remains ??? until identified by the source.
village.009eae4c	＊「えっとね…　その洞くつには<LF><TAB>どこかに　階段があって<LF><TAB>下へ　下へと　続いてるんだよ。	"???: ""Well... There are stairs somewhere in the cave, leading down and down."""		Independent translation from the pinned Japanese GBA script. Full message fits the original three-line page; preserve event parameters, speaker identity, and shared operand ownership. Anonymous speaker remains ??? until identified by the source.
village.009eaea4	＊「ボクが　大人たちに聞いた<LF><TAB>くわしい話を　知りたい？	"???: ""Want to hear what the grown-ups told me about it?"""		Independent translation from the pinned Japanese GBA script. Full message fits the original three-line page; preserve event parameters, speaker identity, and shared operand ownership. Anonymous speaker remains ??? until identified by the source. Original Yes/No meaning and defaults retained.
village.009eaedc	＊「大人たちが　言ってるけど　外を歩くと<LF><TAB>いきなり　なぞの洞くつに<LF><TAB>引き込まれちゃうんだって。	"???: ""The grown-ups say a strange cave can suddenly swallow you up when you walk outside."""		Independent translation from the pinned Japanese GBA script. Full message fits the original three-line page; preserve event parameters, speaker identity, and shared operand ownership. Anonymous speaker remains ??? until identified by the source.
village.009eaf3c	＊「族長さま　おトシよりなのに<LF><TAB>だいじょうぶかなあ。	"???: ""The chief is pretty old. Will he be all right?"""	role.village_chief	Independent translation from the pinned Japanese GBA script. Full message fits the original three-line page; preserve event parameters, speaker identity, and shared operand ownership. Anonymous speaker remains ??? until identified by the source.
village.009eaf74	＊「族長さまたちが　すごい　いきおいで<LF><TAB>村の外に　出て行ったよ。	"???: ""The chief and the others went rushing out of the village!"""	role.village_chief	Independent translation from the pinned Japanese GBA script. Full message fits the original three-line page; preserve event parameters, speaker identity, and shared operand ownership. Anonymous speaker remains ??? until identified by the source.
village.009eb008	＊「あなたは　ぜったい<LF><TAB>北のほこらになんて　行ってはだめよ。<LF><TAB>危険ですもの。	"???: ""You must not go to the northern shrine. It is too dangerous!"""	place.shrine_of_the_gods	Independent translation from the pinned Japanese GBA script. Full message fits the original three-line page; preserve event parameters, speaker identity, and shared operand ownership. Anonymous speaker remains ??? until identified by the source.
village.009eb058	＊「族長さまが　あんなに　あわてるなんて<LF><TAB>よほどのことが　起きたんですわ。<LF><TAB>オロオロオロ……。	"???: ""Something awful must have happened to make the chief rush off like that. Oh dear..."""	role.village_chief	Independent translation from the pinned Japanese GBA script. Full message fits the original three-line page; preserve event parameters, speaker identity, and shared operand ownership. Anonymous speaker remains ??? until identified by the source.
village.009eb110	＊「トルネコさんが　旅してる間の<LF><TAB>奥さんのことなら　心配いらないよ。<LF><TAB>あたしらが　ついてるからさ。	"???: ""Don't worry about your wife while you're away. We'll look after her."""	torneko	Independent translation from the pinned Japanese GBA script. Full message fits the original three-line page; preserve event parameters, speaker identity, and shared operand ownership. Anonymous speaker remains ??? until identified by the source.
village.009eb174	＊「あんた　お子さんを　助けるために<LF><TAB>禁断の洞くつへ　行くんだって？<LF><TAB>よそ者なのに　たいしたもんだよ。	"???: ""You're going to the forbidden caves to save your child? Brave, for an outsider!"""		Independent translation from the pinned Japanese GBA script. Full message fits the original three-line page; preserve event parameters, speaker identity, and shared operand ownership. Anonymous speaker remains ??? until identified by the source.
village.009eb1fc	＊「それが　来たとたん　こんなことに<LF><TAB>なるなんて　も～　ビックリ？<LF><TAB>あ　失礼しました。	"???: ""And now all this happens as soon as you arrive! What a surprise! Oh, pardon me."""		Independent translation from the pinned Japanese GBA script. Full message fits the original three-line page; preserve event parameters, speaker identity, and shared operand ownership. Anonymous speaker remains ??? until identified by the source.
village.009eb254	＊「ここは　はるか南の果ての<LF><TAB>忘れ去られた島　バリナボ。	"???: ""This is Barinabo, a forgotten island in the far south."""	place.barinabo	Independent translation from the pinned Japanese GBA script. Full message fits the original three-line page; preserve event parameters, speaker identity, and shared operand ownership. Anonymous speaker remains ??? until identified by the source.
village.009eb308	＊「あっ　こりゃ　ロサさま！<LF><TAB>いえ　オレは　別に　仕事を<LF><TAB>さぼってるんじゃ　ないんですよ。	"???: ""Oh! Master Rosa! I-I'm not slacking off, you know."""	enemy_rosa	Independent translation from the pinned Japanese GBA script. Full message fits the original three-line page; preserve event parameters, speaker identity, and shared operand ownership. Anonymous speaker remains ??? until identified by the source.
village.009eb364	＊「こうして　床にねそべって<LF><TAB>潮の流れの様子を　波の音で<LF><TAB>感じたりして……。	"???: ""Lying here, I can listen to the waves and sense how the currents are moving..."""		Independent translation from the pinned Japanese GBA script. Full message fits the original three-line page; preserve event parameters, speaker identity, and shared operand ownership. Anonymous speaker remains ??? until identified by the source.
village.009eb3b4	＊「あっ　こりゃ　イネスさま！<LF><TAB>いえ　オレは　別に　仕事を<LF><TAB>さぼってるんじゃ　ないんですよ。	"???: ""Oh! Miss Ines! I-I'm not slacking off, you know."""	enemy_ines	Independent translation from the pinned Japanese GBA script. Full message fits the original three-line page; preserve event parameters, speaker identity, and shared operand ownership. Anonymous speaker remains ??? until identified by the source.
village.009eb414	＊「ああ　空が　きれいだなあ……。<LF><TAB>これが　生きてるってことなんだよ<LF><TAB>うん。	"???: ""Ahh, what a beautiful sky... This is what life's all about. Yes, indeed."""		Independent translation from the pinned Japanese GBA script. Full message fits the original three-line page; preserve event parameters, speaker identity, and shared operand ownership. Anonymous speaker remains ??? until identified by the source.
village.009eb48c	＊「ああ　都会の暮らしが<LF><TAB>なつかしいわ……。	"???: ""Oh, how I miss life in the city..."""		Independent translation from the pinned Japanese GBA script. Full message fits the original three-line page; preserve event parameters, speaker identity, and shared operand ownership. Anonymous speaker remains ??? until identified by the source.
village.009eb4bc	＊「トルネコさん　はるか北の大きな島へ<LF><TAB>向かうんですって？　見かけによらず<LF><TAB>冒険家なのねえ。　ステキよ。	"???: ""Off to the great island far to the north, Torneko? Quite the adventurer! How lovely."""	torneko	Independent translation from the pinned Japanese GBA script. Full message fits the original three-line page; preserve event parameters, speaker identity, and shared operand ownership. Anonymous speaker remains ??? until identified by the source.
village.009eb540	＊「海のォ～　男は～<LF><TAB>エサホイサ～～	"???: ""A sailor's life for me... Heave ho, heave ho!"""		Independent translation from the pinned Japanese GBA script. Full message fits the original three-line page; preserve event parameters, speaker identity, and shared operand ownership. Anonymous speaker remains ??? until identified by the source. Original short sailor chant independently adapted; no borrowed song lyrics.
village.009eb568	＊「村の小舟も　流されちまったからには<LF><TAB>わしの　じびきアミの　ウデを<LF><TAB>若いもんに　見せてやらにゃあ。	"???: ""Our boats are gone. Time to show the youngsters how I fish with a shore net!"""		Independent translation from the pinned Japanese GBA script. Full message fits the original three-line page; preserve event parameters, speaker identity, and shared operand ownership. Anonymous speaker remains ??? until identified by the source.
village.009eb668	＊「なかには　呪われてたりするものも<LF><TAB>あるから　気をつけてね。	"???: ""Some things may be cursed, though. Be careful."""		Independent translation from the pinned Japanese GBA script. Full message fits the original three-line page; preserve event parameters, speaker identity, and shared operand ownership. Anonymous speaker remains ??? until identified by the source.
village.009eb6a8	＊「それと　洞くつとかで　ひろった<LF><TAB>武器や防具は　ちゃんと<LF><TAB>そうび　しなきゃ　ダメだけど……	"???: ""Make sure you equip the weapons and armour you find in caves, but..."""		Independent translation from the pinned Japanese GBA script. Full message fits the original three-line page; preserve event parameters, speaker identity, and shared operand ownership. Anonymous speaker remains ??? until identified by the source.
village.009eb708	＊「いっしょに　ダンジョンを<LF><TAB>出られるように　がんばってね。	"???: ""Do your best to get out of the dungeon together!"""		Independent translation from the pinned Japanese GBA script. Full message fits the original three-line page; preserve event parameters, speaker identity, and shared operand ownership. Anonymous speaker remains ??? until identified by the source.
village.009eb748	＊「もし　とちゅうで　イネスかロサが<LF><TAB>チカラつきたら　洞くつの外に<LF><TAB>もどされちゃうから……	"???: ""If Ines or Rosa collapses along the way, you'll be sent back outside the cave..."""	enemy_rosa,enemy_ines	Independent translation from the pinned Japanese GBA script. Full message fits the original three-line page; preserve event parameters, speaker identity, and shared operand ownership. Anonymous speaker remains ??? until identified by the source.
village.009eb7a4	＊「それから　洞くつをひとつ　ぬけても<LF><TAB>さらに　いくつもの洞くつを<LF><TAB>ぬけなきゃ　北の島には着けないって。	"???: ""And one cave isn't enough. There are lots to get through to reach the north island."""		Independent translation from the pinned Japanese GBA script. Full message fits the original three-line page; preserve event parameters, speaker identity, and shared operand ownership. Anonymous speaker remains ??? until identified by the source.
village.009eb810	＊「えっとね…　その洞くつには<LF><TAB>どこかに　階段や　旅の扉があって<LF><TAB>さらに奥へと　続いてるんだよ。	"???: ""Well... The caves have stairs and teleportals that lead you further in."""	interface.trap.022	Independent translation from the pinned Japanese GBA script. Full message fits the original three-line page; preserve event parameters, speaker identity, and shared operand ownership. Anonymous speaker remains ??? until identified by the source.
village.009eb874	＊「ねえ　北のほこらに　行くんでしょ。<LF><TAB>あそこの地下からは　こわい洞くつが<LF><TAB>続いてるって　ウワサだよ。	"???: ""Going to the northern shrine? I hear there are scary caves underneath it."""	place.shrine_of_the_gods	Independent translation from the pinned Japanese GBA script. Full message fits the original three-line page; preserve event parameters, speaker identity, and shared operand ownership. Anonymous speaker remains ??? until identified by the source.
village.009eb994	＊「あっ　ロサさま　旅のお方と<LF><TAB>出発されるのですか？<LF><TAB>どうか　お気をつけて。	"???: ""Oh, Master Rosa! Are you leaving with the traveller? Do take care."""	enemy_rosa	Independent translation from the pinned Japanese GBA script. Full message fits the original three-line page; preserve event parameters, speaker identity, and shared operand ownership. Anonymous speaker remains ??? until identified by the source.
village.009eb9e4	＊「あっ　イネスさま　旅のお方と<LF><TAB>出発されるのですか？<LF><TAB>どうか　お気をつけて。	"???: ""Oh, Miss Ines! Are you leaving with the traveller? Do take care."""	enemy_ines	Independent translation from the pinned Japanese GBA script. Full message fits the original three-line page; preserve event parameters, speaker identity, and shared operand ownership. Anonymous speaker remains ??? until identified by the source.
village.009eba34	＊「ここは　バリナボの村。<LF><TAB>北には　神々のほこらと　呼ばれる<LF><TAB>禁断の地が　ありますわ。	"???: ""This is Barinabo Village. The forbidden Shrine of the Gods lies to the north."""	place.barinabo,place.shrine_of_the_gods	Independent translation from the pinned Japanese GBA script. Full message fits the original three-line page; preserve event parameters, speaker identity, and shared operand ownership. Anonymous speaker remains ??? until identified by the source.
village.009ebae4	＊「な～に　大丈夫！<LF><TAB>留守の間は　あたしらが<LF><TAB>ついてるからさ。	"???: ""Don't worry! We'll look after them while you're away."""		Independent translation from the pinned Japanese GBA script. Full message fits the original three-line page; preserve event parameters, speaker identity, and shared operand ownership. Anonymous speaker remains ??? until identified by the source.
village.009ebb24	＊「おや　トルネコさん。<LF><TAB>奥さんたちが　心配で<LF><TAB>もどってきたのかい？	"???: ""Oh, Torneko. Did you come back because you were worried about your family?"""	torneko	Independent translation from the pinned Japanese GBA script. Full message fits the original three-line page; preserve event parameters, speaker identity, and shared operand ownership. Anonymous speaker remains ??? until identified by the source.
village.009ebb84	＊「われわれの　記憶も<LF><TAB>やがては　この大地に<LF><TAB>うもれてゆくでしょう。	"???: ""One day, our memories too will be buried in this earth."""		Independent translation from the pinned Japanese GBA script. Full message fits the original three-line page; preserve event parameters, speaker identity, and shared operand ownership. Anonymous speaker remains ??? until identified by the source.
village.009ebc1c	＊「うちの人は　あいかわらずよ。<LF><TAB>ああ　都会の暮らしが<LF><TAB>なつかしいわ……。	"???: ""My husband's the same as ever. Oh, how I miss life in the city..."""		Independent translation from the pinned Japanese GBA script. Full message fits the original three-line page; preserve event parameters, speaker identity, and shared operand ownership. Anonymous speaker remains ??? until identified by the source.
village.009ebc68	＊「あら　トルネコさん。<LF><TAB>はるか北への旅は　どう？	"???: ""Hello, Torneko. How is your journey north going?"""	torneko	Independent translation from the pinned Japanese GBA script. Full message fits the original three-line page; preserve event parameters, speaker identity, and shared operand ownership. Anonymous speaker remains ??? until identified by the source.
village.009ebd24	＊「ボクの話　わかった？<LF><TAB>もう１かい　聞きたい？	"???: ""Did you get all that? Want to hear it again?"""		Independent translation from the pinned Japanese GBA script. Full message fits the original three-line page; preserve event parameters, speaker identity, and shared operand ownership. Anonymous speaker remains ??? until identified by the source. Original Yes/No meaning and defaults retained.
village.009ebd58	＊「もし　もうダメだ！　と思っても<LF><TAB>あきらめないで　おちついて考えれば<LF><TAB>道がひらけることも　あるんだって。	"???: ""Even if it looks hopeless, don't give up. Stay calm and think. You may find a way!"""		Independent translation from the pinned Japanese GBA script. Full message fits the original three-line page; preserve event parameters, speaker identity, and shared operand ownership. Anonymous speaker remains ??? until identified by the source.
village.009ebdc4	＊「それから　モンスターより　ぜったい<LF><TAB>先に行動すること。　ナナメ歩きも<LF><TAB>たいせつな　ポイントだよ。	"???: ""Always act before the monsters. Moving diagonally is important too."""		Independent translation from the pinned Japanese GBA script. Full message fits the original three-line page; preserve event parameters, speaker identity, and shared operand ownership. Anonymous speaker remains ??? until identified by the source.
village.009ebe2c	＊「手前の　ダンジョンで　じゅうぶん<LF><TAB>経験をつんで　武器や　防具も<LF><TAB>強くして……	"???: ""Get plenty of experience in the earlier dungeons, and improve your equipment..."""		Independent translation from the pinned Japanese GBA script. Full message fits the original three-line page; preserve event parameters, speaker identity, and shared operand ownership. Anonymous speaker remains ??? until identified by the source.
village.009ebe80	＊「えっとね…　もし　どうしても<LF><TAB>ダンジョンが　こえられなかったら<LF><TAB>じゅんびに　チカラを入れるんだって。	"???: ""Well... If you just can't get through a dungeon, try preparing more carefully."""		Independent translation from the pinned Japanese GBA script. Full message fits the original three-line page; preserve event parameters, speaker identity, and shared operand ownership. Anonymous speaker remains ??? until identified by the source.
village.009ebeec	＊「ボクが　大人たちに聞いた<LF><TAB>ダンジョンの話を　知りたい？	"???: ""Want to hear what the grown-ups told me about dungeons?"""		Independent translation from the pinned Japanese GBA script. Full message fits the original three-line page; preserve event parameters, speaker identity, and shared operand ownership. Anonymous speaker remains ??? until identified by the source. Original Yes/No meaning and defaults retained.
village.009ebf28	＊「あっ　洞くつの　おじさんだ。<LF><TAB>調子は　どう？	"???: ""Oh, it's the cave man! How's it going?"""		Independent translation from the pinned Japanese GBA script. Full message fits the original three-line page; preserve event parameters, speaker identity, and shared operand ownership. Anonymous speaker remains ??? until identified by the source. Child's familiar nickname for the dungeon traveller, not a prehistoric-person identity.
village.009ebf9c	＊「あら　こんにちは。<LF><TAB>今日も　海が　静かですわね。	"???: ""Hello there. The sea is calm again today."""		Independent translation from the pinned Japanese GBA script. Full message fits the original three-line page; preserve event parameters, speaker identity, and shared operand ownership. Anonymous speaker remains ??? until identified by the source.
village.00b6e5a8	族長「では　話は決まった！<LF><TAB>今日のところは　ひとまず村にもどり<LF><TAB>休息をとってから　出発されよ。	"Chief: ""Then it is settled! Return to the village for today. Rest before you set off."""	role.village_chief	Independent translation from the pinned Japanese GBA script. Full message fits the original three-line page; preserve event parameters, speaker identity, and shared operand ownership.
village.00b6e608	族長「では　もういちど　聞きますぞ。<LF><TAB>わが　孫娘　イネスを　お供に<LF><TAB>連れて行ってくださるか？	"Chief: ""Then let me ask again. Will you take my granddaughter Ines with you?"""	role.village_chief,enemy_ines	Independent translation from the pinned Japanese GBA script. Full message fits the original three-line page; preserve event parameters, speaker identity, and shared operand ownership. Original Yes/No meaning and defaults retained.
village.00b6e668	族長「やや　じょうだんですか。<LF><TAB>これは　おどろきましたわい。	"Chief: ""Oh, you were joking! You gave me quite a surprise."""	role.village_chief	Independent translation from the pinned Japanese GBA script. Full message fits the original three-line page; preserve event parameters, speaker identity, and shared operand ownership.
village.00b6e6a8	族長「とはいえ　今日はひとまず<LF><TAB>村にもどり　休息をとってから<LF><TAB>明日　出発されるがよろしかろう。	"Chief: ""Still, return to the village today. Get some rest and set off tomorrow."""	role.village_chief	Independent translation from the pinned Japanese GBA script. Full message fits the original three-line page; preserve event parameters, speaker identity, and shared operand ownership.
village.00b6e708	族長「まあ　トルネコどのが　そこまで<LF><TAB>のぞんでくださるなら　ロサを<LF><TAB>いっしょに　行かせましょう。	"Chief: ""Well, if that is what you truly wish, Torneko, I shall let Rosa go with you."""	torneko,role.village_chief,enemy_rosa	Independent translation from the pinned Japanese GBA script. Full message fits the original three-line page; preserve event parameters, speaker identity, and shared operand ownership.
village.00b6e76c	族長「むむ……　そうですか。<LF><TAB>いや　それは　ロサの修行にもなって<LF><TAB>ありがたいのが　正直な気持ちじゃが。	"Chief: ""Hmm... I see. To be honest, I would welcome the chance for Rosa to train."""	role.village_chief,enemy_rosa	Independent translation from the pinned Japanese GBA script. Full message fits the original three-line page; preserve event parameters, speaker identity, and shared operand ownership.
village.00b6e7d4	族長「し　しかし　ロサは　イネスとちがい<LF><TAB>とんでもなく　いいかげんな男ですぞ。<LF><TAB>それでも　連れて行かれるか？	"Chief: ""B-but unlike Ines, Rosa is terribly irresponsible! Would you still take him?"""	role.village_chief,enemy_rosa,enemy_ines	Independent translation from the pinned Japanese GBA script. Full message fits the original three-line page; preserve event parameters, speaker identity, and shared operand ownership. Original Yes/No meaning and defaults retained.
village.00b6e844	族長「では　まさか……　まさか<LF><TAB>イネスのふたごの弟　ロサを<LF><TAB>連れて行くと　おっしゃるのか？	"Chief: ""Surely... Surely you do not mean to take Rosa, Ines's younger twin brother?"""	role.village_chief,enemy_rosa,enemy_ines	Independent translation from the pinned Japanese GBA script. Full message fits the original three-line page; preserve event parameters, speaker identity, and shared operand ownership. Original Yes/No meaning and defaults retained.
village.00b6e8a0	族長「うん？　なんですと？<LF><TAB>イネスを　お供にされないと？	"Chief: ""Hmm? What is that? You do not wish to take Ines?"""	role.village_chief,enemy_ines	Independent translation from the pinned Japanese GBA script. Full message fits the original three-line page; preserve event parameters, speaker identity, and shared operand ownership. Original Yes/No meaning and defaults retained.
village.00b6e8dc	族長「イネスであれば　多少の呪文の <LF><TAB>心得もあります。ぜひ　イネスを <LF><TAB>お供として連れていってくだされ。 	"Chief: ""Ines knows a little magic, too. Please do take her with you."""	role.village_chief,enemy_ines	Independent translation from the pinned Japanese GBA script. Full message fits the original three-line page; preserve event parameters, speaker identity, and shared operand ownership. Original Yes/No meaning and defaults retained.
village.00b6e944	族長「はずかしながら　ロサは　あまりに<LF><TAB>勉強不足で…　連れていけば　とても<LF><TAB>北の大地へは　たどり着けまい。	"Chief: ""Sadly, Rosa has neglected his studies. With him, you would never reach the north."""	role.village_chief,enemy_rosa	Independent translation from the pinned Japanese GBA script. Full message fits the original three-line page; preserve event parameters, speaker identity, and shared operand ownership.
village.00b6e9b0	族長「旅なれた　そなたとちがって<LF><TAB>足手まといに　なるかもしれんが<LF><TAB>イネスなら　少しは役立つじゃろう。	"Chief: ""They may hold back a seasoned traveller like you, but Ines should be of some use."""	role.village_chief,enemy_ines	Independent translation from the pinned Japanese GBA script. Full message fits the original three-line page; preserve event parameters, speaker identity, and shared operand ownership.
village.00b6ea18	族長「なにかあって　ふたたび<LF><TAB>ほこらが　封印されることがあっても<LF><TAB>孫がいれば　この地にもどれるはず。	"Chief: ""Even if the shrine is sealed again, my grandchild should help you return here."""	role.village_chief	Independent translation from the pinned Japanese GBA script. Full message fits the original three-line page; preserve event parameters, speaker identity, and shared operand ownership.
village.00b6ea80	族長「わしの孫には　バリナボの血が<LF><TAB>強く　うけつがれておる。	"Chief: ""The blood of Barinabo runs strong in my grandchildren."""	role.village_chief,place.barinabo	Independent translation from the pinned Japanese GBA script. Full message fits the original three-line page; preserve event parameters, speaker identity, and shared operand ownership.
village.00b6eac0	族長「そして　これは　お願いじゃが<LF><TAB>その道中　バリナボの民を<LF><TAB>お供させていただきたい。	"Chief: ""And I have a request. Please let one of our people accompany you."""	role.village_chief,place.barinabo	Independent translation from the pinned Japanese GBA script. Full message fits the original three-line page; preserve event parameters, speaker identity, and shared operand ownership.
village.00b6eb18	族長「大地の神が　かつて<LF><TAB>こころ正しき民を　みちびいたのなら<LF><TAB>そなたにも　加護があると信じておる。	"Chief: ""The Earth God once guided the good of heart. I believe he will watch over you too."""	role.village_chief,lore.earth_god	Independent translation from the pinned Japanese GBA script. Full message fits the original three-line page; preserve event parameters, speaker identity, and shared operand ownership.
village.00b6eb7c	族長「おそらく　そなたは<LF><TAB>わしが止めても　ポポロどののために<LF><TAB>旅立たれるでしょうな。	"Chief: ""Even if I tried to stop you, I expect you would set out for Tipper's sake."""	enemy_tipper,role.village_chief	Independent translation from the pinned Japanese GBA script. Full message fits the original three-line page; preserve event parameters, speaker identity, and shared operand ownership.
village.00b6ebd4	族長「トルネコどの。　はるか北への道は<LF><TAB>長くけわしいものに　なるじゃろう。	"Chief: ""Torneko. The road far to the north will be long and difficult."""	torneko,role.village_chief	Independent translation from the pinned Japanese GBA script. Full message fits the original three-line page; preserve event parameters, speaker identity, and shared operand ownership.
village.00b6ec20	族長「うむ。　その通りじゃ。<LF><TAB>われらが　今　この地にいる意味も<LF><TAB>理解しなくてはならん。	"Chief: ""Yes, indeed. We must understand why we are here in this land."""	role.village_chief	Independent translation from the pinned Japanese GBA script. Full message fits the original three-line page; preserve event parameters, speaker identity, and shared operand ownership.
village.00b6ec78	イネス「おじいさま。　バリナボの民の<LF><TAB>使命として　見届けるべきですわね。<LF><TAB>封印の解かれた　神の道の先を…。	"Ines: ""Grandfather, our duty as Barinabo's people is to see what lies beyond the seal..."""	enemy_ines,place.barinabo,lore.divine_path	Independent translation from the pinned Japanese GBA script. Full message fits the original three-line page; preserve event parameters, speaker identity, and shared operand ownership.
village.00b6ece4	族長「今も　生きているかどうかは<LF><TAB>分からんが　行ってみる価値は<LF><TAB>あるじゃろう。	"Chief: ""I do not know if the fortune-teller is still alive, but it is worth a visit."""	role.village_chief	Independent translation from the pinned Japanese GBA script. Full message fits the original three-line page; preserve event parameters, speaker identity, and shared operand ownership.
village.00b6ed34	族長「わしの　きおくが　正しければ…<LF><TAB>その占い師は　どんな病気をも<LF><TAB>治せるという話だったのじゃ。	"Chief: ""If I remember rightly, they said this fortune-teller could cure any illness."""	role.village_chief	Independent translation from the pinned Japanese GBA script. Full message fits the original three-line page; preserve event parameters, speaker identity, and shared operand ownership.
village.00b6ed98	族長「そこには　おそらく<LF><TAB>ポポロどのを　すくってくださる<LF><TAB>人物がいるはず……。	"Chief: ""Someone there may be able to save Tipper..."""	enemy_tipper,role.village_chief	Independent translation from the pinned Japanese GBA script. Full message fits the original three-line page; preserve event parameters, speaker identity, and shared operand ownership.
village.00b6ede8	族長「その先は　はるか遠く<LF><TAB>北の大地へと　続いているはず。	"Chief: ""Beyond it, the path should lead to lands far to the north."""	role.village_chief	Independent translation from the pinned Japanese GBA script. Full message fits the original three-line page; preserve event parameters, speaker identity, and shared operand ownership.
village.00b6ee24	族長「トルネコどの。　神々のほこらの<LF><TAB>封印が解かれた今　この地から<LF><TAB>神の道をたどることが　可能じゃ。	"Chief: ""Torneko. The Shrine of the Gods is unsealed. We can now follow the divine path."""	torneko,role.village_chief,place.shrine_of_the_gods,lore.divine_path	Independent translation from the pinned Japanese GBA script. Full message fits the original three-line page; preserve event parameters, speaker identity, and shared operand ownership.
village.00b6ee8c	族長「ただの魔物ではなく　神をも<LF><TAB>おそれさせた　巨大で邪悪なものは<LF><TAB>ほろびさったのじゃろうか……。	"Chief: ""Has that vast evil, which frightened even the gods, truly perished...?"""	role.village_chief	Independent translation from the pinned Japanese GBA script. Full message fits the original three-line page; preserve event parameters, speaker identity, and shared operand ownership.
village.00b6eef0	族長「それなのに　なぜか<LF><TAB>神々のほこらの　奥からは<LF><TAB>邪悪な気配が感じられん。	"Chief: ""And yet I sense no evil coming from deep within the Shrine of the Gods."""	role.village_chief,place.shrine_of_the_gods	Independent translation from the pinned Japanese GBA script. Full message fits the original three-line page; preserve event parameters, speaker identity, and shared operand ownership.
village.00b6ef40	族長「その　神の像が　この通り<LF><TAB>たおれてしまった！　まさに　封印も<LF><TAB>解かれてしまったのじゃ。	"Chief: ""Now the statue has fallen, as you can see. The seal itself has been broken!"""	role.village_chief	Independent translation from the pinned Japanese GBA script. Full message fits the original three-line page; preserve event parameters, speaker identity, and shared operand ownership.
village.00b6efa0	族長「われわれ　バリナボの民<LF><TAB>大地の神のしもべだった　一族は<LF><TAB>長い間　ほこらを見守ってきたが……	"Chief: ""We people of Barinabo once served the Earth God. We have long watched this shrine..."""	role.village_chief,place.barinabo,lore.earth_god	Independent translation from the pinned Japanese GBA script. Full message fits the original three-line page; preserve event parameters, speaker identity, and shared operand ownership.
village.00b6f004	族長「みちびかれた民は　やがて<LF><TAB>邪悪な意思が　ほろびると<LF><TAB>それぞれの　ふるさとへと帰っていった。	"Chief: ""When the evil will was destroyed, the people he had guided returned to their homes."""	role.village_chief	Independent translation from the pinned Japanese GBA script. Full message fits the original three-line page; preserve event parameters, speaker identity, and shared operand ownership.
village.00b6f068	族長「その後　こころ悪しき者が　この島に<LF><TAB>立ち入れぬよう　その道を<LF><TAB>神の像で　封印したのじゃった。	"Chief: ""He then sealed the path with a sacred statue, to keep the wicked from this island."""	role.village_chief	Independent translation from the pinned Japanese GBA script. Full message fits the original three-line page; preserve event parameters, speaker identity, and shared operand ownership.
village.00b6f0cc	族長「北の大地から　この美しい島へと<LF><TAB>海底をつらぬく　神の道で<LF><TAB>こころ正しき者を　みちびかれたのだ。	"Chief: ""He led the good of heart here from the north, along a divine path beneath the sea."""	role.village_chief,lore.divine_path	Independent translation from the pinned Japanese GBA script. Full message fits the original three-line page; preserve event parameters, speaker identity, and shared operand ownership.
village.00b6f134	族長「はるか昔　まだ　世界に<LF><TAB>邪悪な意思が　はびこっていたころ<LF><TAB>大地の神が　この島をお作りになり…	"Chief: ""Long ago, when an evil will still plagued the world, the Earth God made this island..."""	role.village_chief,lore.earth_god	Independent translation from the pinned Japanese GBA script. Full message fits the original three-line page; preserve event parameters, speaker identity, and shared operand ownership.
village.00b6f198	族長「ともかく　トルネコどのには<LF><TAB>バリナボの地について　すこし<LF><TAB>ご説明せねばなるまい。	"Chief: ""First, Torneko, I must tell you a little about the land of Barinabo."""	torneko,role.village_chief,place.barinabo	Independent translation from the pinned Japanese GBA script. Full message fits the original three-line page; preserve event parameters, speaker identity, and shared operand ownership.
village.00b6f1f0	族長「ふむ……　いや　かつての<LF><TAB>邪悪なものとは　ちがうようじゃ。	"Chief: ""Hmm... No, it seems different from the evil of old."""	role.village_chief	Independent translation from the pinned Japanese GBA script. Full message fits the original three-line page; preserve event parameters, speaker identity, and shared operand ownership.
village.00b6f234	イネス「おじいさま。<LF><TAB>あの　ひどい嵐は　やはり…？	"Ines: ""Grandfather. Could that terrible storm have been...?"""	enemy_ines	Independent translation from the pinned Japanese GBA script. Full message fits the original three-line page; preserve event parameters, speaker identity, and shared operand ownership.
village.00b6f268	族長「とり急ぎ　様子を見なければ<LF><TAB>いけませんでしたので　お待たせして<LF><TAB>申しわけありませんでしたのう。	"Chief: ""Forgive me for keeping you waiting. I had to see what happened at once."""	role.village_chief	Independent translation from the pinned Japanese GBA script. Full message fits the original three-line page; preserve event parameters, speaker identity, and shared operand ownership.
village.00b6f2d0	族長「じつは　われらバリナボの民は<LF><TAB>この神々のほこらを　守るのが<LF><TAB>使命でして…	"Chief: ""You see, we people of Barinabo have a duty to protect this Shrine of the Gods..."""	role.village_chief,place.barinabo,place.shrine_of_the_gods	Independent translation from the pinned Japanese GBA script. Full message fits the original three-line page; preserve event parameters, speaker identity, and shared operand ownership.
village.00b6f320	族長「おお　トルネコどの！<LF><TAB>ポポロどののことが　心配で<LF><TAB>待ちきれませんでしたかな？	"Chief: ""Ah, Torneko! Were you too worried about Tipper to wait any longer?"""	torneko,enemy_tipper,role.village_chief	Independent translation from the pinned Japanese GBA script. Full message fits the original three-line page; preserve event parameters, speaker identity, and shared operand ownership.
village.00b6f374	＊「バリナボの村で　お待ちに<LF><TAB>なっていたはずでは？	"???: ""Were you not supposed to wait in Barinabo Village?"""	place.barinabo	Independent translation from the pinned Japanese GBA script. Full message fits the original three-line page; preserve event parameters, speaker identity, and shared operand ownership. Anonymous speaker remains ??? until identified by the source.
village.00b6f3a8	＊「あれ！？<LF><TAB>トルネコさんでは　ありませんか？	"???: ""Oh! Isn't that Torneko?"""	torneko	Independent translation from the pinned Japanese GBA script. Full message fits the original three-line page; preserve event parameters, speaker identity, and shared operand ownership. Anonymous speaker remains ??? until identified by the source.
village.00b6f5f8	＊「言い伝えでは　われわれバリナボの民が<LF><TAB>かつて　暮らしていた世界が<LF><TAB>あるということらしいのですが……。	"???: ""Legend says that beyond them lies the world where we people of Barinabo once lived..."""	place.barinabo	Independent translation from the pinned Japanese GBA script. Full message fits the original three-line page; preserve event parameters, speaker identity, and shared operand ownership. Anonymous speaker remains ??? until identified by the source.
village.00b6f664	＊「ボクは　勇気がなくて　行けませんが<LF><TAB>この地下から続く　洞くつの先は<LF><TAB>いったいどうなってるんでしょうね？	"???: ""I'm too scared to go, but I wonder what lies beyond the caves under this shrine."""		Independent translation from the pinned Japanese GBA script. Full message fits the original three-line page; preserve event parameters, speaker identity, and shared operand ownership. Anonymous speaker remains ??? until identified by the source.
village.00b6f750	＊「どうか　お気をつけて。<LF><TAB>くれぐれも　無理は禁物ですぞ。	"???: ""Do take care. Whatever you do, do not push yourself too hard."""		Independent translation from the pinned Japanese GBA script. Full message fits the original three-line page; preserve event parameters, speaker identity, and shared operand ownership. Anonymous speaker remains ??? until identified by the source.
village.00b6f78c	＊「この神々のほこらより　さらに地下へと<LF><TAB>足をふみ入れた者は　決してもどっては<LF><TAB>来られぬとの　言い伝えもある。	"???: ""Legend also says that those who go beneath this shrine can never return."""	place.shrine_of_the_gods	Independent translation from the pinned Japanese GBA script. Full message fits the original three-line page; preserve event parameters, speaker identity, and shared operand ownership. Anonymous speaker remains ??? until identified by the source.
village.00b6f86c	＊「言い伝えでは　そこにはもう<LF><TAB>われわれの世界はない　なんていう<LF><TAB>おそろしい話も　あるんですけどね。	"???: ""There is a frightening tale that our world no longer exists beyond them, though."""		Independent translation from the pinned Japanese GBA script. Full message fits the original three-line page; preserve event parameters, speaker identity, and shared operand ownership. Anonymous speaker remains ??? until identified by the source.
village.00b6f8ec	＊「きっと　私の　気のせいでしょうな。	"???: ""It must be my imagination."""		Independent translation from the pinned Japanese GBA script. Full message fits the original three-line page; preserve event parameters, speaker identity, and shared operand ownership. Anonymous speaker remains ??? until identified by the source.
village.00b6f914	＊「神の像がたおれて以来　なぜか<LF><TAB>むしろ　神秘的なチカラが　この<LF><TAB>ほこらに　ただようのを感じるのだが…	"???: ""Since the statue fell, I feel a mysterious power here, rather than anything evil..."""		Independent translation from the pinned Japanese GBA script. Full message fits the original three-line page; preserve event parameters, speaker identity, and shared operand ownership. Anonymous speaker remains ??? until identified by the source.
village.00b6fc08	＊「まさか　ずっと向こうが<LF><TAB>北の国に　つながってるとは<LF><TAB>知らなかったよ。	"???: ""I never knew it led all the way to the northern lands."""		Independent translation from the pinned Japanese GBA script. Full message fits the original three-line page; preserve event parameters, speaker identity, and shared operand ownership. Anonymous speaker remains ??? until identified by the source.
village.00b6fc54	＊「この先は　オレたちも<LF><TAB>行ったことが　ないんだ。	"???: ""We've never been beyond here ourselves."""		Independent translation from the pinned Japanese GBA script. Full message fits the original three-line page; preserve event parameters, speaker identity, and shared operand ownership. Anonymous speaker remains ??? until identified by the source.
village.00b6fd00	＊「あぶなくなったら　もどってくるんだぞ。<LF><TAB>気をつけてな。	"???: ""Come back if it gets dangerous. Take care!"""		Independent translation from the pinned Japanese GBA script. Full message fits the original three-line page; preserve event parameters, speaker identity, and shared operand ownership. Anonymous speaker remains ??? until identified by the source.
village.00b7a904	イネス「ともかく　今は　急いで　地下へと<LF><TAB>向かいましょう。　通路の左の方に<LF><TAB>地下への階段が　あるはずですわ。	"Ines: ""For now, let us hurry underground. The stairs should be on the left of the passage."""	enemy_ines	Independent translation from the pinned Japanese GBA script. Full message fits the original three-line page; preserve event parameters, speaker identity, and shared operand ownership.
village.00b7a974	イネス「このトビラは　おそらく<LF><TAB>真実のトビラといわれるものですわ。<LF><TAB>今は　入ることはできないようですね。	"Ines: ""I believe this is the Gate of Truth. It seems we cannot enter yet."""	enemy_ines,lore.gate_of_truth	Independent translation from the pinned Japanese GBA script. Full message fits the original three-line page; preserve event parameters, speaker identity, and shared operand ownership.
village.00b7a9e0	しかし　$tには　古代文字が<LF>よく　読めなかった……。	However, $t could not make out the ancient writing...	torneko,enemy_tipper	Independent translation from the pinned Japanese GBA script. Full message fits the original three-line page; preserve event parameters, speaker identity, and shared operand ownership.
