id	chapter	japanese	full_english	glossary_references	notes
completion.00bb35ec	lighthouse	この先はダンジョン<LF>海底山地　山頂部　へ戻ります。<LF>よろしいでしょうか？	Return to the dungeon<LF>Seabed mountain - Summit?	interface.dungeon.023,character.castle_john	Independent translation from the pinned Japanese GBA script. Preserve original event parameters, protagonist substitutions and page meaning. 
completion.00bb39e4	lighthouse	灯台守「オレぁ　ここの灯台守よ。	"Keeper: ""I'm the lighthouse keeper here."""	role.lighthouse_keeper	Independent translation from the pinned Japanese GBA script. Preserve original event parameters, protagonist substitutions and page meaning. 
completion.00bb3a08	lighthouse	灯台守「といっても　聖なる炎は<LF><TAB>オレの先々代の時に<LF><TAB>消えちまってるんだけどな。	"Keeper: ""Mind you, the sacred flame went out two keepers before my time."""	lore.sea_dragon_flame,role.lighthouse_keeper	Independent translation from the pinned Japanese GBA script. Preserve original event parameters, protagonist substitutions and page meaning. Two predecessors, not necessarily two generations of family.
completion.00bb3a58	lighthouse	＊「オレぁ　ここの灯台守よ。	"???: ""I'm the lighthouse keeper here."""	role.lighthouse_keeper	Independent translation from the pinned Japanese GBA script. Preserve original event parameters, protagonist substitutions and page meaning.  Anonymous speaker remains ???.
completion.00bb3a98	lighthouse	＊「にゃぁ……。	"???: ""Meow..."""		Independent translation from the pinned Japanese GBA script. Preserve original event parameters, protagonist substitutions and page meaning.  Anonymous speaker remains ???.
completion.00bb3ae4	lighthouse	＊「まあ　無事に　脱出したら<LF><TAB>入る前のレベルに　もどっていたので<LF><TAB>安心しましたけど。	"???: ""Luckily, once I escaped safely, my level went back to what it had been before."""		Independent translation from the pinned Japanese GBA script. Preserve original event parameters, protagonist substitutions and page meaning.  Anonymous speaker remains ???.
completion.00bb3b3c	lighthouse	＊「なにしろ　アイテムは持って入れないし<LF><TAB>レベルは１に　なってしまうし<LF><TAB>まるで　パズルのようなんですよ。	"???: ""You can't take items in, and your level drops to 1. It's like a puzzle!"""		Independent translation from the pinned Japanese GBA script. Preserve original event parameters, protagonist substitutions and page meaning.  Anonymous speaker remains ???.
completion.00bb3ba8	lighthouse	＊「外を歩いていたら　いきなり<LF><TAB>おかしなダンジョンが現れましてね。	"???: ""I was walking outside when a strange dungeon suddenly appeared."""	character.castle_john	Independent translation from the pinned Japanese GBA script. Preserve original event parameters, protagonist substitutions and page meaning.  Anonymous speaker remains ???.
completion.00bb3bec	lighthouse	＊「いやはや　おどろきました。	"???: ""Well! That gave me quite a surprise."""		Independent translation from the pinned Japanese GBA script. Preserve original event parameters, protagonist substitutions and page meaning.  Anonymous speaker remains ???.
completion.00bb3c7c	lighthouse	＊「しかも　この島で育つ麦は<LF><TAB>竜のタテガミと呼ばれ　かつては<LF><TAB>お城にも献上された　伝説の品だよ。	"???: ""Our wheat is the legendary Dragon's mane. It was once offered to the castle!"""	lore.dragons_mane	Independent translation from the pinned Japanese GBA script. Preserve original event parameters, protagonist substitutions and page meaning.  Anonymous speaker remains ???.
completion.00bb3ce0	lighthouse	＊「この小さな島だけで暮らす<LF><TAB>わしらにとって　この畑は<LF><TAB>命の源ですだ。	"???: ""For us folk living on this tiny island, these fields are our lifeline."""		Independent translation from the pinned Japanese GBA script. Preserve original event parameters, protagonist substitutions and page meaning.  Anonymous speaker remains ???.
completion.00bb3d38	lighthouse	＊「海竜の灯台へ　ようこそ！	"???: ""Welcome to Sea Dragon Lighthouse!"""	place.journey.00873198	Independent translation from the pinned Japanese GBA script. Preserve original event parameters, protagonist substitutions and page meaning.  Anonymous speaker remains ???.
completion.00bb3d68	lighthouse	＊「ここは　海竜の灯台。<LF><TAB>心清き旅人は　どなたでも<LF><TAB>歓迎いたします。	"???: ""This is Sea Dragon Lighthouse. All travellers of pure heart are welcome."""	place.journey.00873198	Independent translation from the pinned Japanese GBA script. Preserve original event parameters, protagonist substitutions and page meaning.  Anonymous speaker remains ???.
completion.00bb3e00	lighthouse	灯台守「……すまん。　しばらくしてから<LF><TAB>また　来てくれないか？<LF><TAB>ちょっと　心のじゅんびが……。	"Keeper: ""...Sorry. Could you come back in a little while? I need to gather my wits..."""	role.lighthouse_keeper	Independent translation from the pinned Japanese GBA script. Preserve original event parameters, protagonist substitutions and page meaning. 
completion.00bb3e60	lighthouse	灯台守「そんな……　こ　こまるよ。<LF><TAB>いきなり　言われても。<LF><TAB>ええと　炎の祭壇への　ささげ方は……	"Keeper: ""Y-you can't spring this on me! Er... How do I offer it at the altar again...?"""	role.lighthouse_keeper	Independent translation from the pinned Japanese GBA script. Preserve original event parameters, protagonist substitutions and page meaning. 
completion.00bb3ec4	lighthouse	灯台守「まさか　本当に　海竜の聖火が<LF><TAB>ふたたび　もどるなんて……	"Keeper: ""To think the Sea Dragon's sacred flame would really return..."""	lore.sea_dragon_flame,role.lighthouse_keeper	Independent translation from the pinned Japanese GBA script. Preserve original event parameters, protagonist substitutions and page meaning. 
completion.00bb3f08	lighthouse	灯台守「わっ！　あんた　そ　それは<LF><TAB>まさか……　聖なる神の光！？	"Keeper: ""Whoa! Y-you! Is that... divine light!?"""	role.lighthouse_keeper	Independent translation from the pinned Japanese GBA script. Preserve original event parameters, protagonist substitutions and page meaning. 
completion.00bb3f6c	lighthouse	＊「にゃん　にゃん　にゃん！	"???: ""Meow! Meow! Meow!"""		Independent translation from the pinned Japanese GBA script. Preserve original event parameters, protagonist substitutions and page meaning.  Anonymous speaker remains ???.
completion.00bb3fcc	lighthouse	＊「わっ！？　な　なんだか<LF><TAB>心が洗われるような　光が……。<LF><TAB>……それは　さておき	"???: ""Whoa! That light... It feels like it's cleansing my very soul. ...Anyway..."""		Independent translation from the pinned Japanese GBA script. Preserve original event parameters, protagonist substitutions and page meaning.  Anonymous speaker remains ???.
completion.00bb4088	lighthouse	＊「ぬわっ！？<LF><TAB>ま　まぶしいだよ！<LF><TAB>その炎は　いったい！？	"???: ""Wha!? B-blimey, that's bright! What's that flame you've got!?"""		Independent translation from the pinned Japanese GBA script. Preserve original event parameters, protagonist substitutions and page meaning.  Anonymous speaker remains ???.
completion.00bb40d4	lighthouse	＊「わっ　まぶしい！	"???: ""Whoa! That's bright!"""		Independent translation from the pinned Japanese GBA script. Preserve original event parameters, protagonist substitutions and page meaning.  Anonymous speaker remains ???.
completion.00bb40fc	lighthouse	＊「あわわわ……<LF><TAB>こ　こっちへ　向けないでください！	"???: ""Aaaah! D-don't point that at me!"""		Independent translation from the pinned Japanese GBA script. Preserve original event parameters, protagonist substitutions and page meaning.  Anonymous speaker remains ???.
completion.00bb4414	lighthouse	$cその夜の宴は　質素なものでしたが<LF>$c老人たちの　昔語りは<LF>$c明け方までつづいたのでした……。	That night's feast was a humble one,<LF>but the elders' tales of bygone days<LF>continued until dawn...		Independent translation from the pinned Japanese GBA script. Preserve original event parameters, protagonist substitutions and page meaning.  Centered narration retains the native centering control on each displayed line.
completion.00bb4474	lighthouse	$c伝説を信じていたものは　ただ喜び<LF>$c伝説を忘れていたものは　おどろきと共に<LF>$c炎を守る使命に　目覚めたのでした。	Believers rejoiced. Those who had<LF>forgotten the legend awoke in wonder<LF>to their duty to guard the flame.		Independent translation from the pinned Japanese GBA script. Preserve original event parameters, protagonist substitutions and page meaning.  Centered narration retains the native centering control on each displayed line.
completion.00bb44e8	lighthouse	$cこうして　海竜の灯台には　ふたたび<LF>$c聖火が　灯りました。	And so the sacred flame burned<LF>once more in Sea Dragon Lighthouse.	place.journey.00873198	Independent translation from the pinned Japanese GBA script. Preserve original event parameters, protagonist substitutions and page meaning.  Centered narration retains the native centering control on each displayed line.
completion.00bb4524	lighthouse	灯台守「おお～いっ！　みんな！<LF><TAB>早く来いよっ！　海竜さまの炎が<LF><TAB>灯ったぞ～～！！	"Keeper: ""Hey! Everyone! Come quickly! The Sea Dragon's flame is alight!"""	lore.sea_dragon,role.lighthouse_keeper	Independent translation from the pinned Japanese GBA script. Preserve original event parameters, protagonist substitutions and page meaning. 
completion.00bb4578	lighthouse	灯台守「……おっと！<LF><TAB>こうしちゃ　いられねえ。	"Keeper: ""...Oh! No time to stand around!"""	role.lighthouse_keeper	Independent translation from the pinned Japanese GBA script. Preserve original event parameters, protagonist substitutions and page meaning. 
completion.00bb45a8	lighthouse	灯台守「あんたの　手がらなんだから<LF><TAB>ちょいと　様子を見に<LF><TAB>行ってみたら　どうだい？	"Keeper: ""It's all thanks to you. Why not go and see how they're doing?"""	role.lighthouse_keeper	Independent translation from the pinned Japanese GBA script. Preserve original event parameters, protagonist substitutions and page meaning. 
completion.00bb45fc	lighthouse	灯台守「海竜さまの聖火が<LF><TAB>灯ったおかげで　海底の家の<LF><TAB>住人も　よろこんでるはずだぜ。	"Keeper: ""The folk in Undersea House must be delighted to have the sacred flame back."""	place.journey.008731a4,lore.sea_dragon,lore.sea_dragon_flame,role.lighthouse_keeper	Independent translation from the pinned Japanese GBA script. Preserve original event parameters, protagonist substitutions and page meaning. 
completion.00bb4654	lighthouse	灯台守「ところで　この島まで来た<LF><TAB>あんたなら　はるか海底を<LF><TAB>通ってきたんだろうけど……	"Keeper: ""By the way, you must've come across the seabed to reach this island..."""	role.lighthouse_keeper	Independent translation from the pinned Japanese GBA script. Preserve original event parameters, protagonist substitutions and page meaning. 
completion.00bb46ac	lighthouse	灯台守「まあ　いいや。　オレぁ<LF><TAB>こう見えても　心の広い男よ。<LF><TAB>皆には　ナイショにしてやらあ。	"Keeper: ""Oh, well. I'm a generous sort, you know. I'll keep it between us."""	role.lighthouse_keeper	Independent translation from the pinned Japanese GBA script. Preserve original event parameters, protagonist substitutions and page meaning. 
completion.00bb470c	lighthouse	灯台守「……って　<LF><TAB>あんた　ひどいじゃないか<LF><TAB>そりゃ　オレさまの役目だったのによ。	"Keeper: ""...Hang on! That was my job! You could've left it to me!"""	role.lighthouse_keeper	Independent translation from the pinned Japanese GBA script. Preserve original event parameters, protagonist substitutions and page meaning. 
completion.00bb4760	lighthouse	灯台守「なんと　聖火が……<LF><TAB>海竜さまの炎が　ふたたび<LF><TAB>燃えはじめたかっ！！	"Keeper: ""What!? The sacred flame... The Sea Dragon's flame is burning again!?"""	lore.sea_dragon,role.lighthouse_keeper	Independent translation from the pinned Japanese GBA script. Preserve original event parameters, protagonist substitutions and page meaning. 
completion.00bb47ac	lighthouse	トルネコは　海竜の聖火を<LF>祭壇に　ささげた！	Torneko offered the Sea Dragon's sacred flame at the altar!	torneko,lore.sea_dragon_flame	Independent translation from the pinned Japanese GBA script. Preserve original event parameters, protagonist substitutions and page meaning. 
completion.00bb47d8	lighthouse	祭壇に　海竜の聖火を　ささげますか？	Offer the Sea Dragon's sacred flame at the altar?	lore.sea_dragon_flame	Independent translation from the pinned Japanese GBA script. Preserve original event parameters, protagonist substitutions and page meaning. 
completion.00bb4800	lighthouse	聖なる炎が　祭壇にみちびかれるように<LF>チカラ強く　燃え出した！	The sacred flame blazed up, as though drawn towards the altar!	lore.sea_dragon_flame	Independent translation from the pinned Japanese GBA script. Preserve original event parameters, protagonist substitutions and page meaning. 
completion.00bb4b98	lighthouse	＊「これでこそ　竜のタテガミだべ！<LF><TAB>お城でも　どこでも　ムネはって<LF><TAB>献上できるべさ。	"???: ""Now that's Dragon's mane! Good enough for the castle or anywhere else!"""	lore.dragons_mane	Independent translation from the pinned Japanese GBA script. Preserve original event parameters, protagonist substitutions and page meaning.  Anonymous speaker remains ???.
completion.00bb4bf0	lighthouse	＊「海竜さまの火が　燃え出したら<LF><TAB>この麦の　よく育つこと！	"???: ""Ever since the Sea Dragon's flame came back, this wheat's grown like a dream!"""	lore.sea_dragon	Independent translation from the pinned Japanese GBA script. Preserve original event parameters, protagonist substitutions and page meaning.  Anonymous speaker remains ???.
completion.00bb4c2c	lighthouse	＊「はぁ～　おったまげたな！	"???: ""Well, I'll be! What a sight!"""		Independent translation from the pinned Japanese GBA script. Preserve original event parameters, protagonist substitutions and page meaning.  Anonymous speaker remains ???.
completion.00bb4cbc	lighthouse	＊「でも　けっこうタルいんだよね～。<LF><TAB>英雄になるのも大変だよ。	"???: ""It's a real drag, though. Being a hero is hard work."""		Independent translation from the pinned Japanese GBA script. Preserve original event parameters, protagonist substitutions and page meaning.  Anonymous speaker remains ???.
completion.00bb4cfc	lighthouse	＊「灯台守で　英雄になった<LF><TAB>兄のように　私も　畑仕事で<LF><TAB>英雄になるつもりです。	"???: ""My brother became a hero as lighthouse keeper. I'll become one by farming!"""	role.lighthouse_keeper	Independent translation from the pinned Japanese GBA script. Preserve original event parameters, protagonist substitutions and page meaning.  Anonymous speaker remains ???.
completion.00bb4d9c	lighthouse	灯台守「なにしろ　数十年ぶりに<LF><TAB>聖火を灯した男だからな。<LF><TAB>わっはっは！	"Keeper: ""I'm the man who lit the sacred flame for the first time in decades! Hahaha!"""	role.lighthouse_keeper	Independent translation from the pinned Japanese GBA script. Preserve original event parameters, protagonist substitutions and page meaning. 
completion.00bb4de4	lighthouse	灯台守「おお　あんたか！<LF><TAB>おかげで　オレぁ　すっかり英雄よ。	"Keeper: ""Oh, it's you! Thanks to you, I'm quite the hero now."""	role.lighthouse_keeper	Independent translation from the pinned Japanese GBA script. Preserve original event parameters, protagonist substitutions and page meaning. 
completion.00bb4ebc	lighthouse	＊「あら　トルネコさん　こんにちは。<LF><TAB>いつか　私たちが結婚する時は<LF><TAB>お祝いに来てね。ウフフ。	"???: ""Hello, Torneko! When we get married, do come and celebrate with us. Hee hee!"""	torneko	Independent translation from the pinned Japanese GBA script. Preserve original event parameters, protagonist substitutions and page meaning.  Anonymous speaker remains ???.
completion.00bb4f1c	lighthouse	＊「どこかで　持ち物を　売るか<LF><TAB>捨てるかして　へらしてから<LF><TAB>また　来てね。	"???: ""Sell or throw away something to make room, then come back."""		Independent translation from the pinned Japanese GBA script. Preserve original event parameters, protagonist substitutions and page meaning.  Anonymous speaker remains ???.
completion.00bb4f68	lighthouse	＊「……と思ったけど　あなた<LF><TAB>持ち物が　いっぱいみたいね。	"???: ""...Or I would, but it looks like you're carrying too much."""		Independent translation from the pinned Japanese GBA script. Preserve original event parameters, protagonist substitutions and page meaning.  Anonymous speaker remains ???.
completion.00bb4fa4	lighthouse	＊「さあ　このメダルを<LF><TAB>持って行ってちょうだい。	"???: ""Here, take this medal with you."""		Independent translation from the pinned Japanese GBA script. Preserve original event parameters, protagonist substitutions and page meaning.  Anonymous speaker remains ???.
completion.00bb4fd8	lighthouse	＊「そうそう　お礼に　いいもの<LF><TAB>あげるわね。	"???: ""Oh, yes! I've got a little something to thank you."""		Independent translation from the pinned Japanese GBA script. Preserve original event parameters, protagonist substitutions and page meaning.  Anonymous speaker remains ???.
completion.00bb5008	lighthouse	＊「だまっててくれた　おかげで<LF><TAB>あたしも　英雄の奥さんになれるわ。<LF><TAB>ウフフ。	"???: ""Thanks for keeping quiet. Now I get to be a hero's wife! Hee hee!"""		Independent translation from the pinned Japanese GBA script. Preserve original event parameters, protagonist substitutions and page meaning.  Anonymous speaker remains ???.
completion.00bb5058	lighthouse	＊「わかってるのよ。　聖火を灯したのって<LF><TAB>あなたなんでしょ？　あの人に　そんな<LF><TAB>勇気があるわけないもの。	"???: ""I know you lit the flame. He'd never have the courage to do something like that."""		Independent translation from the pinned Japanese GBA script. Preserve original event parameters, protagonist substitutions and page meaning.  Anonymous speaker remains ???.
completion.00bb50c4	lighthouse	＊「ホントのこと言うと　あたし<LF><TAB>その人と　婚約してたの。	"???: ""To tell you the truth, I was engaged to him."""		Independent translation from the pinned Japanese GBA script. Preserve original event parameters, protagonist substitutions and page meaning.  Anonymous speaker remains ???.
completion.00bb5120	lighthouse	＊「ここは　海竜の灯台。<LF><TAB>われわれ　海竜さまの聖火を<LF><TAB>守る民が　暮らしています。	"???: ""This is Sea Dragon Lighthouse, home to the guardians of the sacred flame."""	place.journey.00873198,lore.sea_dragon,lore.sea_dragon_flame	Independent translation from the pinned Japanese GBA script. Preserve original event parameters, protagonist substitutions and page meaning.  Anonymous speaker remains ???.
completion.00bb52a4	lighthouse	灯台守「おお～いっ！　みんな！<LF><TAB>海竜さまの聖火が！　ふたたび<LF><TAB>この灯台に炎が　もどったぞ～っ！！	"Keeper: ""Hey! Everyone! The Sea Dragon's sacred flame is back in the lighthouse!"""	lore.sea_dragon,lore.sea_dragon_flame,role.lighthouse_keeper	Independent translation from the pinned Japanese GBA script. Preserve original event parameters, protagonist substitutions and page meaning. 
completion.00bb5308	lighthouse	灯台守「な　なんでまた……<LF><TAB>って　そんなことは　どうでもいいや！	"Keeper: ""H-how did it... Oh, who cares about that!?"""	role.lighthouse_keeper	Independent translation from the pinned Japanese GBA script. Preserve original event parameters, protagonist substitutions and page meaning. 
completion.00bb534c	lighthouse	灯台守「おわっ！？<LF><TAB>こ　これは　まちがいなく<LF><TAB>海竜さまの聖火！	"Keeper: ""Whoa! Th-that's the Sea Dragon's sacred flame, all right!"""	lore.sea_dragon,lore.sea_dragon_flame,role.lighthouse_keeper	Independent translation from the pinned Japanese GBA script. Preserve original event parameters, protagonist substitutions and page meaning. 
completion.00bb538c	lighthouse	灯台守「あれ？	"Keeper: ""Huh?"""	role.lighthouse_keeper	Independent translation from the pinned Japanese GBA script. Preserve original event parameters, protagonist substitutions and page meaning. 
completion.00bb539c	lighthouse	灯台守「やれやれ。　また　聖火のない祭壇の<LF><TAB>番人になっちまったなあ……。	"Keeper: ""Well, here I am again, guarding an altar with no sacred flame..."""	role.lighthouse_keeper	Independent translation from the pinned Japanese GBA script. Preserve original event parameters, protagonist substitutions and page meaning. 
completion.00bb5668	lighthouse	＊「そら　あんたの　ポケットに<LF><TAB>入れてやろう。　２Ｆで　うちのヤツに<LF><TAB>わたせば　特別なパンをもらえるでよ。	"???: ""I'll pop it in your pocket. Give it to my wife upstairs for some special bread."""	bread	Independent translation from the pinned Japanese GBA script. Preserve original event parameters, protagonist substitutions and page meaning. Second floor retained as upstairs in a two-floor lighthouse service context. Anonymous speaker remains ???.
completion.00bb56d4	lighthouse	＊「これは　貴重品じゃけん　いちどに<LF><TAB>ひとつだけだよ。	"???: ""It's precious stuff, so only one at a time."""		Independent translation from the pinned Japanese GBA script. Preserve original event parameters, protagonist substitutions and page meaning.  Anonymous speaker remains ???.
completion.00bb570c	lighthouse	＊「なんだ　オラの　そら耳かえ。	"???: ""Eh? Must've been hearing things."""		Independent translation from the pinned Japanese GBA script. Preserve original event parameters, protagonist substitutions and page meaning.  Anonymous speaker remains ???.
completion.00bb5730	lighthouse	＊「え？　もしかして　あんた<LF><TAB>黄金のタテガミが　ほしいのけ？	"???: ""Eh? You want some Golden mane, do you?"""	lore.golden_mane	Independent translation from the pinned Japanese GBA script. Preserve original event parameters, protagonist substitutions and page meaning.  Anonymous speaker remains ???.
completion.00bb5770	lighthouse	＊「伝説と言われた　竜のタテガミの中の<LF><TAB>いっぴん！　黄金のタテガミが<LF><TAB>こんなに　実るとは！	"???: ""Golden mane! The finest of the legendary Dragon's mane! Just look at this crop!"""	lore.dragons_mane,lore.golden_mane	Independent translation from the pinned Japanese GBA script. Preserve original event parameters, protagonist substitutions and page meaning.  Anonymous speaker remains ???.
completion.00bb57f4	lighthouse	＊「いやはや　なかなか<LF><TAB>すばらしいモノですな。	"???: ""My, my! It really is quite a sight."""		Independent translation from the pinned Japanese GBA script. Preserve original event parameters, protagonist substitutions and page meaning.  Anonymous speaker remains ???.
completion.00bb5824	lighthouse	＊「私は　海竜の聖火の　伝説を聞いて<LF><TAB>旅してきた者です。	"???: ""I travelled here after hearing the legend of the Sea Dragon's sacred flame."""	lore.sea_dragon_flame	Independent translation from the pinned Japanese GBA script. Preserve original event parameters, protagonist substitutions and page meaning.  Anonymous speaker remains ???.
completion.00bb5880	lighthouse	＊「みゃ～ん。	"???: ""Meeow!"""		Independent translation from the pinned Japanese GBA script. Preserve original event parameters, protagonist substitutions and page meaning.  Anonymous speaker remains ???.
completion.00bb58b0	lighthouse	灯台守「オレさまが　命がけで<LF><TAB>取りもどしたってわけだ。<LF><TAB>わっはっは！	"Keeper: ""I risked my life to get it back, you see. Hahaha!"""	role.lighthouse_keeper	Independent translation from the pinned Japanese GBA script. Preserve original event parameters, protagonist substitutions and page meaning. 
completion.00bb58f8	lighthouse	灯台守「いちじは　ヘルなんとか言う　悪魔の<LF><TAB>呪いのせいで　聖火が<LF><TAB>消えてしまったんだけどな。	"Keeper: ""A demon called Hell-something cursed the flame, and it went out for a while."""	role.lighthouse_keeper	Independent translation from the pinned Japanese GBA script. Preserve original event parameters, protagonist substitutions and page meaning. Keep the speaker's partial recollection; do not replace it with the full Hell Justice name.
completion.00bb5958	lighthouse	灯台守「オレぁ　海竜さまの聖火の　番人。<LF><TAB>いわば　この灯台の　英雄よ。	"Keeper: ""I'm guardian of the Sea Dragon's sacred flame. This lighthouse's hero!"""	lore.sea_dragon,lore.sea_dragon_flame,role.lighthouse_keeper	Independent translation from the pinned Japanese GBA script. Preserve original event parameters, protagonist substitutions and page meaning. 
completion.00bb59b8	lighthouse	＊「この人って　ちょっと<LF><TAB>話が　大げさなとこが　あるけど<LF><TAB>それが　また　かわいいのよね。	"???: ""He does exaggerate a little, but that's what makes him so sweet."""		Independent translation from the pinned Japanese GBA script. Preserve original event parameters, protagonist substitutions and page meaning.  Anonymous speaker remains ???.
completion.00bb5a14	lighthouse	＊「わたしたち　結婚したのよ。	"???: ""We're married now!"""		Independent translation from the pinned Japanese GBA script. Preserve original event parameters, protagonist substitutions and page meaning.  Anonymous speaker remains ???.
completion.00bbdf6c	lighthouse	この先はダンジョン<LF>灯台の地下室　へ進みます。<LF>よろしいでしょうか？	Continue into the dungeon<LF>Lighthouse basement?	interface.dungeon.008,character.castle_john	Independent translation from the pinned Japanese GBA script. Preserve original event parameters, protagonist substitutions and page meaning. 
completion.00bbe148	lighthouse	＊「あなたに　神のご加護が<LF><TAB>ありますように……。	"???: ""May divine protection be with you..."""		Independent translation from the pinned Japanese GBA script. Preserve original event parameters, protagonist substitutions and page meaning.  Anonymous speaker remains ???.
completion.00bbe17c	lighthouse	＊「ああ　$tさん。<LF><TAB>よくぞ　もどられました。	"???: ""Ah, $t. Welcome back."""	torneko,enemy_tipper	Independent translation from the pinned Japanese GBA script. Preserve original event parameters, protagonist substitutions and page meaning.  Anonymous speaker remains ???.
completion.00bbe24c	lighthouse	＊「いぜん行った場所に　もどって<LF><TAB>買い物など　されるのも<LF><TAB>いいかもしれませんね。	"???: ""You might like to revisit places you've been to and do some shopping."""		Independent translation from the pinned Japanese GBA script. Preserve original event parameters, protagonist substitutions and page meaning.  Anonymous speaker remains ???.
completion.00bbe2a0	lighthouse	＊「この先は　けわしいダンジョンに<LF><TAB>なるでしょうから　じゅんびを<LF><TAB>ととのえて　ご出発ください。	"???: ""The dungeons ahead will be tough. Make sure you're ready before setting out."""	character.castle_john	Independent translation from the pinned Japanese GBA script. Preserve original event parameters, protagonist substitutions and page meaning.  Anonymous speaker remains ???.
completion.00bbe300	lighthouse	＊「では　どうぞ　お通りください。	"???: ""Please, go on through."""		Independent translation from the pinned Japanese GBA script. Preserve original event parameters, protagonist substitutions and page meaning.  Anonymous speaker remains ???.
completion.00bbe324	lighthouse	＊「そうですか。　では　ご用のときに<LF><TAB>また　お声をかけてくださいね。	"???: ""I see. Speak to me again whenever you're ready."""		Independent translation from the pinned Japanese GBA script. Preserve original event parameters, protagonist substitutions and page meaning.  Anonymous speaker remains ???.
completion.00bbe36c	lighthouse	＊「地下道へ　行かれますか？	"???: ""Would you like to enter the tunnel?"""		Independent translation from the pinned Japanese GBA script. Preserve original event parameters, protagonist substitutions and page meaning.  Anonymous speaker remains ???.
completion.00bbe38c	lighthouse	＊「海竜さまの炎が　もどってきたおかげか<LF><TAB>地下から　あふれていた　邪悪な闇が<LF><TAB>消えたようです。	"???: ""The evil darkness welling up below seems gone. Perhaps the flame drove it away."""	lore.sea_dragon	Independent translation from the pinned Japanese GBA script. Preserve original event parameters, protagonist substitutions and page meaning.  Anonymous speaker remains ???.
completion.00bbe3ec	lighthouse	＊「あっ　トルネコさん！<LF><TAB>やはり　あなたも　この先へ<LF><TAB>行かれるのですね。	"???: ""Ah, Torneko! So you're heading on from here too."""	torneko	Independent translation from the pinned Japanese GBA script. Preserve original event parameters, protagonist substitutions and page meaning.  Anonymous speaker remains ???.
completion.00bbe540	lighthouse	＊「なにしろ　この先は　行き止まり。<LF><TAB>来た道を　もどるしか<LF><TAB>なくなるだろうからさ。	"???: ""After all, it's a dead end up ahead. You'll have to go back the way you came."""		Independent translation from the pinned Japanese GBA script. Preserve original event parameters, protagonist substitutions and page meaning.  Anonymous speaker remains ???.
completion.00bbe594	lighthouse	＊「おや　旅の人とは　めずらしいね。<LF><TAB>一杯　飲んでいってよ。	"???: ""Well, a traveller! We don't see many of those. Stay for a drink."""		Independent translation from the pinned Japanese GBA script. Preserve original event parameters, protagonist substitutions and page meaning.  Anonymous speaker remains ???.
completion.00bbe60c	lighthouse	＊「しかし　いまや　その使命は<LF><TAB>どこへやら……。	"???: ""But these days, that duty is all but forgotten..."""		Independent translation from the pinned Japanese GBA script. Preserve original event parameters, protagonist substitutions and page meaning.  Anonymous speaker remains ???.
completion.00bbe640	lighthouse	＊「かつて　わしら　海竜島の者は　皆<LF><TAB>灯台に燃える　神さまの炎を守って<LF><TAB>暮らしたもんじゃ。	"???: ""We folk of Sea Dragon Isle once lived to guard the holy flame in the lighthouse."""	place.journey.0087310c	Independent translation from the pinned Japanese GBA script. Preserve original event parameters, protagonist substitutions and page meaning.  Anonymous speaker remains ???.
completion.00bbe6bc	lighthouse	＊「でも　灯台の聖なる炎が　消えてからは<LF><TAB>邪悪な波動が満ちて　誰も<LF><TAB>立ち入ることは　できないの。	"???: ""Since the sacred flame went out, evil has filled the place. No one can enter."""	lore.sea_dragon_flame	Independent translation from the pinned Japanese GBA script. Preserve original event parameters, protagonist substitutions and page meaning.  Anonymous speaker remains ???.
completion.00bbe720	lighthouse	＊「この灯台の地下室には<LF><TAB>はるか北の大きな島へと　続く<LF><TAB>地下道があるんですって。	"???: ""They say the lighthouse cellar has a tunnel to a large island far to the north."""	interface.dungeon.008	Independent translation from the pinned Japanese GBA script. Preserve original event parameters, protagonist substitutions and page meaning.  Anonymous speaker remains ???.
completion.00bbe774	lighthouse	＊「お客さん　知らないでしょうから<LF><TAB>教えてあげるわ。	"???: ""You probably haven't heard, so let me tell you."""		Independent translation from the pinned Japanese GBA script. Preserve original event parameters, protagonist substitutions and page meaning.  Anonymous speaker remains ???.
completion.00bbe7cc	lighthouse	＊「これだけは　若い者たちにも<LF><TAB>伝えてゆかねば　なりません。	"???: ""We must pass that down to the younger generations."""		Independent translation from the pinned Japanese GBA script. Preserve original event parameters, protagonist substitutions and page meaning.  Anonymous speaker remains ???.
completion.00bbe80c	lighthouse	＊「神の炎が　うばわれることがあっても<LF><TAB>やがてまた　清き人々の心が<LF><TAB>炎を　とりもどすであろうと。	"???: ""Even if the holy flame is stolen, pure hearts will one day bring it back."""		Independent translation from the pinned Japanese GBA script. Preserve original event parameters, protagonist substitutions and page meaning.  Anonymous speaker remains ???.
completion.00bbe870	lighthouse	＊「私たちは　海竜島の言い伝えを<LF><TAB>信じて　代々　生きてきました。	"???: ""For generations, we have lived by the legends of Sea Dragon Isle."""	place.journey.0087310c	Independent translation from the pinned Japanese GBA script. Preserve original event parameters, protagonist substitutions and page meaning.  Anonymous speaker remains ???.
completion.00bbe8c4	lighthouse	＊「足が　つかれたよう。<LF><TAB>神父さま　お話が　長いんだもん……。	"???: ""My legs are tired! The priest talks for so long..."""	role.priest	Independent translation from the pinned Japanese GBA script. Preserve original event parameters, protagonist substitutions and page meaning.  Anonymous speaker remains ???.
completion.00bbe93c	lighthouse	神父「そして　また……<LF><TAB>（中略）<LF><TAB>……神のご加護がありますように。	"Priest: ""And furthermore... (much omitted)... May you be blessed."""	role.priest	Independent translation from the pinned Japanese GBA script. Preserve original event parameters, protagonist substitutions and page meaning. Adapt the source's parenthetical omission as a narrator's comic ellipsis, not new lore.
completion.00bbe980	lighthouse	神父「おお　われらの祖先<LF><TAB>己が生きる道を　信じる者たちよ！<LF><TAB>われらを　お許しください！	"Priest: ""O ancestors, who trusted in the path you walked! Forgive us!"""	role.priest	Independent translation from the pinned Japanese GBA script. Preserve original event parameters, protagonist substitutions and page meaning. 
completion.00bbe9d8	lighthouse	神父「それまで　そして　その後も<LF><TAB>この伝説の海竜の灯台を　守るが<LF><TAB>われらの　使命。	"Priest: ""Until then, and ever after, our duty is to guard this legendary lighthouse."""	place.journey.00873198,role.priest	Independent translation from the pinned Japanese GBA script. Preserve original event parameters, protagonist substitutions and page meaning. 
completion.00bbea2c	lighthouse	神父「たとえ　灯台の炎が　魔の手によって<LF><TAB>封印されようとも　やがては<LF><TAB>とりもどせる未来も　あろう。	"Priest: ""Though evil hands may seal the flame, a day will come when it returns."""	role.priest	Independent translation from the pinned Japanese GBA script. Preserve original event parameters, protagonist substitutions and page meaning. 
completion.00bbea90	lighthouse	神父「……神は　なげいておられる！！	"Priest: ""...Our god grieves!"""	role.priest	Independent translation from the pinned Japanese GBA script. Preserve original event parameters, protagonist substitutions and page meaning. 
completion.00bbeab8	lighthouse	神父「私の家は　代々　この島で<LF><TAB>神父を　つとめてきました。	"Priest: ""For generations, my family have served as priests on this island."""	role.priest	Independent translation from the pinned Japanese GBA script. Preserve original event parameters, protagonist substitutions and page meaning. 
completion.00bbeb14	lighthouse	＊「神父さま　今日も　お説教に<LF><TAB>熱い心が　こもっておいでですわ。<LF><TAB>ところで……	"???: ""The priest's sermon is as passionate as ever today. Now, then..."""	role.priest	Independent translation from the pinned Japanese GBA script. Preserve original event parameters, protagonist substitutions and page meaning.  Anonymous speaker remains ???.
completion.00bbebb4	lighthouse	＊「キケンですから　どうか　あきらめて<LF><TAB>来た道を　お戻りください。	"???: ""It's dangerous. Please give up and go back the way you came."""		Independent translation from the pinned Japanese GBA script. Preserve original event parameters, protagonist substitutions and page meaning.  Anonymous speaker remains ???.
completion.00bbebf8	lighthouse	＊「この先は　地下道。<LF><TAB>しかし　ボクが生まれてこのかた<LF><TAB>入った者は　誰もおりません。	"???: ""The tunnel is ahead, but no one has entered it in all my life."""		Independent translation from the pinned Japanese GBA script. Preserve original event parameters, protagonist substitutions and page meaning.  Anonymous speaker remains ???.
completion.00bbeda8	lighthouse	＊「わっ　大変だ！<LF><TAB>それは　海竜の聖火！<LF><TAB>……ところで	"???: ""Oh! That is the Sea Dragon's sacred flame! ...Now, then..."""	lore.sea_dragon_flame	Independent translation from the pinned Japanese GBA script. Preserve original event parameters, protagonist substitutions and page meaning.  Anonymous speaker remains ???.
completion.00bbedf0	lighthouse	＊「まあ！　あなたが　お持ちの炎は<LF><TAB>まさしく　伝説の聖火！<LF><TAB>これは　商売どころではありませんわ。	"???: ""My! Your flame is the legendary sacred flame! This is no time for business!"""		Independent translation from the pinned Japanese GBA script. Preserve original event parameters, protagonist substitutions and page meaning.  Anonymous speaker remains ???.
completion.00bbee74	lighthouse	＊「おわっ！　そ　その光は！？<LF><TAB>……あ　失礼しました。<LF><TAB>ゴホン。	"???: ""Whoa! Wh-what is that light!? ...Ah, forgive me. Ahem."""		Independent translation from the pinned Japanese GBA script. Preserve original event parameters, protagonist substitutions and page meaning.  Anonymous speaker remains ???.
completion.00bbef20	lighthouse	＊「おわ～～！<LF><TAB>こりゃ　今夜はお祝いだあ～～！<LF><TAB>料理を　仕込んでおかなきゃ……。	"???: ""Whoa! We'll be celebrating tonight! I'd better get the food ready..."""		Independent translation from the pinned Japanese GBA script. Preserve original event parameters, protagonist substitutions and page meaning.  Anonymous speaker remains ???.
completion.00bbefe4	lighthouse	＊「……ん？　なんじゃ　お前さん<LF><TAB>まぶしいぞい。　変なものを<LF><TAB>わしに向けるでない！　……ぐうぐう。	"???: ""...Eh? You're awfully bright. Don't point that odd thing at me! ...Zzz..."""		Independent translation from the pinned Japanese GBA script. Preserve original event parameters, protagonist substitutions and page meaning.  Anonymous speaker remains ???.
completion.00bbf048	lighthouse	＊「しかし　いまや　その使命は<LF><TAB>どこへやら……　ヒック！	"???: ""But these days, that duty is all but forgotten... Hic!"""		Independent translation from the pinned Japanese GBA script. Preserve original event parameters, protagonist substitutions and page meaning.  Anonymous speaker remains ???.
completion.00bbf084	lighthouse	＊「う～～い　ヒック！<LF><TAB>かつて　わしら海竜島の者は<LF><TAB>神さまの炎を守って　生きたもんじゃ。	"???: ""Hiiic! We folk of Sea Dragon Isle once lived to guard the holy flame."""	place.journey.0087310c	Independent translation from the pinned Japanese GBA script. Preserve original event parameters, protagonist substitutions and page meaning.  Anonymous speaker remains ???.
completion.00bbf0f0	lighthouse	＊「まあ　お客さん！<LF><TAB>とっても　神秘的で　いいオトコに<LF><TAB>見えるわよ！	"???: ""Well, now! You look so mysterious and handsome!"""		Independent translation from the pinned Japanese GBA script. Preserve original event parameters, protagonist substitutions and page meaning.  Anonymous speaker remains ???.
completion.00bbf168	lighthouse	＊「なんということでしょう！<LF><TAB>さあ　早く　灯台守のところへ！	"???: ""Incredible! Hurry to the lighthouse keeper!"""	role.lighthouse_keeper	Independent translation from the pinned Japanese GBA script. Preserve original event parameters, protagonist substitutions and page meaning.  Anonymous speaker remains ???.
completion.00bbf1a8	lighthouse	＊「あなたが　お持ちの　それは<LF><TAB>もしや　海竜の聖火！	"???: ""Could that be the Sea Dragon's sacred flame you're carrying!?"""	lore.sea_dragon_flame	Independent translation from the pinned Japanese GBA script. Preserve original event parameters, protagonist substitutions and page meaning.  Anonymous speaker remains ???.
completion.00bbf1e0	lighthouse	＊「……おや？<LF><TAB>あ　あらあら　まあまあ！<LF><TAB>それは　もしや……	"???: ""...Oh? M-my goodness! Could that be...?"""		Independent translation from the pinned Japanese GBA script. Preserve original event parameters, protagonist substitutions and page meaning.  Anonymous speaker remains ???.
completion.00bbf230	lighthouse	＊「わ～い　オジさん<LF><TAB>きれいな光だね！	"???: ""Wow, mister! What a pretty light!"""		Independent translation from the pinned Japanese GBA script. Preserve original event parameters, protagonist substitutions and page meaning.  Anonymous speaker remains ???.
completion.00bbf298	lighthouse	神父「あわわわわ……<LF><TAB>（中略）<LF><TAB>あわわわわ……。	"Priest: ""A-a-aah... (much omitted)... A-a-aah..."""	role.priest	Independent translation from the pinned Japanese GBA script. Preserve original event parameters, protagonist substitutions and page meaning. Comic abridgement of the source's parenthetical omission.
completion.00bbf2cc	lighthouse	神父「それを　とりもどして<LF><TAB>こられたとは！　ええと　伝説では<LF><TAB>あなたは……　か　神のしもべ？	"Priest: ""You've brought it back! Er... The legend says you must be... a divine servant?"""	role.priest	Independent translation from the pinned Japanese GBA script. Preserve original event parameters, protagonist substitutions and page meaning. 
completion.00bbf32c	lighthouse	神父「ぎょえ～～！<LF><TAB>そ　それは　われらが　海竜の聖火！	"Priest: ""Gyaaah! Th-that's our Sea Dragon's sacred flame!"""	lore.sea_dragon_flame,role.priest	Independent translation from the pinned Japanese GBA script. Preserve original event parameters, protagonist substitutions and page meaning. 
completion.00bbf384	lighthouse	＊「おお！　あなたは　きっと<LF><TAB>海竜さまに　選ばれたお方！<LF><TAB>私になにか　できることがあったら…	"???: ""You must be chosen by the Sea Dragon! If there is anything I can do for you..."""	lore.sea_dragon	Independent translation from the pinned Japanese GBA script. Preserve original event parameters, protagonist substitutions and page meaning.  Anonymous speaker remains ???.
completion.00bbf42c	lighthouse	＊「なにが　あろうと　オレは<LF><TAB>この　ひと打ちに　命をこめるだけよ。	"???: ""Whatever happens, I put my heart and soul into every blow."""		Independent translation from the pinned Japanese GBA script. Preserve original event parameters, protagonist substitutions and page meaning.  Anonymous speaker remains ???.
completion.00bbf4a0	lighthouse	＊「しかし　あなたが<LF><TAB>その人になるかも　しれませんね。	"???: ""But perhaps you will be the first."""		Independent translation from the pinned Japanese GBA script. Preserve original event parameters, protagonist substitutions and page meaning.  Anonymous speaker remains ???.
completion.00bbf4d8	lighthouse	＊「この先は　地下道。<LF><TAB>ボクが　生まれてこのかた<LF><TAB>入った者は　誰もおりません。	"???: ""The tunnel is ahead. No one has entered it in all my life."""		Independent translation from the pinned Japanese GBA script. Preserve original event parameters, protagonist substitutions and page meaning.  Anonymous speaker remains ???.
completion.00bbf6a0	lighthouse	神父「どうか　ふたたび　旅立つ<LF><TAB>トルネコさまを　お守りください！	"Priest: ""Please protect Torneko as he sets forth once more!"""	torneko,role.priest	Independent translation from the pinned Japanese GBA script. Preserve original event parameters, protagonist substitutions and page meaning. 
completion.00bbf6e4	lighthouse	神父「おお　われらの祖先<LF><TAB>己が生きる道を　信じるものたちよ！	"Priest: ""O ancestors, who trusted in the path you walked!"""	role.priest	Independent translation from the pinned Japanese GBA script. Preserve original event parameters, protagonist substitutions and page meaning. 
completion.00bbf724	lighthouse	神父「そう。　私には聞こえるのです。<LF><TAB>いえ　聞こえるのではなく　この心に<LF><TAB>感じられるのです。	"Priest: ""Yes, I can hear it. No, not hear it... I can feel it in my heart."""	role.priest	Independent translation from the pinned Japanese GBA script. Preserve original event parameters, protagonist substitutions and page meaning. 
completion.00bbf784	lighthouse	神父「……神は　かんしゃして<LF><TAB>その感動の涙に　ふるえておられる！！	"Priest: ""...Our god trembles with tears of gratitude!"""	role.priest	Independent translation from the pinned Japanese GBA script. Preserve original event parameters, protagonist substitutions and page meaning. 
completion.00bbf7c8	lighthouse	神父「え？　神のしもべではない？<LF><TAB>またまた　そんな　ごけんそんを……	"Priest: ""Eh? You aren't a divine servant? Such modesty..."""	role.priest	Independent translation from the pinned Japanese GBA script. Preserve original event parameters, protagonist substitutions and page meaning. 
completion.00bbf810	lighthouse	神父「こうして　灯台に　聖火が<LF><TAB>もどったのも　ひとえに　あなたさま<LF><TAB>神のしもべのおかげ　ですな。	"Priest: ""The flame's return is entirely thanks to you, servant of the divine!"""	role.priest	Independent translation from the pinned Japanese GBA script. Preserve original event parameters, protagonist substitutions and page meaning. 
completion.00bbf874	lighthouse	神父「おお　トルネコさま！<LF><TAB>ゆうべは　ごゆっくり<LF><TAB>お休みでしたな。	"Priest: ""Ah, Torneko! You had a good rest last night."""	torneko,role.priest	Independent translation from the pinned Japanese GBA script. Preserve original event parameters, protagonist substitutions and page meaning. 
completion.00bbf8d8	lighthouse	神父「日夜　その任務を……<LF><TAB>（中略）<LF><TAB>……神のご加護がありますように。	"Priest: ""Day and night, we must... (much omitted)... May you be blessed."""	role.priest	Independent translation from the pinned Japanese GBA script. Preserve original event parameters, protagonist substitutions and page meaning. Comic abridgement of the source's parenthetical omission.
completion.00bbf920	lighthouse	神父「私は　代々　この島で<LF><TAB>神父を　つとめさせていただく<LF><TAB>家系の末えいとして…	"Priest: ""As a descendant of a family who have served this island as priests for generations..."""	role.priest	Independent translation from the pinned Japanese GBA script. Preserve original event parameters, protagonist substitutions and page meaning. 
completion.00bbf970	lighthouse	神父「おお　トルネコさま！<LF><TAB>その後　神のしもべ　としての旅は<LF><TAB>いかがですかな？	"Priest: ""Ah, Torneko! How goes your journey as a divine servant?"""	torneko,role.priest	Independent translation from the pinned Japanese GBA script. Preserve original event parameters, protagonist substitutions and page meaning. 
completion.00bbf9f8	lighthouse	＊「旅のお方。　いろいろと<LF><TAB>ありがとうございました。<LF><TAB>どうか　道中　お気をつけて。	"???: ""Thank you for all you've done, traveller. Take care on your journey."""		Independent translation from the pinned Japanese GBA script. Preserve original event parameters, protagonist substitutions and page meaning.  Anonymous speaker remains ???.
completion.00bbfa4c	lighthouse	＊「私たちは　海竜島の言い伝えを<LF><TAB>信じて　代々　生きてきました。<LF><TAB>そして　これからも……。	"???: ""For generations, we've lived by this island's legends. And we always shall..."""	place.journey.0087310c	Independent translation from the pinned Japanese GBA script. Preserve original event parameters, protagonist substitutions and page meaning.  Anonymous speaker remains ???.
completion.00bbfae8	lighthouse	＊「よかったのう……<LF><TAB>ほんに　よかったのう……。<LF><TAB>グビグビ……。	"???: ""Wonderful... Truly wonderful... Glug, glug..."""		Independent translation from the pinned Japanese GBA script. Preserve original event parameters, protagonist substitutions and page meaning.  Anonymous speaker remains ???.
completion.00bbfb9c	lighthouse	＊「おかげで　ウマイ酒が<LF><TAB>作れそうだな。	"???: ""We'll be able to make some fine drink now."""		Independent translation from the pinned Japanese GBA script. Preserve original event parameters, protagonist substitutions and page meaning.  Anonymous speaker remains ???.
completion.00bbfbc8	lighthouse	＊「祭壇に　聖なる火が灯ったら<LF><TAB>畑でとれる　竜のタテガミも<LF><TAB>生き生きとしてきたよ。	"???: ""Since the sacred flame returned, the Dragon's mane in the fields is thriving."""	lore.dragons_mane	Independent translation from the pinned Japanese GBA script. Preserve original event parameters, protagonist substitutions and page meaning.  Anonymous speaker remains ???.
completion.00bbfcf4	lighthouse	＊「みゃう～ん。	"???: ""Meooow!"""		Independent translation from the pinned Japanese GBA script. Preserve original event parameters, protagonist substitutions and page meaning.  Anonymous speaker remains ???.
completion.00bbffc0	lighthouse	＊「オレは　ひとあし先に<LF><TAB>出発させてもらうぜ。　あばよっ！	"???: ""I'm heading off ahead of you. See you!"""		Independent translation from the pinned Japanese GBA script. Preserve original event parameters, protagonist substitutions and page meaning.  Anonymous speaker remains ???.
completion.00bbfffc	lighthouse	＊「へへっ　あんた<LF><TAB>今ごろ　おでましかい？	"???: ""Heh! Only just showing up, are you?"""		Independent translation from the pinned Japanese GBA script. Preserve original event parameters, protagonist substitutions and page meaning.  Anonymous speaker remains ???.
completion.00bc0098	lighthouse	そして　神父の話を　すべて<LF>聞き終えたことに　ふしぎな　満足感を<LF>おぼえ　心が　安らいだ。	Having heard the priest out, a strange sense of satisfaction brought peace of mind.	role.priest	Independent translation from the pinned Japanese GBA script. Preserve original event parameters, protagonist substitutions and page meaning. 
completion.00bc00f4	lighthouse	$tは　とちゅうで　うっかり<LF>眠ってしまいそうになったが　なんとか<LF>もちこたえたのだった。	$t nearly nodded off halfway through, but somehow managed to stay awake.	torneko,enemy_tipper	Independent translation from the pinned Japanese GBA script. Preserve original event parameters, protagonist substitutions and page meaning. 
completion.00bc014c	lighthouse	神父は　$tにむかって<LF>それは　それは　長く　熱い　説教を<LF>話して聞かせた。	The priest delivered a very, very long and passionate sermon to $t.	role.priest,torneko,enemy_tipper	Independent translation from the pinned Japanese GBA script. Preserve original event parameters, protagonist substitutions and page meaning. 
completion.00bc01d8	lighthouse	＊「あっ　旅の人だ！　こんにちは。<LF><TAB>ここは　灯台の町だよ。	"???: ""Oh, a traveller! Hello! This is the lighthouse town."""		Independent translation from the pinned Japanese GBA script. Preserve original event parameters, protagonist substitutions and page meaning.  Anonymous speaker remains ???.
completion.00bc027c	lighthouse	＊「たとえ　世界が平和でも<LF><TAB>人びとには　いろんな悩みが<LF><TAB>つきものだよな。	"???: ""Even when the world's at peace, people have all sorts of worries."""		Independent translation from the pinned Japanese GBA script. Preserve original event parameters, protagonist substitutions and page meaning.  Anonymous speaker remains ???.
completion.00bc0378	lighthouse	＊「人間　楽に生きることばかり<LF><TAB>考えとったら　ロクなことにならんて。	"???: ""Nothing good comes of thinking only about how to take life easy."""		Independent translation from the pinned Japanese GBA script. Preserve original event parameters, protagonist substitutions and page meaning.  Anonymous speaker remains ???.
completion.00bc03f8	lighthouse	＊「なんか　もっとこう<LF><TAB>楽にできて　人から尊敬される仕事は<LF><TAB>ないもんかなあ。	"???: ""Isn't there some easier job that'd earn me everyone's respect?"""		Independent translation from the pinned Japanese GBA script. Preserve original event parameters, protagonist substitutions and page meaning.  Anonymous speaker remains ???.
completion.00bc0448	lighthouse	＊「灯台守の兄を　見習って<LF><TAB>私も　畑仕事を　がんばろうと<LF><TAB>思ったんですけどね……。	"???: ""I meant to work hard in the fields, like my lighthouse keeper brother, but..."""	role.lighthouse_keeper	Independent translation from the pinned Japanese GBA script. Preserve original event parameters, protagonist substitutions and page meaning.  Anonymous speaker remains ???.
completion.00bc04b4	lighthouse	＊「それを　旅人のトルネコさんに<LF><TAB>思い出させていただいたとは<LF><TAB>まったく　おはずかしいことです。	"???: ""How shameful that it took a traveller, Torneko, to remind us of our duty."""	torneko	Independent translation from the pinned Japanese GBA script. Preserve original event parameters, protagonist substitutions and page meaning.  Anonymous speaker remains ???.
completion.00bc0514	lighthouse	＊「われわれは　かつて<LF><TAB>この灯台に暮らす者の　使命を忘れ<LF><TAB>伝説も　忘れかけていました。	"???: ""We had forgotten our duty here at the lighthouse, and almost forgotten the legend."""		Independent translation from the pinned Japanese GBA script. Preserve original event parameters, protagonist substitutions and page meaning.  Anonymous speaker remains ???.
completion.009430a4	shared_repeats	この先はダンジョン<LF>海竜島の遺跡　へ進みます。<LF>よろしいでしょうか？	Continue into the dungeon<LF>Sea Dragon Isle ruins?	interface.dungeon.006,place.journey.0087310c,character.castle_john	Independent translation from the pinned Japanese GBA script. Preserve original event parameters, protagonist substitutions and page meaning. Reviewed standard dungeon-transition template; exact Japanese destination matched to existing dungeon glossary. Original Yes/No event parameters retained.
completion.00944864	shared_repeats	この先はダンジョン<LF>遺跡の大空洞　北　へ戻ります。<LF>よろしいでしょうか？	Return to the dungeon<LF>Great Ruins cavern - North?	interface.dungeon.010,character.castle_john	Independent translation from the pinned Japanese GBA script. Preserve original event parameters, protagonist substitutions and page meaning. Reviewed standard dungeon-transition template; exact Japanese destination matched to existing dungeon glossary. Original Yes/No event parameters retained.
completion.00944c44	shared_repeats	この先はダンジョン<LF>邪悪な風穴　へ進みます。<LF>よろしいでしょうか？	Continue into the dungeon<LF>Evil wind cave?	interface.dungeon.017,character.castle_john	Independent translation from the pinned Japanese GBA script. Preserve original event parameters, protagonist substitutions and page meaning. Reviewed standard dungeon-transition template; exact Japanese destination matched to existing dungeon glossary. Original Yes/No event parameters retained.
completion.00945a04	shared_repeats	ロサが　仲間に　くわわった！	Rosa joined the party!	enemy_rosa	Independent translation from the pinned Japanese GBA script. Preserve original event parameters, protagonist substitutions and page meaning. Reuses independently authored English from the exact Japanese source first-village/village.009c3f70.
completion.00945c9c	shared_repeats	イネスが　仲間に　くわわった！	Ines joined the party!	enemy_ines	Independent translation from the pinned Japanese GBA script. Preserve original event parameters, protagonist substitutions and page meaning. Reuses independently authored English from the exact Japanese source first-village/village.009c3638.
completion.00947964	shared_repeats	この先はダンジョン<LF>魔物の巣　へ進みます。<LF>よろしいでしょうか？	Continue into the dungeon<LF>Monster nest?	interface.dungeon.030,character.castle_john	Independent translation from the pinned Japanese GBA script. Preserve original event parameters, protagonist substitutions and page meaning. Reviewed standard dungeon-transition template; exact Japanese destination matched to existing dungeon glossary. Original Yes/No event parameters retained.
completion.0096a524	shared_repeats	＊「にゃん　にゃん　にゃん！	"???: ""Meow! Meow! Meow!"""		Independent translation from the pinned Japanese GBA script. Preserve original event parameters, protagonist substitutions and page meaning. Reuses independently authored English from the exact Japanese source story-completion/completion.00bb3f6c. Anonymous speaker remains ???.
completion.00975614	shared_repeats	＊「にゃ～ん。	"???: ""Meow!"""		Independent translation from the pinned Japanese GBA script. Preserve original event parameters, protagonist substitutions and page meaning. Reuses independently authored English from the exact Japanese source first-village/village.009ea5cc. Anonymous speaker remains ???.
completion.009758c0	shared_repeats	＊「にゃん　にゃん　にゃん！	"???: ""Meow! Meow! Meow!"""		Independent translation from the pinned Japanese GBA script. Preserve original event parameters, protagonist substitutions and page meaning. Reuses independently authored English from the exact Japanese source story-completion/completion.00bb3f6c. Anonymous speaker remains ???.
completion.009a7268	shared_repeats	＊「よくぞ　もどられた！<LF><TAB>$tどの！	"???: ""Welcome back, $t!"""	torneko,enemy_tipper	Independent translation from the pinned Japanese GBA script. Preserve original event parameters, protagonist substitutions and page meaning. Reuses independently authored English from the exact Japanese source early-journey/journey.00b8748c. Anonymous speaker remains ???.
completion.009ea160	shared_repeats	＊「よくぞ　もどられた！<LF><TAB>$tどの！	"???: ""Welcome back, $t!"""	torneko,enemy_tipper	Independent translation from the pinned Japanese GBA script. Preserve original event parameters, protagonist substitutions and page meaning. Reuses independently authored English from the exact Japanese source early-journey/journey.00b8748c. Anonymous speaker remains ???.
completion.009f9924	shared_repeats	＊「よくぞ　もどられた！<LF><TAB>$tどの！	"???: ""Welcome back, $t!"""	torneko,enemy_tipper	Independent translation from the pinned Japanese GBA script. Preserve original event parameters, protagonist substitutions and page meaning. Reuses independently authored English from the exact Japanese source early-journey/journey.00b8748c. Anonymous speaker remains ???.
completion.009fed80	shared_repeats	＊「すや　すや……。	"???: ""Zzz... Zzz..."""		Independent translation from the pinned Japanese GBA script. Preserve original event parameters, protagonist substitutions and page meaning. Reuses independently authored English from the exact Japanese source early-journey/journey.00b93328. Anonymous speaker remains ???.
completion.009ffb24	shared_repeats	カベには　地図が　かけられている。<LF>南の方に　小さく描かれているのが<LF>この島のようだ。	A map hangs on the wall. The small island drawn far to the south seems to be this one.		Independent translation from the pinned Japanese GBA script. Preserve original event parameters, protagonist substitutions and page meaning. Reuses independently authored English from the exact Japanese source first-village/village.009e178c.
completion.00a00158	shared_repeats	＊「にゃ～ん。	"???: ""Meow!"""		Independent translation from the pinned Japanese GBA script. Preserve original event parameters, protagonist substitutions and page meaning. Reuses independently authored English from the exact Japanese source first-village/village.009ea5cc. Anonymous speaker remains ???.
completion.00a1b980	shared_repeats	＊「おお　神よ！<LF><TAB>この者に　聖なるご加護の<LF><TAB>あらんことを！	"???: ""O Lord! May your holy blessing be upon this traveller!"""		Independent translation from the pinned Japanese GBA script. Preserve original event parameters, protagonist substitutions and page meaning. Reuses independently authored English from the exact Japanese source early-journey/journey.00b87450. Anonymous speaker remains ???.
completion.00a1b9bc	shared_repeats	＊「よくぞ　もどられた！<LF><TAB>$tどの！	"???: ""Welcome back, $t!"""	torneko,enemy_tipper	Independent translation from the pinned Japanese GBA script. Preserve original event parameters, protagonist substitutions and page meaning. Reuses independently authored English from the exact Japanese source early-journey/journey.00b8748c. Anonymous speaker remains ???.
completion.00abfe6c	shared_repeats	ベッドが　ある。<LF>ここで　休ませてもらいますか？	There is a bed here. Will you rest in it?		Independent translation from the pinned Japanese GBA script. Preserve original event parameters, protagonist substitutions and page meaning. Reuses independently authored English from the exact Japanese source first-village/village.009e1f14.
completion.00ad0700	shared_repeats	この先はダンジョン<LF>試練の道　へ戻ります。<LF>よろしいでしょうか？	Return to the dungeon<LF>Path of trials?	interface.dungeon.022,character.castle_john	Independent translation from the pinned Japanese GBA script. Preserve original event parameters, protagonist substitutions and page meaning. Reviewed standard dungeon-transition template; exact Japanese destination matched to existing dungeon glossary. Original Yes/No event parameters retained.
completion.00ad07c0	shared_repeats	この先はダンジョン<LF>密林の墓場　へ進みます。<LF>よろしいでしょうか？	Continue into the dungeon<LF>Jungle graveyard?	interface.dungeon.014,character.castle_john	Independent translation from the pinned Japanese GBA script. Preserve original event parameters, protagonist substitutions and page meaning. Reviewed standard dungeon-transition template; exact Japanese destination matched to existing dungeon glossary. Original Yes/No event parameters retained.
completion.00ad0b2c	shared_repeats	＊「おお　神よ！<LF><TAB>この者に　聖なるご加護の<LF><TAB>あらんことを！	"???: ""O Lord! May your holy blessing be upon this traveller!"""		Independent translation from the pinned Japanese GBA script. Preserve original event parameters, protagonist substitutions and page meaning. Reuses independently authored English from the exact Japanese source early-journey/journey.00b87450. Anonymous speaker remains ???.
completion.00ad0b68	shared_repeats	＊「よくぞ　もどられた！<LF><TAB>$tどの！	"???: ""Welcome back, $t!"""	torneko,enemy_tipper	Independent translation from the pinned Japanese GBA script. Preserve original event parameters, protagonist substitutions and page meaning. Reuses independently authored English from the exact Japanese source early-journey/journey.00b8748c. Anonymous speaker remains ???.
completion.00adf884	shared_repeats	＊「よくぞ　もどられた！<LF><TAB>$tどの！	"???: ""Welcome back, $t!"""	torneko,enemy_tipper	Independent translation from the pinned Japanese GBA script. Preserve original event parameters, protagonist substitutions and page meaning. Reuses independently authored English from the exact Japanese source early-journey/journey.00b8748c. Anonymous speaker remains ???.
completion.00afd158	shared_repeats	この先はダンジョン<LF>異世界の迷宮　へ進みます。<LF>よろしいでしょうか？	Continue into the dungeon<LF>Otherworld labyrinth?	interface.dungeon.018,character.castle_john	Independent translation from the pinned Japanese GBA script. Preserve original event parameters, protagonist substitutions and page meaning. Reviewed standard dungeon-transition template; exact Japanese destination matched to existing dungeon glossary. Original Yes/No event parameters retained.
completion.00afd1b8	shared_repeats	この先はダンジョン<LF>封印の洞くつ　へ進みます。<LF>よろしいでしょうか？	Continue into the dungeon<LF>Sealed cavern?	interface.dungeon.020,character.castle_john	Independent translation from the pinned Japanese GBA script. Preserve original event parameters, protagonist substitutions and page meaning. Reviewed standard dungeon-transition template; exact Japanese destination matched to existing dungeon glossary. Original Yes/No event parameters retained.
completion.00afe230	shared_repeats	この先はダンジョン<LF>まぼろしの洞くつ　へ進みます。<LF>よろしいでしょうか？	Continue into the dungeon<LF>Illusion cavern?	interface.dungeon.031,character.castle_john	Independent translation from the pinned Japanese GBA script. Preserve original event parameters, protagonist substitutions and page meaning. Reviewed standard dungeon-transition template; exact Japanese destination matched to existing dungeon glossary. Original Yes/No event parameters retained.
completion.00afe278	shared_repeats	この先はダンジョン<LF>不思議の宝物庫　へ進みます。<LF>よろしいでしょうか？	Continue into the dungeon<LF>Mysterious treasury?	interface.dungeon.021,character.castle_john	Independent translation from the pinned Japanese GBA script. Preserve original event parameters, protagonist substitutions and page meaning. Reviewed standard dungeon-transition template; exact Japanese destination matched to existing dungeon glossary. Original Yes/No event parameters retained.
completion.00b2c0a8	shared_repeats	＊「おお　神よ！<LF><TAB>この者に　聖なるご加護の<LF><TAB>あらんことを！	"???: ""O Lord! May your holy blessing be upon this traveller!"""		Independent translation from the pinned Japanese GBA script. Preserve original event parameters, protagonist substitutions and page meaning. Reuses independently authored English from the exact Japanese source early-journey/journey.00b87450. Anonymous speaker remains ???.
completion.00b2c0e4	shared_repeats	＊「よくぞ　もどられた！<LF><TAB>$tどの！	"???: ""Welcome back, $t!"""	torneko,enemy_tipper	Independent translation from the pinned Japanese GBA script. Preserve original event parameters, protagonist substitutions and page meaning. Reuses independently authored English from the exact Japanese source early-journey/journey.00b8748c. Anonymous speaker remains ???.
completion.00bcb2b4	shared_repeats	＊「すや　すや……。	"???: ""Zzz... Zzz..."""		Independent translation from the pinned Japanese GBA script. Preserve original event parameters, protagonist substitutions and page meaning. Reuses independently authored English from the exact Japanese source early-journey/journey.00b93328. Anonymous speaker remains ???.
completion.00bd2698	shared_repeats	この先はダンジョン<LF>灯台の地下室　へ戻ります。<LF>よろしいでしょうか？	Return to the dungeon<LF>Lighthouse basement?	interface.dungeon.008,character.castle_john	Independent translation from the pinned Japanese GBA script. Preserve original event parameters, protagonist substitutions and page meaning. Reviewed standard dungeon-transition template; exact Japanese destination matched to existing dungeon glossary. Original Yes/No event parameters retained.
completion.00bd275c	shared_repeats	この先はダンジョン<LF>遺跡の大空洞　南　へ進みます。<LF>よろしいでしょうか？	Continue into the dungeon<LF>Great Ruins cavern - South?	interface.dungeon.009,character.castle_john	Independent translation from the pinned Japanese GBA script. Preserve original event parameters, protagonist substitutions and page meaning. Reviewed standard dungeon-transition template; exact Japanese destination matched to existing dungeon glossary. Original Yes/No event parameters retained.
completion.00bdad54	shared_repeats	この先はダンジョン<LF>遺跡の大空洞　南　へ戻ります。<LF>よろしいでしょうか？	Return to the dungeon<LF>Great Ruins cavern - South?	interface.dungeon.009,character.castle_john	Independent translation from the pinned Japanese GBA script. Preserve original event parameters, protagonist substitutions and page meaning. Reviewed standard dungeon-transition template; exact Japanese destination matched to existing dungeon glossary. Original Yes/No event parameters retained.
completion.00bdae1c	shared_repeats	この先はダンジョン<LF>遺跡の大空洞　北　へ進みます。<LF>よろしいでしょうか？	Continue into the dungeon<LF>Great Ruins cavern - North?	interface.dungeon.010,character.castle_john	Independent translation from the pinned Japanese GBA script. Preserve original event parameters, protagonist substitutions and page meaning. Reviewed standard dungeon-transition template; exact Japanese destination matched to existing dungeon glossary. Original Yes/No event parameters retained.
completion.00bdaf2c	shared_repeats	この先はダンジョン<LF>密林島の発掘場　へ戻ります。<LF>よろしいでしょうか？	Return to the dungeon<LF>Jungle Island dig site?	interface.dungeon.016,place.journey.008730f0,character.castle_john	Independent translation from the pinned Japanese GBA script. Preserve original event parameters, protagonist substitutions and page meaning. Reviewed standard dungeon-transition template; exact Japanese destination matched to existing dungeon glossary. Original Yes/No event parameters retained.
completion.00be3bd0	shared_repeats	この先はダンジョン<LF>神々の道　へ戻ります。<LF>よろしいでしょうか？	Return to the dungeon<LF>Path of the gods?	interface.dungeon.013,character.castle_john	Independent translation from the pinned Japanese GBA script. Preserve original event parameters, protagonist substitutions and page meaning. Reviewed standard dungeon-transition template; exact Japanese destination matched to existing dungeon glossary. Original Yes/No event parameters retained.
completion.00be3c90	shared_repeats	この先はダンジョン<LF>試練の道　へ進みます。<LF>よろしいでしょうか？	Continue into the dungeon<LF>Path of trials?	interface.dungeon.022,character.castle_john	Independent translation from the pinned Japanese GBA script. Preserve original event parameters, protagonist substitutions and page meaning. Reviewed standard dungeon-transition template; exact Japanese destination matched to existing dungeon glossary. Original Yes/No event parameters retained.
completion.00be3ef4	shared_repeats	＊「では　ごゆっくりどうぞ。	"???: ""Make yourself comfortable."""		Independent translation from the pinned Japanese GBA script. Preserve original event parameters, protagonist substitutions and page meaning. Reuses independently authored English from the exact Japanese source early-journey/journey.00b875e8. Anonymous speaker remains ???.
completion.00bee678	shared_repeats	この先はダンジョン<LF>密林の墓場　へ戻ります。<LF>よろしいでしょうか？	Return to the dungeon<LF>Jungle graveyard?	interface.dungeon.014,character.castle_john	Independent translation from the pinned Japanese GBA script. Preserve original event parameters, protagonist substitutions and page meaning. Reviewed standard dungeon-transition template; exact Japanese destination matched to existing dungeon glossary. Original Yes/No event parameters retained.
completion.00bee73c	shared_repeats	この先はダンジョン<LF>密林島の発掘場　へ進みます。<LF>よろしいでしょうか？	Continue into the dungeon<LF>Jungle Island dig site?	interface.dungeon.016,place.journey.008730f0,character.castle_john	Independent translation from the pinned Japanese GBA script. Preserve original event parameters, protagonist substitutions and page meaning. Reviewed standard dungeon-transition template; exact Japanese destination matched to existing dungeon glossary. Original Yes/No event parameters retained.
completion.00bf8598	shared_repeats	この先はダンジョン<LF>山脈の尾根　へ進みます。<LF>よろしいでしょうか？	Continue into the dungeon<LF>Mountain ridge?	interface.dungeon.011,character.castle_john	Independent translation from the pinned Japanese GBA script. Preserve original event parameters, protagonist substitutions and page meaning. Reviewed standard dungeon-transition template; exact Japanese destination matched to existing dungeon glossary. Original Yes/No event parameters retained.
completion.00c01d5c	shared_repeats	この先はダンジョン<LF>山脈の尾根　へ戻ります。<LF>よろしいでしょうか？	Return to the dungeon<LF>Mountain ridge?	interface.dungeon.011,character.castle_john	Independent translation from the pinned Japanese GBA script. Preserve original event parameters, protagonist substitutions and page meaning. Reviewed standard dungeon-transition template; exact Japanese destination matched to existing dungeon glossary. Original Yes/No event parameters retained.
completion.00c0b3d8	shared_repeats	この先はダンジョン<LF>邪悪な風穴　へ戻ります。<LF>よろしいでしょうか？	Return to the dungeon<LF>Evil wind cave?	interface.dungeon.017,character.castle_john	Independent translation from the pinned Japanese GBA script. Preserve original event parameters, protagonist substitutions and page meaning. Reviewed standard dungeon-transition template; exact Japanese destination matched to existing dungeon glossary. Original Yes/No event parameters retained.
completion.00c0b4f8	shared_repeats	この先はダンジョン<LF>暗黒の間　へ進みます。<LF>よろしいでしょうか？	Continue into the dungeon<LF>Dark chamber?	interface.dungeon.019,character.castle_john	Independent translation from the pinned Japanese GBA script. Preserve original event parameters, protagonist substitutions and page meaning. Reviewed standard dungeon-transition template; exact Japanese destination matched to existing dungeon glossary. Original Yes/No event parameters retained.
completion.009407e8	journey_companions	ロサ「んじゃ　行こうぜ！	"Rosa: ""Right, let's go!"""	enemy_rosa	Independent translation from the pinned Japanese GBA script. Preserve original event parameters, protagonist substitutions and page meaning. 
completion.00940804	journey_companions	ロサ「オイラの話　分かった？<LF><TAB>なんなら　もういちど　言おうか？	"Rosa: ""Got all that? Want me to go over it again?"""	enemy_rosa	Independent translation from the pinned Japanese GBA script. Preserve original event parameters, protagonist substitutions and page meaning. 
completion.00940844	journey_companions	ロサ「オイラは　カラダも<LF><TAB>あまり　丈夫じゃないし<LF><TAB>時どきは　気づかってほしいな。	"Rosa: ""I'm not all that tough, so look out for me now and then, will you?"""	enemy_rosa	Independent translation from the pinned Japanese GBA script. Preserve original event parameters, protagonist substitutions and page meaning. 
completion.00940898	journey_companions	ロサ「ダンジョンで　オイラと<LF><TAB>話したい時は　ＳＴＡＲＴボタンで<LF><TAB>オイラの方を見て　話してくれよ。	"Rosa: ""In a dungeon, use START to face me if you want to talk."""	enemy_rosa,character.castle_john	Independent translation from the pinned Japanese GBA script. Preserve original event parameters, protagonist substitutions and page meaning. 
completion.009408fc	journey_companions	ロサ「ところで　トルネコさん。<LF><TAB>言い忘れてたんだけどさ。	"Rosa: ""By the way, Torneko. I forgot to mention something."""	torneko,enemy_rosa	Independent translation from the pinned Japanese GBA script. Preserve original event parameters, protagonist substitutions and page meaning. 
completion.00940938	journey_companions	イネス「じゃあ　行きましょうか。	"Ines: ""Shall we go, then?"""	enemy_ines	Independent translation from the pinned Japanese GBA script. Preserve original event parameters, protagonist substitutions and page meaning. 
completion.0094095c	journey_companions	イネス「私の話<LF><TAB>分かって下さいましたか？<LF><TAB>もういちど　言いましょうか？	"Ines: ""Did you understand all that? Shall I explain again?"""	enemy_ines	Independent translation from the pinned Japanese GBA script. Preserve original event parameters, protagonist substitutions and page meaning. 
completion.009409a4	journey_companions	イネス「これでも　少しは<LF><TAB>呪文も使えますし　なにか<LF><TAB>お役に立てるかもしれません。	"Ines: ""I do know a few spells. Perhaps I can be of some help."""	enemy_ines	Independent translation from the pinned Japanese GBA script. Preserve original event parameters, protagonist substitutions and page meaning. 
completion.009409f8	journey_companions	イネス「もし　ダンジョンで<LF><TAB>私に　ご用の時は　ＳＴＡＲＴボタンで<LF><TAB>私の方を見て　話してくださいね。	"Ines: ""If you need me in a dungeon, use START to face me and speak to me."""	enemy_ines,character.castle_john	Independent translation from the pinned Japanese GBA script. Preserve original event parameters, protagonist substitutions and page meaning. 
completion.00940a5c	journey_companions	イネス「あ　いけない　トルネコさん。<LF><TAB>大事なことを　伝えるのを<LF><TAB>忘れていましたわ。	"Ines: ""Oh, Torneko! I forgot to tell you something important."""	torneko,enemy_ines	Independent translation from the pinned Japanese GBA script. Preserve original event parameters, protagonist substitutions and page meaning. 
completion.00940b98	journey_companions	ロサ「こんな　ほら穴じゃなくてさっ。<LF><TAB>あ　ところで　村にもどってお祈りは<LF><TAB>いいの？　オイラは別にいいけど。	"Rosa: ""Not some little cave! Oh, don't you want to pray back in the village? Up to you."""	enemy_rosa	Independent translation from the pinned Japanese GBA script. Preserve original event parameters, protagonist substitutions and page meaning. 
completion.00940c04	journey_companions	ロサ「あ～　なんか　タリい～。<LF><TAB>トルネコさん　どうせ　冒険するなら<LF><TAB>パーッと　本格派でいこうぜ！	"Rosa: ""Ugh, what a drag. If we're going adventuring, Torneko, let's do it properly!"""	torneko,enemy_rosa	Independent translation from the pinned Japanese GBA script. Preserve original event parameters, protagonist substitutions and page meaning. 
completion.00940c68	journey_companions	イネス「そうそう　せっかく　脱出<LF><TAB>できたんですから　村で　お祈りを<LF><TAB>しておくのも　いいでしょうね。	"Ines: ""Oh, now that we've escaped, it might be wise to pray in the village."""	enemy_ines	Independent translation from the pinned Japanese GBA script. Preserve original event parameters, protagonist substitutions and page meaning. 
completion.00940ccc	journey_companions	イネス「ふう……　地上に　こんな<LF><TAB>ほら穴があるなんて　なんだか<LF><TAB>不思議な気が　しません？	"Ines: ""Phew... Doesn't it seem strange to find a cave like this on the surface?"""	enemy_ines	Independent translation from the pinned Japanese GBA script. Preserve original event parameters, protagonist substitutions and page meaning. 
completion.00943020	journey_companions	立ち入る前に　まずは<LF>この遺跡について知る者の<LF>話を聞いた方が　いいだろう。	Before entering, it would be wise to speak to someone who knows about these ruins.		Independent translation from the pinned Japanese GBA script. Preserve original event parameters, protagonist substitutions and page meaning. 
completion.0094306c	journey_companions	ここは　どうやら　この土地に<LF>昔からある　遺跡のようだ。	These seem to be ancient ruins that have stood here for a very long time.		Independent translation from the pinned Japanese GBA script. Preserve original event parameters, protagonist substitutions and page meaning. 
completion.00944f70	journey_companions	ロサ「どこかで　売るか　あずけるかして<LF><TAB>それから　また　来てくれよな。	"Rosa: ""Sell or store something, then come back."""	enemy_rosa	Independent translation from the pinned Japanese GBA script. Preserve original event parameters, protagonist substitutions and page meaning. 
completion.00944fb8	journey_companions	ロサ「あれ？　なんだよ<LF><TAB>持ち物が　いっぱいじゃないか。	"Rosa: ""Huh? You're carrying too much!"""	enemy_rosa	Independent translation from the pinned Japanese GBA script. Preserve original event parameters, protagonist substitutions and page meaning. 
completion.00944ff0	journey_companions	ロサ「あんたが　目的を　終えて<LF><TAB>バリナボにもどる時　また<LF><TAB>一緒に　帰るとするよ。	"Rosa: ""When you've finished your business and head back to Barinabo, I'll join you."""	enemy_rosa,place.barinabo	Independent translation from the pinned Japanese GBA script. Preserve original event parameters, protagonist substitutions and page meaning. 
completion.00945044	journey_companions	ロサ「オイラは　のんびり　この辺で<LF><TAB>休んでるよ。　その後は　そうだな……	"Rosa: ""I'll take it easy round here. And after that... Let's see..."""	enemy_rosa	Independent translation from the pinned Japanese GBA script. Preserve original event parameters, protagonist substitutions and page meaning. 
completion.00945090	journey_companions	ロサ「これを　モンスターに向けて　ふると<LF><TAB>なんと　アイテムに変化しちゃうんだ。<LF><TAB>さあ　どうぞ　トルネコさん！	"Rosa: ""Wave it at a monster, and it turns into an item! Here you go, Torneko!"""	torneko,enemy_rosa	Independent translation from the pinned Japanese GBA script. Preserve original event parameters, protagonist substitutions and page meaning. 
completion.00945100	journey_companions	ロサ「これは　オイラの宝ものでさ。<LF><TAB>モノカの杖っていって<LF><TAB>けっこう　面白いシロモノだぜ。	"Rosa: ""It's my prized possession, an Itemizing staff. It's a pretty fun little thing."""	enemy_rosa,combined_item_080	Independent translation from the pinned Japanese GBA script. Preserve original event parameters, protagonist substitutions and page meaning. Uses existing exact item identity combined_item_080.
completion.0094515c	journey_companions	ロサ「オイラ　ちょっと　感動したよ。<LF><TAB>よかったら　これを<LF><TAB>うけとってくれないか。	"Rosa: ""I'm impressed. Here, I'd like you to have this."""	enemy_rosa	Independent translation from the pinned Japanese GBA script. Preserve original event parameters, protagonist substitutions and page meaning. 
completion.009451b0	journey_companions	ロサ「いや　本当に　よく　オイラの案内で<LF><TAB>トルネコさん　がまんしたよな。	"Rosa: ""You really put up with a lot, having me for a guide, Torneko."""	torneko,enemy_rosa	Independent translation from the pinned Japanese GBA script. Preserve original event parameters, protagonist substitutions and page meaning. 
completion.009451fc	journey_companions	ロサ「というわけで　オイラの役目も<LF><TAB>これで終わりさ。　……っていうか<LF><TAB>足でまとい　だったけどな。　へへへ。	"Rosa: ""Well, that's my job done. Though I was more of a burden, really. Heh heh."""	enemy_rosa	Independent translation from the pinned Japanese GBA script. Preserve original event parameters, protagonist substitutions and page meaning. 
completion.00945268	journey_companions	ロサ「ガムランじいさんの話じゃ　この地の<LF><TAB>どこかに　トルネコさんの<LF><TAB>さがす人物が　いるはずだよ。	"Rosa: ""Grandpa Gamlan said the person you're looking for should be somewhere here."""	torneko,enemy_rosa	Independent translation from the pinned Japanese GBA script. Preserve original event parameters, protagonist substitutions and page meaning. 
completion.009452cc	journey_companions	ロサ「そう。　つまり　バリナボから<LF><TAB>はるか遠く　はなれた<LF><TAB>北の果ての地　グレートバレイナ島。	"Rosa: ""That's right. Great Baleina Isle, in the far north, a long way from Barinabo."""	enemy_rosa,place.barinabo,place.journey.008730f8	Independent translation from the pinned Japanese GBA script. Preserve original event parameters, protagonist substitutions and page meaning. 
completion.0094532c	journey_companions	ロサ「オイラは　バリナボの大地の民だから<LF><TAB>感じるんだけどさ。　ここは<LF><TAB>オイラたちの旅の　終点だぜ。	"Rosa: ""As one of Barinabo's people of the earth, I can sense it. Our journey ends here."""	enemy_rosa,place.barinabo,lore.people_of_the_earth	Independent translation from the pinned Japanese GBA script. Preserve original event parameters, protagonist substitutions and page meaning. 
completion.00945390	journey_companions	ロサ「かぁ～！　地上の空気は　いいねえ<LF><TAB>トルネコさん！　どうよ！？	"Rosa: ""Ahh! Isn't the air up here great, Torneko? What do you think?"""	torneko,enemy_rosa	Independent translation from the pinned Japanese GBA script. Preserve original event parameters, protagonist substitutions and page meaning. 
completion.009453d4	journey_companions	イネス「それまでは　この辺りで<LF><TAB>バリナボとちがう空気を<LF><TAB>楽しんでいようかしら。	"Ines: ""Until then, I'll enjoy the change of air from Barinabo."""	enemy_ines,place.barinabo	Independent translation from the pinned Japanese GBA script. Preserve original event parameters, protagonist substitutions and page meaning. 
completion.00945424	journey_companions	イネス「この後は　そうね……<LF><TAB>トルネコさんが　目的を果たして<LF><TAB>バリナボに帰るとき　ご一緒するわ。	"Ines: ""After this... When you've done what you came for, I'll return to Barinabo with you."""	torneko,enemy_ines,place.barinabo	Independent translation from the pinned Japanese GBA script. Preserve original event parameters, protagonist substitutions and page meaning. 
completion.00945488	journey_companions	イネス「私は　ここで　お別れするわ。<LF><TAB>この先は　私の案内は　必要ないし<LF><TAB>かえって　迷惑をかけると思うから。	"Ines: ""I'll leave you here. You won't need my guidance now. I'd only be a burden."""	enemy_ines	Independent translation from the pinned Japanese GBA script. Preserve original event parameters, protagonist substitutions and page meaning. 
completion.009454f4	journey_companions	イネス「私の役目は　これで<LF><TAB>おしまいね。　今まで　足でまとい<LF><TAB>ばかりだったけど……。	"Ines: ""My task is over now. Though I've been more of a burden than a help..."""	enemy_ines	Independent translation from the pinned Japanese GBA script. Preserve original event parameters, protagonist substitutions and page meaning. 
completion.0094554c	journey_companions	イネス「おじいさまの話では　おそらく<LF><TAB>この地の　どこかに　トルネコさんの<LF><TAB>さがす人物が　いるはずよ。	"Ines: ""Grandfather said the person you're seeking should be somewhere on this island."""	torneko,enemy_ines	Independent translation from the pinned Japanese GBA script. Preserve original event parameters, protagonist substitutions and page meaning. 
completion.009455b4	journey_companions	イネス「バリナボから　はるか遠く<LF><TAB>北の果ての地　グレートバレイナ島。	"Ines: ""Great Baleina Isle, far to the north, a long way from Barinabo."""	enemy_ines,place.barinabo,place.journey.008730f8	Independent translation from the pinned Japanese GBA script. Preserve original event parameters, protagonist substitutions and page meaning. 
completion.009455fc	journey_companions	イネス「私は　バリナボの大地の民だから<LF><TAB>感じるわ。　ここは<LF><TAB>私たちの旅の　終点。	"Ines: ""As one of Barinabo's people of the earth, I can sense it. Our journey ends here."""	enemy_ines,place.barinabo,lore.people_of_the_earth	Independent translation from the pinned Japanese GBA script. Preserve original event parameters, protagonist substitutions and page meaning. 
completion.00945650	journey_companions	イネス「ああ～　やっぱり　地上の空気は<LF><TAB>いいわね！　トルネコさん。	"Ines: ""Ahh! The air on the surface really is lovely, Torneko!"""	torneko,enemy_ines	Independent translation from the pinned Japanese GBA script. Preserve original event parameters, protagonist substitutions and page meaning. 
completion.009457cc	journey_companions	ロサ「よう　トルネコさん。<LF><TAB>オイラのプレゼントを　うけとる<LF><TAB>じゅんびは　できたかい。	"Rosa: ""Hey, Torneko. Ready to take my present now?"""	torneko,enemy_rosa	Independent translation from the pinned Japanese GBA script. Preserve original event parameters, protagonist substitutions and page meaning. 
completion.00945a24	journey_companions	ロサ「そのかわり　トルネコさんが<LF><TAB>つらそうだったら　オイラ　ひとりで<LF><TAB>ここに　もどるからな。	"Rosa: ""But if it looks too tough on you, I'll come back here on my own."""	torneko,enemy_rosa	Independent translation from the pinned Japanese GBA script. Preserve original event parameters, protagonist substitutions and page meaning. 
completion.00945a84	journey_companions	ロサ「あんたも　もの好きだなあ。<LF><TAB>そこまで　言ってくれるなら<LF><TAB>一緒に　行くよ。	"Rosa: ""You're a funny one. Well, if you insist, I'll come along."""	enemy_rosa	Independent translation from the pinned Japanese GBA script. Preserve original event parameters, protagonist substitutions and page meaning. 
completion.00945ad4	journey_companions	ロサ「じゃあ　トルネコさんの　さがす人が<LF><TAB>見つかって　バリナボに帰る時<LF><TAB>また　会おうぜ。	"Rosa: ""See you when you've found who you're looking for and head back to Barinabo."""	torneko,enemy_rosa,place.barinabo	Independent translation from the pinned Japanese GBA script. Preserve original event parameters, protagonist substitutions and page meaning. 
completion.00945b30	journey_companions	ロサ「じゃあ　トルネコさんの用事が<LF><TAB>終わって　バリナボへ　帰る頃にでも<LF><TAB>また　会おうぜ。	"Rosa: ""See you when you've finished your business and head back to Barinabo."""	torneko,enemy_rosa,place.barinabo	Independent translation from the pinned Japanese GBA script. Preserve original event parameters, protagonist substitutions and page meaning. 
completion.00945b8c	journey_companions	ロサ「だよな。　はっきり言って<LF><TAB>ここまでだって　よく来たもんだよ。<LF><TAB>わはははは！	"Rosa: ""Thought so. Honestly, it's a wonder we got this far! Hahaha!"""	enemy_rosa	Independent translation from the pinned Japanese GBA script. Preserve original event parameters, protagonist substitutions and page meaning. 
completion.00945be0	journey_companions	ロサ「え？　なに？<LF><TAB>もしかして　また　オイラと　一緒に<LF><TAB>ダンジョンに　行きたいわけ？	"Rosa: ""Eh? What? You want me to go into a dungeon with you again?"""	enemy_rosa,character.castle_john	Independent translation from the pinned Japanese GBA script. Preserve original event parameters, protagonist substitutions and page meaning. 
completion.00945c38	journey_companions	ロサ「さてと……　オイラは<LF><TAB>トルネコさんの用事が　終わるまで<LF><TAB>この辺で　ブラブラしていようかな？	"Rosa: ""Well, now... Maybe I'll just hang around here until you're done."""	torneko,enemy_rosa	Independent translation from the pinned Japanese GBA script. Preserve original event parameters, protagonist substitutions and page meaning. 
completion.00945cbc	journey_companions	イネス「でも　お役に立てなかったときは<LF><TAB>私ひとりで　ここに　もどりますね。<LF><TAB>では　よろしくお願いします。	"Ines: ""But if I'm no help, I'll return here on my own. I'll be counting on you."""	enemy_ines	Independent translation from the pinned Japanese GBA script. Preserve original event parameters, protagonist substitutions and page meaning. 
completion.00945d28	journey_companions	イネス「そう……。　そこまで<LF><TAB>おっしゃるなら　私も　行きますわ。	"Ines: ""I see... If you insist, I'll come with you."""	enemy_ines	Independent translation from the pinned Japanese GBA script. Preserve original event parameters, protagonist substitutions and page meaning. 
completion.00945d6c	journey_companions	イネス「でも　きっと　役に立たなくて<LF><TAB>迷惑をかけてしまうと思うけど<LF><TAB>本当に　連れて行きたい？	"Ines: ""I'm sure I'll only get in your way. Do you really want to take me?"""	enemy_ines	Independent translation from the pinned Japanese GBA script. Preserve original event parameters, protagonist substitutions and page meaning. 
completion.00945dcc	journey_companions	 イネス「そうですよね。　トルネコさんは<LF><TAB>もう　ひとりで冒険できますもの。<LF><TAB>がんばってくださいね。	"Ines: ""Of course. You can adventure on your own now, Torneko. Good luck!"""	torneko,enemy_ines	Independent translation from the pinned Japanese GBA script. Preserve original event parameters, protagonist substitutions and page meaning. 
completion.00945e30	journey_companions	イネス「また　ダンジョンへ　行かなくては<LF><TAB>ならないのね。　まさか　私を<LF><TAB>連れていきたいと　おっしゃるの？	"Ines: ""You have to enter another dungeon? Surely you don't mean to take me along?"""	enemy_ines,character.castle_john	Independent translation from the pinned Japanese GBA script. Preserve original event parameters, protagonist substitutions and page meaning. 
completion.00945e9c	journey_companions	イネス「あら　トルネコさん。<LF><TAB>グレートバレイナの王さまと<LF><TAB>お会いになったの？	"Ines: ""Oh, Torneko. Have you met the king of Great Baleina?"""	torneko,enemy_ines,role.king	Independent translation from the pinned Japanese GBA script. Preserve original event parameters, protagonist substitutions and page meaning. 
completion.00945f64	journey_companions	うっすらと　風穴の入り口が見えるが<LF>邪悪な波動が　みちていて<LF>とても　入れそうにない！	You can just make out the cavern entrance, but it's filled with evil. You can't get in!		Independent translation from the pinned Japanese GBA script. Preserve original event parameters, protagonist substitutions and page meaning. 
completion.00946014	journey_companions	＊「ううっ……　胸が苦しい……。<LF><TAB>今　ダンジョンへ　行かれては<LF><TAB>キケンです……。　ぐふっ。	"???: ""Ugh... My chest... It's too dangerous to enter the dungeon now... Guh..."""	character.castle_john	Independent translation from the pinned Japanese GBA script. Preserve original event parameters, protagonist substitutions and page meaning.  Anonymous speaker remains ???.
completion.00946180	journey_companions	邪悪な波動が　風穴の入り口から<LF>消え去った。	The evil presence vanished from the cavern entrance.		Independent translation from the pinned Japanese GBA script. Preserve original event parameters, protagonist substitutions and page meaning. 
completion.009461ac	journey_companions	なんと　祈りの水晶から<LF>聖なる光が　ほとばしる！	Holy light burst forth from the Prayer crystal!	lore.prayer_crystal	Independent translation from the pinned Japanese GBA script. Preserve original event parameters, protagonist substitutions and page meaning. 
completion.00952720	castle	カベには　地図が　かけられている。<LF>北の方に　大きく描かれているのが<LF>この島のようだ。	A map hangs on the wall. The large island drawn to the north seems to be this one.		Independent translation from the pinned Japanese GBA script. Preserve original event parameters, protagonist substitutions and page meaning. 
completion.00952798	castle	りっぱな　若き王と　その臣下が<LF>描かれている。	It depicts a distinguished young king and his subjects.		Independent translation from the pinned Japanese GBA script. Preserve original event parameters, protagonist substitutions and page meaning. 
completion.009527c8	castle	タイトル　“　信頼と栄光　”	Title: 'Trust and Glory'		Independent translation from the pinned Japanese GBA script. Preserve original event parameters, protagonist substitutions and page meaning. 
completion.009527e8	castle	$tは　カベにかけられた<LF>絵を　ながめた。	$t examined the painting hanging on the wall.	torneko,enemy_tipper	Independent translation from the pinned Japanese GBA script. Preserve original event parameters, protagonist substitutions and page meaning. 
completion.00952930	castle	＊「グレートバレイナ城へ　ようこそ。	"???: ""Welcome to Great Baleina Castle."""	place.journey.00873120	Independent translation from the pinned Japanese GBA script. Preserve original event parameters, protagonist substitutions and page meaning.  Anonymous speaker remains ???.
completion.00952970	castle	＊「王さまは　玉座の間に<LF><TAB>おわしますが　今は　あまり<LF><TAB>近づかれない方が　身のためですよ。	"???: ""The king is in the throne room, but for your own sake, you'd best stay away for now."""	role.king	Independent translation from the pinned Japanese GBA script. Preserve original event parameters, protagonist substitutions and page meaning.  Anonymous speaker remains ???.
completion.009529cc	castle	＊「あれ？　門番が　大トビラを<LF><TAB>開けたんですか？	"???: ""Huh? The gatekeeper opened the main doors?"""		Independent translation from the pinned Japanese GBA script. Preserve original event parameters, protagonist substitutions and page meaning.  Anonymous speaker remains ???.
completion.00952ab0	castle	＊「ああ……　前に　ここをやめていった<LF><TAB>学者仲間のように　私も<LF><TAB>やめておけばよかったです。	"???: ""Ah... I should have resigned too, like my fellow scholar who left before me."""		Independent translation from the pinned Japanese GBA script. Preserve original event parameters, protagonist substitutions and page meaning.  Anonymous speaker remains ???.
completion.00952b0c	castle	＊「私は　王さまから　すっかり<LF><TAB>役立たずと　思われてしまいましたよ。	"???: ""The king thinks I'm utterly useless now."""	role.king	Independent translation from the pinned Japanese GBA script. Preserve original event parameters, protagonist substitutions and page meaning.  Anonymous speaker remains ???.
completion.00952b54	castle	＊「若がえりのクスリなんて　いくら<LF><TAB>過去の書物を調べても　作り方も<LF><TAB>なにも　わからずじまいでしてね。	"???: ""I've searched the old books, but found nothing about how to make a youth potion."""		Independent translation from the pinned Japanese GBA script. Preserve original event parameters, protagonist substitutions and page meaning.  Anonymous speaker remains ???.
completion.00952bbc	castle	＊「ああ　外の世界は　あんなに<LF><TAB>明るく　すがすがしい……。	"???: ""Ah... The world outside is so bright and refreshing..."""		Independent translation from the pinned Japanese GBA script. Preserve original event parameters, protagonist substitutions and page meaning.  Anonymous speaker remains ???.
completion.00952c68	castle	＊「年をとってゆくのを　おそれるって<LF><TAB>女性なら　誰にも　あることだけど<LF><TAB>お美しい方なだけに　なおさらね……。	"???: ""Any woman fears growing old. It must be worse for someone as beautiful as she is..."""		Independent translation from the pinned Japanese GBA script. Preserve original event parameters, protagonist substitutions and page meaning.  Anonymous speaker remains ???.
completion.00952cd8	castle	＊「それにしても　王妃さまの<LF><TAB>お身体が　心配ですわね。	"???: ""Still, I do worry about the queen's health."""	role.queen	Independent translation from the pinned Japanese GBA script. Preserve original event parameters, protagonist substitutions and page meaning.  Anonymous speaker remains ???.
completion.00952d10	castle	＊「いやですわ　いくら　わたくしが<LF><TAB>美しいからって　王妃さまほどじゃ<LF><TAB>なくってよ。　ホホホ。	"???: ""Oh, stop! Beautiful as I am, I could hardly compare with the queen. Ho ho ho!"""	role.queen	Independent translation from the pinned Japanese GBA script. Preserve original event parameters, protagonist substitutions and page meaning.  Anonymous speaker remains ???.
completion.00952d70	castle	＊「あら　わたくしの　聞きちがいかしら？<LF><TAB>ホホホ。	"???: ""Oh? Perhaps I misheard you. Ho ho ho!"""		Independent translation from the pinned Japanese GBA script. Preserve original event parameters, protagonist substitutions and page meaning.  Anonymous speaker remains ???.
completion.00952da4	castle	＊「まあ！　わたくしが<LF><TAB>王妃さまじゃないか　ですって？	"???: ""My! You think I'm the queen?"""	role.queen	Independent translation from the pinned Japanese GBA script. Preserve original event parameters, protagonist substitutions and page meaning.  Anonymous speaker remains ???.
completion.00952e54	castle	＊「王は　ちと　王妃を<LF><TAB>甘やかしすぎたようじゃの。	"???: ""The king seems to have spoiled her a little too much."""	role.queen	Independent translation from the pinned Japanese GBA script. Preserve original event parameters, protagonist substitutions and page meaning.  Anonymous speaker remains ???.
completion.00952e88	castle	＊「あれほど　王に愛され　城の皆からも<LF><TAB>したわれ　いったい　なんの<LF><TAB>不満があろうか。	"???: ""The king loves her so, and everyone here adores her. What more could she want?"""		Independent translation from the pinned Japanese GBA script. Preserve original event parameters, protagonist substitutions and page meaning.  Anonymous speaker remains ???.
completion.00952ee0	castle	＊「王妃の　ご病気は<LF><TAB>身体ではなくて　心の病気じゃよ。	"???: ""The queen's illness is of the heart, not the body."""	role.queen	Independent translation from the pinned Japanese GBA script. Preserve original event parameters, protagonist substitutions and page meaning.  Anonymous speaker remains ???.
completion.00952f78	castle	＊「なんの！　まだまだ！<LF><TAB>とりゃ～っ！	"???: ""Hah! I'm not done yet! Hyaah!"""		Independent translation from the pinned Japanese GBA script. Preserve original event parameters, protagonist substitutions and page meaning.  Anonymous speaker remains ???.
completion.00952fa0	castle	＊「ぬりゃ～っ！	"???: ""Hyaaaah!"""		Independent translation from the pinned Japanese GBA script. Preserve original event parameters, protagonist substitutions and page meaning.  Anonymous speaker remains ???.
completion.0095303c	castle	＊「王妃さまが　ふせって　おられますので<LF><TAB>食卓も　王子さま　おひとり。<LF><TAB>さみしいですわね。	"???: ""With the queen confined to bed, the prince dines alone. How lonely it must be."""	role.queen,role.prince	Independent translation from the pinned Japanese GBA script. Preserve original event parameters, protagonist substitutions and page meaning.  Anonymous speaker remains ???.
completion.00953108	castle	王子「この　マズイ料理だったら　やるよ。<LF><TAB>ふんっ。	"Prince: ""You can have this awful food if you want it. Hmph!"""	role.prince	Independent translation from the pinned Japanese GBA script. Preserve original event parameters, protagonist substitutions and page meaning. 
completion.0095313c	castle	王子「なんだい　あんた。<LF><TAB>見かけない顔だね。	"Prince: ""Who are you? I've never seen you before."""	role.prince	Independent translation from the pinned Japanese GBA script. Preserve original event parameters, protagonist substitutions and page meaning. 
completion.0095316c	castle	王子「ちっ！　こんな　マズイ料理<LF><TAB>ボクの犬の　ルドルフだって<LF><TAB>食べないよ！	"Prince: ""Tch! Even my dog Rudolph wouldn't eat food this bad!"""	role.prince,character.rudolph	Independent translation from the pinned Japanese GBA script. Preserve original event parameters, protagonist substitutions and page meaning. 
completion.009531c8	castle	ルドルフ「ウ～　ワン　ワン！！<LF><TAB>ガウ　ガウッ！！	"Rudolph: ""Grrr! Woof, woof! Ruff, ruff!"""	character.rudolph	Independent translation from the pinned Japanese GBA script. Preserve original event parameters, protagonist substitutions and page meaning. 
completion.00953224	castle	＊「兵士長どのは　今ごろ　どこかへ<LF><TAB>旅立たれたかも　しれませんね。	"???: ""The captain may already have set off somewhere by now."""	role.captain	Independent translation from the pinned Japanese GBA script. Preserve original event parameters, protagonist substitutions and page meaning.  Anonymous speaker remains ???.
completion.00953268	castle	＊「さきほど　王さまの　どなり声が<LF><TAB>ここまで　とどろいていました。	"???: ""A little while ago, the king's shouting could be heard all the way down here."""	role.king	Independent translation from the pinned Japanese GBA script. Preserve original event parameters, protagonist substitutions and page meaning.  Anonymous speaker remains ???.
completion.009533fc	castle	＊「もし　おクスリが　手に入ったら<LF><TAB>こっそり　私にも　わけて<LF><TAB>くださらないかしら？	"???: ""If you find the potion, could you secretly spare a little for me?"""		Independent translation from the pinned Japanese GBA script. Preserve original event parameters, protagonist substitutions and page meaning.  Anonymous speaker remains ???.
completion.00953450	castle	＊「ねえ　あなた　王さまから<LF><TAB>占い師の　おばあさんの所へ行くよう<LF><TAB>お願いされたんでしょう？	"???: ""The king asked you to visit the old fortune-teller, didn't he?"""	role.king	Independent translation from the pinned Japanese GBA script. Preserve original event parameters, protagonist substitutions and page meaning.  Anonymous speaker remains ???.
completion.0095361c	castle	＊「やっぱり　お父上や国を思う　気もちは<LF><TAB>ちゃんと　お持ちなのね。	"???: ""He really does care about his father and his country."""		Independent translation from the pinned Japanese GBA script. Preserve original event parameters, protagonist substitutions and page meaning.  Anonymous speaker remains ???.
completion.00953660	castle	＊「まだ　子どもなのに　どこか<LF><TAB>さめたところがあって　お世話係の私も<LF><TAB>ご心配していたのですが……	"???: ""For a child, he can seem so detached. As his attendant, I was rather worried..."""		Independent translation from the pinned Japanese GBA script. Preserve original event parameters, protagonist substitutions and page meaning.  Anonymous speaker remains ???.
completion.009536c4	castle	＊「さきほどは　王子さまが　玉座の間へ<LF><TAB>上がって行かれるのを　見て<LF><TAB>びっくりしましたわ。	"???: ""I was surprised to see the prince go up to the throne room earlier."""	role.prince	Independent translation from the pinned Japanese GBA script. Preserve original event parameters, protagonist substitutions and page meaning.  Anonymous speaker remains ???.
completion.009537f8	castle	＊「ごくろうさまです！<LF><TAB>どうぞ　王さまのもとへ！	"???: ""Welcome back! Please, go on through to the king!"""	role.king	Independent translation from the pinned Japanese GBA script. Preserve original event parameters, protagonist substitutions and page meaning.  Anonymous speaker remains ???.
completion.0095382c	castle	兵士長「うむ。　心配かけたな。<LF><TAB>これから　王さまのところへ<LF><TAB>占い師どのを　お連れするぞ。	"Captain: ""Yes. Sorry to worry you. I'm taking the fortune-teller to the king now."""	role.captain,role.king	Independent translation from the pinned Japanese GBA script. Preserve original event parameters, protagonist substitutions and page meaning. 
completion.00953888	castle	＊「あっ！　兵士長どの<LF><TAB>おかえりなさいませ！	"???: ""Ah, Captain! Welcome back!"""	role.captain	Independent translation from the pinned Japanese GBA script. Preserve original event parameters, protagonist substitutions and page meaning.  Anonymous speaker remains ???.
completion.00953c30	castle	兵士長「あ～　そのへんで　けっこう。<LF><TAB>では　トルネコどのの方から<LF><TAB>ご質問を　どうぞ。	"Captain: ""Ah, that'll do. Torneko, please ask your questions."""	torneko,role.captain	Independent translation from the pinned Japanese GBA script. Preserve original event parameters, protagonist substitutions and page meaning. 
completion.00953c88	castle	サムソン「以上のように<LF><TAB>お聞きしておりますが　他にも<LF><TAB>なんなりと　お申しつけくだされば……	"Samson: ""That's what I was told. Of course, I'd be happy to do anything else you ask."""	character.samson	Independent translation from the pinned Japanese GBA script. Preserve original event parameters, protagonist substitutions and page meaning. 
completion.00953ce4	castle	サムソン「トルネコさま　ご一家が<LF><TAB>こちらに　おられる間は　皆さんの<LF><TAB>お世話と　店番をすること。	"Samson: ""While your family stays here, I am to look after you all and mind the shop."""	torneko,character.samson	Independent translation from the pinned Japanese GBA script. Preserve original event parameters, protagonist substitutions and page meaning. 
completion.00953d44	castle	サムソン「そして　トルネコさまが<LF><TAB>南の島から　もどられるまでに<LF><TAB>お店のじゅんびを　しておくこと。	"Samson: ""And prepare the shop before you return from the southern island."""	torneko,character.samson	Independent translation from the pinned Japanese GBA script. Preserve original event parameters, protagonist substitutions and page meaning. 
completion.00953da8	castle	サムソン「はい。　まず　コスタリベラの<LF><TAB>王の別荘を　トルネコさま　ご一家が<LF><TAB>暮らせるように　ととのえること。	"Samson: ""Yes. First, prepare the king's villa in Costa Libera for your family to live in."""	torneko,place.journey.00873188,character.samson	Independent translation from the pinned Japanese GBA script. Preserve original event parameters, protagonist substitutions and page meaning. 
completion.00953e18	castle	兵士長「あ～　まず　はじめに<LF><TAB>店員募集のとき　説明があったと思うが<LF><TAB>仕事内容について　理解しているかね？	"Captain: ""First, do you understand the duties explained when you applied?"""	role.captain	Independent translation from the pinned Japanese GBA script. Preserve original event parameters, protagonist substitutions and page meaning. 
completion.00953e84	castle	兵士長「うむ。　では　始めよう。<LF><TAB>トルネコどのも　こちらへ。	"Captain: ""Right, let's begin. Torneko, over here, please."""	torneko,role.captain	Independent translation from the pinned Japanese GBA script. Preserve original event parameters, protagonist substitutions and page meaning. 
completion.00953ec4	castle	サムソン「このたび　トルネコさまの店員に<LF><TAB>応募いたしました　サムソンです。<LF><TAB>よろしくお願いします。	"Samson: ""My name is Samson. I've applied to work in your shop, Torneko. Pleased to meet you."""	torneko,character.samson	Independent translation from the pinned Japanese GBA script. Preserve original event parameters, protagonist substitutions and page meaning. 
completion.00953f28	castle	＊「ひとりめの方～！<LF><TAB>サムソンさん　どうぞ～！	"???: ""Our first applicant! Samson, please come in!"""	character.samson	Independent translation from the pinned Japanese GBA script. Preserve original event parameters, protagonist substitutions and page meaning.  Anonymous speaker remains ???.
completion.00953f58	castle	＊「あっ　兵士長さま　ごくろうさまです！<LF><TAB>それでは　ひとりめの方から<LF><TAB>お呼びいたします。	"???: ""Ah, Captain! Thank you for coming. I'll call in the first applicant."""	role.captain	Independent translation from the pinned Japanese GBA script. Preserve original event parameters, protagonist substitutions and page meaning.  Anonymous speaker remains ???.
completion.00953fb4	castle	兵士長「それでは　どうぞ　こちらへ。	"Captain: ""This way, please."""	role.captain	Independent translation from the pinned Japanese GBA script. Preserve original event parameters, protagonist substitutions and page meaning. 
completion.00953fdc	castle	兵士長「なるほど　無理もありませんな。<LF><TAB>このように　急な話では……。<LF><TAB>では　もう一度　説明いたしましょう。	"Captain: ""Understandable. This has all happened rather suddenly. I'll explain again."""	role.captain	Independent translation from the pinned Japanese GBA script. Preserve original event parameters, protagonist substitutions and page meaning. 
completion.00954048	castle	兵士長「では　ふたりとの　面接を<LF><TAB>はじめて　よろしいですかな？	"Captain: ""Shall we begin the interviews with the two candidates?"""	role.captain	Independent translation from the pinned Japanese GBA script. Preserve original event parameters, protagonist substitutions and page meaning. 
completion.00954088	castle	兵士長「ともかく　トルネコどのの<LF><TAB>留守にも　きちんと　店を守れそうか<LF><TAB>面接で　ご判断くだされ。	"Captain: ""Please judge whether they can keep your shop running while you are away."""	torneko,role.captain	Independent translation from the pinned Japanese GBA script. Preserve original event parameters, protagonist substitutions and page meaning. 
completion.009540e8	castle	兵士長「やる気は　かなりのもので<LF><TAB>王さまも　つい　面接を<LF><TAB>ＯＫしてしまったとか。	"Captain: ""He was so eager that the king agreed to grant him an interview."""	role.captain,role.king	Independent translation from the pinned Japanese GBA script. Preserve original event parameters, protagonist substitutions and page meaning. 
completion.0095413c	castle	兵士長「もうひとりは　同じく　城下町の<LF><TAB>宿屋ではたらく男で　ダグラスという<LF><TAB>あらくれ者ですが……	"Captain: ""The other is Douglas, a ruffian who works at the inn in the castle town."""	role.captain,character.douglas	Independent translation from the pinned Japanese GBA script. Preserve original event parameters, protagonist substitutions and page meaning. 
completion.009541a0	castle	兵士長「ひとりめは　城下町の　鍛冶屋の<LF><TAB>孫息子。　もと　お城の　学者であった<LF><TAB>サムソンです。	"Captain: ""First is Samson, the blacksmith's grandson. He used to be a scholar here."""	role.captain,character.samson	Independent translation from the pinned Japanese GBA script. Preserve original event parameters, protagonist substitutions and page meaning. 
completion.00954200	castle	兵士長「ええと……　希望者の中から<LF><TAB>王さまが　トルネコどのとの面接を<LF><TAB>許可したのは　次の２名です。	"Captain: ""Let me see... The king has chosen these two applicants to meet you."""	torneko,role.captain,role.king	Independent translation from the pinned Japanese GBA script. Preserve original event parameters, protagonist substitutions and page meaning. 
completion.00954264	castle	兵士長「実は　すでに　店員希望者を<LF><TAB>つのって　面接のじゅんびを<LF><TAB>しておりました。	"Captain: ""In fact, we have already sought applicants and prepared the interviews."""	role.captain	Independent translation from the pinned Japanese GBA script. Preserve original event parameters, protagonist substitutions and page meaning. 
completion.00954308	castle	ロサ「おいおい　トルネコさん<LF><TAB>いくら　オイラを気に入ったからって<LF><TAB>店員にするのは　かんべんしてくれよ。	"Rosa: ""Hey, Torneko! I know you like me, but don't go making me your shopkeeper!"""	torneko,enemy_rosa	Independent translation from the pinned Japanese GBA script. Preserve original event parameters, protagonist substitutions and page meaning. 
completion.00954370	castle	イネス「面接なんて　なんだか<LF><TAB>すごいことに　なっちゃったわね。<LF><TAB>がんばってね　トルネコさん。	"Ines: ""Interviews? This is turning into quite an occasion! Good luck, Torneko."""	torneko,enemy_ines	Independent translation from the pinned Japanese GBA script. Preserve original event parameters, protagonist substitutions and page meaning. 
completion.00954a08	castle	ロサ「さてさて　城門で<LF><TAB>占いばあさんが　待ってるんだろ。<LF><TAB>行こうぜ。	"Rosa: ""Well, the old fortune-teller's waiting at the gate, right? Let's go."""	enemy_rosa	Independent translation from the pinned Japanese GBA script. Preserve original event parameters, protagonist substitutions and page meaning. 
completion.00954a50	castle	ロサ「なかなか　面白そうな<LF><TAB>おっさんを　やとったじゃないか。<LF><TAB>見る目あるよ　トルネコさん。	"Rosa: ""You hired a pretty interesting guy! You've got a good eye, Torneko."""	torneko,enemy_rosa	Independent translation from the pinned Japanese GBA script. Preserve original event parameters, protagonist substitutions and page meaning. 
completion.00954aac	castle	イネス「なんだか　おかしなことに<LF><TAB>なっちゃったわね。<LF><TAB>おつかれさま　トルネコさん。	"Ines: ""Well, that took a strange turn. You must be tired, Torneko."""	torneko,enemy_ines	Independent translation from the pinned Japanese GBA script. Preserve original event parameters, protagonist substitutions and page meaning. 
completion.00954b00	castle	兵士長「ともかく　トルネコどのが<LF><TAB>決めたことに　私が　とやかく<LF><TAB>言うべきではありませんな。	"Captain: ""Still, it is your decision, Torneko. I have no right to criticize."""	torneko,role.captain	Independent translation from the pinned Japanese GBA script. Preserve original event parameters, protagonist substitutions and page meaning. 
completion.00954b5c	castle	兵士長「まあ　しょうもないヤツほど<LF><TAB>にくめないという言葉が　あるのは<LF><TAB>私も　知っておりますが……	"Captain: ""I know they say the most hopeless fellows can be hard to dislike, but..."""	role.captain	Independent translation from the pinned Japanese GBA script. Preserve original event parameters, protagonist substitutions and page meaning. 
completion.00954bc0	castle	兵士長「な　なんという男だ……。<LF><TAB>あんなヤツを　やとうとは<LF><TAB>本気ですか？　トルネコどの。	"Captain: ""Wh-what a man... Are you truly going to hire that fellow, Torneko?"""	torneko,role.captain	Independent translation from the pinned Japanese GBA script. Preserve original event parameters, protagonist substitutions and page meaning. 
completion.00954c1c	castle	ダグラス「よっしゃ！　ありがとよ！<LF><TAB>じゃあ　コスタリベラでなっ！	"Douglas: ""All right! Thanks a bunch! See you in Costa Libera!"""	place.journey.00873188,character.douglas	Independent translation from the pinned Japanese GBA script. Preserve original event parameters, protagonist substitutions and page meaning. 
completion.00954c60	castle	ロサ「なんか　まじめで<LF><TAB>つまらなそうな人を　やとったなあ。<LF><TAB>オイラなら　ダグラスさんなのに……。	"Rosa: ""What a serious, dull-looking fellow. I'd have hired Douglas myself..."""	enemy_rosa,character.douglas	Independent translation from the pinned Japanese GBA script. Preserve original event parameters, protagonist substitutions and page meaning. 
completion.00954cc4	castle	イネス「さあ　城門の<LF><TAB>占いババさんのところへ<LF><TAB>行きましょう。	"Ines: ""Let's go and see the fortune-teller at the castle gate."""	enemy_ines,role.fortune_teller	Independent translation from the pinned Japanese GBA script. Preserve original event parameters, protagonist substitutions and page meaning. 
completion.00954d04	castle	イネス「誠実そうな　いい人が<LF><TAB>店員に　なってくれて<LF><TAB>よかったわね　トルネコさん。	"Ines: ""He seems so honest. I'm glad you found a nice shopkeeper, Torneko."""	torneko,enemy_ines	Independent translation from the pinned Japanese GBA script. Preserve original event parameters, protagonist substitutions and page meaning. 
completion.00954d58	castle	兵士長「お時間をとってしまい<LF><TAB>申し訳ありませんでした。	"Captain: ""I apologize for taking up so much of your time."""	role.captain	Independent translation from the pinned Japanese GBA script. Preserve original event parameters, protagonist substitutions and page meaning. 
completion.00954d90	castle	兵士長「ところで　占いババさまが<LF><TAB>城の外で　トルネコどのを<LF><TAB>お待ちのようですな。	"Captain: ""By the way, the fortune-teller appears to be waiting for you outside."""	torneko,role.captain,role.fortune_teller	Independent translation from the pinned Japanese GBA script. Preserve original event parameters, protagonist substitutions and page meaning. 
completion.00954de4	castle	兵士長「いや　おつかれさまでした。<LF><TAB>本日　決まった　店員は　さっそく<LF><TAB>コスタリベラへ　行かせます。	"Captain: ""Thank you for your time. I shall send your new shopkeeper to Costa Libera."""	place.journey.00873188,role.captain	Independent translation from the pinned Japanese GBA script. Preserve original event parameters, protagonist substitutions and page meaning. 
completion.00954e48	castle	兵士長「しょうちしました。　サムソンなら<LF><TAB>きっと　まじめな商売を<LF><TAB>してくれると思いますよ。	"Captain: ""Understood. I'm sure Samson will run an honest business for you."""	role.captain,character.samson	Independent translation from the pinned Japanese GBA script. Preserve original event parameters, protagonist substitutions and page meaning. 
completion.00954ea4	castle	兵士長「なんと！　それでは<LF><TAB>ダグラスが　気に入ったと<LF><TAB>申されるか。	"Captain: ""What! You mean to say that you prefer Douglas?"""	role.captain,character.douglas	Independent translation from the pinned Japanese GBA script. Preserve original event parameters, protagonist substitutions and page meaning. 
completion.00954ee8	castle	兵士長「な　なんという男だ……。<LF><TAB>これは　もう　店員は<LF><TAB>サムソンに　決まりですな？	"Captain: ""Wh-what a man... Well, that settles it. You'll hire Samson, won't you?"""	role.captain,character.samson	Independent translation from the pinned Japanese GBA script. Preserve original event parameters, protagonist substitutions and page meaning. 
completion.00954f3c	castle	ダグラス「まあ　いいや。　じっくり<LF><TAB>考えて　返事を聞かせてくれよな。<LF><TAB>じゃあ　オレは　これでっ！	"Douglas: ""Well, take your time and let me know what you decide. I'll be off, then!"""	character.douglas	Independent translation from the pinned Japanese GBA script. Preserve original event parameters, protagonist substitutions and page meaning. 
completion.00954fa0	castle	ダグラス「なんだ　トルネコさん<LF><TAB>わりと　しんちょう　なんだな……。	"Douglas: ""Huh. You're a pretty cautious fellow, aren't you, Torneko?"""	torneko,character.douglas	Independent translation from the pinned Japanese GBA script. Preserve original event parameters, protagonist substitutions and page meaning. 
completion.00954fe4	castle	ダグラス「んじゃ　単刀直入に　聞こう！<LF><TAB>オレを　やとって　くれるかい？	"Douglas: ""I'll get straight to the point! Will you hire me?"""	character.douglas	Independent translation from the pinned Japanese GBA script. Preserve original event parameters, protagonist substitutions and page meaning. 
completion.0095502c	castle	ダグラス「ふんふん　そうかい。<LF><TAB>それなら　オレも　思いっきり<LF><TAB>ウデが　ふるえそうだな。	"Douglas: ""Uh-huh. I see. Then I'll be able to put my talents to full use!"""	character.douglas	Independent translation from the pinned Japanese GBA script. Preserve original event parameters, protagonist substitutions and page meaning. 
completion.00955084	castle	ダグラス「オイオイ　そんな<LF><TAB>おひとよしじゃ　商売あがったりだぜ。<LF><TAB>まあ　気持ちは　分かるけどさ。	"Douglas: ""Hey, you'll go broke being that soft! I know how you feel, though."""	character.douglas	Independent translation from the pinned Japanese GBA script. Preserve original event parameters, protagonist substitutions and page meaning. 
completion.009550e8	castle	ダグラス「あんた　店が　もうかるなら<LF><TAB>少しくらい　お客さんが　そんをしても<LF><TAB>いいと思ってるかい？	"Douglas: ""Do you mind if your customers lose out a little, so long as you turn a profit?"""	character.douglas	Independent translation from the pinned Japanese GBA script. Preserve original event parameters, protagonist substitutions and page meaning. 
completion.0095514c	castle	ダグラス「オレは　見ての通り<LF><TAB>商売上手だからよ　きっと　あんたの<LF><TAB>役に立てると　思うんだが……	"Douglas: ""As you can see, I'm a whiz at business. I'm sure I could help you out..."""	character.douglas	Independent translation from the pinned Japanese GBA script. Preserve original event parameters, protagonist substitutions and page meaning. 
completion.009551ac	castle	ダグラス「あっ　ちょっと待ってくんな！<LF><TAB>質問なら　オレにも　させてくれよ。	"Douglas: ""Hold on a second! Let me ask a question, too!"""	character.douglas	Independent translation from the pinned Japanese GBA script. Preserve original event parameters, protagonist substitutions and page meaning. 
completion.009551f8	castle	兵士長「……あ～　いや　もう　分かった。<LF><TAB>では　さっそく　トルネコどのの方から<LF><TAB>ご質問を　どうぞ。	"Captain: ""Er... Yes, I understand. Now, Torneko, please ask your questions."""	torneko,role.captain	Independent translation from the pinned Japanese GBA script. Preserve original event parameters, protagonist substitutions and page meaning. 
completion.0095525c	castle	ダグラス「もちろん　トルネコさんの<LF><TAB>でっかい店で　ガツ～ンと<LF><TAB>商売させてもらうってことよ。	"Douglas: ""Sure! I'm gonna do some roaring business in Torneko's great big shop!"""	torneko,character.douglas	Independent translation from the pinned Japanese GBA script. Preserve original event parameters, protagonist substitutions and page meaning. 
completion.009552b8	castle	ダグラス「なんだい　なんだい<LF><TAB>オレが　見た目　こんなだからって<LF><TAB>バカにしてるんじゃないだろうな。	"Douglas: ""Hey, what's that supposed to mean? Don't judge a man by his looks!"""	character.douglas	Independent translation from the pinned Japanese GBA script. Preserve original event parameters, protagonist substitutions and page meaning. 
completion.0095531c	castle	兵士長「……　いや　だから<LF><TAB>今回の　仕事内容について<LF><TAB>ちゃんと　理解しておるのかと……	"Captain: ""No... I am asking whether you understand what this job involves..."""	role.captain	Independent translation from the pinned Japanese GBA script. Preserve original event parameters, protagonist substitutions and page meaning. 
completion.00955374	castle	ダグラス「あ？	"Douglas: ""Huh?"""	character.douglas	Independent translation from the pinned Japanese GBA script. Preserve original event parameters, protagonist substitutions and page meaning. 
completion.00955384	castle	兵士長「……う～む。<LF><TAB>と　とにかく　始めるとしよう。	"Captain: ""...Hmm. Well, let us begin."""	role.captain	Independent translation from the pinned Japanese GBA script. Preserve original event parameters, protagonist substitutions and page meaning. 
completion.009553bc	castle	ダグラス「わっはっは！　これは失礼！<LF><TAB>オレは　ダグラス。<LF><TAB>まあ　よろしく　たのむぜ。	"Douglas: ""Ha ha ha! Sorry about that! I'm Douglas. Pleased to meet you!"""	character.douglas	Independent translation from the pinned Japanese GBA script. Preserve original event parameters, protagonist substitutions and page meaning. 
completion.00955414	castle	ダグラス「おっと　いけねえ！	"Douglas: ""Whoops! My mistake!"""	character.douglas	Independent translation from the pinned Japanese GBA script. Preserve original event parameters, protagonist substitutions and page meaning. 
completion.00955434	castle	＊「次の方～！<LF><TAB>ダグラスさん　どうぞ～！	"???: ""Next applicant! Douglas, please come in!"""	character.douglas	Independent translation from the pinned Japanese GBA script. Preserve original event parameters, protagonist substitutions and page meaning.  Anonymous speaker remains ???.
completion.00955460	castle	＊「はい　かしこまりました。	"???: ""Yes, of course."""		Independent translation from the pinned Japanese GBA script. Preserve original event parameters, protagonist substitutions and page meaning.  Anonymous speaker remains ???.
completion.00955480	castle	兵士長「もうひとりの　店員希望者を<LF><TAB>呼んでくれ。	"Captain: ""Please send in the other applicant."""	role.captain	Independent translation from the pinned Japanese GBA script. Preserve original event parameters, protagonist substitutions and page meaning. 
completion.009554b4	castle	兵士長「では　呼びましょう。	"Captain: ""Then I shall call him in."""	role.captain	Independent translation from the pinned Japanese GBA script. Preserve original event parameters, protagonist substitutions and page meaning. 
completion.009554d4	castle	兵士長「なあに　心配は　ありませんよ。<LF><TAB>彼なら　王の　おすみつきですから。<LF><TAB>……では　次の者を　呼びましょう。	"Captain: ""No need to worry. He has the king's approval. Now, let us call him in."""	role.captain	Independent translation from the pinned Japanese GBA script. Preserve original event parameters, protagonist substitutions and page meaning. 
completion.00955544	castle	兵士長「おや　心のじゅんびが<LF><TAB>まだでしたか。　まあ　店員は　今の<LF><TAB>サムソンで　ほぼ決まりでしょうが。	"Captain: ""Oh, were you not ready? Well, I suppose Samson all but has the job already."""	role.captain,character.samson	Independent translation from the pinned Japanese GBA script. Preserve original event parameters, protagonist substitutions and page meaning. 
completion.009555ac	castle	兵士長「さて　次の男　ダグラスを<LF><TAB>呼んでも　よろしいですか？	"Captain: ""May I call in the next man, Douglas?"""	role.captain,character.douglas	Independent translation from the pinned Japanese GBA script. Preserve original event parameters, protagonist substitutions and page meaning. 
completion.009555ec	castle	兵士長「いや　なかなかの<LF><TAB>好青年でしたな。	"Captain: ""Well, what a fine young man."""	role.captain	Independent translation from the pinned Japanese GBA script. Preserve original event parameters, protagonist substitutions and page meaning. 
completion.00955618	castle	サムソン「はい。　今日はどうも<LF><TAB>ありがとうございました。<LF><TAB>失礼いたします。	"Samson: ""Yes. Thank you very much for your time. I'll take my leave."""	character.samson	Independent translation from the pinned Japanese GBA script. Preserve original event parameters, protagonist substitutions and page meaning. 
completion.00955664	castle	兵士長「サムソンくん　ごくろうだった。<LF><TAB>結果は　おって知らせるから<LF><TAB>もどって　待っていてくれたまえ。	"Captain: ""Thank you, Samson. We'll inform you of the result. Please wait back home."""	role.captain,character.samson	Independent translation from the pinned Japanese GBA script. Preserve original event parameters, protagonist substitutions and page meaning. 
completion.009556cc	castle	兵士長「では　これで終わりにしましょう。	"Captain: ""Then let us finish here."""	role.captain	Independent translation from the pinned Japanese GBA script. Preserve original event parameters, protagonist substitutions and page meaning. 
completion.009556f8	castle	兵士長「では　どうぞ　サムソンくんへの<LF><TAB>質問を　進めてくだされ。	"Captain: ""Please continue your questions for Samson."""	role.captain,character.samson	Independent translation from the pinned Japanese GBA script. Preserve original event parameters, protagonist substitutions and page meaning. 
completion.0095573c	castle	兵士長「そろそろ　面接は<LF><TAB>終了して　よろしいですかな？	"Captain: ""Shall we bring the interview to a close?"""	role.captain	Independent translation from the pinned Japanese GBA script. Preserve original event parameters, protagonist substitutions and page meaning. 
completion.00955774	castle	兵士長「さあ　トルネコどの<LF><TAB>面接を　進めましょう。	"Captain: ""Come, Torneko. Let us continue the interview."""	torneko,role.captain	Independent translation from the pinned Japanese GBA script. Preserve original event parameters, protagonist substitutions and page meaning. 
completion.00955890	castle	＊「あら　私に　なにか……？	"???: ""Oh, did you want something...?"""		Independent translation from the pinned Japanese GBA script. Preserve original event parameters, protagonist substitutions and page meaning.  Anonymous speaker remains ???.
completion.00955a10	castle	サムソン「もし　ペットなど<LF><TAB>飼われるのなら　よろこんで<LF><TAB>お世話いたします。	"Samson: ""If you ever keep any pets, I'd be delighted to look after them."""	character.samson	Independent translation from the pinned Japanese GBA script. Preserve original event parameters, protagonist substitutions and page meaning. 
completion.00955a5c	castle	サムソン「あえて言えば<LF><TAB>そうですね　生き物の世話とか<LF><TAB>でしょうか……。	"Samson: ""If I had to pick something... Perhaps caring for animals."""	character.samson	Independent translation from the pinned Japanese GBA script. Preserve original event parameters, protagonist substitutions and page meaning. 
completion.00955aa4	castle	サムソン「え？　しゅみ　ですか？<LF><TAB>う～ん……　これといって無い<LF><TAB>つまらない男ですから……	"Samson: ""Huh? My hobbies? Hmm... I'm rather a dull man. Nothing comes to mind..."""	character.samson	Independent translation from the pinned Japanese GBA script. Preserve original event parameters, protagonist substitutions and page meaning. 
completion.00955b00	castle	サムソン「鍛冶屋としては　品物の<LF><TAB>とりあつかいや　かんてい　などを<LF><TAB>学んでいますので　お役に立てます。	"Samson: ""I've learned to handle and appraise goods at the smithy. That should help."""	character.samson	Independent translation from the pinned Japanese GBA script. Preserve original event parameters, protagonist substitutions and page meaning. 
completion.00955b68	castle	サムソン「とくぎですか？　それでしたら<LF><TAB>学者の経験から　こまかい売上計算や<LF><TAB>書類の作成などが得意ですし……	"Samson: ""My skills? Well, my work as a scholar taught me bookkeeping and paperwork..."""	character.samson	Independent translation from the pinned Japanese GBA script. Preserve original event parameters, protagonist substitutions and page meaning. 
completion.00955bd4	castle	サムソン「その後　一身上の都合で<LF><TAB>退職してからは　祖父の　鍛冶屋を<LF><TAB>手伝っています。	"Samson: ""I left for personal reasons. Since then, I've helped at my grandfather's smithy."""	character.samson	Independent translation from the pinned Japanese GBA script. Preserve original event parameters, protagonist substitutions and page meaning. 
completion.00955c2c	castle	サムソン「はい　私のけいれきですね。<LF><TAB>以前は　お城で　学者みならいを<LF><TAB>しておりました。	"Samson: ""My background? Yes. I used to work at the castle as an apprentice scholar."""	character.samson	Independent translation from the pinned Japanese GBA script. Preserve original event parameters, protagonist substitutions and page meaning. 
completion.00955ca8	castle	サムソン「はい　何について<LF><TAB>お話しましょう？	"Samson: ""Yes. What would you like to know?"""	character.samson	Independent translation from the pinned Japanese GBA script. Preserve original event parameters, protagonist substitutions and page meaning. 
completion.00955d68	castle	＊「まあ　どちらへ　おいでですか？<LF><TAB>まだ　面接の　とちゅうですわ。	"???: ""Oh, where are you going? Your interviews aren't over yet."""		Independent translation from the pinned Japanese GBA script. Preserve original event parameters, protagonist substitutions and page meaning.  Anonymous speaker remains ???.
completion.00955f0c	castle	＊「おつかれさまでした。　今日は<LF><TAB>ゆっくり　お休みになってください。	"???: ""Thank you for your hard work. Please get plenty of rest tonight."""		Independent translation from the pinned Japanese GBA script. Preserve original event parameters, protagonist substitutions and page meaning.  Anonymous speaker remains ???.
completion.00956174	castle	＊「これは　トルネコどの！<LF><TAB>あなたこそ　わが国の　救世主です！	"???: ""Torneko! You truly are the savior of our kingdom!"""	torneko	Independent translation from the pinned Japanese GBA script. Preserve original event parameters, protagonist substitutions and page meaning.  Anonymous speaker remains ???.
completion.009561c4	castle	＊「私も　トルネコさんの　店員に<LF><TAB>なりたかったです。　トホホ……。	"???: ""I wanted to work in your shop too, Torneko. Oh, woe is me..."""	torneko	Independent translation from the pinned Japanese GBA script. Preserve original event parameters, protagonist substitutions and page meaning.  Anonymous speaker remains ???.
completion.009562b0	castle	＊「これからは　私も　王にみとめられる<LF><TAB>りっぱな学者に　なれるよう<LF><TAB>がんばります。	"???: ""From now on, I'll strive to be a fine scholar worthy of the king's recognition."""		Independent translation from the pinned Japanese GBA script. Preserve original event parameters, protagonist substitutions and page meaning.  Anonymous speaker remains ???.
completion.00956304	castle	＊「今まで　つらい仕事から　にげようと<LF><TAB>そればかり　考えていた私が<LF><TAB>バカでした。	"???: ""All I thought about was escaping my hard work. What a fool I've been."""		Independent translation from the pinned Japanese GBA script. Preserve original event parameters, protagonist substitutions and page meaning.  Anonymous speaker remains ???.
completion.00956380	castle	＊「ちっとも　若がえれないのよ。<LF><TAB>おかしいわねえ……。	"???: ""I haven't got any younger. How strange..."""		Independent translation from the pinned Japanese GBA script. Preserve original event parameters, protagonist substitutions and page meaning.  Anonymous speaker remains ???.
completion.009563b8	castle	＊「占い師の　おばあさんに　お願いして<LF><TAB>王妃と同じ　おクスリを<LF><TAB>いただいたんだけど……	"???: ""I asked the old fortune-teller for the same medicine the queen had, but..."""	role.queen	Independent translation from the pinned Japanese GBA script. Preserve original event parameters, protagonist substitutions and page meaning.  Anonymous speaker remains ???.
completion.00956480	castle	＊「それを　治すとは<LF><TAB>占い師のばあさん<LF><TAB>ただ者では　なさそうじゃな。	"???: ""That old fortune-teller must be quite remarkable to have cured her."""		Independent translation from the pinned Japanese GBA script. Preserve original event parameters, protagonist substitutions and page meaning.  Anonymous speaker remains ???.
completion.009564c8	castle	＊「王妃の　ご病気は<LF><TAB>身体ではなくて　心の病気<LF><TAB>だったんじゃよ。	"???: ""The queen's illness was of the heart, not the body."""	role.queen	Independent translation from the pinned Japanese GBA script. Preserve original event parameters, protagonist substitutions and page meaning.  Anonymous speaker remains ???.
completion.009565cc	castle	ロサ「あれ？　どこへ　行くんだい。<LF><TAB>占いばあさんは　城門で<LF><TAB>待ってるんだろ？　さあ　行こうぜ。	"Rosa: ""Huh? Where are you going? The fortune-teller's waiting at the gate. Let's go!"""	enemy_rosa	Independent translation from the pinned Japanese GBA script. Preserve original event parameters, protagonist substitutions and page meaning. 
completion.0095662c	castle	イネス「城門で　占いババさんが<LF><TAB>待っているんでしょう？<LF><TAB>さあ　行きましょう。	"Ines: ""The fortune-teller's waiting at the castle gate, isn't she? Let's go."""	enemy_ines,role.fortune_teller	Independent translation from the pinned Japanese GBA script. Preserve original event parameters, protagonist substitutions and page meaning. 
completion.0095667c	castle	イネス「あら　トルネコさん<LF><TAB>どこへ　行くの？	"Ines: ""Oh, Torneko! Where are you going?"""	torneko,enemy_ines	Independent translation from the pinned Japanese GBA script. Preserve original event parameters, protagonist substitutions and page meaning. 
completion.009566ac	castle	面接に　時間をとられてしまったので<LF>急いで　お城の外へ行ったほうが<LF>よさそうだ。	The interviews took quite a while. It would be best to hurry outside the castle.		Independent translation from the pinned Japanese GBA script. Preserve original event parameters, protagonist substitutions and page meaning. 
completion.009566fc	castle	トルネコは　占いババが<LF>お城の外で　待っていることを<LF>思い出した。	Torneko remembered that the fortune-teller was waiting outside the castle.	torneko,role.fortune_teller	Independent translation from the pinned Japanese GBA script. Preserve original event parameters, protagonist substitutions and page meaning. 
completion.00956810	castle	＊「息子さんが　元気になられたら<LF><TAB>また　もどってきてくださいね。	"???: ""Please come back and visit once your son is well again."""		Independent translation from the pinned Japanese GBA script. Preserve original event parameters, protagonist substitutions and page meaning.  Anonymous speaker remains ???.
completion.00956854	castle	＊「トルネコどの！<LF><TAB>あなたこそ　わが国の　救世主です。	"???: ""Torneko! You truly are the savior of our kingdom."""	torneko	Independent translation from the pinned Japanese GBA script. Preserve original event parameters, protagonist substitutions and page meaning.  Anonymous speaker remains ???.
completion.0095690c	castle	＊「占い師の　おババどの。<LF><TAB>そなたの　ウデ前　しかと<LF><TAB>見とどけたぞい！	"???: ""Well, fortune-teller! I've seen your skill with my own eyes!"""		Independent translation from the pinned Japanese GBA script. Preserve original event parameters, protagonist substitutions and page meaning.  Anonymous speaker remains ???.
completion.00956954	castle	＊「昔から　恋する女は　なんとやらと<LF><TAB>言ったもんじゃのう。	"???: ""Ah, as they say, there's nothing quite like a woman in love."""		Independent translation from the pinned Japanese GBA script. Preserve original event parameters, protagonist substitutions and page meaning. Source leaves the proverb unfinished; preserve suggestive romantic observation. Anonymous speaker remains ???.
completion.009569b8	castle	＊「あら　こんなところに<LF><TAB>ワンちゃんの　おしっこが……。<LF><TAB>も～　王子さまったら！	"???: ""Oh, the dog has had a little accident here... Honestly, Your Highness!"""	role.prince	Independent translation from the pinned Japanese GBA script. Preserve original event parameters, protagonist substitutions and page meaning. Urine euphemism; later smell interaction retains the joke. Anonymous speaker remains ???.
completion.00956a4c	castle	……　ような気がした。	...Or so it seemed.		Independent translation from the pinned Japanese GBA script. Preserve original event parameters, protagonist substitutions and page meaning. 
completion.00956a64	castle	ものすごいニオイが　$tのハナを<LF>ちょくげき！<LF>$tの　ちからが　１　さがった！	An awful stench assailed $t's nose! $t's strength fell by 1!	torneko,enemy_tipper	Independent translation from the pinned Japanese GBA script. Preserve original event parameters, protagonist substitutions and page meaning. Preserve strength amount and both native protagonist substitutions; next page reveals apparent effect.
completion.00956ab0	castle	$tは　ハナをつまんで<LF>ニオイを　さけた。	$t held his nose to keep out the smell.	torneko,enemy_tipper	Independent translation from the pinned Japanese GBA script. Preserve original event parameters, protagonist substitutions and page meaning. 
completion.00956ad8	castle	なんとも　たまらないニオイがする……。<LF>もっと　近づいてみますか？	An unbearable smell wafts this way...<LF>Take a closer look?		Independent translation from the pinned Japanese GBA script. Preserve original event parameters, protagonist substitutions and page meaning. 
completion.00956b1c	castle	$tは　足もとを　調べた！	$t checked the ground at his feet!	torneko,enemy_tipper	Independent translation from the pinned Japanese GBA script. Preserve original event parameters, protagonist substitutions and page meaning. 
completion.00956c90	castle	＊「そんな人が　あらわれたら<LF><TAB>また　おクスリを　飲んでみましょ。	"???: ""If a man like that appears, I'll try the medicine again."""		Independent translation from the pinned Japanese GBA script. Preserve original event parameters, protagonist substitutions and page meaning.  Anonymous speaker remains ???.
completion.00956cd4	castle	＊「なんだか　うたがわしいわね……。<LF><TAB>でも　いいわ。　まわりには　今<LF><TAB>ステキな殿方も　いないし。	"???: ""I'm not convinced... But never mind. There aren't any charming men around now."""		Independent translation from the pinned Japanese GBA script. Preserve original event parameters, protagonist substitutions and page meaning.  Anonymous speaker remains ???.
completion.00956d38	castle	＊「まあ　そうかしら……？	"???: ""Oh, do you think so...?"""		Independent translation from the pinned Japanese GBA script. Preserve original event parameters, protagonist substitutions and page meaning.  Anonymous speaker remains ???.
completion.00956d54	castle	占いババ「おやまあ　そうかい。<LF><TAB>な～に　お前さんにも　そのうち<LF><TAB>こうかが　あらわれるじゃろうて。	"Fortune-teller: ""Oh, is that so? Don't worry. You'll see the effects in time."""	role.fortune_teller	Independent translation from the pinned Japanese GBA script. Preserve original event parameters, protagonist substitutions and page meaning. 
completion.00956db8	castle	＊「あら　ちょっと　そこの　占い師さま。<LF><TAB>いただいた　おクスリが　ちっとも<LF><TAB>きかないみたいですのよ。	"???: ""Oh, fortune-teller! The medicine you gave me doesn't seem to work at all."""		Independent translation from the pinned Japanese GBA script. Preserve original event parameters, protagonist substitutions and page meaning.  Anonymous speaker remains ???.
completion.00956f18	castle	＊「さあ　お父上は　この上に<LF><TAB>いらっしゃいますぞ。	"???: ""Your father is upstairs. Do go on up."""		Independent translation from the pinned Japanese GBA script. Preserve original event parameters, protagonist substitutions and page meaning.  Anonymous speaker remains ???.
completion.0095702c	castle	＊「グレートバレイナ城へ　ようこそ！	"???: ""Welcome to Great Baleina Castle!"""	place.journey.00873120	Independent translation from the pinned Japanese GBA script. Preserve original event parameters, protagonist substitutions and page meaning.  Anonymous speaker remains ???.
completion.00957064	castle	＊「王さまは　この上に　おわします。	"???: ""His Majesty is upstairs."""	role.king	Independent translation from the pinned Japanese GBA script. Preserve original event parameters, protagonist substitutions and page meaning.  Anonymous speaker remains ???.
completion.009570ac	castle	＊「いや　これは　私の<LF><TAB>考えすぎですな。	"???: ""No, perhaps I'm reading too much into it."""		Independent translation from the pinned Japanese GBA script. Preserve original event parameters, protagonist substitutions and page meaning.  Anonymous speaker remains ???.
completion.009570d8	castle	＊「いや　もしや　伝説の神々が<LF><TAB>トルネコどのを　みちびいたとか？	"???: ""Could the legendary gods have guided Torneko here?"""	torneko	Independent translation from the pinned Japanese GBA script. Preserve original event parameters, protagonist substitutions and page meaning.  Anonymous speaker remains ???.
completion.0095711c	castle	＊「こんなことに　なるとは<LF><TAB>誰が　予想したであろうか！！	"???: ""Who could ever have imagined it would come to this?!"""		Independent translation from the pinned Japanese GBA script. Preserve original event parameters, protagonist substitutions and page meaning.  Anonymous speaker remains ???.
completion.00957180	castle	＊「占いババさまに　いただいた<LF><TAB>おクスリでも<LF><TAB>また　飲んでみようかしら。	"???: ""Perhaps I should try another dose of the fortune-teller's medicine."""	role.fortune_teller	Independent translation from the pinned Japanese GBA script. Preserve original event parameters, protagonist substitutions and page meaning.  Anonymous speaker remains ???.
completion.009571cc	castle	＊「オロオロ……。　もう　こわくて<LF><TAB>どうしたら　いいか　分からないわ。	"???: ""Oh, oh... I'm so scared! I don't know what to do."""		Independent translation from the pinned Japanese GBA script. Preserve original event parameters, protagonist substitutions and page meaning.  Anonymous speaker remains ???.
completion.0095723c	castle	＊「わしゃ　お前さん方を<LF><TAB>信じとるよ……。	"???: ""I believe in you..."""		Independent translation from the pinned Japanese GBA script. Preserve original event parameters, protagonist substitutions and page meaning.  Anonymous speaker remains ???.
completion.009572b0	castle	＊「なんの！　これしき！	"???: ""Hah! This is nothing!"""		Independent translation from the pinned Japanese GBA script. Preserve original event parameters, protagonist substitutions and page meaning.  Anonymous speaker remains ???.
completion.009572dc	castle	＊「ぬぬうっ！<LF><TAB>まだまだ～っ！　そりゃ！！	"???: ""Grr! I'm not done yet! Take that!"""		Independent translation from the pinned Japanese GBA script. Preserve original event parameters, protagonist substitutions and page meaning.  Anonymous speaker remains ???.
completion.00957328	castle	＊「王子さまったら　こんな時なのに<LF><TAB>おびえもしないなんて……。<LF><TAB>見直しましたわ。	"???: ""The prince isn't even afraid at a time like this... I'm rather impressed."""	role.prince	Independent translation from the pinned Japanese GBA script. Preserve original event parameters, protagonist substitutions and page meaning.  Anonymous speaker remains ???.
completion.009573dc	castle	王子「お前の　オヤジさんは<LF><TAB>ボクに　借りがあるんだからな。<LF><TAB>忘れるなよ。	"Prince: ""Your father owes me a favor. Don't forget it."""	role.prince	Independent translation from the pinned Japanese GBA script. Preserve original event parameters, protagonist substitutions and page meaning. 
completion.00957428	castle	王子「やあ　ポポロじゃないか。<LF><TAB>がんばってるのか？	"Prince: ""Oh, it's you, Tipper. Working hard?"""	enemy_tipper,role.prince	Independent translation from the pinned Japanese GBA script. Preserve original event parameters, protagonist substitutions and page meaning. 
completion.0095745c	castle	王子「よし！　トルネコとポポロが<LF><TAB>この国を　すくってくれ！<LF><TAB>それで　おあいこにするよ。	"Prince: ""Right! Torneko and Tipper, save this kingdom! Then we'll be even."""	torneko,enemy_tipper,role.prince	Independent translation from the pinned Japanese GBA script. Preserve original event parameters, protagonist substitutions and page meaning. 
completion.009574b4	castle	王子「そういえば　まだ　トルネコから<LF><TAB>貸しを　返してもらってなかったね。	"Prince: ""Come to think of it, Torneko still owes me a favor."""	torneko,role.prince	Independent translation from the pinned Japanese GBA script. Preserve original event parameters, protagonist substitutions and page meaning. 
completion.00957510	castle	ルドルフ「グルルル……。	"Rudolph: ""Grrrr..."""	character.rudolph	Independent translation from the pinned Japanese GBA script. Preserve original event parameters, protagonist substitutions and page meaning. 
completion.0095753c	castle	＊「あなたがたこそ<LF><TAB>わが国の救世主です！<LF><TAB>本当に　ありがとうございました！	"???: ""You are the saviors of our kingdom! Thank you so very much!"""		Independent translation from the pinned Japanese GBA script. Preserve original event parameters, protagonist substitutions and page meaning.  Anonymous speaker remains ???.
completion.00957598	castle	＊「あっ　トルネコどの！<LF><TAB>ネネどのは　奥の　宴卓の間で<LF><TAB>お待ちです。	"???: ""Ah, Torneko! Tessie is waiting in the banquet hall at the back."""	torneko	Independent translation from the pinned Japanese GBA script. Preserve original event parameters, protagonist substitutions and page meaning.  Anonymous speaker remains ???.
completion.009575f8	castle	＊「すべては　あなたがたのおかげですわ。<LF><TAB>本当に　ありがとうございました。	"???: ""We owe everything to you. Thank you so very much."""		Independent translation from the pinned Japanese GBA script. Preserve original event parameters, protagonist substitutions and page meaning.  Anonymous speaker remains ???.
completion.00957644	castle	＊「私を　おぼえておいでですか？<LF><TAB>いつも　教会で　祈っていた<LF><TAB>兵士長の妻です。	"???: ""Do you remember me? I'm the captain's wife, always praying in the church."""	role.captain	Independent translation from the pinned Japanese GBA script. Preserve original event parameters, protagonist substitutions and page meaning.  Anonymous speaker remains ???.
completion.0095773c	castle	＊「わ～い！<LF><TAB>今夜は　お祭りだ～！	"???: ""Hooray! There's a festival tonight!"""		Independent translation from the pinned Japanese GBA script. Preserve original event parameters, protagonist substitutions and page meaning.  Anonymous speaker remains ???.
completion.00957788	castle	＊「こんな　ウキウキとした気分は<LF><TAB>数十年ぶりじゃい。<LF><TAB>ほっほっほ。	"???: ""I haven't felt this excited in decades! Ho ho ho!"""		Independent translation from the pinned Japanese GBA script. Preserve original event parameters, protagonist substitutions and page meaning.  Anonymous speaker remains ???.
completion.009577f4	castle	＊「私ったら　どうしたのかしら？<LF><TAB>こんな　ご老人　相手に<LF><TAB>胸が　ドキドキしたりして……。	"???: ""What's come over me? Why does this old gentleman make my heart flutter...?"""		Independent translation from the pinned Japanese GBA script. Preserve original event parameters, protagonist substitutions and page meaning.  Anonymous speaker remains ???.
completion.00957860	castle	＊「王子さまったら　ネネさまと<LF><TAB>お食事して　なんだか　楽しそう。	"???: ""The prince looks so happy dining with Tessie."""	role.prince	Independent translation from the pinned Japanese GBA script. Preserve original event parameters, protagonist substitutions and page meaning.  Anonymous speaker remains ???.
completion.009578dc	castle	王子「それに　ネネは　わりかし<LF><TAB>面白いヤツだな。　これからも<LF><TAB>たまには　お城に　遊びに来ていいぞ。	"Prince: ""Tessie is quite amusing, actually. She may visit the castle now and then."""	role.prince	Independent translation from the pinned Japanese GBA script. Preserve original event parameters, protagonist substitutions and page meaning. 
completion.00957940	castle	王子「あっ　トルネコに　息子のポポロ！<LF><TAB>よく　もどって来たな。	"Prince: ""Ah, Torneko and his son Tipper! So you're back!"""	torneko,enemy_tipper,role.prince	Independent translation from the pinned Japanese GBA script. Preserve original event parameters, protagonist substitutions and page meaning. 
completion.00957990	castle	ルドルフ「キャイーン！<LF><TAB>ワウワウ……。	"Rudolph: ""Yelp! Woof, woof..."""	character.rudolph	Independent translation from the pinned Japanese GBA script. Preserve original event parameters, protagonist substitutions and page meaning. 
completion.00957a30	castle	ネネ「教会で　お祈りしておくのも<LF><TAB>いいかもしれないわね。	"Tessie: ""It might be a good idea to pray at the church, too."""		Independent translation from the pinned Japanese GBA script. Preserve original event parameters, protagonist substitutions and page meaning. 
completion.00957a6c	castle	ネネ「私のことは　心配いらないから<LF><TAB>町の皆さんにも　顔を見せてあげて。	"Tessie: ""Don't worry about me. Go and show everyone in town that you're back."""		Independent translation from the pinned Japanese GBA script. Preserve original event parameters, protagonist substitutions and page meaning. 
completion.00957ab4	castle	ネネ「私も　闇のキリが　晴れたら<LF><TAB>すっかり　気分もよくなって<LF><TAB>元気が　出たのよ。	"Tessie: ""Once the dark mist lifted, I felt so much better. My strength came back, too."""		Independent translation from the pinned Japanese GBA script. Preserve original event parameters, protagonist substitutions and page meaning. 
completion.00957b08	castle	ネネ「お城や　城下町の皆さんも<LF><TAB>とても　幸せそうね……。	"Tessie: ""Everyone in the castle and town looks so happy..."""		Independent translation from the pinned Japanese GBA script. Preserve original event parameters, protagonist substitutions and page meaning. 
completion.00957b44	castle	ネネ「きっと　ふたりとも無事に<LF><TAB>もどって来るって　信じてたわ。<LF><TAB>本当に　ありがとう。	"Tessie: ""I knew you would both come home safely. Thank you so much."""		Independent translation from the pinned Japanese GBA script. Preserve original event parameters, protagonist substitutions and page meaning. 
completion.00957b9c	castle	ネネ「あなた……　ポポロ……！<LF><TAB>お帰りなさい！	"Tessie: ""Darling... Tipper...! Welcome home!"""	enemy_tipper	Independent translation from the pinned Japanese GBA script. Preserve original event parameters, protagonist substitutions and page meaning. 
completion.00957c74	castle	兵士長「祝典の　じゅんびが<LF><TAB>できましたので　どうぞ　こちらへ！	"Captain: ""The celebration is ready. Please, come this way!"""	role.captain	Independent translation from the pinned Japanese GBA script. Preserve original event parameters, protagonist substitutions and page meaning. 
completion.00957cb4	castle	兵士長「おお　トルネコどの<LF><TAB>お待ちしておりました。	"Captain: ""Ah, Torneko! We've been waiting for you."""	torneko,role.captain	Independent translation from the pinned Japanese GBA script. Preserve original event parameters, protagonist substitutions and page meaning. 
completion.00957d78	castle	＊「あっ　$tどの。<LF><TAB>どうぞ　お通りください。	"???: ""Ah, $t! Please, come through."""	torneko,enemy_tipper	Independent translation from the pinned Japanese GBA script. Preserve original event parameters, protagonist substitutions and page meaning.  Anonymous speaker remains ???.
completion.00957db8	castle	＊「まだ　お城の中に　祝典の熱気が<LF><TAB>残っているようですよ。	"???: ""You can still feel the excitement of the celebration in the castle."""		Independent translation from the pinned Japanese GBA script. Preserve original event parameters, protagonist substitutions and page meaning.  Anonymous speaker remains ???.
completion.00957e04	castle	＊「最近　夫が　モンスター闘技場とやらに<LF><TAB>通っているとかで　心配だわ……。	"???: ""My husband's been going to some monster arena lately. I'm worried..."""	interface.dungeon.026,place.journey.00873010	Independent translation from the pinned Japanese GBA script. Preserve original event parameters, protagonist substitutions and page meaning.  Anonymous speaker remains ???.
completion.00957ef8	castle	＊「わ～い！<LF><TAB>今日は　どこで遊ぼうかな～。	"???: ""Hooray! Where shall I play today?"""		Independent translation from the pinned Japanese GBA script. Preserve original event parameters, protagonist substitutions and page meaning.  Anonymous speaker remains ???.
completion.00957f74	castle	＊「私ったら　どうしたのかしら？<LF><TAB>なんだか　この　ご老人と<LF><TAB>結婚したいみたい。	"???: ""What's come over me? I think I want to marry this old gentleman."""		Independent translation from the pinned Japanese GBA script. Preserve original event parameters, protagonist substitutions and page meaning.  Anonymous speaker remains ???.
completion.00957fd4	castle	＊「やっと　王子さまが　お料理を<LF><TAB>気に入ってくださいましたわ。	"???: ""At last, the prince likes the food!"""	role.prince	Independent translation from the pinned Japanese GBA script. Preserve original event parameters, protagonist substitutions and page meaning.  Anonymous speaker remains ???.
completion.00958054	castle	王子「ってことは　あんたらのおかげ<LF><TAB>なんだよな……。　しかたないから<LF><TAB>礼を言うよ。	"Prince: ""Which means it's thanks to you... I suppose I'll have to thank you, then."""	role.prince	Independent translation from the pinned Japanese GBA script. Preserve original event parameters, protagonist substitutions and page meaning. 
completion.009580a8	castle	王子「海竜島で　昔みたいに<LF><TAB>竜のタテガミが　とれるように<LF><TAB>なったおかげさ。	"Prince: ""It's because Dragon's mane can grow on Sea Dragon Isle like it used to."""	place.journey.0087310c,lore.dragons_mane,role.prince	Independent translation from the pinned Japanese GBA script. Preserve original event parameters, protagonist substitutions and page meaning. 
completion.009580f4	castle	王子「ウマイ　ウマイ！<LF><TAB>この　パンは　たまらなく　フカフカで<LF><TAB>いいにおいが　するぞ……。	"Prince: ""Mmm, delicious! This bread is wonderfully fluffy, and it smells so good..."""	bread,role.prince	Independent translation from the pinned Japanese GBA script. Preserve original event parameters, protagonist substitutions and page meaning. 
completion.00958160	castle	ルドルフ「ワンワンッ！	"Rudolph: ""Woof, woof!"""	character.rudolph	Independent translation from the pinned Japanese GBA script. Preserve original event parameters, protagonist substitutions and page meaning. 
completion.00955c9c	castle_interview_choices	けいれき	Background		Independent translation from the pinned Japanese GBA script. Preserve original event parameters, protagonist substitutions and page meaning. Samson interview topic; native choice order retained.
completion.00955c94	castle_interview_choices	とくぎ	Skills		Independent translation from the pinned Japanese GBA script. Preserve original event parameters, protagonist substitutions and page meaning. Samson interview topic; native choice order retained.
completion.00955c8c	castle_interview_choices	しゅみ	Hobbies		Independent translation from the pinned Japanese GBA script. Preserve original event parameters, protagonist substitutions and page meaning. Samson interview topic; native choice order retained.
completion.00955c84	castle_interview_choices	やめる	Finish		Independent translation from the pinned Japanese GBA script. Preserve original event parameters, protagonist substitutions and page meaning. Ends the interview questions; not a gameplay cancellation.
completion.009642b8	castle_royal	ヤリなどの武器が　立てかけられている。<LF>城の　兵士たちが　使うもののようだ。	Spears and other weapons lean against the wall. They seem to belong to the castle soldiers.		Independent translation from the pinned Japanese GBA script. Preserve original event parameters, protagonist substitutions and page meaning. 
completion.00964324	castle_royal	しかし　表面に　少し　キズがある。<LF>誰かが　剣のケイコに　使ったようだ。	But there are a few scratches on it. Someone seems to have used it for sword practice.		Independent translation from the pinned Japanese GBA script. Preserve original event parameters, protagonist substitutions and page meaning. 
completion.0096436c	castle_royal	なんとなく　歴史を感じさせる<LF>りっぱな　ヨロイだ。	It is an impressive suit of armor, with a certain sense of history about it.		Independent translation from the pinned Japanese GBA script. Preserve original event parameters, protagonist substitutions and page meaning. 
completion.009643a0	castle_royal	$tは　目の前にある<LF>ヨロイを　ながめた。	$t gazed at the armor in front of him.	torneko,enemy_tipper	Independent translation from the pinned Japanese GBA script. Preserve original event parameters, protagonist substitutions and page meaning. 
completion.009643e0	castle_royal	……よく見ると　サビついている。<LF>かなり昔の品だろう。	...On closer inspection, it's rusty. It must be quite old.		Independent translation from the pinned Japanese GBA script. Preserve original event parameters, protagonist substitutions and page meaning. 
completion.00964520	castle_royal	＊「し～っ！　お静かに！<LF><TAB>王さまは　今　お祈りを<LF><TAB>しておられるのです。	"???: ""Shh! Quiet, please! His Majesty is praying."""	role.king	Independent translation from the pinned Japanese GBA script. Preserve original event parameters, protagonist substitutions and page meaning.  Anonymous speaker remains ???.
completion.00964590	castle_royal	＊「こっくり　こっくり……。	"???: ""...Zzz... Zzz..."""		Independent translation from the pinned Japanese GBA script. Preserve original event parameters, protagonist substitutions and page meaning. Nodding off; preserve sleep rather than audible speech. Anonymous speaker remains ???.
completion.00964658	castle_royal	大臣「実を申すと　王子は　前の王妃の<LF><TAB>忘れ形見なんじゃよ。　……おっと<LF><TAB>これは　クチが　すぎたようじゃ。	"Minister: ""The prince is the late queen's child... Oh, I fear I've said too much."""	role.queen,role.prince,role.minister	Independent translation from the pinned Japanese GBA script. Preserve original event parameters, protagonist substitutions and page meaning. 
completion.009646c4	castle_royal	大臣「なにしろ　前の　王妃を<LF><TAB>若くして　気の毒な病気で<LF><TAB>亡くされてのう。	"Minister: ""You see, he lost his previous queen to a dreadful illness while she was young."""	role.queen,role.minister	Independent translation from the pinned Japanese GBA script. Preserve original event parameters, protagonist substitutions and page meaning. 
completion.00964710	castle_royal	大臣「王が　あれほど　王妃さまを<LF><TAB>大事にされるのも　無理ないこと<LF><TAB>なのじゃよ。	"Minister: ""It's only natural that the king should care so deeply for the queen."""	role.queen,role.minister	Independent translation from the pinned Japanese GBA script. Preserve original event parameters, protagonist substitutions and page meaning. 
completion.00964760	castle_royal	大臣「われわれ　王に　おつかえする者も<LF><TAB>みな　困っておるのだが……	"Minister: ""All of us who serve the king are at a loss, too..."""	role.minister	Independent translation from the pinned Japanese GBA script. Preserve original event parameters, protagonist substitutions and page meaning. 
completion.009647a4	castle_royal	大臣「このたびは　王のことで<LF><TAB>みなに　心配をかけて<LF><TAB>大変申しわけない。	"Minister: ""I'm terribly sorry that the king's behavior has caused everyone such worry."""	role.minister	Independent translation from the pinned Japanese GBA script. Preserve original event parameters, protagonist substitutions and page meaning. 
completion.0096481c	castle_royal	＊「……う～ん　起こさないでくれよ。<LF><TAB>さっき　交代したばかりなんだよお～。	"???: ""...Mmm, don't wake me. I've only just come off duty..."""		Independent translation from the pinned Japanese GBA script. Preserve original event parameters, protagonist substitutions and page meaning.  Anonymous speaker remains ???.
completion.00964888	castle_royal	＊「ここは　兵士長どのの　ひかえ室です。<LF><TAB>でも　今は　出張されていて<LF><TAB>お留守ですわ。	"???: ""These are the captain's quarters. He's away on duty at the moment."""	role.captain	Independent translation from the pinned Japanese GBA script. Preserve original event parameters, protagonist substitutions and page meaning.  Anonymous speaker remains ???.
completion.009649c8	castle_royal	王「この私を　ムシして　どこへ<LF><TAB>行く気かね？<LF><TAB>ここへ　なおれい！！	"King: ""Where are you going? Do not ignore me! Get back here!"""	role.king	Independent translation from the pinned Japanese GBA script. Preserve original event parameters, protagonist substitutions and page meaning. 
completion.00964a0c	castle_royal	王「…………<LF><TAB>……おい！	"King: ""............ Hey!"""	role.king	Independent translation from the pinned Japanese GBA script. Preserve original event parameters, protagonist substitutions and page meaning. 
completion.00964d90	castle_royal	＊「…はっ　はいっ！	"???: ""Y-yes, sire!"""		Independent translation from the pinned Japanese GBA script. Preserve original event parameters, protagonist substitutions and page meaning.  Anonymous speaker remains ???.
completion.00964da8	castle_royal	王「兵士たちよ　そのお客人を<LF><TAB>はなしてあげなさい。	"King: ""Soldiers, release our guest."""	role.king	Independent translation from the pinned Japanese GBA script. Preserve original event parameters, protagonist substitutions and page meaning. 
completion.00964ddc	castle_royal	王「いや　お客人よ　すまなかった。<LF><TAB>そなたに　当たることは<LF><TAB>なかったようだ。	"King: ""I'm sorry, my guest. I should not have taken my anger out on you."""	role.king	Independent translation from the pinned Japanese GBA script. Preserve original event parameters, protagonist substitutions and page meaning. 
completion.00964e2c	castle_royal	王「……　……<LF><TAB>う～むっ。<LF><TAB>そうか……　そうだな。	"King: ""...... Hmm. I see... You're right."""	role.king	Independent translation from the pinned Japanese GBA script. Preserve original event parameters, protagonist substitutions and page meaning. 
completion.00964e60	castle_royal	王「なっ　なにを　ナマイキな……<LF><TAB>……　……。	"King: ""Wh-what insolence... ......"""	role.king	Independent translation from the pinned Japanese GBA script. Preserve original event parameters, protagonist substitutions and page meaning. 
completion.00964e90	castle_royal	王子「そんなに　皆を　困らせて<LF><TAB>どうするのさっ！　父上がそんなじゃ<LF><TAB>母上の病気も　治らないだろっ！！	"Prince: ""Stop making everyone miserable! Mother won't get better with you acting like this!"""	role.prince	Independent translation from the pinned Japanese GBA script. Preserve original event parameters, protagonist substitutions and page meaning. 
completion.00964ef8	castle_royal	王子「父上！　いいかげんにしなよ！<LF><TAB>カッコ悪すぎるよっ！	"Prince: ""Father! That's enough! You're embarrassing yourself!"""	role.prince	Independent translation from the pinned Japanese GBA script. Preserve original event parameters, protagonist substitutions and page meaning. 
completion.00964f34	castle_royal	＊「ちょっと　待ちなよっ！！	"???: ""Wait a minute!"""		Independent translation from the pinned Japanese GBA script. Preserve original event parameters, protagonist substitutions and page meaning. Anonymous source before the prince is identified. Anonymous speaker remains ???.
completion.00964f54	castle_royal	＊「はっ　はいぃ～～っ！！	"???: ""Y-yes, sire!!"""		Independent translation from the pinned Japanese GBA script. Preserve original event parameters, protagonist substitutions and page meaning.  Anonymous speaker remains ???.
completion.00964f70	castle_royal	王「さっさと　この男を<LF><TAB>さがらせぬか～っ！！	"King: ""Get this man out of here at once!"""	role.king	Independent translation from the pinned Japanese GBA script. Preserve original event parameters, protagonist substitutions and page meaning. 
completion.00964fa0	castle_royal	王「おい！　兵士たち！<LF><TAB>城には　誰も入れるなと<LF><TAB>命じておったであろう！	"King: ""Soldiers! Did I not order you to let no one into the castle?!"""	role.king	Independent translation from the pinned Japanese GBA script. Preserve original event parameters, protagonist substitutions and page meaning. 
completion.00964fe8	castle_royal	王「しかも　そなたも　おめおめと<LF><TAB>そんな話を　私のところに<LF><TAB>もってくるとは　何事じゃ！！	"King: ""And you have the gall to bring me such a message?!"""	role.king	Independent translation from the pinned Japanese GBA script. Preserve original event parameters, protagonist substitutions and page meaning. 
completion.00965044	castle_royal	王「なっ　なんということじゃ！<LF><TAB>ええい！　一国の　兵士長とも<LF><TAB>あろう者がっ！	"King: ""Wh-what?! Outrageous! And he calls himself captain of this kingdom's soldiers!"""	role.captain,role.king	Independent translation from the pinned Japanese GBA script. Preserve original event parameters, protagonist substitutions and page meaning. 
completion.00965094	castle_royal	王「ええい！　かばってもムダじゃ！<LF><TAB>まったく　なんということだ<LF><TAB>一国の　兵士長ともあろう者がっ！	"King: ""Don't defend him! Outrageous! And he calls himself captain of our soldiers!"""	role.captain,role.king	Independent translation from the pinned Japanese GBA script. Preserve original event parameters, protagonist substitutions and page meaning. 
completion.009650f8	castle_royal	王「まさか……　悪い話なのでは<LF><TAB>なかろうな？　それで　兵士長が　私に<LF><TAB>伝えるのを　逃げたというのか？	"King: ""Don't tell me... Is it bad news? Did the captain flee to avoid telling me himself?"""	role.captain,role.king	Independent translation from the pinned Japanese GBA script. Preserve original event parameters, protagonist substitutions and page meaning. 
completion.00965160	castle_royal	王「それなら　なぜ　兵士長みずから<LF><TAB>私のところへ　来ないのだ？	"King: ""Then why has the captain not come to see me himself?"""	role.captain,role.king	Independent translation from the pinned Japanese GBA script. Preserve original event parameters, protagonist substitutions and page meaning. 
completion.009651a0	castle_royal	王「むん？　なんだと？<LF><TAB>兵士長からの　伝言？	"King: ""Hmm? What? A message from the captain?"""	role.captain,role.king	Independent translation from the pinned Japanese GBA script. Preserve original event parameters, protagonist substitutions and page meaning. 
completion.009651d0	castle_royal	王「ほう……　では　よほど<LF><TAB>重要な　話なのであろうな。	"King: ""Oh...? Then it must be a matter of great importance."""	role.king	Independent translation from the pinned Japanese GBA script. Preserve original event parameters, protagonist substitutions and page meaning. 
completion.00965208	castle_royal	王「そうか。　ならば　さっさと<LF><TAB>立ち去るがよい！	"King: ""I see. Then leave at once!"""	role.king	Independent translation from the pinned Japanese GBA script. Preserve original event parameters, protagonist substitutions and page meaning. 
completion.0096523c	castle_royal	王「……　私は今　たいせつなことを<LF><TAB>お祈りしているところ　なんだが<LF><TAB>それでも　私に　何か用かな？	"King: ""...I am praying for something very important. Do you still wish to speak to me?"""	role.king	Independent translation from the pinned Japanese GBA script. Preserve original event parameters, protagonist substitutions and page meaning. 
completion.009652a0	castle_royal	王「……　……。<LF><TAB>……　……。	"King: ""...... ...... ...... ......"""	role.king	Independent translation from the pinned Japanese GBA script. Preserve original event parameters, protagonist substitutions and page meaning. 
completion.009654c0	castle_royal	王子「とりあえず　さっきのことで<LF><TAB>オジさんは　ボクに<LF><TAB>借りができたよね。	"Prince: ""Well, after what just happened, you owe me a favor, don't you?"""	role.prince	Independent translation from the pinned Japanese GBA script. Preserve original event parameters, protagonist substitutions and page meaning. 
completion.0096550c	castle_royal	王子「ま　どっちにしても　ボクには<LF><TAB>関係ないけど。	"Prince: ""Well, either way, it's nothing to do with me."""	role.prince	Independent translation from the pinned Japanese GBA script. Preserve original event parameters, protagonist substitutions and page meaning. 
completion.00965540	castle_royal	王子「オジさんも　人がいいよね。<LF><TAB>それとも　なにか　事情があって<LF><TAB>父上に　会いにきたわけ？	"Prince: ""You're awfully obliging. Or was there some reason you wanted to see Father?"""	role.prince	Independent translation from the pinned Japanese GBA script. Preserve original event parameters, protagonist substitutions and page meaning. 
completion.009656cc	castle_royal	王「私の王妃と　そなたの息子のために<LF><TAB>よろしく　たのんだぞ<LF><TAB>トルネコどの！	"King: ""For my queen and your son, I am counting on you, Torneko!"""	torneko,role.king,role.queen	Independent translation from the pinned Japanese GBA script. Preserve original event parameters, protagonist substitutions and page meaning. 
completion.00965718	castle_royal	王「北にそびえる　山脈の洞くつを<LF><TAB>こえられれば　その向こうに住む<LF><TAB>占い師に　会えるはずじゃ。	"King: ""Cross the caves in the northern mountains, and you should reach the fortune-teller."""	role.king	Independent translation from the pinned Japanese GBA script. Preserve original event parameters, protagonist substitutions and page meaning. 
completion.00965778	castle_royal	王「うむ！　そうか！　そなたなら<LF><TAB>きっと　やりとげるであろう。<LF><TAB>たのんだぞ！	"King: ""Good! I knew you would! I am certain you can do it. We're counting on you!"""	role.king	Independent translation from the pinned Japanese GBA script. Preserve original event parameters, protagonist substitutions and page meaning. 
completion.009657c8	castle_royal	王「はっはっは！　じょうだんを<LF><TAB>言うでない！	"King: ""Ha ha ha! Don't be absurd!"""	role.king	Independent translation from the pinned Japanese GBA script. Preserve original event parameters, protagonist substitutions and page meaning. 
completion.009657f8	castle_royal	王「どうだね？　私の王妃と<LF><TAB>そなたの息子のために　山脈を<LF><TAB>こえる気はあるかね？	"King: ""Well? Will you cross the mountains for the sake of my queen and your son?"""	role.king,role.queen	Independent translation from the pinned Japanese GBA script. Preserve original event parameters, protagonist substitutions and page meaning. 
completion.00965848	castle_royal	王「私が　子供のころ　聞いた話では<LF><TAB>その　ばあさんなら　どんなクスリも<LF><TAB>作り出せるというのだ。	"King: ""As a child, I heard that the old woman could make any medicine imaginable."""	role.king	Independent translation from the pinned Japanese GBA script. Preserve original event parameters, protagonist substitutions and page meaning. 
completion.009658a8	castle_royal	王「とんでもない年寄りじゃから<LF><TAB>まだ　生きている保証はないが<LF><TAB>行ってみる価値はあろう。	"King: ""She was terribly old, so I cannot promise she still lives. But it's worth a try."""	role.king	Independent translation from the pinned Japanese GBA script. Preserve original event parameters, protagonist substitutions and page meaning. 
completion.00965900	castle_royal	王「この北にそびえる　山脈の洞くつを<LF><TAB>こえられれば　その向こうに住む<LF><TAB>占い師に　会えるはずじゃ。	"King: ""Cross the caves in the mountains north of here to reach the fortune-teller beyond."""	role.king	Independent translation from the pinned Japanese GBA script. Preserve original event parameters, protagonist substitutions and page meaning. 
completion.00965964	castle_royal	王「キケンだったので　誰も入らぬよう<LF><TAB>命じてあったのじゃが……	"King: ""It was so dangerous that I ordered no one to enter, but..."""	role.king	Independent translation from the pinned Japanese GBA script. Preserve original event parameters, protagonist substitutions and page meaning. 
completion.009659a4	castle_royal	王「トルネコどの。　そなたは　はるか南の<LF><TAB>何とかいう島から　来られたのなら<LF><TAB>北の山脈をも　こえられるやもしれん。	"King: ""Torneko, if you came from that island far to the south, you may cross the mountains, too."""	torneko,role.king	Independent translation from the pinned Japanese GBA script. Preserve original event parameters, protagonist substitutions and page meaning. King does not recall the island name; no specific place inserted.
completion.00965a18	castle_royal	王「……いや　まてよ　これは<LF><TAB>もしかすると　王妃の病気と　ともに<LF><TAB>解決できるかもしれん。	"King: ""...Wait. Perhaps we could resolve this along with the queen's illness."""	role.king,role.queen	Independent translation from the pinned Japanese GBA script. Preserve original event parameters, protagonist substitutions and page meaning. 
completion.00965a74	castle_royal	王「……ん？　なんと<LF><TAB>そなたの　息子が？<LF><TAB>それは　困ったのう。	"King: ""...Hmm? Your son? Oh, dear. That is most troubling."""	role.king	Independent translation from the pinned Japanese GBA script. Preserve original event parameters, protagonist substitutions and page meaning. 
completion.00965ab4	castle_royal	王「どうやら　ただ兵士長の伝言を<LF><TAB>伝えにきたわけでは　あるまい。<LF><TAB>なにか　困ったことでもあるのか？	"King: ""You surely came for more than the captain's message. Is something troubling you?"""	role.captain,role.king	Independent translation from the pinned Japanese GBA script. Preserve original event parameters, protagonist substitutions and page meaning. 
completion.00965b18	castle_royal	王「さきほどは　とりみだして　失礼した。<LF><TAB>私が　この国の王じゃ。　そなたは……<LF><TAB>そうか　トルネコと申すか。	"King: ""Forgive my outburst. I am king of this land. And you are... Ah, Torneko."""	torneko,role.king	Independent translation from the pinned Japanese GBA script. Preserve original event parameters, protagonist substitutions and page meaning. 
completion.00965bb4	castle_royal	＊「あなたは　勇気のある人ですね。<LF><TAB>おみそれしました。	"???: ""You are a brave man. I misjudged you."""		Independent translation from the pinned Japanese GBA script. Preserve original event parameters, protagonist substitutions and page meaning.  Anonymous speaker remains ???.
completion.00965c04	castle_royal	＊「王さまに　ボクが　眠ってたこと<LF><TAB>バレなかったですかねえ。	"???: ""I wonder if the king noticed I was asleep..."""	role.king	Independent translation from the pinned Japanese GBA script. Preserve original event parameters, protagonist substitutions and page meaning.  Anonymous speaker remains ???.
completion.00965c44	castle_royal	＊「あ～　びっくりした。<LF><TAB>あんまり　静かだったんで<LF><TAB>つい　いねむりしちゃって。	"???: ""Oh, that startled me! It was so quiet, I dozed off."""		Independent translation from the pinned Japanese GBA script. Preserve original event parameters, protagonist substitutions and page meaning.  Anonymous speaker remains ???.
completion.00965fa4	castle_royal	王「今日は　さぞや　おつかれでしょうな。<LF><TAB>メイドに　寝室のしたくを　させるゆえ<LF><TAB>ゆっくり　休んでくだされ。	"King: ""You must be exhausted. I shall have a maid prepare a room. Please rest well."""	role.king	Independent translation from the pinned Japanese GBA script. Preserve original event parameters, protagonist substitutions and page meaning. 
completion.00966010	castle_royal	王「占い師どのが　どんなクスリを<LF><TAB>用意してくださったか　知らぬが<LF><TAB>妻は　きっと　よくなるだろう。	"King: ""I don't know what medicine the fortune-teller brought, but my wife will surely recover."""	role.king	Independent translation from the pinned Japanese GBA script. Preserve original event parameters, protagonist substitutions and page meaning. 
completion.00966074	castle_royal	王「さて　トルネコどの。<LF><TAB>お礼が　おくれて　申しわけない。<LF><TAB>本当に　ごくろうであった。	"King: ""Now, Torneko. Forgive my belated thanks. You have done us a great service."""	torneko,role.king	Independent translation from the pinned Japanese GBA script. Preserve original event parameters, protagonist substitutions and page meaning. 
completion.009660cc	castle_royal	兵士長「あ　ありがたきお言葉<LF><TAB>か　か　かんしゃいたします！<LF><TAB>それでは　これにて……。	"Captain: ""Th-thank you for your kind words! I am m-most grateful! I'll take my leave..."""	role.captain	Independent translation from the pinned Japanese GBA script. Preserve original event parameters, protagonist substitutions and page meaning. 
completion.00966124	castle_royal	王「さがって　これまで通り<LF><TAB>城内の　仕事に　もどるがよいぞ。	"King: ""You may go. Return to your usual duties in the castle."""	role.king	Independent translation from the pinned Japanese GBA script. Preserve original event parameters, protagonist substitutions and page meaning. 
completion.00966164	castle_royal	王「ええい！　もうよい。　わしにも<LF><TAB>反省すべきところは　あろう。	"King: ""Enough! I, too, have things to reflect on."""	role.king	Independent translation from the pinned Japanese GBA script. Preserve original event parameters, protagonist substitutions and page meaning. 
completion.009661a8	castle_royal	兵士長「はっ　はい～<LF><TAB>申しわけございません！<LF><TAB>王さまの　お怒りは　ごもっともで……	"Captain: ""Y-yes, sire! I'm terribly sorry! Your anger is entirely justified..."""	role.captain,role.king	Independent translation from the pinned Japanese GBA script. Preserve original event parameters, protagonist substitutions and page meaning. 
completion.009661fc	castle_royal	王「……　……　おい！	"King: ""...... Hey!"""	role.king	Independent translation from the pinned Japanese GBA script. Preserve original event parameters, protagonist substitutions and page meaning. 
completion.00966214	castle_royal	大臣「わっ　はっ　はい！　ただ今！<LF><TAB>さあ　どうぞ　こちらへ！	"Minister: ""Wha- Y-yes, sire! At once! Please, come this way!"""	role.minister	Independent translation from the pinned Japanese GBA script. Preserve original event parameters, protagonist substitutions and page meaning. 
completion.00966254	castle_royal	王「さあ　大臣よ！　なにをしておるのじゃ<LF><TAB>早く　このお方を　わが妻のもとへ！	"King: ""Minister! What are you waiting for? Take our guest to my wife at once!"""	role.king,role.minister	Independent translation from the pinned Japanese GBA script. Preserve original event parameters, protagonist substitutions and page meaning. 
completion.009662a4	castle_royal	王「なんと！　それは　ありがたい！<LF><TAB>さすがは　伝説のお方じゃ！	"King: ""Wonderful! Thank you! You truly are worthy of your legend!"""	role.king	Independent translation from the pinned Japanese GBA script. Preserve original event parameters, protagonist substitutions and page meaning. 
completion.009662e4	castle_royal	占いババ「お前さんの　奥方に　ぴったりの<LF><TAB>クスリを　もってきてあげたから<LF><TAB>早く　奥へ　案内しておくれ。	"Fortune-teller: ""I've brought just the medicine for your wife. Now take me to her."""	role.fortune_teller	Independent translation from the pinned Japanese GBA script. Preserve original event parameters, protagonist substitutions and page meaning. 
completion.0096634c	castle_royal	占いババ「ああ　説明はいいよ！<LF><TAB>この　トルネコさんから　事情は<LF><TAB>聞いたからね。	"Fortune-teller: ""No need to explain! Torneko here has told me all about it."""	torneko,role.fortune_teller	Independent translation from the pinned Japanese GBA script. Preserve original event parameters, protagonist substitutions and page meaning. 
completion.0096639c	castle_royal	王「いや　たいへん失礼を申した。<LF><TAB>私は　このグレートバレイナの<LF><TAB>現国王です。　実はその……	"King: ""Forgive my terrible manners. I am the present king of Great Baleina. The truth is..."""	role.king	Independent translation from the pinned Japanese GBA script. Preserve original event parameters, protagonist substitutions and page meaning. 
completion.009663f8	castle_royal	王「あなたの　その　お姿は<LF><TAB>まちがいなく　先代の王に聞く<LF><TAB>占い師どのと　お見うけします！	"King: ""Your appearance is unmistakable! You are the fortune-teller the last king spoke of!"""	role.king	Independent translation from the pinned Japanese GBA script. Preserve original event parameters, protagonist substitutions and page meaning. 
completion.00966454	castle_royal	王「おお！　こ　これは　申しわけない。<LF><TAB>心より　あなたを<LF><TAB>お待ちしておったというのに。	"King: ""Oh! F-forgive me! I've been waiting for you with all my heart!"""	role.king	Independent translation from the pinned Japanese GBA script. Preserve original event parameters, protagonist substitutions and page meaning. 
completion.009664ac	castle_royal	占いババ「なんだい　なんだい？<LF><TAB>山向こうから　はるばる　来てやりゃ<LF><TAB>お客のことは　おかまいなしかい！？	"Fortune-teller: ""What's all this? I come all the way over the mountains, and you ignore me?!"""	role.fortune_teller	Independent translation from the pinned Japanese GBA script. Preserve original event parameters, protagonist substitutions and page meaning. 
completion.00966514	castle_royal	兵士長「あわわわわわ……。	"Captain: ""Oh-oh-oh-oh..."""	role.captain	Independent translation from the pinned Japanese GBA script. Preserve original event parameters, protagonist substitutions and page meaning. Frightened stammer; not a substantive reply.
completion.00966530	castle_royal	王「兵士長という　責任ある立場ながら<LF><TAB>役目のとちゅうで　逃げ出したという<LF><TAB>ふとどき者が。	"King: ""A wretch who fled in the middle of his duty, despite being captain of the soldiers."""	role.captain,role.king	Independent translation from the pinned Japanese GBA script. Preserve original event parameters, protagonist substitutions and page meaning. 
completion.0096658c	castle_royal	王「そういえば　しばらく前に<LF><TAB>こんな者は　おったがのう……	"King: ""Come to think of it, there was a fellow here a while ago..."""	role.king	Independent translation from the pinned Japanese GBA script. Preserve original event parameters, protagonist substitutions and page meaning. 
completion.009665c8	castle_royal	王「うん？　……はて<LF><TAB>そなたは　誰だったかのう。<LF><TAB>とんと　おぼえがないが……	"King: ""Hmm? Who might you be? I don't recall you at all..."""	role.king	Independent translation from the pinned Japanese GBA script. Preserve original event parameters, protagonist substitutions and page meaning. 
completion.00966618	castle_royal	兵士長「わが　グレートバレイナ王さま。<LF><TAB>ながらく　出張しておりましたが<LF><TAB>ただ今　もどりました！	"Captain: ""Your Majesty, King of Great Baleina! I have returned from my long assignment!"""	role.captain,role.king	Independent translation from the pinned Japanese GBA script. Preserve original event parameters, protagonist substitutions and page meaning. 
completion.00966a38	castle_royal	ロサ「あの　ばあさまのクスリ<LF><TAB>なんとなく　うさんくさいし……。	"Rosa: ""That old woman's medicine seems a bit fishy to me..."""	enemy_rosa	Independent translation from the pinned Japanese GBA script. Preserve original event parameters, protagonist substitutions and page meaning. 
completion.00966a78	castle_royal	ロサ「さあ　早いとこ　王さまと<LF><TAB>王妃さまに会って　様子を<LF><TAB>見て来ないとな。	"Rosa: ""Come on, let's hurry and see how the king and queen are doing."""	enemy_rosa,role.king,role.queen	Independent translation from the pinned Japanese GBA script. Preserve original event parameters, protagonist substitutions and page meaning. 
completion.00966ac4	castle_royal	ロサ「いつまで　寝てんだよ。<LF><TAB>もう　昼すぎだぜ。	"Rosa: ""How long are you gonna sleep? It's past noon!"""	enemy_rosa	Independent translation from the pinned Japanese GBA script. Preserve original event parameters, protagonist substitutions and page meaning. 
completion.00966af8	castle_royal	イネス「さあ　王さまと<LF><TAB>王妃さまのところへ　行きましょう。	"Ines: ""Come on, let's go and see the king and queen."""	enemy_ines,role.king,role.queen	Independent translation from the pinned Japanese GBA script. Preserve original event parameters, protagonist substitutions and page meaning. 
completion.00966b34	castle_royal	イネス「あら　トルネコさん　目が覚めた？<LF><TAB>もう　お昼すぎよ。	"Ines: ""Oh, Torneko! You're awake? It's already past noon."""	torneko,enemy_ines	Independent translation from the pinned Japanese GBA script. Preserve original event parameters, protagonist substitutions and page meaning. 
completion.00966bfc	castle_royal	＊「ゆっくり　お休みでしたね。<LF><TAB>どうぞ　行ってらっしゃいまし。	"???: ""You had a good rest. Have a pleasant day."""		Independent translation from the pinned Japanese GBA script. Preserve original event parameters, protagonist substitutions and page meaning.  Anonymous speaker remains ???.
completion.00966c84	castle_royal	大臣「おかげさまで　王妃は<LF><TAB>すっかり元気を　とりもどされた様子。<LF><TAB>なんと　お礼を申していいやら。	"Minister: ""Thanks to you, the queen seems quite herself again. How can we ever thank you?"""	role.queen,role.minister	Independent translation from the pinned Japanese GBA script. Preserve original event parameters, protagonist substitutions and page meaning. 
completion.00966ce8	castle_royal	大臣「これは　おはようございます。<LF><TAB>トルネコどの。	"Minister: ""Ah, good morning, Torneko."""	torneko,role.minister	Independent translation from the pinned Japanese GBA script. Preserve original event parameters, protagonist substitutions and page meaning. 
completion.00966d94	castle_royal	兵士長「いや～　まいった　まいった。<LF><TAB>わっはっは！	"Captain: ""Well, what a night! Ha ha ha!"""	role.captain	Independent translation from the pinned Japanese GBA script. Preserve original event parameters, protagonist substitutions and page meaning. 
completion.00966dc8	castle_royal	兵士長「私のひかえ室を　トルネコどのに<LF><TAB>お貸しするよう　王に言われたもので<LF><TAB>ゆうべは　徹夜ですよ。	"Captain: ""The king told me to lend you my quarters. I was up all night!"""	torneko,role.captain	Independent translation from the pinned Japanese GBA script. Preserve original event parameters, protagonist substitutions and page meaning. 
completion.00966e2c	castle_royal	兵士長「おお　トルネコどの。<LF><TAB>昨日は　みっともないところを<LF><TAB>お見せしましたな。	"Captain: ""Ah, Torneko! You saw me at my worst yesterday."""	torneko,role.captain	Independent translation from the pinned Japanese GBA script. Preserve original event parameters, protagonist substitutions and page meaning. 
completion.00966e8c	castle_royal	＊「王と　王妃は　この上の<LF><TAB>寝室に　おわします。<LF><TAB>ささ　奥の階段から　どうぞ。	"???: ""The king and queen are in their bedchamber upstairs. Please take the stairs at the back."""	role.queen	Independent translation from the pinned Japanese GBA script. Preserve original event parameters, protagonist substitutions and page meaning.  Anonymous speaker remains ???.
completion.00966ef4	castle_royal	＊「あとで　城門のところへ<LF><TAB>来てくださいとのことです。	"???: ""She asks that you meet her at the castle gate later."""		Independent translation from the pinned Japanese GBA script. Preserve original event parameters, protagonist substitutions and page meaning.  Anonymous speaker remains ???.
completion.00966f2c	castle_royal	＊「おはようございます！<LF><TAB>占い師のおばあさんは　外へ<LF><TAB>さんぽに　出られましたよ。	"???: ""Good morning! The old fortune-teller has gone out for a walk."""		Independent translation from the pinned Japanese GBA script. Preserve original event parameters, protagonist substitutions and page meaning.  Anonymous speaker remains ???.
completion.00967060	castle_royal	大臣「ともかく　王さまより<LF><TAB>お礼を　言いつかっておりますゆえ<LF><TAB>どうぞ　こちらへ！	"Minister: ""The king has asked me to convey his thanks. Please, come this way!"""	role.king,role.minister	Independent translation from the pinned Japanese GBA script. Preserve original event parameters, protagonist substitutions and page meaning. 
completion.009670b4	castle_royal	大臣「おかげさまで　王妃が<LF><TAB>あのように　お元気になられて<LF><TAB>まるで　若がえったようじゃ。	"Minister: ""Thanks to you, the queen is so full of life. It's as though she's grown young again."""	role.queen,role.minister	Independent translation from the pinned Japanese GBA script. Preserve original event parameters, protagonist substitutions and page meaning. 
completion.0096710c	castle_royal	大臣「おお　トルネコどの！<LF><TAB>王と　話されましたかな？	"Minister: ""Ah, Torneko! Have you spoken to the king?"""	torneko,role.minister	Independent translation from the pinned Japanese GBA script. Preserve original event parameters, protagonist substitutions and page meaning. 
completion.0096761c	castle_royal	兵士長「ささ　こちらへ　どうぞ！	"Captain: ""Please, come this way!"""	role.captain	Independent translation from the pinned Japanese GBA script. Preserve original event parameters, protagonist substitutions and page meaning. 
completion.00967640	castle_royal	兵士長「おお　ありがたい！　……いえ<LF><TAB>おめでたい！　では　さっそく<LF><TAB>じゅんびに　取りかかりましょう！	"Captain: ""Oh, what a relief! I mean, congratulations! Let us prepare at once!"""	role.captain	Independent translation from the pinned Japanese GBA script. Preserve original event parameters, protagonist substitutions and page meaning. 
completion.009676a8	castle_royal	兵士長「そうそう　トルネコどの。<LF><TAB>あの別荘には　プールもありますし<LF><TAB>客足も　なかなかよいですぞ。	"Captain: ""And Torneko, the villa even has a pool. It gets a good flow of customers, too."""	torneko,role.captain	Independent translation from the pinned Japanese GBA script. Preserve original event parameters, protagonist substitutions and page meaning. 
completion.0096770c	castle_royal	兵士長「そんな……。　それでは<LF><TAB>私の　クビが……　いえ<LF><TAB>せっかくの　王の　お気もちが……	"Captain: ""But... I'll lose my job... I mean, His Majesty's generous offer..."""	role.captain	Independent translation from the pinned Japanese GBA script. Preserve original event parameters, protagonist substitutions and page meaning. 
completion.00967768	castle_royal	兵士長「いかがでしょうか？<LF><TAB>わが　王の気もちを<LF><TAB>うけとっていただけますかな？	"Captain: ""What do you think? Will you accept His Majesty's gift?"""	role.captain	Independent translation from the pinned Japanese GBA script. Preserve original event parameters, protagonist substitutions and page meaning. 
completion.009677b8	castle_royal	兵士長「トルネコどのが　開店なさるなら<LF><TAB>ぜひ　店員になりたいと<LF><TAB>希望している者も　おります。	"Captain: ""If you open a shop, there are people who would love to work for you."""	torneko,role.captain	Independent translation from the pinned Japanese GBA script. Preserve original event parameters, protagonist substitutions and page meaning. 
completion.00967818	castle_royal	兵士長「もちろん　故郷の町にも　お店を<LF><TAB>お持ちでしょうから　こちらは<LF><TAB>別荘に　お使いいただければと……。	"Captain: ""Of course, you have a shop in your hometown. You could use this as a holiday home..."""	role.captain	Independent translation from the pinned Japanese GBA script. Preserve original event parameters, protagonist substitutions and page meaning. 
completion.00967884	castle_royal	兵士長「以上です。　王は　トルネコどのの<LF><TAB>商人としてのウデを　見込まれて<LF><TAB>ぜひにと　おっしゃっております。	"Captain: ""That is all. His Majesty trusts your skill as a merchant and is most eager."""	torneko,role.captain	Independent translation from the pinned Japanese GBA script. Preserve original event parameters, protagonist substitutions and page meaning. 
completion.009678f0	castle_royal	兵士長「港町コスタリベラにある　王所有の<LF><TAB>別荘を　商店営業許可権つきにて<LF><TAB>商人トルネコに　ゆずるものとする”	"Captain: ""...grants merchant Torneko his Costa Libera villa, with permission to run a shop.'"""	torneko,place.journey.00873188,role.captain	Independent translation from the pinned Japanese GBA script. Preserve original event parameters, protagonist substitutions and page meaning. Second page of the formal royal grant; preserve business permission.
completion.00967960	castle_royal	兵士長「ええ～　ゴホン！<LF><TAB>“グレートバレイナ国　第３代国王は<LF><TAB>トルネコどのの　功績に　対し……	"Captain: ""Ahem! 'The third king of Great Baleina, in recognition of Torneko's service..."""	torneko,role.captain	Independent translation from the pinned Japanese GBA script. Preserve original event parameters, protagonist substitutions and page meaning. First page of the formal royal grant; preserve third king.
completion.009679c0	castle_royal	兵士長「はっ！　かしこまりました。	"Captain: ""Yes, sire! Understood."""	role.captain	Independent translation from the pinned Japanese GBA script. Preserve original event parameters, protagonist substitutions and page meaning. 
completion.009679e4	castle_royal	大臣「では　兵士長。<LF><TAB>よく　ご説明いたすのだぞ。	"Minister: ""Now, Captain. Explain everything to him properly."""	role.captain,role.minister	Independent translation from the pinned Japanese GBA script. Preserve original event parameters, protagonist substitutions and page meaning. 
completion.00967b70	castle_royal	占いババが　仲間に　くわわった！	The fortune-teller joined the party!	role.fortune_teller	Independent translation from the pinned Japanese GBA script. Preserve original event parameters, protagonist substitutions and page meaning. 
completion.00967b94	castle_royal	占いババ「じゃあ　さっそく<LF><TAB>出発しようじゃないか。	"Fortune-teller: ""Well then, let's be on our way."""	role.fortune_teller	Independent translation from the pinned Japanese GBA script. Preserve original event parameters, protagonist substitutions and page meaning. 
completion.00967bc8	castle_royal	王「では　道中　お気をつけて。<LF><TAB>息子さんが回復したら　１日もはやく<LF><TAB>もどられるよう　祈っておりますぞ。	"King: ""Travel safely. I pray you will return soon, once your son has recovered."""	role.king	Independent translation from the pinned Japanese GBA script. Preserve original event parameters, protagonist substitutions and page meaning. 
completion.00967c30	castle_royal	王「南の島へ　行かれる前に<LF><TAB>別荘によって　様子を<LF><TAB>見ておくと　よいであろう。	"King: ""Before leaving for the southern island, you should have a look at the villa."""	role.king	Independent translation from the pinned Japanese GBA script. Preserve original event parameters, protagonist substitutions and page meaning. 
completion.00967c80	castle_royal	王「それから　選んでいただいた店員は<LF><TAB>さっそく　コスタリベラの別荘へ<LF><TAB>じゅんびに　向かわせてある。	"King: ""I've already sent your chosen shopkeeper to prepare the villa in Costa Libera."""	place.journey.00873188,role.king	Independent translation from the pinned Japanese GBA script. Preserve original event parameters, protagonist substitutions and page meaning. 
completion.00967ce4	castle_royal	王「コスタリベラの港に　私の船を<LF><TAB>用意させてあるから　安心して<LF><TAB>お帰りくだされ。	"King: ""My ship awaits you at Costa Libera's harbor. You may return home with peace of mind."""	place.journey.00873188,role.king	Independent translation from the pinned Japanese GBA script. Preserve original event parameters, protagonist substitutions and page meaning. 
completion.00967d38	castle_royal	王「息子さんのことが　心配だが<LF><TAB>占い師どのが　行ってくだされば<LF><TAB>きっと　元気になるにちがいない。	"King: ""I worry for your son, but with the fortune-teller going, he will surely recover."""	role.king	Independent translation from the pinned Japanese GBA script. Preserve original event parameters, protagonist substitutions and page meaning. 
completion.00967d9c	castle_royal	王「いや　このたびは　本当に<LF><TAB>世話になったのう　トルネコどの。	"King: ""You have done so much for us, Torneko. Thank you."""	torneko,role.king	Independent translation from the pinned Japanese GBA script. Preserve original event parameters, protagonist substitutions and page meaning. 
completion.00967efc	castle_royal	王妃「玉座に　座った　あの人って<LF><TAB>いちだんと　りりしいわ。<LF><TAB>ポッ……。	"Queen: ""He looks even more dashing on his throne. Oh..."""	role.queen	Independent translation from the pinned Japanese GBA script. Preserve original event parameters, protagonist substitutions and page meaning. 
completion.00967fac	castle_royal	大臣「おお　トルネコどの。<LF><TAB>いよいよ　ご出発ですかな。<LF><TAB>どうぞ　お気をつけて。	"Minister: ""Ah, Torneko. Setting off at last? Please take care."""	torneko,role.minister	Independent translation from the pinned Japanese GBA script. Preserve original event parameters, protagonist substitutions and page meaning. 
completion.00968014	castle_royal	＊「なんにしても<LF><TAB>うらやましいであります。	"???: ""Well, whatever the reason, I envy him."""		Independent translation from the pinned Japanese GBA script. Preserve original event parameters, protagonist substitutions and page meaning.  Anonymous speaker remains ???.
completion.00968040	castle_royal	＊「王妃さまって　あれほど　王さまに<LF><TAB>ぞっこん　だったっけかなあ？	"???: ""Was the queen always quite so smitten with the king?"""	role.king,role.queen	Independent translation from the pinned Japanese GBA script. Preserve original event parameters, protagonist substitutions and page meaning.  Anonymous speaker remains ???.
completion.009680ac	castle_royal	＊「うつら　うつら……。	"???: ""...Zzz... Zzz..."""		Independent translation from the pinned Japanese GBA script. Preserve original event parameters, protagonist substitutions and page meaning. Drowsing; parallels earlier nodding-off source. Anonymous speaker remains ???.
completion.00968120	castle_royal	兵士長「ズゴ～　ズゴ～！	"Captain: ""Snooore... Snooore!"""	role.captain	Independent translation from the pinned Japanese GBA script. Preserve original event parameters, protagonist substitutions and page meaning. 
completion.009683bc	castle_royal	トルネコは　ルーラを　となえた！	Torneko cast Zoom!	torneko,series_zoom	Independent translation from the pinned Japanese GBA script. Preserve original event parameters, protagonist substitutions and page meaning. 
completion.009683e0	castle_royal	トルネコは　成長したポポロを<LF>見つめて　力強く　うなずくと<LF>旅のきおくを　たどりはじめた。	Torneko saw how much Tipper had matured. He nodded firmly and began to recall his travels.	torneko,enemy_tipper	Independent translation from the pinned Japanese GBA script. Preserve original event parameters, protagonist substitutions and page meaning. Growth in maturity; not an asserted time skip or adult age. Language review: Clarify emotional growth rather than implying an adult son.
completion.0096843c	castle_royal	王「おお　ありがたい！<LF><TAB>どうか　お気をつけて！	"King: ""Oh, thank you! Please take care!"""	role.king	Independent translation from the pinned Japanese GBA script. Preserve original event parameters, protagonist substitutions and page meaning. 
completion.0096846c	castle_royal	王「しかし　そこを　なんとか！<LF><TAB>お留守の間　ネネどのは　責任をもって<LF><TAB>お守りします。信じてくださいますな？	"King: ""But please, reconsider! I promise to protect Tessie while you're away. Do you trust me?"""	role.king	Independent translation from the pinned Japanese GBA script. Preserve original event parameters, protagonist substitutions and page meaning. 
completion.009684d8	castle_royal	王「いや　お気になさらずとも<LF><TAB>けっこうですぞ。<LF><TAB>そう　おっしゃるのも当然じゃ。	"King: ""No, please don't worry. It is only natural for you to feel that way."""	role.king	Independent translation from the pinned Japanese GBA script. Preserve original event parameters, protagonist substitutions and page meaning. 
completion.00968528	castle_royal	王「トルネコどのは　たしか<LF><TAB>ルーラの呪文を　ご存知でしたな。<LF><TAB>さっそく　出発してくださるか？	"King: ""Torneko, you know the Zoom spell, don't you? Will you leave at once?"""	torneko,role.king,series_zoom	Independent translation from the pinned Japanese GBA script. Preserve original event parameters, protagonist substitutions and page meaning. 
completion.00968588	castle_royal	王「トルネコどの　ポポロどの。<LF><TAB>占いババどのなら　邪悪な風穴への<LF><TAB>入り方も　ご存知かもしれぬ。	"King: ""Torneko, Tipper. The fortune-teller may know how to enter the Evil wind cave."""	torneko,enemy_tipper,interface.dungeon.017,role.king,role.fortune_teller	Independent translation from the pinned Japanese GBA script. Preserve original event parameters, protagonist substitutions and page meaning. 
completion.009685e8	castle_royal	兵士長「はっ！　しょうちいたしました！<LF><TAB>私　この命にかけても　ネネどのを<LF><TAB>お守り申します！	"Captain: ""Yes, sire! Understood! I shall protect Tessie with my life!"""	role.captain	Independent translation from the pinned Japanese GBA script. Preserve original event parameters, protagonist substitutions and page meaning. 
completion.00968644	castle_royal	王「もちろん　コスタリベラの　ネネどのの<LF><TAB>もとには　その兵士長を　行かせて<LF><TAB>お留守を守るよう　申しつけよう。	"King: ""Of course, I shall send the captain to guard Tessie in Costa Libera while you're away."""	place.journey.00873188,role.captain,role.king	Independent translation from the pinned Japanese GBA script. Preserve original event parameters, protagonist substitutions and page meaning. 
completion.009686b4	castle_royal	王「これは　まさに　神のおみちびき！<LF><TAB>かくなる上は　おふたりで<LF><TAB>占いババどのの家へ！	"King: ""This must be divine guidance! Now, both of you, go to the fortune-teller's house!"""	role.king,role.fortune_teller	Independent translation from the pinned Japanese GBA script. Preserve original event parameters, protagonist substitutions and page meaning. 
completion.0096870c	castle_royal	王「こうして　ポポロどのを　見るかぎり<LF><TAB>そう　思ってもよかろう？	"King: ""Looking at Tipper now, surely you must agree?"""	enemy_tipper,role.king	Independent translation from the pinned Japanese GBA script. Preserve original event parameters, protagonist substitutions and page meaning. 
completion.00968750	castle_royal	王「しかし　トルネコどの。　<LF><TAB>実に　心強い味方が<LF><TAB>できたではないか！	"King: ""But Torneko! You have gained a truly dependable ally!"""	torneko,role.king	Independent translation from the pinned Japanese GBA script. Preserve original event parameters, protagonist substitutions and page meaning. 
completion.00968798	castle_royal	王「そうか。　無事に　そなたのチカラで<LF><TAB>ここまで……。　いや　この国が<LF><TAB>こんな状態で　おどろいたであろう。	"King: ""I see. You came safely, all on your own... You must be shocked to find us in this state."""	role.king	Independent translation from the pinned Japanese GBA script. Preserve original event parameters, protagonist substitutions and page meaning. 
completion.00968804	castle_royal	王「そなたが　ひとり旅で　トルネコどのの<LF><TAB>あとを　追っている　という話は<LF><TAB>トルネコどのから　聞いておった。	"King: ""Torneko told me you were following him on a journey of your own."""	torneko,role.king	Independent translation from the pinned Japanese GBA script. Preserve original event parameters, protagonist substitutions and page meaning. 
completion.00968870	castle_royal	王「さあ　ポポロどの！<LF><TAB>こちらへ　おいでなされ！	"King: ""Come, Tipper! Over here!"""	enemy_tipper,role.king	Independent translation from the pinned Japanese GBA script. Preserve original event parameters, protagonist substitutions and page meaning. 
completion.009688a4	castle_royal	王「ふむ　間違いなかろう！<LF><TAB>トルネコどのが　待ちわびておった<LF><TAB>息子の　ポポロどの！	"King: ""Yes, there is no mistaking you! Tipper, the son Torneko has been waiting for!"""	torneko,enemy_tipper,role.king	Independent translation from the pinned Japanese GBA script. Preserve original event parameters, protagonist substitutions and page meaning. 
completion.009688f8	castle_royal	王「そこに　いるのは　もしや……<LF><TAB>おお　そうじゃな？	"King: ""Could that be... Ah, it is you, isn't it?"""	role.king	Independent translation from the pinned Japanese GBA script. Preserve original event parameters, protagonist substitutions and page meaning. 
completion.00968930	castle_royal	王「う～む　確かに　心配じゃな。<LF><TAB>こうなったら　いっこくも早く……<LF><TAB>……おや？	"King: ""Hmm, that is worrying. We must act as quickly as... Oh?"""	role.king	Independent translation from the pinned Japanese GBA script. Preserve original event parameters, protagonist substitutions and page meaning. 
completion.00968980	castle_royal	王妃「どうか　トルネコどの　お願いです。<LF><TAB>私たちの恩人である　占いババさまを<LF><TAB>守ってあげてくださいまし。	"Queen: ""Please, Torneko. Protect the fortune-teller. She has done so much for us."""	torneko,role.queen,role.fortune_teller	Independent translation from the pinned Japanese GBA script. Preserve original event parameters, protagonist substitutions and page meaning. 
completion.009689ec	castle_royal	王妃「あなた　私は　占いババさまのことも<LF><TAB>とても心配ですわ。　邪悪なキリのため<LF><TAB>病気になられてはいないかと……。	"Queen: ""Darling, I worry for the fortune-teller, too. What if the evil mist has made her ill?"""	role.queen,role.fortune_teller	Independent translation from the pinned Japanese GBA script. Preserve original event parameters, protagonist substitutions and page meaning. 
completion.00968a60	castle_royal	王「もしかしたら　北の　占いババどのが<LF><TAB>なにか　ご存知かもしれぬが……。	"King: ""Perhaps the fortune-teller to the north knows something..."""	role.king,role.fortune_teller	Independent translation from the pinned Japanese GBA script. Preserve original event parameters, protagonist substitutions and page meaning. 
completion.00968aac	castle_royal	王「それには　まず　北西に発生したという<LF><TAB>邪悪な風穴の　なぞを　解かなくては<LF><TAB>ならないだろう。	"King: ""First, we must solve the mystery of the Evil wind cave that appeared to the northwest."""	interface.dungeon.017,role.king	Independent translation from the pinned Japanese GBA script. Preserve original event parameters, protagonist substitutions and page meaning. 
completion.00968b0c	castle_royal	王「う～む。　そなたが　そこまで<LF><TAB>言ってくれるのを　止めはせんが……	"King: ""Hmm. If you are so determined, I will not stop you, but..."""	role.king	Independent translation from the pinned Japanese GBA script. Preserve original event parameters, protagonist substitutions and page meaning. 
completion.00968b54	castle_royal	王「では　やはり　そなたが<LF><TAB>あの　ヘルジャスティスとかいう魔物と<LF><TAB>戦うと言うのだな？　トルネコどの。	"King: ""Then you still intend to fight that monster called Hell Justice, Torneko?"""	torneko,enemy_hell_justice,role.king	Independent translation from the pinned Japanese GBA script. Preserve original event parameters, protagonist substitutions and page meaning. 
completion.00968dcc	castle_royal	王「トルネコどのと　ポポロどのは<LF><TAB>わが　グレートバレイナの希望。<LF><TAB>信じて　待っておりますぞ！	"King: ""Torneko and Tipper, you are Great Baleina's hope. We shall await you with faith!"""	torneko,enemy_tipper,role.king	Independent translation from the pinned Japanese GBA script. Preserve original event parameters, protagonist substitutions and page meaning. 
completion.00968e2c	castle_royal	王「うん？　どうされたかな？<LF><TAB>なにやら　元気がないようだが。	"King: ""Hmm? What is wrong? You seem rather downhearted."""	role.king	Independent translation from the pinned Japanese GBA script. Preserve original event parameters, protagonist substitutions and page meaning. 
completion.00968e6c	castle_royal	王「おお　ポポロどの<LF><TAB>よくぞもどられた！	"King: ""Ah, Tipper! Welcome back!"""	enemy_tipper,role.king	Independent translation from the pinned Japanese GBA script. Preserve original event parameters, protagonist substitutions and page meaning. 
completion.00968e98	castle_royal	王「トルネコどのと　ポポロどのは<LF><TAB>われらの　最後の希望。<LF><TAB>どうか　お願い申します！	"King: ""Torneko and Tipper are our last hope. Please, we beg you!"""	torneko,enemy_tipper,role.king	Independent translation from the pinned Japanese GBA script. Preserve original event parameters, protagonist substitutions and page meaning. 
completion.00968eec	castle_royal	王「城下町や　コスタリベラへも　兵士を<LF><TAB>配備しておるが　日ごとに　人びとも<LF><TAB>弱っていくようじゃ。	"King: ""Soldiers guard the castle town and Costa Libera, but the people grow weaker by the day."""	place.journey.00873188,role.king	Independent translation from the pinned Japanese GBA script. Preserve original event parameters, protagonist substitutions and page meaning. 
completion.00968f50	castle_royal	王「おお　よくぞ　もどられた！<LF><TAB>やはり　占いババどのは　邪悪な風穴の<LF><TAB>なぞを　ご存知でしたか。	"King: ""Welcome back! So the fortune-teller did know the secret of the Evil wind cave."""	interface.dungeon.017,role.king,role.fortune_teller	Independent translation from the pinned Japanese GBA script. Preserve original event parameters, protagonist substitutions and page meaning. 
completion.00968fc8	castle_royal	王妃「心配ですわね。　いっこくも早く<LF><TAB>この　邪悪なキリが<LF><TAB>はれなければ……。	"Queen: ""How worrying. This evil mist must be cleared away as soon as possible..."""	role.queen	Independent translation from the pinned Japanese GBA script. Preserve original event parameters, protagonist substitutions and page meaning. 
completion.00969018	castle_royal	王妃「まあ　占いババさまが<LF><TAB>ご病気に？	"Queen: ""Oh, the fortune-teller has fallen ill?"""	role.queen,role.fortune_teller	Independent translation from the pinned Japanese GBA script. Preserve original event parameters, protagonist substitutions and page meaning. 
completion.00969058	castle_royal	大臣「どうも　単に　この国を　苦しめて<LF><TAB>楽しんでるとしか　思えん。	"Minister: ""It seems he simply enjoys tormenting this kingdom."""	role.minister	Independent translation from the pinned Japanese GBA script. Preserve original event parameters, protagonist substitutions and page meaning. 
completion.0096909c	castle_royal	大臣「しかし　ヘルジャスティスとは<LF><TAB>何が　目的なのでしょうな。	"Minister: ""But what could Hell Justice be after?"""	enemy_hell_justice,role.minister	Independent translation from the pinned Japanese GBA script. Preserve original event parameters, protagonist substitutions and page meaning. 
completion.009690f4	castle_royal	＊「妻や子のためにも<LF><TAB>がんばらなくては。	"???: ""I must do my best, for my wife and children."""		Independent translation from the pinned Japanese GBA script. Preserve original event parameters, protagonist substitutions and page meaning.  Anonymous speaker remains ???.
completion.00969120	castle_royal	＊「私は　コスタリベラから<LF><TAB>兵士に　志願してきました。	"???: ""I've come from Costa Libera to volunteer as a soldier."""	place.journey.00873188	Independent translation from the pinned Japanese GBA script. Preserve original event parameters, protagonist substitutions and page meaning.  Anonymous speaker remains ???.
completion.00969168	castle_royal	＊「うつら　うつら……　はっ　いかん！<LF><TAB>ここのところ　夜通し<LF><TAB>警戒してるので　つい……。	"???: ""...Zzz... Ah! No sleeping! I've been keeping watch all night lately, so..."""		Independent translation from the pinned Japanese GBA script. Preserve original event parameters, protagonist substitutions and page meaning.  Anonymous speaker remains ???.
completion.00969204	castle_royal	＊「え？　ちがう？<LF><TAB>なんだよ　気をつけろよな。<LF><TAB>ぐうぐう……。	"???: ""Huh? It isn't? Oh, don't do that to me. Zzz..."""		Independent translation from the pinned Japanese GBA script. Preserve original event parameters, protagonist substitutions and page meaning.  Anonymous speaker remains ???.
completion.00969244	castle_royal	＊「むにゃ　むにゃ……<LF><TAB>もう　交代の時間か？	"???: ""Mmm... Is it time to change shifts already?"""		Independent translation from the pinned Japanese GBA script. Preserve original event parameters, protagonist substitutions and page meaning.  Anonymous speaker remains ???.
completion.00969314	castle_royal	＊「おはようございます。<LF><TAB>では　どうぞ　お気をつけて。	"???: ""Good morning. Please take care on your travels."""		Independent translation from the pinned Japanese GBA script. Preserve original event parameters, protagonist substitutions and page meaning.  Anonymous speaker remains ???.
completion.0096934c	castle_royal	＊「では　どうぞ　ごゆっくり……。	"???: ""Well then, rest well..."""		Independent translation from the pinned Japanese GBA script. Preserve original event parameters, protagonist substitutions and page meaning.  Anonymous speaker remains ???.
completion.00969370	castle_royal	＊「そうですか。<LF><TAB>休みたい時は　いつでも<LF><TAB>私に　お申しつけ下さいね。	"???: ""I see. Just let me know whenever you'd like to rest."""		Independent translation from the pinned Japanese GBA script. Preserve original event parameters, protagonist substitutions and page meaning.  Anonymous speaker remains ???.
completion.009693b8	castle_royal	＊「つらい旅で　おつかれでしょう。<LF><TAB>こちらで　お休みになりますか？	"???: ""You must be tired from your hard journey. Would you like to rest here?"""		Independent translation from the pinned Japanese GBA script. Preserve original event parameters, protagonist substitutions and page meaning.  Anonymous speaker remains ???.
completion.0096954c	castle_royal	王「もちろん　奥方のネネどのも<LF><TAB>先ほどから　この下の　宴卓の間で<LF><TAB>お待ちですぞ。では　のちほど……。	"King: ""Your wife Tessie is already waiting in the banquet hall below. Until later..."""	role.king	Independent translation from the pinned Japanese GBA script. Preserve original event parameters, protagonist substitutions and page meaning. 
completion.009695b4	castle_royal	王「祝典の　じゅんびの間は<LF><TAB>よろしければ　ぜひ　皆の話を<LF><TAB>聞いてあげてくだされ。	"King: ""While we prepare the celebration, please hear what everyone has to say."""	role.king	Independent translation from the pinned Japanese GBA script. Preserve original event parameters, protagonist substitutions and page meaning. 
completion.00969608	castle_royal	王「城や　城下町の者たちも<LF><TAB>感謝の気持ちを　お伝えしたくて<LF><TAB>うずうず　しているようです。	"King: ""Everyone in the castle and town is eager to express their thanks."""	role.king	Independent translation from the pinned Japanese GBA script. Preserve original event parameters, protagonist substitutions and page meaning. 
completion.00969664	castle_royal	王「今日は　国をあげての　祝典を<LF><TAB>行いますゆえ　ぜひ　ご列席くだされ。	"King: ""The whole kingdom will celebrate today. Please do join us."""	role.king	Independent translation from the pinned Japanese GBA script. Preserve original event parameters, protagonist substitutions and page meaning. 
completion.009696ac	castle_royal	王「おふたりの　勇気ある行動によって<LF><TAB>人びとは　すくわれました。<LF><TAB>心から　礼を　申します。	"King: ""Your brave deeds have saved our people. You have my heartfelt thanks."""	role.king	Independent translation from the pinned Japanese GBA script. Preserve original event parameters, protagonist substitutions and page meaning. 
completion.00969708	castle_royal	王「よくぞ　無事に　もどられた！<LF><TAB>トルネコどのに　ポポロどの。	"King: ""Torneko, Tipper! Welcome home, safe and sound!"""	torneko,enemy_tipper,role.king	Independent translation from the pinned Japanese GBA script. Preserve original event parameters, protagonist substitutions and page meaning. 
completion.00969798	castle_royal	兵士長「おふたりとも<LF><TAB>お見それしましたぞ！　あなたがたこそ<LF><TAB>まことの　救世主です！	"Captain: ""I underestimated you both! You truly are our saviors!"""	role.captain	Independent translation from the pinned Japanese GBA script. Preserve original event parameters, protagonist substitutions and page meaning. 
completion.00969804	castle_royal	大臣「トルネコどの　ご一家のことは<LF><TAB>わが国の歴史として　代々<LF><TAB>語りつがれるでしょう。	"Minister: ""Torneko, your family's deeds will be passed down through our kingdom's history."""	torneko,role.minister	Independent translation from the pinned Japanese GBA script. Preserve original event parameters, protagonist substitutions and page meaning. 
completion.0096985c	castle_royal	大臣「本当に　ありがとうございました。	"Minister: ""Thank you so very much."""	role.minister	Independent translation from the pinned Japanese GBA script. Preserve original event parameters, protagonist substitutions and page meaning. 
completion.00969894	castle_royal	＊「あなたがたこそ　まことの勇者です！<LF><TAB>ありがとうございました！	"???: ""You are true heroes! Thank you!"""		Independent translation from the pinned Japanese GBA script. Preserve original event parameters, protagonist substitutions and page meaning.  Anonymous speaker remains ???.
completion.009698f0	castle_royal	＊「でも　平和なんだから<LF><TAB>いねむりくらい　いいじゃないですか<LF><TAB>ねえ……。	"???: ""But we're at peace. Surely a little nap won't hurt... Right?"""		Independent translation from the pinned Japanese GBA script. Preserve original event parameters, protagonist substitutions and page meaning.  Anonymous speaker remains ???.
completion.0096993c	castle_royal	＊「こっくり　こっくり……　はっ！<LF><TAB>いけない！　またしても<LF><TAB>うたたね　しちゃって……	"???: ""...Zzz... Oh! No! I've dozed off again..."""		Independent translation from the pinned Japanese GBA script. Preserve original event parameters, protagonist substitutions and page meaning.  Anonymous speaker remains ???.
completion.00969cec	castle_royal	王「……　さて　せっかくの　料理が<LF><TAB>冷めないうちに　まいりましょう。	"King: ""...Now, let us go before all that fine food gets cold."""	role.king	Independent translation from the pinned Japanese GBA script. Preserve original event parameters, protagonist substitutions and page meaning. 
completion.00969d34	castle_royal	王「そう　人びとの　幸せの音色<LF><TAB>とでも　言いますかな。	"King: ""Yes... The sound of our people's happiness, perhaps."""	role.king	Independent translation from the pinned Japanese GBA script. Preserve original event parameters, protagonist substitutions and page meaning. 
completion.00969d6c	castle_royal	王「さきほどから　なにやら　不思議な音が<LF><TAB>聞こえるのじゃよ。　なんというか……	"King: ""I've been hearing a curious sound for a while. How can I describe it...?"""	role.king	Independent translation from the pinned Japanese GBA script. Preserve original event parameters, protagonist substitutions and page meaning. 
completion.00969dbc	castle_royal	王「ところで　トルネコどのには<LF><TAB>聞こえますかな？　そら　あの音が。	"King: ""By the way, Torneko, can you hear it? There, that sound."""	torneko,role.king	Independent translation from the pinned Japanese GBA script. Preserve original event parameters, protagonist substitutions and page meaning. 
completion.00969e00	castle_royal	王「ささ　トルネコどのと<LF><TAB>ポポロどの。　こちらへどうぞ。<LF><TAB>ネネどのも　ご一緒に。	"King: ""Come this way, Torneko and Tipper. You too, Tessie."""	torneko,enemy_tipper,role.king	Independent translation from the pinned Japanese GBA script. Preserve original event parameters, protagonist substitutions and page meaning. 
completion.00969e54	castle_royal	王「まずは　かたくるしい　あいさつは<LF><TAB>ぬきにして　国の　皆を呼んでの<LF><TAB>ばんさん会じゃ！　さあ　宴卓の間へ！	"King: ""Let us skip the formal speeches and feast with everyone! To the banquet hall!"""	role.king	Independent translation from the pinned Japanese GBA script. Preserve original event parameters, protagonist substitutions and page meaning. 
completion.00969ec0	castle_royal	王「では　これより　わが<LF><TAB>グレートバレイナ国　平和の祝典を<LF><TAB>とりおこなう！	"King: ""Now, let Great Baleina's celebration of peace begin!"""	role.king	Independent translation from the pinned Japanese GBA script. Preserve original event parameters, protagonist substitutions and page meaning. 
completion.00969f0c	castle_royal	王「では　兵士たちよ！<LF><TAB>国の　皆に　祝典開始の合図を！	"King: ""Soldiers! Give the signal that the celebration has begun!"""	role.king	Independent translation from the pinned Japanese GBA script. Preserve original event parameters, protagonist substitutions and page meaning. 
completion.00969f44	castle_royal	王「ネネどのも　ようこそ祝典へ。<LF><TAB>わが国の　心ばかりのお礼ですが<LF><TAB>さっそく始めるといたしましょう。	"King: ""Welcome, Tessie. This is a small token of our kingdom's thanks. Let us begin."""	role.king	Independent translation from the pinned Japanese GBA script. Preserve original event parameters, protagonist substitutions and page meaning. 
completion.00969fa8	castle_royal	王「うむ。　トルネコどのに　ポポロどの。<LF><TAB>たいへん　お待たせいたしました。	"King: ""Ah, Torneko and Tipper. Thank you for your patience."""	torneko,enemy_tipper,role.king	Independent translation from the pinned Japanese GBA script. Preserve original event parameters, protagonist substitutions and page meaning. 
completion.0096a5b4	castle_royal	大臣「心配事が　ないというのも<LF><TAB>それはそれで　困ったものじゃな。	"Minister: ""Having nothing to worry about brings troubles of its own."""	role.minister	Independent translation from the pinned Japanese GBA script. Preserve original event parameters, protagonist substitutions and page meaning. 
completion.0096a5f8	castle_royal	大臣「平和になったのは　いいが<LF><TAB>王は　祝典の気分が　いまだに<LF><TAB>ぬけぬようで……。	"Minister: ""Peace is welcome, but the king still seems to be in a festive mood..."""	role.minister	Independent translation from the pinned Japanese GBA script. Preserve original event parameters, protagonist substitutions and page meaning. 
completion.0096a6d4	castle_royal	＊「こちらは　異常ありません！	"???: ""All is well here!"""		Independent translation from the pinned Japanese GBA script. Preserve original event parameters, protagonist substitutions and page meaning.  Anonymous speaker remains ???.
completion.0096a704	castle_royal	＊「困ったなあ……<LF><TAB>交代の時間なのに　兵士長が<LF><TAB>起きてくれないんですよ。	"???: ""Oh, dear... It's time to change shifts, but the captain won't wake up."""	role.captain	Independent translation from the pinned Japanese GBA script. Preserve original event parameters, protagonist substitutions and page meaning.  Anonymous speaker remains ???.
completion.0096a798	castle_royal	兵士長「ぐご～　ぐご～！<LF><TAB>むにゃ　むにゃ……　なんと！<LF><TAB>大穴のスライムが！　ぐぬ～。	"Captain: ""Snooore... Mmm... What?! The long-shot Slime?! Grr..."""	role.captain,enemy.slime	Independent translation from the pinned Japanese GBA script. Preserve original event parameters, protagonist substitutions and page meaning. Dreaming about an arena upset; 大穴 is a long-odds entrant, not a dungeon name.
completion.00974cd0	castle_chambers	＊「ゴロゴロゴロ……。	"???: ""Purrr..."""		Independent translation from the pinned Japanese GBA script. Preserve original event parameters, protagonist substitutions and page meaning. Animal purring; unnamed source stays anonymous. Anonymous speaker remains ???.
completion.00974da0	castle_chambers	＊「まあ　王妃さま　うなされて……<LF><TAB>おかわいそうに。	"???: ""Oh, the queen is having nightmares... Poor thing."""	role.queen	Independent translation from the pinned Japanese GBA script. Preserve original event parameters, protagonist substitutions and page meaning.  Anonymous speaker remains ???.
completion.00974dd8	castle_chambers	王妃「う～ん　う～ん……<LF><TAB>ああ　私の顔に　シワが……<LF><TAB>う～ん……。	"Queen: ""Mmm... Oh, wrinkles on my face... Mmm..."""	role.queen	Independent translation from the pinned Japanese GBA script. Preserve original event parameters, protagonist substitutions and page meaning. 
completion.00974e1c	castle_chambers	＊「あっ　王妃さま　どうなされました？	"???: ""Oh, Your Majesty! What's wrong?"""	role.queen	Independent translation from the pinned Japanese GBA script. Preserve original event parameters, protagonist substitutions and page meaning.  Anonymous speaker remains ???.
completion.00974e44	castle_chambers	王妃「う～ん……。	"Queen: ""Mmm..."""	role.queen	Independent translation from the pinned Japanese GBA script. Preserve original event parameters, protagonist substitutions and page meaning. 
completion.00974e58	castle_chambers	＊「シーッ！　今　王妃さまが<LF><TAB>休んでおられるのです。　どうか<LF><TAB>そっとしてあげて　くださいまし。	"???: ""Shh! The queen is resting. Please leave her in peace."""	role.queen	Independent translation from the pinned Japanese GBA script. Preserve original event parameters, protagonist substitutions and page meaning.  Anonymous speaker remains ???.
completion.009750f0	castle_chambers	王妃「愛してるわ　あ・な・た。	"Queen: ""I love you, darling."""	role.queen	Independent translation from the pinned Japanese GBA script. Preserve original event parameters, protagonist substitutions and page meaning. 
completion.00975110	castle_chambers	王妃「まるで　少女のころに<LF><TAB>もどったみたいよ。　あなたに<LF><TAB>見られるだけで　ドキドキして……	"Queen: ""I feel like a young girl again. My heart races just from your gaze..."""	role.queen	Independent translation from the pinned Japanese GBA script. Preserve original event parameters, protagonist substitutions and page meaning. 
completion.0097516c	castle_chambers	王妃「いやん　あなたったら<LF><TAB>その声も　ステキ。<LF><TAB>ああ　私　どうかしたみたい。	"Queen: ""Oh, darling, even your voice is wonderful. I don't know what's come over me."""	role.queen	Independent translation from the pinned Japanese GBA script. Preserve original event parameters, protagonist substitutions and page meaning. 
completion.009751bc	castle_chambers	王「なにを　言うんだい。<LF><TAB>お前こそ　この世で　いちばん美しくて<LF><TAB>ステキだよ　シルビア……。	"King: ""What are you saying? You are the loveliest woman in the world, Sylvia..."""	role.king,character.queen_sylvia	Independent translation from the pinned Japanese GBA script. Preserve original event parameters, protagonist substitutions and page meaning. Queen Sylvia is a different character from DQ XI Sylvando despite shared Japanese spelling.
completion.00975218	castle_chambers	＊「ああ……<LF><TAB>あなたって　なんて　ステキなの？	"???: ""Oh... How can you be so wonderful?"""		Independent translation from the pinned Japanese GBA script. Preserve original event parameters, protagonist substitutions and page meaning.  Anonymous speaker remains ???.
completion.00975488	castle_chambers	そして　王妃の顔は　キラキラと<LF>若々しく　かがやいている……。	And the queen's face shines with a youthful radiance...	role.queen	Independent translation from the pinned Japanese GBA script. Preserve original event parameters, protagonist substitutions and page meaning. 
completion.009754c8	castle_chambers	うるんだ目で　王を見つめていて<LF>こちらに　気づかないようだ。	She gazes at the king with glistening eyes, seemingly unaware of anyone else.		Independent translation from the pinned Japanese GBA script. Preserve original event parameters, protagonist substitutions and page meaning. 
completion.00975534	castle_chambers	＊「でも　若がえりのクスリなんて<LF><TAB>まさか　信じられないし　いったい<LF><TAB>なんの　おクスリだったのかしら。	"???: ""But a potion of youth? Surely not. What medicine could it have been?"""		Independent translation from the pinned Japanese GBA script. Preserve original event parameters, protagonist substitutions and page meaning.  Anonymous speaker remains ???.
completion.0097559c	castle_chambers	＊「占いババさまの　おかげで<LF><TAB>王妃さまが　あんなに<LF><TAB>元気になられて　うれしいですわ。	"???: ""I'm so glad the fortune-teller has made the queen well again."""	role.queen,role.fortune_teller	Independent translation from the pinned Japanese GBA script. Preserve original event parameters, protagonist substitutions and page meaning.  Anonymous speaker remains ???.
completion.00975684	castle_chambers	王「では　これにて……。	"King: ""Well then, farewell..."""	role.king	Independent translation from the pinned Japanese GBA script. Preserve original event parameters, protagonist substitutions and page meaning. 
completion.009756a0	castle_chambers	王「お礼の品などについては　城の者に<LF><TAB>よく　伝えておいたから<LF><TAB>えんりょなく　受け取ってくれ。	"King: ""I've told the staff about your rewards. Please accept them without hesitation."""	role.king	Independent translation from the pinned Japanese GBA script. Preserve original event parameters, protagonist substitutions and page meaning. 
completion.00975700	castle_chambers	王「おお　トルネコどの。<LF><TAB>申しわけないが　今は<LF><TAB>手が　はなせないのじゃよ。	"King: ""Ah, Torneko. Forgive me, but I'm rather occupied at the moment."""	torneko,role.king	Independent translation from the pinned Japanese GBA script. Preserve original event parameters, protagonist substitutions and page meaning. 
completion.009757cc	castle_chambers	＊「皆さま　どうぞ　お気をつけて。	"???: ""Please take care, all of you."""		Independent translation from the pinned Japanese GBA script. Preserve original event parameters, protagonist substitutions and page meaning.  Anonymous speaker remains ???.
completion.00975810	castle_chambers	＊「にゃ～ん……。	"???: ""Meow..."""		Independent translation from the pinned Japanese GBA script. Preserve original event parameters, protagonist substitutions and page meaning.  Anonymous speaker remains ???.
completion.00975844	castle_chambers	＊「最近は　王さまも　王妃さまも<LF><TAB>ちっとも　お休みになってないみたい。<LF><TAB>大丈夫かしら……。	"???: ""Neither the king nor the queen seems to rest these days. I hope they're all right..."""	role.king,role.queen	Independent translation from the pinned Japanese GBA script. Preserve original event parameters, protagonist substitutions and page meaning.  Anonymous speaker remains ???.
completion.00975920	castle_chambers	王妃「これからは　この国を守れるよう<LF><TAB>夫も　私も　努力してまいります。<LF><TAB>本当に　ありがとうございました。	"Queen: ""My husband and I will strive to protect this kingdom. Thank you so very much."""	role.queen	Independent translation from the pinned Japanese GBA script. Preserve original event parameters, protagonist substitutions and page meaning. 
completion.0097598c	castle_chambers	王妃「あのような　邪悪な者に　<LF><TAB>ねらわれたのは　私や夫の　自覚が<LF><TAB>足りなかったせい　かもしれません。	"Queen: ""Perhaps that evil being targeted us because my husband and I neglected our duties."""	role.queen	Independent translation from the pinned Japanese GBA script. Preserve original event parameters, protagonist substitutions and page meaning. 
completion.009759f4	castle_chambers	王妃「このたびは　本当に<LF><TAB>なんと　お礼を申せばよいのやら……。	"Queen: ""I truly don't know how to thank you for all you've done..."""	role.queen	Independent translation from the pinned Japanese GBA script. Preserve original event parameters, protagonist substitutions and page meaning. 
completion.00975a6c	castle_chambers	王「私も　いつか　王を引退したら<LF><TAB>トルネコどののように　世界中を<LF><TAB>旅したいものですよ。	"King: ""One day, when I give up the throne, I'd like to travel the world as you do, Torneko."""	torneko,role.king	Independent translation from the pinned Japanese GBA script. Preserve original event parameters, protagonist substitutions and page meaning. 
completion.00975ac4	castle_chambers	王「わっはっは！<LF><TAB>平和は　いいですな！<LF><TAB>$tどの！	"King: ""Ha ha ha! Peace is a wonderful thing, eh, $t?"""	role.king,torneko,enemy_tipper	Independent translation from the pinned Japanese GBA script. Preserve original event parameters, protagonist substitutions and page meaning. 
completion.0097f13c	castle_kitchens	いろいろな　調味料が<LF>きれいに　並べられている。	All sorts of seasonings are neatly arranged.		Independent translation from the pinned Japanese GBA script. Preserve original event parameters, protagonist substitutions and page meaning. 
completion.0097f16c	castle_kitchens	$t は　目の前にある<LF>戸だなを　調べた。	$t examined the cupboard in front of him.	torneko,enemy_tipper	Independent translation from the pinned Japanese GBA script. Preserve original event parameters, protagonist substitutions and page meaning. 
completion.0097f1ac	castle_kitchens	いろいろな　ビンが　並べてある。<LF>料理に使う　お酒や　油のようだ。	Various bottles stand in a row. They seem to contain cooking wine and oil.		Independent translation from the pinned Japanese GBA script. Preserve original event parameters, protagonist substitutions and page meaning. 
completion.0097f248	castle_kitchens	＊「ここは　お城の　宝庫だ。<LF><TAB>王の許可がなければ　ここを<LF><TAB>開けるわけには　いかん。	"???: ""This is the castle treasury. I cannot open it without the king's permission."""		Independent translation from the pinned Japanese GBA script. Preserve original event parameters, protagonist substitutions and page meaning.  Anonymous speaker remains ???.
completion.0097f2cc	castle_kitchens	＊「おばちゃ～ん<LF><TAB>ゴハン　まだ？	"???: ""Hey, ma'am! Is the food ready yet?"""		Independent translation from the pinned Japanese GBA script. Preserve original event parameters, protagonist substitutions and page meaning.  Anonymous speaker remains ???.
completion.0097f358	castle_kitchens	＊「王妃さまの　お好きな　野菜スープを<LF><TAB>作ってみたけど……　たぶん<LF><TAB>今日も　召し上がらないんだろうな。	"???: ""I made the queen's favorite vegetable soup... But she probably won't touch it today, either."""	role.queen	Independent translation from the pinned Japanese GBA script. Preserve original event parameters, protagonist substitutions and page meaning.  Anonymous speaker remains ???.
completion.0097f448	castle_kitchens	＊「ちゃんと食事しなきゃ<LF><TAB>誰だって　病気になっちまうよ！<LF><TAB>……　あんたは　元気そうだね。	"???: ""Anyone would get sick without eating properly! ...You look healthy, though."""		Independent translation from the pinned Japanese GBA script. Preserve original event parameters, protagonist substitutions and page meaning.  Anonymous speaker remains ???.
completion.0097f4f4	castle_kitchens	王子「……ところで　忘れてないよね。<LF><TAB>オジさんは　ボクに　借りが<LF><TAB>あるんだからね。	"Prince: ""...By the way, you haven't forgotten, have you? You owe me a favor."""	role.prince	Independent translation from the pinned Japanese GBA script. Preserve original event parameters, protagonist substitutions and page meaning. 
completion.0097f548	castle_kitchens	王子「あれ　オジさん　まだいたの？<LF><TAB>息子さんが　大変なんでしょ。　早く<LF><TAB>コスタリベラに　行ったほうがいいよ。	"Prince: ""Oh, you're still here? Isn't your son in trouble? You'd better hurry to Costa Libera."""	place.journey.00873188,role.prince	Independent translation from the pinned Japanese GBA script. Preserve original event parameters, protagonist substitutions and page meaning. 
completion.0097f620	castle_kitchens	＊「王妃さま　元気になったはずなのに<LF><TAB>また　食欲が　ないみたいなんだよ。<LF><TAB>どうしたってんだろ。	"???: ""The queen should be well again, but she's lost her appetite. What's going on?"""	role.queen	Independent translation from the pinned Japanese GBA script. Preserve original event parameters, protagonist substitutions and page meaning.  Anonymous speaker remains ???.
completion.0097f710	castle_kitchens	＊「王妃さまは　王さまへの　想いで<LF><TAB>ムネがいっぱいなのさ。<LF><TAB>うらやましいねえ。	"???: ""The queen is so full of love for the king, there's no room for food. Lucky her!"""	role.king,role.queen	Independent translation from the pinned Japanese GBA script. Preserve original event parameters, protagonist substitutions and page meaning.  Anonymous speaker remains ???.
completion.0097f760	castle_kitchens	＊「うちの人ったら　いいトシして<LF><TAB>まったく　女心が　わかってないよ！	"???: ""At his age, you'd think my husband would understand a woman's heart!"""		Independent translation from the pinned Japanese GBA script. Preserve original event parameters, protagonist substitutions and page meaning.  Anonymous speaker remains ???.
completion.0097f7b8	castle_kitchens	ルドルフ「ガルッ　ガルル～。	"Rudolph: ""Grr! Grrrr..."""	character.rudolph	Independent translation from the pinned Japanese GBA script. Preserve original event parameters, protagonist substitutions and page meaning. 
completion.0097f890	castle_kitchens	＊「この城の　宝を　さしあげるようにと<LF><TAB>王からの　ご伝言です。<LF><TAB>ささ　どうぞ　お入りください。	"???: ""The king has ordered us to give you the castle's treasure. Please, come in."""		Independent translation from the pinned Japanese GBA script. Preserve original event parameters, protagonist substitutions and page meaning.  Anonymous speaker remains ???.
completion.0097f8f0	castle_kitchens	＊「え？　私どもの兵士から　伝言など<LF><TAB>お聞きになっておりませんか？<LF><TAB>……これは　申しわけありません。	"???: ""Huh? None of our soldiers passed on the message? ...I do apologize."""		Independent translation from the pinned Japanese GBA script. Preserve original event parameters, protagonist substitutions and page meaning.  Anonymous speaker remains ???.
completion.0097f958	castle_kitchens	＊「おお　トルネコどの<LF><TAB>お待ちしておりました！	"???: ""Ah, Torneko! We've been waiting for you!"""	torneko	Independent translation from the pinned Japanese GBA script. Preserve original event parameters, protagonist substitutions and page meaning.  Anonymous speaker remains ???.
completion.0097fa50	castle_kitchens	＊「この城の　宝を　さしあげるようにと<LF><TAB>王からの　ご伝言です。<LF><TAB>どうぞ　お持ちください。	"???: ""The king has ordered us to give you the castle's treasure. Please help yourself."""		Independent translation from the pinned Japanese GBA script. Preserve original event parameters, protagonist substitutions and page meaning.  Anonymous speaker remains ???.
completion.0097fabc	castle_kitchens	＊「ここは　お城の　宝物庫です。<LF><TAB>どうぞ　ご自由に。	"???: ""This is the castle treasury. Please help yourself."""		Independent translation from the pinned Japanese GBA script. Preserve original event parameters, protagonist substitutions and page meaning.  Anonymous speaker remains ???.
completion.0097fb8c	castle_kitchens	＊「王妃さまが　元気になったと思ったら<LF><TAB>これだよ。　まいったねえ。	"???: ""Just when the queen gets better, this happens. What a mess..."""	role.queen	Independent translation from the pinned Japanese GBA script. Preserve original event parameters, protagonist substitutions and page meaning.  Anonymous speaker remains ???.
completion.0097fc58	castle_kitchens	＊「まったく　腹が立つねえ！<LF><TAB>あたしらが　何したって言うんだい？<LF><TAB>魔物なんて　フライにしてやりたいよ！	"???: ""It makes me so angry! What did we ever do? I'd like to fry those monsters!"""		Independent translation from the pinned Japanese GBA script. Preserve original event parameters, protagonist substitutions and page meaning.  Anonymous speaker remains ???.
completion.0097fcd0	castle_kitchens	＊「トルネコどのと　ポポロどのを<LF><TAB>見習って　これからは<LF><TAB>われわれ兵士も　がんばります！	"???: ""We'll follow your example, Torneko and Tipper, and strive to be better soldiers!"""	torneko,enemy_tipper	Independent translation from the pinned Japanese GBA script. Preserve original event parameters, protagonist substitutions and page meaning.  Anonymous speaker remains ???.
completion.0097fd80	castle_kitchens	＊「ちょっと　アルバイトの人！<LF><TAB>早く　スープの仕込みやってよ！<LF><TAB>祝典に　間に合わないよ！	"???: ""Hey, you helping out! Get that soup started! It won't be ready for the celebration!"""		Independent translation from the pinned Japanese GBA script. Preserve original event parameters, protagonist substitutions and page meaning.  Anonymous speaker remains ???.
completion.0097fe64	castle_kitchens	＊「こんなに　お城の中が<LF><TAB>活気づいたのって　何年ぶりかしら。	"???: ""How many years has it been since the castle felt this lively?"""		Independent translation from the pinned Japanese GBA script. Preserve original event parameters, protagonist substitutions and page meaning.  Anonymous speaker remains ???.
completion.0097fecc	castle_kitchens	＊「はい！　キャビアとフォアグラ<LF><TAB>たっぷりの　前菜が　できたよ！<LF><TAB>お皿に　もりつけてくれ！	"???: ""Right! The starter's ready, with plenty of caviar and foie gras! Put it on the plates!"""		Independent translation from the pinned Japanese GBA script. Preserve original event parameters, protagonist substitutions and page meaning.  Anonymous speaker remains ???.
completion.0097ff40	castle_kitchens	＊「こんな　高級料理　作ったことないから<LF><TAB>なにを　したらいいのか<LF><TAB>分からないよ。　まいったなあ。	"???: ""I've never cooked anything this fancy. I don't know what to do! Oh, dear..."""		Independent translation from the pinned Japanese GBA script. Preserve original event parameters, protagonist substitutions and page meaning.  Anonymous speaker remains ???.
completion.0097ffa4	castle_kitchens	＊「祝典のじゅんびで　城下町から<LF><TAB>かりだされたのは　いいんだけど……	"???: ""They brought me in from the castle town to help prepare the celebration, but..."""		Independent translation from the pinned Japanese GBA script. Preserve original event parameters, protagonist substitutions and page meaning.  Anonymous speaker remains ???.
completion.0098002c	castle_kitchens	＊「祝典が　あまりに　盛大だったから<LF><TAB>なにやら　気がぬけちゃったなあ。<LF><TAB>ラーメンでも　作るか……。	"???: ""After such a grand celebration, I feel rather empty. Maybe I'll make some noodles..."""		Independent translation from the pinned Japanese GBA script. Preserve original event parameters, protagonist substitutions and page meaning. Ramen simplified to familiar food, without implying another game's recipe or item. Anonymous speaker remains ???.
completion.009800b8	castle_kitchens	＊「うつら　うつら……。	"???: ""...Zzz... Zzz..."""		Independent translation from the pinned Japanese GBA script. Preserve original event parameters, protagonist substitutions and page meaning.  Anonymous speaker remains ???.
completion.0098c324	castle_gate	サムソン「ああ　また来てしまった……。<LF><TAB>いくら　想っても　王妃さまは<LF><TAB>もう　手の届かないお方。	"Samson: ""Ah, I've come here again... However much I long for her, the queen is beyond my reach."""	role.queen,character.samson	Independent translation from the pinned Japanese GBA script. Preserve original event parameters, protagonist substitutions and page meaning. 
completion.0098c384	castle_gate	＊「……私は　サムソン。<LF><TAB>かなわない夢を　見るのがつらくて<LF><TAB>お城の学者をやめた　情けない男です。	"???: ""I'm Samson. A wretch who quit as a castle scholar because his hopeless dream hurt too much."""	character.samson	Independent translation from the pinned Japanese GBA script. Preserve original event parameters, protagonist substitutions and page meaning.  Anonymous speaker remains ???.
completion.0098c3e8	castle_gate	＊「ああ　また来てしまった……。<LF><TAB>いくら　想っても　王妃さまは<LF><TAB>もう　手の届かないお方。	"???: ""Ah, I've come here again... However much I long for her, the queen is beyond my reach."""	role.queen	Independent translation from the pinned Japanese GBA script. Preserve original event parameters, protagonist substitutions and page meaning. Same words as named Samson version; source anonymous prefix retained. Anonymous speaker remains ???.
completion.0098c48c	castle_gate	＊「コスタリベラの港町へ　出かけられた<LF><TAB>兵士長が　おもどりになるまで<LF><TAB>今しばらく　お待ちください。	"???: ""Please wait a little longer for the captain to return from the port of Costa Libera."""	place.journey.00873188,role.captain	Independent translation from the pinned Japanese GBA script. Preserve original event parameters, protagonist substitutions and page meaning.  Anonymous speaker remains ???.
completion.0098c4f0	castle_gate	＊「申しわけありませんが　ただ今<LF><TAB>どなたも　お城に入れるなとの<LF><TAB>王さまの　ご命令です。	"???: ""I'm sorry, but the king has ordered us to let no one into the castle."""	role.king	Independent translation from the pinned Japanese GBA script. Preserve original event parameters, protagonist substitutions and page meaning.  Anonymous speaker remains ???.
completion.0098c638	castle_gate	＊「おお　そうでしたか！<LF><TAB>これは　失礼いたしました。<LF><TAB>ささ　どうぞ　お入りください。	"???: ""Oh, I see! Forgive me. Please, come in."""		Independent translation from the pinned Japanese GBA script. Preserve original event parameters, protagonist substitutions and page meaning.  Anonymous speaker remains ???.
completion.0098c690	castle_gate	＊「……え？　コスタリベラへ行かれた<LF><TAB>兵士長どのの　ご伝言を<LF><TAB>王さまに　伝えに？	"???: ""...Huh? You bring the king a message from the captain in Costa Libera?"""	place.journey.00873188,role.captain,role.king	Independent translation from the pinned Japanese GBA script. Preserve original event parameters, protagonist substitutions and page meaning.  Anonymous speaker remains ???.
completion.0098c6fc	castle_gate	＊「ごくろうさまです。<LF><TAB>ささ　どうぞ　王さまのもとへ！	"???: ""Thank you for your trouble. Please, go and see the king!"""	role.king	Independent translation from the pinned Japanese GBA script. Preserve original event parameters, protagonist substitutions and page meaning.  Anonymous speaker remains ???.
completion.0098c964	castle_gate	兵士長「さあ　いざ　まいろう！<LF><TAB>グレートバレイナ王の　もとへ！！	"Captain: ""Come, let us go! To the king of Great Baleina!"""	role.captain	Independent translation from the pinned Japanese GBA script. Preserve original event parameters, protagonist substitutions and page meaning. 
completion.0098c9a8	castle_gate	兵士長「おお　これは　ナイスタイミング！<LF><TAB>クビを　かくごして　もどってきた<LF><TAB>私だったのだが……	"Captain: ""What perfect timing! I'd returned expecting to lose my job, but..."""	role.captain	Independent translation from the pinned Japanese GBA script. Preserve original event parameters, protagonist substitutions and page meaning. 
completion.0098ca08	castle_gate	兵士長「それに　コスタリベラで　私が<LF><TAB>たのみごとをした　トルネコどの！	"Captain: ""And Torneko, whom I asked a favor of in Costa Libera!"""	torneko,place.journey.00873188,role.captain	Independent translation from the pinned Japanese GBA script. Preserve original event parameters, protagonist substitutions and page meaning. 
completion.0098ca50	castle_gate	兵士長「おや？　あなたは　たしか<LF><TAB>ウワサの　占いばあさん……　いや<LF><TAB>占い師どのではないか！？	"Captain: ""Oh? Aren't you that famous old fortune-teller... I mean, esteemed fortune-teller?!"""	role.captain	Independent translation from the pinned Japanese GBA script. Preserve original event parameters, protagonist substitutions and page meaning. 
completion.0098cab0	castle_gate	兵士長「わっ！　びっくりした！<LF><TAB>いつの間に……	"Captain: ""Wah! You startled me! When did you..."""	role.captain	Independent translation from the pinned Japanese GBA script. Preserve original event parameters, protagonist substitutions and page meaning. 
completion.0098cae0	castle_gate	兵士長「……ん？	"Captain: ""...Hmm?"""	role.captain	Independent translation from the pinned Japanese GBA script. Preserve original event parameters, protagonist substitutions and page meaning. 
completion.0098cc7c	castle_gate	＊「あ　トルネコどの<LF><TAB>おつかれさまです！	"???: ""Ah, Torneko! Thank you for all your hard work!"""	torneko	Independent translation from the pinned Japanese GBA script. Preserve original event parameters, protagonist substitutions and page meaning.  Anonymous speaker remains ???.
completion.0098cd10	castle_gate	占いババ「さてと……　今夜は　ゆっくり<LF><TAB>休ませてもらって　明日　朝はやく<LF><TAB>出発しようかね。	"Fortune-teller: ""Well... Let's get a good rest tonight and leave early tomorrow morning."""	role.fortune_teller	Independent translation from the pinned Japanese GBA script. Preserve original event parameters, protagonist substitutions and page meaning. 
completion.0098cd6c	castle_gate	占いババ「ちょいと　時間はかかるが<LF><TAB>船旅で　行かせてもらうよ。	"Fortune-teller: ""It'll take a little longer, but I'll go by ship."""	role.fortune_teller	Independent translation from the pinned Japanese GBA script. Preserve original event parameters, protagonist substitutions and page meaning. 
completion.0098cdac	castle_gate	占いババ「わしゃ　トシのせいか<LF><TAB>どうも　ルーラは　ニガ手でね。	"Fortune-teller: ""Perhaps it's my age, but I don't get on well with Zoom."""	series_zoom,role.fortune_teller	Independent translation from the pinned Japanese GBA script. Preserve original event parameters, protagonist substitutions and page meaning. 
completion.0098cdec	castle_gate	占いババ「しかも　コスタリベラにある船で<LF><TAB>南の島まで　送ってくれるとか。	"Fortune-teller: ""And a ship in Costa Libera will take us to the southern island, eh?"""	place.journey.00873188,role.fortune_teller	Independent translation from the pinned Japanese GBA script. Preserve original event parameters, protagonist substitutions and page meaning. 
completion.0098ce38	castle_gate	占いババ「おや　面接はすんだのかい？<LF><TAB>お礼に　別荘とは　王も　なかなか<LF><TAB>気前がいい男じゃな。	"Fortune-teller: ""Oh, finished the interviews? A villa as your reward! The king is a generous man."""	role.fortune_teller	Independent translation from the pinned Japanese GBA script. Preserve original event parameters, protagonist substitutions and page meaning. 
completion.0098cf08	castle_gate	＊「って　なんだ　兵士長じゃないのか。<LF><TAB>こう平和だと　お城の　見張りも<LF><TAB>ヒマなんだよね。	"???: ""Oh, you're not the captain. Guarding the castle is rather dull in peacetime."""	role.captain	Independent translation from the pinned Japanese GBA script. Preserve original event parameters, protagonist substitutions and page meaning.  Anonymous speaker remains ???.
completion.0098cf64	castle_gate	＊「はっ！　こちらは　異常ありません！	"???: ""Sir! All is well here!"""		Independent translation from the pinned Japanese GBA script. Preserve original event parameters, protagonist substitutions and page meaning.  Anonymous speaker remains ???.
completion.0098cff4	castle_gate	＊「あっ　トルネコどの<LF><TAB>どうか　お気をつけて！	"???: ""Ah, Torneko! Please take care!"""	torneko	Independent translation from the pinned Japanese GBA script. Preserve original event parameters, protagonist substitutions and page meaning.  Anonymous speaker remains ???.
completion.0098d09c	castle_gate	＊「これは　よくぞ　もどられました！<LF><TAB>さあ　どうぞ　お通りください。	"???: ""Welcome back! Please, come through."""		Independent translation from the pinned Japanese GBA script. Preserve original event parameters, protagonist substitutions and page meaning.  Anonymous speaker remains ???.
completion.0098d0f4	castle_gate	＊「ただ今　げんじゅう警戒中です！<LF><TAB>といっても　われわれに出来ることは<LF><TAB>あまり　ないのですが……。	"???: ""We're on high alert! Though there isn't much we can actually do..."""		Independent translation from the pinned Japanese GBA script. Preserve original event parameters, protagonist substitutions and page meaning.  Anonymous speaker remains ???.
completion.0098d170	castle_gate	＊「まったく　この不気味なキリのせいで<LF><TAB>足もとが　見にくいったら。	"???: ""I can barely see where I'm stepping in this creepy mist."""		Independent translation from the pinned Japanese GBA script. Preserve original event parameters, protagonist substitutions and page meaning.  Anonymous speaker remains ???.
completion.0098d1b4	castle_gate	＊「あっ！<LF><TAB>イヌのウンチ　ふんじゃったよ！	"???: ""Argh! I've stepped in dog poo!"""		Independent translation from the pinned Japanese GBA script. Preserve original event parameters, protagonist substitutions and page meaning.  Anonymous speaker remains ???.
completion.0098d248	castle_gate	＊「こちらは　異常ありません！<LF><TAB>しかし　屋上の見回りは　キリが深くて<LF><TAB>きびしいであります。　ゴホゴホ……。	"???: ""All is well here! But the thick mist makes rooftop patrols tough. Cough, cough..."""		Independent translation from the pinned Japanese GBA script. Preserve original event parameters, protagonist substitutions and page meaning.  Anonymous speaker remains ???.
completion.0098d2f4	castle_gate	＊「ああ　外の空気は　すがすがしい！<LF><TAB>私は　きっと　あなたがたのことを<LF><TAB>この国の歴史に　書き記しますよ。	"???: ""Ah, the fresh air! I'll make certain your deeds are recorded in our kingdom's history."""		Independent translation from the pinned Japanese GBA script. Preserve original event parameters, protagonist substitutions and page meaning.  Anonymous speaker remains ???.
completion.0098d378	castle_gate	＊「町の皆に　声をかける前に<LF><TAB>ネネどのに　お顔を<LF><TAB>見せてあげて下さいね。	"???: ""Before speaking to everyone in town, please let Tessie see you're back."""		Independent translation from the pinned Japanese GBA script. Preserve original event parameters, protagonist substitutions and page meaning.  Anonymous speaker remains ???.
completion.0098d3c4	castle_gate	＊「あれ　城下町へおいでですか？	"???: ""Oh, are you going into the castle town?"""		Independent translation from the pinned Japanese GBA script. Preserve original event parameters, protagonist substitutions and page meaning.  Anonymous speaker remains ???.
completion.0098d450	castle_gate	＊「祝典で　どんな　ごちそうが<LF><TAB>出るのか　楽しみだなあ。	"???: ""I can't wait to see what delicious food they'll serve at the celebration."""		Independent translation from the pinned Japanese GBA script. Preserve original event parameters, protagonist substitutions and page meaning.  Anonymous speaker remains ???.
completion.0098d49c	castle_gate	＊「これは　$tどの！<LF><TAB>グレートバレイナ城へ　ようこそ。	"???: ""Ah, $t! Welcome to Great Baleina Castle."""	place.journey.00873120,torneko,enemy_tipper	Independent translation from the pinned Japanese GBA script. Preserve original event parameters, protagonist substitutions and page meaning.  Anonymous speaker remains ???.
completion.0098d4ec	castle_gate	＊「あの不気味なキリで　カゼを<LF><TAB>引いたみたいです……。	"???: ""I think that creepy mist gave me a cold..."""		Independent translation from the pinned Japanese GBA script. Preserve original event parameters, protagonist substitutions and page meaning.  Anonymous speaker remains ???.
completion.0098d524	castle_gate	＊「は　は　はっくしょん！<LF><TAB>あ　失礼しました。	"???: ""Ah... Ah... Achoo! Oh, pardon me."""		Independent translation from the pinned Japanese GBA script. Preserve original event parameters, protagonist substitutions and page meaning.  Anonymous speaker remains ???.
completion.0098d574	castle_gate	＊「祝典の　ごちそうってさ<LF><TAB>イマイチな料理も<LF><TAB>まざってたよね。	"???: ""Some of the dishes at the celebration weren't all that great, were they?"""		Independent translation from the pinned Japanese GBA script. Preserve original event parameters, protagonist substitutions and page meaning.  Anonymous speaker remains ???.
completion.0098d5f4	castle_gate	＊「ウワサでは　はるか南の方の灯台に<LF><TAB>聖火が　灯ったおかげで<LF><TAB>船の事故が　へったようですよ。	"???: ""I hear there are fewer shipwrecks now the sacred flame burns in the lighthouse far south."""		Independent translation from the pinned Japanese GBA script. Preserve original event parameters, protagonist substitutions and page meaning.  Anonymous speaker remains ???.
completion.009a4db4	monster_lodge	＊「ふ～む。　確かに<LF><TAB>モンスターに　好かれそうな<LF><TAB>目をしておる……。	"???: ""Hmm. Yes, you certainly have the sort of eyes monsters would trust..."""		Independent translation from the pinned Japanese GBA script. Preserve original event parameters, protagonist substitutions and page meaning.  Anonymous speaker remains ???.
completion.009a4dfc	monster_lodge	＊「むむ？　おぬし<LF><TAB>モンスターを　仲間に<LF><TAB>してしまったようじゃの。	"???: ""Hmm? It seems you've made a monster your companion."""		Independent translation from the pinned Japanese GBA script. Preserve original event parameters, protagonist substitutions and page meaning.  Anonymous speaker remains ???.
completion.009a4e40	monster_lodge	＊「よし。　いいことを教えてやろう。<LF><TAB>わしの　助手と　話すがええ。	"???: ""Right. I have some useful advice for you. Speak to my assistant."""		Independent translation from the pinned Japanese GBA script. Preserve original event parameters, protagonist substitutions and page meaning.  Anonymous speaker remains ???.
completion.009a4e84	monster_lodge	＊「むむ？　おぬし<LF><TAB>モンスターに　好かれそうな<LF><TAB>目を　しとるのう。	"???: ""Hmm? You have the sort of eyes monsters would trust."""		Independent translation from the pinned Japanese GBA script. Preserve original event parameters, protagonist substitutions and page meaning.  Anonymous speaker remains ???.
completion.009a4ec8	monster_lodge	＊「わしは　とある世界で　有名な<LF><TAB>モンスターじいさんじゃ。	"???: ""I am the monster elder, famous in a certain world."""	role.monster_elder	Independent translation from the pinned Japanese GBA script. Preserve original event parameters, protagonist substitutions and page meaning. Preserve the allusion without identifying an unstated crossover world. Anonymous speaker remains ???.
completion.009a5064	monster_lodge	イナッツ「お客さん　なかなか強そうね。<LF><TAB>あなたみたいな人と　たたかえるなら<LF><TAB>きっと　モンスターも幸せよ。	"Inatts: ""You look rather strong. I'm sure any monster would be happy to fight by your side."""	character.inatts	Independent translation from the pinned Japanese GBA script. Preserve original event parameters, protagonist substitutions and page meaning. 
completion.009a50d0	monster_lodge	イナッツ「あら　そう？<LF><TAB>じゃあ　またね。	"Inatts: ""Oh, really? See you again, then."""	character.inatts	Independent translation from the pinned Japanese GBA script. Preserve original event parameters, protagonist substitutions and page meaning. 
completion.009a50fc	monster_lodge	イナッツ「私が　知ってるのは<LF><TAB>これだけよ。　がんばってね。	"Inatts: ""That's all I know. Good luck!"""	character.inatts	Independent translation from the pinned Japanese GBA script. Preserve original event parameters, protagonist substitutions and page meaning. 
completion.009a5138	monster_lodge	イナッツ「ダンジョンで　モンスターに<LF><TAB>作戦の指示を　出したいときは<LF><TAB>そのコのとなりで　命令すること。	"Inatts: ""To give a monster its tactics in a dungeon, stand beside it and give your orders."""	character.inatts,character.castle_john	Independent translation from the pinned Japanese GBA script. Preserve original event parameters, protagonist substitutions and page meaning. 
completion.009a51a0	monster_lodge	イナッツ「冒険に　つれていく<LF><TAB>モンスターを　えらびたいときは<LF><TAB>モンスターじいさんに話すこと。	"Inatts: ""To choose which monsters to take on your adventure, speak to the monster elder."""	character.inatts,role.monster_elder	Independent translation from the pinned Japanese GBA script. Preserve original event parameters, protagonist substitutions and page meaning. 
completion.009a5200	monster_lodge	イナッツ「ただし　一緒に生きて<LF><TAB>もどらないと　その子の経験値は<LF><TAB>増えないままだから　要注意ね。	"Inatts: ""But unless you both return alive, the monster keeps none of its new experience. Be careful!"""	character.inatts	Independent translation from the pinned Japanese GBA script. Preserve original event parameters, protagonist substitutions and page meaning. Preserve permanent companion experience retention condition, not another game's rules.
completion.009a5260	monster_lodge	イナッツ「いちど　本当の仲間になった<LF><TAB>モンスターは　ダンジョンで<LF><TAB>チカラつきても大丈夫。	"Inatts: ""Once a monster is truly your companion, it's all right if it falls in a dungeon."""	character.inatts,character.castle_john	Independent translation from the pinned Japanese GBA script. Preserve original event parameters, protagonist substitutions and page meaning. 
completion.009a52bc	monster_lodge	イナッツ「まず　ダンジョンで<LF><TAB>モンスターが仲間になったら<LF><TAB>いっしょに　生きて帰ること。	"Inatts: ""First, when a monster joins you in a dungeon, make sure you both return alive."""	character.inatts,character.castle_john	Independent translation from the pinned Japanese GBA script. Preserve original event parameters, protagonist substitutions and page meaning. 
completion.009a5314	monster_lodge	イナッツ「じゃあ　まとめるわよ。<LF><TAB>ええと……	"Inatts: ""Right, let's go over the main points. Let's see..."""	character.inatts	Independent translation from the pinned Japanese GBA script. Preserve original event parameters, protagonist substitutions and page meaning. 
completion.009a5344	monster_lodge	イナッツ「じゃあ　がんばってね。	"Inatts: ""Well then, good luck!"""	character.inatts	Independent translation from the pinned Japanese GBA script. Preserve original event parameters, protagonist substitutions and page meaning. 
completion.009a5368	monster_lodge	イナッツ「私の話　分かった？<LF><TAB>大事なところを　まとめましょうか？	"Inatts: ""Did you understand? Shall I go over the main points?"""	character.inatts	Independent translation from the pinned Japanese GBA script. Preserve original event parameters, protagonist substitutions and page meaning. 
completion.009a53ac	monster_lodge	イナッツ「そうねえ……　たとえば<LF><TAB>バッチリがんばれ　とか<LF><TAB>とくぎつかうな　とかね。	"Inatts: ""Let's see... For example, Fight Wisely or No Abilities."""	help.order.0,help.order.6,character.inatts	Independent translation from the pinned Japanese GBA script. Preserve original event parameters, protagonist substitutions and page meaning. Use the existing reviewed tactics labels verbatim.
completion.009a5400	monster_lodge	イナッツ「どんな風に　たたかえばいいか<LF><TAB>あなたから　少し　作戦の指示を<LF><TAB>出してあげるといいかもね。	"Inatts: ""You can give them tactics to guide how they fight."""	character.inatts	Independent translation from the pinned Japanese GBA script. Preserve original event parameters, protagonist substitutions and page meaning. 
completion.009a5464	monster_lodge	イナッツ「ダンジョンにいるとき<LF><TAB>となりで　仲間モンスターに<LF><TAB>話しかけて……	"Inatts: ""While you're in a dungeon, stand beside a monster companion and talk to it..."""	character.inatts,character.castle_john	Independent translation from the pinned Japanese GBA script. Preserve original event parameters, protagonist substitutions and page meaning. 
completion.009a54b0	monster_lodge	イナッツ「そうそう　忘れちゃいけないのは<LF><TAB>仲間モンスターたちに　ちゃんと<LF><TAB>指示を　出すこと。	"Inatts: ""Oh, one thing you mustn't forget is to give your monster companions orders."""	character.inatts	Independent translation from the pinned Japanese GBA script. Preserve original event parameters, protagonist substitutions and page meaning. 
completion.009a5510	monster_lodge	イナッツ「冒険に行く前に　ここによって<LF><TAB>モンスターじいさんに　話しかけてね。	"Inatts: ""Stop here and speak to the monster elder before setting out."""	character.inatts,role.monster_elder	Independent translation from the pinned Japanese GBA script. Preserve original event parameters, protagonist substitutions and page meaning. 
completion.009a5560	monster_lodge	イナッツ「ここで　あずかってるコを<LF><TAB>連れていきたいときや　どのコを<LF><TAB>連れていくか　えらびたかったら……	"Inatts: ""If you want to take along a monster staying here, or choose which ones to bring..."""	character.inatts	Independent translation from the pinned Japanese GBA script. Preserve original event parameters, protagonist substitutions and page meaning. 
completion.009a55c8	monster_lodge	イナッツ「ただし　一緒に生きて<LF><TAB>帰らないと　そのコの経験値は<LF><TAB>増えないから　注意してね。	"Inatts: ""But unless you both return alive, the monster keeps none of its new experience. Be careful!"""	character.inatts	Independent translation from the pinned Japanese GBA script. Preserve original event parameters, protagonist substitutions and page meaning. Same survival condition as 009A5200.
completion.009a5624	monster_lodge	イナッツ「もし　ダンジョンのとちゅうで<LF><TAB>チカラつきたときも　ここに<LF><TAB>もどって来るから　大丈夫。	"Inatts: ""Even if it falls in a dungeon, it'll come back here. So don't worry."""	character.inatts,character.castle_john	Independent translation from the pinned Japanese GBA script. Preserve original event parameters, protagonist substitutions and page meaning. 
completion.009a5684	monster_lodge	イナッツ「そうすれば　次に<LF><TAB>冒険するときも　あなたと一緒に<LF><TAB>旅に出てくれるわ。	"Inatts: ""Then it'll be ready to travel with you on your next adventure, too."""	character.inatts	Independent translation from the pinned Japanese GBA script. Preserve original event parameters, protagonist substitutions and page meaning. 
completion.009a56d4	monster_lodge	イナッツ「でも　いちど　いっしょに<LF><TAB>帰れば　そのモンスターは<LF><TAB>あなたの　本当の仲間になるの。	"Inatts: ""But once you return together, that monster becomes your true companion."""	character.inatts	Independent translation from the pinned Japanese GBA script. Preserve original event parameters, protagonist substitutions and page meaning. 
completion.009a5734	monster_lodge	イナッツ「そうでなければ　そのコは<LF><TAB>また　魔物の気持ちにもどって<LF><TAB>去っていってしまうわ。	"Inatts: ""Otherwise, it'll go back to its wild ways and leave you."""	character.inatts	Independent translation from the pinned Japanese GBA script. Preserve original event parameters, protagonist substitutions and page meaning. 
completion.009a5790	monster_lodge	イナッツ「あなたも　そのコも<LF><TAB>生きて帰れるように　がんばってね。	"Inatts: ""Do your best to make sure you both return alive."""	character.inatts	Independent translation from the pinned Japanese GBA script. Preserve original event parameters, protagonist substitutions and page meaning. 
completion.009a57d4	monster_lodge	イナッツ「オッケ～。　いいこと？<LF><TAB>ダンジョンで　モンスターが<LF><TAB>あなたの　仲間になったら……	"Inatts: ""Okay! Listen carefully. When a monster joins you in a dungeon..."""	character.inatts,character.castle_john	Independent translation from the pinned Japanese GBA script. Preserve original event parameters, protagonist substitutions and page meaning. 
completion.009a5830	monster_lodge	イナッツ「あら　こんにちは。<LF><TAB>旅の仲間モンスターについて<LF><TAB>くわしい話を　聞きたい？	"Inatts: ""Oh, hello. Would you like to hear more about monster companions?"""	character.inatts	Independent translation from the pinned Japanese GBA script. Preserve original event parameters, protagonist substitutions and page meaning. 
completion.009a5884	monster_lodge	イナッツ「旅の仲間モンスターについて<LF><TAB>くわしい話を　聞きたい？	"Inatts: ""Would you like to hear more about monster companions?"""	character.inatts	Independent translation from the pinned Japanese GBA script. Preserve original event parameters, protagonist substitutions and page meaning. 
completion.009a58c4	monster_lodge	＊「こんにちは。　私は<LF><TAB>モンスターじいさんの　助手の<LF><TAB>イナッツよ。	"???: ""Hello. I'm Inatts, the monster elder's assistant."""	character.inatts,role.monster_elder	Independent translation from the pinned Japanese GBA script. Preserve original event parameters, protagonist substitutions and page meaning. Source introduces the assistant under an anonymous speaker tag. Anonymous speaker remains ???.
completion.009a5958	medal_king	＊「じゃあ　教えてあげない。	"???: ""Then I won't tell you."""		Independent translation from the pinned Japanese GBA script. Preserve original event parameters, protagonist substitutions and page meaning.  Anonymous speaker remains ???.
completion.009a5978	medal_king	＊「黄金の杖　だよ。	"???: ""A Golden staff!"""	combined_item_085	Independent translation from the pinned Japanese GBA script. Preserve original event parameters, protagonist substitutions and page meaning. Reward name uses the existing reviewed item glossary. Anonymous speaker remains ???.
completion.009a5990	medal_king	＊「うけながしの指輪<LF><TAB>メタルキングの剣<LF><TAB>メタルキングの盾 と　それから	"???: ""A Parrying ring, a Metal king sword, a Metal king shield, and..."""	combined_item_021,combined_item_050,combined_item_187	Independent translation from the pinned Japanese GBA script. Preserve original event parameters, protagonist substitutions and page meaning. Reward names use the existing reviewed item glossary. Anonymous speaker remains ???.
completion.009a59d8	medal_king	＊「大砲の弾<LF><TAB>妖剣かまいたち<LF><TAB>如意棒　と　それから	"???: ""Cannonballs, a Kamaitachi blade, an Extending staff, and..."""	combined_item_011,combined_item_029,combined_item_132	Independent translation from the pinned Japanese GBA script. Preserve original event parameters, protagonist substitutions and page meaning. Reward names use the existing reviewed item glossary; plural Cannonballs is ordinary prose inflection. Anonymous speaker remains ???.
completion.009a5a0c	medal_king	＊「メダル王さまの　ごほうびには<LF><TAB>こんなものが　あるんだよ。<LF><TAB>ええとね…	"???: ""The Medal King's rewards include things like... Let me see..."""	role.medal_king,role.king	Independent translation from the pinned Japanese GBA script. Preserve original event parameters, protagonist substitutions and page meaning.  Anonymous speaker remains ???.
completion.009a5a58	medal_king	＊「じゃあ　いいこと<LF><TAB>教えてあげる。	"???: ""Then I'll tell you something good."""		Independent translation from the pinned Japanese GBA script. Preserve original event parameters, protagonist substitutions and page meaning.  Anonymous speaker remains ???.
completion.009a5a80	medal_king	＊「ボクのこと　悪いスライムだと思う？	"???: ""Do you think I'm a bad Slime?"""	enemy.slime	Independent translation from the pinned Japanese GBA script. Preserve original event parameters, protagonist substitutions and page meaning.  Anonymous speaker remains ???.
completion.009a5b10	medal_king	＊「あなたも　たくさん<LF><TAB>ごほうびが　もらえると　いいですね。	"???: ""I hope you earn lots of rewards, too."""		Independent translation from the pinned Japanese GBA script. Preserve original event parameters, protagonist substitutions and page meaning.  Anonymous speaker remains ???.
completion.009a5b50	medal_king	＊「そんなことありませんよ。<LF><TAB>もう　なん十年も　ここに<LF><TAB>住んでるんですから。	"???: ""Nonsense. We've lived here for decades."""		Independent translation from the pinned Japanese GBA script. Preserve original event parameters, protagonist substitutions and page meaning.  Anonymous speaker remains ???.
completion.009a5ba0	medal_king	＊「え？　こんな　お城<LF><TAB>前は　なかったって？	"???: ""Huh? You say this castle wasn't here before?"""		Independent translation from the pinned Japanese GBA script. Preserve original event parameters, protagonist substitutions and page meaning.  Anonymous speaker remains ???.
completion.009a5bd0	medal_king	＊「やあ　ここは　メダル王さまの<LF><TAB>お城ですよ。	"???: ""Hello. This is the Medal King's castle."""	role.medal_king,role.king	Independent translation from the pinned Japanese GBA script. Preserve original event parameters, protagonist substitutions and page meaning.  Anonymous speaker remains ???.
completion.009a6fbc	tipper_village	”旅人の休けい小屋。<LF>ご自由に　お入りください。”	'Travelers' rest hut. Please come in.'		Independent translation from the pinned Japanese GBA script. Preserve original event parameters, protagonist substitutions and page meaning. Sign text; retain separate quote treatment without inventing a named facility.
completion.009a6ff0	tipper_village	$tは　立て看板の文字を読んだ。	$t read the sign.	torneko,enemy_tipper	Independent translation from the pinned Japanese GBA script. Preserve original event parameters, protagonist substitutions and page meaning. 
completion.009a7010	tipper_village	しかし看板は　古びていて<LF>文字も　はっきりとは読めない。	But the sign is old, and the writing is hard to read.		Independent translation from the pinned Japanese GBA script. Preserve original event parameters, protagonist substitutions and page meaning. 
completion.009a7048	tipper_village	”旅人のための休けい小屋”と<LF>かいてあるようだ。	It seems to say, 'Rest hut for travelers.'		Independent translation from the pinned Japanese GBA script. Preserve original event parameters, protagonist substitutions and page meaning. 
completion.009a7228	tipper_village	＊「おお　天と地よ！<LF><TAB>この者に　大地の守りの<LF><TAB>あらんことを！	"???: ""O heavens and earth! May the earth's protection be upon this traveler!"""		Independent translation from the pinned Japanese GBA script. Preserve original event parameters, protagonist substitutions and page meaning.  Anonymous speaker remains ???.
completion.009a73dc	tipper_village	＊「あっ　そうか！<LF><TAB>よっしゃ　うちの舟を　出そう！	"???: ""Oh, of course! Right, let's launch our boat!"""		Independent translation from the pinned Japanese GBA script. Preserve original event parameters, protagonist substitutions and page meaning.  Anonymous speaker remains ???.
completion.009a7410	tipper_village	＊「おいっ　ボンヤリしとらんで<LF><TAB>小舟を　出さんかいっ！	"???: ""Hey! Stop daydreaming and get the little boat out!"""		Independent translation from the pinned Japanese GBA script. Preserve original event parameters, protagonist substitutions and page meaning.  Anonymous speaker remains ???.
completion.009a7448	tipper_village	＊「むむ……　あの　帆の紋章は<LF><TAB>はるか　北の国の　王のものでは？<LF><TAB>となると　ついに　トルネコどのが……	"???: ""Hmm... Isn't that the crest of the king far to the north? Then Torneko must finally..."""	torneko	Independent translation from the pinned Japanese GBA script. Preserve original event parameters, protagonist substitutions and page meaning.  Anonymous speaker remains ???.
completion.009a74b0	tipper_village	＊「おや？　ありゃ　かなりの船じゃのう。<LF><TAB>あんなのが　この村に<LF><TAB>やってくるとすれば……	"???: ""Oh? That's quite a ship. If a vessel like that is coming to our village..."""		Independent translation from the pinned Japanese GBA script. Preserve original event parameters, protagonist substitutions and page meaning.  Anonymous speaker remains ???.
completion.009a7508	tipper_village	＊「ん？　あれは……？	"???: ""Hmm? What's that...?"""		Independent translation from the pinned Japanese GBA script. Preserve original event parameters, protagonist substitutions and page meaning.  Anonymous speaker remains ???.
completion.009a75d8	tipper_village	＊「おお　ポポロどの。<LF><TAB>今日も　いい天気ですな。	"???: ""Ah, Tipper. Another fine day, isn't it?"""	enemy_tipper	Independent translation from the pinned Japanese GBA script. Preserve original event parameters, protagonist substitutions and page meaning.  Anonymous speaker remains ???.
completion.009a762c	tipper_village	＊「にゃっ　にゃっ　にゃっ……。	"???: ""Meow, meow, meow..."""		Independent translation from the pinned Japanese GBA script. Preserve original event parameters, protagonist substitutions and page meaning.  Anonymous speaker remains ???.
completion.009a7670	tipper_village	＊「なんでも　変なものを　集めては<LF><TAB>自分を　王さまだとか<LF><TAB>言ってるらしいよ。	"???: ""I hear he collects strange things and calls himself a king."""	role.king	Independent translation from the pinned Japanese GBA script. Preserve original event parameters, protagonist substitutions and page meaning.  Anonymous speaker remains ???.
completion.009a76c0	tipper_village	＊「最近は　この島にも　おかしな人が<LF><TAB>住み着いてるらしいからね。	"???: ""Some odd fellow seems to have settled on the island lately."""		Independent translation from the pinned Japanese GBA script. Preserve original event parameters, protagonist substitutions and page meaning.  Anonymous speaker remains ???.
completion.009a7704	tipper_village	＊「ポポロちゃん　出かけるなら<LF><TAB>気をつけるんだよ。	"???: ""Take care if you're heading out, Tipper."""	enemy_tipper	Independent translation from the pinned Japanese GBA script. Preserve original event parameters, protagonist substitutions and page meaning.  Anonymous speaker remains ???.
completion.009a7748	tipper_village	＊「お母さんたち　今ごろ<LF><TAB>どうしてるのかしらね？　そろそろ<LF><TAB>淋しくなったんじゃないの？　ウフフ。	"???: ""I wonder how your mother and the others are. Starting to miss them? Hee hee."""		Independent translation from the pinned Japanese GBA script. Preserve original event parameters, protagonist substitutions and page meaning.  Anonymous speaker remains ???.
completion.009a77d4	tipper_village	＊「しかも　ボク　知ってるもんね！<LF><TAB>世界のどっかに　モンスターたちの<LF><TAB>預かり所が　あるんだってさ。	"???: ""And I know something else! Somewhere in the world, there's a place that looks after monsters!"""		Independent translation from the pinned Japanese GBA script. Preserve original event parameters, protagonist substitutions and page meaning.  Anonymous speaker remains ???.
completion.009a7838	tipper_village	＊「ちぇっ……。<LF><TAB>ボクだって　ダンジョンに<LF><TAB>行ってみたいのにっ。	"???: ""Aw... I want to explore a dungeon, too!"""	character.castle_john	Independent translation from the pinned Japanese GBA script. Preserve original event parameters, protagonist substitutions and page meaning.  Anonymous speaker remains ???.
completion.009a78e4	tipper_village	＊「ここは　南の果て　バリナボ。<LF><TAB>村の中は　安全だけど　外へ行くなら<LF><TAB>じゅうぶん　気をつけてね。	"???: ""This is Barinabo, in the far south. The village is safe, but be careful outside."""	place.barinabo	Independent translation from the pinned Japanese GBA script. Preserve original event parameters, protagonist substitutions and page meaning.  Anonymous speaker remains ???.
completion.009a7948	tipper_village	＊「悪いけど　モンスターを　連れるのは<LF><TAB>洞くつの中　だけにしておいてね。<LF><TAB>みんな　こわがっちゃうから。	"???: ""Sorry, but please keep your monsters in the caves. You'll frighten everyone."""		Independent translation from the pinned Japanese GBA script. Preserve original event parameters, protagonist substitutions and page meaning.  Anonymous speaker remains ???.
completion.009a79b0	tipper_village	＊「ここは　南の果て　バリナボ。<LF><TAB>あら　あなた　モンスターの<LF><TAB>お仲間ができたの？	"???: ""This is Barinabo, in the far south. Oh, have you made some monster friends?"""	place.barinabo	Independent translation from the pinned Japanese GBA script. Preserve original event parameters, protagonist substitutions and page meaning.  Anonymous speaker remains ???.
completion.009a7a3c	tipper_village	＊「そこには　きっと　神さまがいて<LF><TAB>オレたち　生き物の　源を<LF><TAB>生み出していなさるんだよ。	"???: ""There must be a god there, bringing forth the source of all living things."""		Independent translation from the pinned Japanese GBA script. Preserve original event parameters, protagonist substitutions and page meaning. Unnamed deity; do not identify it as another named series god. Anonymous speaker remains ???.
completion.009a7a98	tipper_village	＊「この海の果てが　どこに続いてるか<LF><TAB>考えたことあるかい？	"???: ""Have you ever wondered where the far end of this sea leads?"""		Independent translation from the pinned Japanese GBA script. Preserve original event parameters, protagonist substitutions and page meaning.  Anonymous speaker remains ???.
completion.009a7afc	tipper_village	＊「お前さんも　はやく<LF><TAB>ご両親のもとへ　行けるとええのう。	"???: ""I hope you can reach your parents soon."""		Independent translation from the pinned Japanese GBA script. Preserve original event parameters, protagonist substitutions and page meaning.  Anonymous speaker remains ???.
completion.009a7b38	tipper_village	＊「村の皆に　活気が　もどって<LF><TAB>やれ　よかったわい。	"???: ""It's good to see everyone in the village full of life again."""		Independent translation from the pinned Japanese GBA script. Preserve original event parameters, protagonist substitutions and page meaning.  Anonymous speaker remains ???.
completion.009a7b98	tipper_village	＊「そういえば　神々のほこらの　様子を<LF><TAB>見にいったヤツが　北西の方に<LF><TAB>お城が　建ってるのを見たとか。	"???: ""Someone who checked the Shrine of the Gods saw a castle standing to the northwest."""	place.shrine_of_the_gods	Independent translation from the pinned Japanese GBA script. Preserve original event parameters, protagonist substitutions and page meaning.  Anonymous speaker remains ???.
completion.009a7c00	tipper_village	＊「気のせいか　あの嵐の前より<LF><TAB>ずっと　たくさん　魚が<LF><TAB>とれるように　なったんだよ。	"???: ""Maybe it's my imagination, but we're catching far more fish than before that storm."""		Independent translation from the pinned Japanese GBA script. Preserve original event parameters, protagonist substitutions and page meaning.  Anonymous speaker remains ???.
completion.009a7c80	tipper_village	＊「な～に　漁なら　このオレが<LF><TAB>教えてやるきに。	"???: ""Don't worry. I'll teach you all about fishing."""		Independent translation from the pinned Japanese GBA script. Preserve original event parameters, protagonist substitutions and page meaning.  Anonymous speaker remains ???.
completion.009a7cb4	tipper_village	＊「おっ　やる気か　ボウズ！？<LF><TAB>なんなら　この村で　海の男を　めざし<LF><TAB>修行しても　いいんだぜ。	"???: ""Oh, you're keen, lad! You could stay in our village and train to be a man of the sea."""		Independent translation from the pinned Japanese GBA script. Preserve original event parameters, protagonist substitutions and page meaning.  Anonymous speaker remains ???.
completion.009a7d7c	tipper_village	ロサ「まっ　ダンジョンのことで　<LF><TAB>分からないことが　あったら<LF><TAB>なんでも　このオイラに　聞いてくれ。	"Rosa: ""Well, if there's anything about dungeons you don't understand, just ask me."""	enemy_rosa,character.castle_john	Independent translation from the pinned Japanese GBA script. Preserve original event parameters, protagonist substitutions and page meaning. 
completion.009a7de0	tipper_village	ロサ「お前　とうとう　村の外に出る<LF><TAB>おゆるしを　もらったんだってな。	"Rosa: ""I hear you've finally got permission to leave the village."""	enemy_rosa	Independent translation from the pinned Japanese GBA script. Preserve original event parameters, protagonist substitutions and page meaning. 
completion.009a7e28	tipper_village	ロサ「……またまた　そんな<LF><TAB>強がり　言っちゃって。　お前って<LF><TAB>けっこう　かわいいヤツだな。	"Rosa: ""...There you go, acting tough again. You're a pretty endearing kid."""	enemy_rosa	Independent translation from the pinned Japanese GBA script. Preserve original event parameters, protagonist substitutions and page meaning. 
completion.009a7e84	tipper_village	ロサ「え？　村の外で　ダンジョンに入って<LF><TAB>しかも　モンスターを　仲間に<LF><TAB>しちゃったって？	"Rosa: ""Huh? You entered a dungeon outside the village and even made a monster your friend?"""	enemy_rosa,character.castle_john	Independent translation from the pinned Japanese GBA script. Preserve original event parameters, protagonist substitutions and page meaning. 
completion.009a7ee0	tipper_village	ロサ「やあ　ポポロじゃないか。<LF><TAB>お前のおかげで　家を出て　ここで<LF><TAB>暮らせて　ラッキーだよ。	"Rosa: ""Hey, Tipper! Thanks to you, I got to leave home and live here. Lucky me!"""	enemy_rosa,enemy_tipper	Independent translation from the pinned Japanese GBA script. Preserve original event parameters, protagonist substitutions and page meaning. 
completion.009a7f94	tipper_village	＊「え？　ずっと昔の　嵐のことですか？<LF><TAB>さあ……　なにしろ　ずいぶん前なので<LF><TAB>わたしも　おぼえてないんですよ。	"???: ""Huh? That storm long ago? Well... It was so long ago, I don't remember it myself."""		Independent translation from the pinned Japanese GBA script. Preserve original event parameters, protagonist substitutions and page meaning.  Anonymous speaker remains ???.
completion.009a8004	tipper_village	＊「なにかあれば　いつでも<LF><TAB>族長さまが　チカラになりますぞ。	"???: ""If you need anything, the chief will always help you."""		Independent translation from the pinned Japanese GBA script. Preserve original event parameters, protagonist substitutions and page meaning.  Anonymous speaker remains ???.
completion.009a8044	tipper_village	＊「おや　ポポロどの。<LF><TAB>どうしました？　心配そうな顔をして。	"???: ""Oh, Tipper. What's wrong? You look worried."""	enemy_tipper	Independent translation from the pinned Japanese GBA script. Preserve original event parameters, protagonist substitutions and page meaning.  Anonymous speaker remains ???.
completion.009a80bc	tipper_village	＊「ひとりで　旅をしていると<LF><TAB>ときどき　何が本当で　何がウソなのか<LF><TAB>分からなくなることも　あるからね。	"???: ""When you travel alone, sometimes it's hard to tell what's true and what's a lie."""		Independent translation from the pinned Japanese GBA script. Preserve original event parameters, protagonist substitutions and page meaning.  Anonymous speaker remains ???.
completion.009a8134	tipper_village	＊「トルネコさんや　ネネさん<LF><TAB>今ごろ　どうしてるのかしらね？<LF><TAB>お元気だと　いいけど……。	"???: ""I wonder how Torneko and Tessie are doing. I hope they're well..."""	torneko	Independent translation from the pinned Japanese GBA script. Preserve original event parameters, protagonist substitutions and page meaning.  Anonymous speaker remains ???.
completion.009a81e8	tipper_village	＊「え？　本当の姿って　なにかって？<LF><TAB>う～ん　ボクには　分かんないよ。	"???: ""Huh? What does 'true form' mean? Hmm... I don't know."""		Independent translation from the pinned Japanese GBA script. Preserve original event parameters, protagonist substitutions and page meaning.  Anonymous speaker remains ???.
completion.009a8230	tipper_village	＊「神々のほこらの　真実のトビラを<LF><TAB>こえた者は　いつか　この世界の<LF><TAB>本当の姿を　見られるんだって。	"???: ""Pass the Shrine of the Gods' Gate of Truth, and one day you'll see the world's true form."""	place.shrine_of_the_gods,lore.gate_of_truth	Independent translation from the pinned Japanese GBA script. Preserve original event parameters, protagonist substitutions and page meaning.  Anonymous speaker remains ???.
completion.009a8294	tipper_village	＊「神々のほこらには　真実のトビラが<LF><TAB>あって……　そこに　入ると<LF><TAB>世界の本当の姿が　見えるんだって。	"???: ""The Shrine of the Gods has a Gate of Truth... They say entering it reveals the world's true form."""	place.shrine_of_the_gods,lore.gate_of_truth	Independent translation from the pinned Japanese GBA script. Preserve original event parameters, protagonist substitutions and page meaning.  Anonymous speaker remains ???.
completion.009a82fc	tipper_village	＊「ねえねえ　ボクが　大人たちに聞いた<LF><TAB>この島のこと　知りたいでしょ。	"???: ""Hey! Want to hear what the grown-ups told me about this island?"""		Independent translation from the pinned Japanese GBA script. Preserve original event parameters, protagonist substitutions and page meaning.  Anonymous speaker remains ???.
completion.009a83ac	tipper_village	＊「ここは　南の果て　バリナボ。<LF><TAB>はるか四方を　海に囲まれた<LF><TAB>孤島ですわ。	"???: ""This is Barinabo, in the far south. A lonely island surrounded by vast seas."""	place.barinabo	Independent translation from the pinned Japanese GBA script. Preserve original event parameters, protagonist substitutions and page meaning.  Anonymous speaker remains ???.
completion.009a8438	tipper_village	＊「まあ　カンタンに　言えば　キミも<LF><TAB>オレも　もとをたどれば　同じ命。<LF><TAB>はなれていても　心は一緒ってことさ。	"???: ""Put simply, our lives come from the same source. Even apart, our hearts are together."""		Independent translation from the pinned Japanese GBA script. Preserve original event parameters, protagonist substitutions and page meaning.  Anonymous speaker remains ???.
completion.009a84a8	tipper_village	＊「そこには　きっと　神さまがいて<LF><TAB>オレたち　生き物の　源を<LF><TAB>生み出してなさるんだよ。	"???: ""There must be a god there, bringing forth the source of all living things."""		Independent translation from the pinned Japanese GBA script. Preserve original event parameters, protagonist substitutions and page meaning. Same theological statement as 009A7A3C, with a dialectal wording variant. Anonymous speaker remains ???.
completion.009a8558	tipper_village	＊「もしかしたら　神さまは<LF><TAB>最初から　お前さんに　なにかを<LF><TAB>伝えようとしたのかも　しれんぞ。	"???: ""Perhaps the god was trying to tell you something from the very beginning."""		Independent translation from the pinned Japanese GBA script. Preserve original event parameters, protagonist substitutions and page meaning.  Anonymous speaker remains ???.
completion.009a85b8	tipper_village	＊「お前さんの瞳は　とても<LF><TAB>まっすぐ　じゃのう……。	"???: ""Your eyes are so honest and true..."""		Independent translation from the pinned Japanese GBA script. Preserve original event parameters, protagonist substitutions and page meaning.  Anonymous speaker remains ???.
completion.009a85f0	tipper_village	＊「しかし　あきらめちゃ　いかんぞ。<LF><TAB>道は　かならず　ひらけるでの。	"???: ""But you mustn't give up. A path will surely open."""		Independent translation from the pinned Japanese GBA script. Preserve original event parameters, protagonist substitutions and page meaning.  Anonymous speaker remains ???.
completion.009a8638	tipper_village	＊「お前さん　両親と　はなればなれに<LF><TAB>なっちまったのう。	"???: ""You've been separated from your parents, haven't you?"""		Independent translation from the pinned Japanese GBA script. Preserve original event parameters, protagonist substitutions and page meaning.  Anonymous speaker remains ???.
completion.009a86bc	tipper_village	＊「とても　他の島へなんて<LF><TAB>行けないよ。	"???: ""There's no way to reach another island."""		Independent translation from the pinned Japanese GBA script. Preserve original event parameters, protagonist substitutions and page meaning.  Anonymous speaker remains ???.
completion.009a86e8	tipper_village	＊「悪いが　これじゃ　ほんの少し先の海で<LF><TAB>漁をするのが　せいぜいさ。	"???: ""Sorry, but this boat can only take us fishing a little way offshore."""		Independent translation from the pinned Japanese GBA script. Preserve original event parameters, protagonist substitutions and page meaning.  Anonymous speaker remains ???.
completion.009a8730	tipper_village	＊「だよな。　これじゃ　せいぜい　毎日<LF><TAB>食べて暮らすための　漁が<LF><TAB>できるだけさ。	"???: ""Right. All we can do with this boat is catch enough fish to get by each day."""		Independent translation from the pinned Japanese GBA script. Preserve original event parameters, protagonist substitutions and page meaning.  Anonymous speaker remains ???.
completion.009a8784	tipper_village	＊「え？　この小舟を<LF><TAB>かしてほしいのかい？	"???: ""Huh? You want to borrow this little boat?"""		Independent translation from the pinned Japanese GBA script. Preserve original event parameters, protagonist substitutions and page meaning.  Anonymous speaker remains ???.
completion.009a8820	tipper_village	＊「まあ　あんな　嵐で　ふたり以外が<LF><TAB>無事だったっていう方が<LF><TAB>おかしいもんな。	"???: ""Well, in a storm like that, it would've been stranger if anyone else had survived."""		Independent translation from the pinned Japanese GBA script. Preserve original event parameters, protagonist substitutions and page meaning.  Anonymous speaker remains ???.
completion.009a8870	tipper_village	＊「え？　イネスとロサの　両親？<LF><TAB>そうだな　ふたりは　気の毒<LF><TAB>だったよ……。	"???: ""Huh? Ines and Rosa's parents? Yes... Those poor two..."""	enemy_rosa,enemy_ines	Independent translation from the pinned Japanese GBA script. Preserve original event parameters, protagonist substitutions and page meaning.  Anonymous speaker remains ???.
completion.009a88c0	tipper_village	＊「きっと　トルネコさんも　今ごろ<LF><TAB>心配して　待ってるだろうよ。	"???: ""I'm sure Torneko's waiting and worrying about you right now."""	torneko	Independent translation from the pinned Japanese GBA script. Preserve original event parameters, protagonist substitutions and page meaning.  Anonymous speaker remains ???.
completion.009a8904	tipper_village	＊「おお　ボウズ。<LF><TAB>元気で　もどってきたのか。	"???: ""Oh, lad! You're back safe and sound!"""		Independent translation from the pinned Japanese GBA script. Preserve original event parameters, protagonist substitutions and page meaning.  Anonymous speaker remains ???.
completion.009a8934	tipper_village	＊「な～に　ボウズの　両親は大丈夫さ。<LF><TAB>この島の　神さまが<LF><TAB>見守ってくださるきに。	"???: ""Don't worry, lad. Your parents are all right. This island's god is watching over them."""		Independent translation from the pinned Japanese GBA script. Preserve original event parameters, protagonist substitutions and page meaning. Speaker's reassurance; not confirmation of unseen events. Anonymous speaker remains ???.
completion.009a8988	tipper_village	＊「昔　ロサや　イネスも<LF><TAB>大嵐で　両親が行方不明に<LF><TAB>なった時　ずいぶん　悲しんだが……	"???: ""Rosa and Ines were heartbroken when their parents vanished in a great storm long ago..."""	enemy_rosa,enemy_ines	Independent translation from the pinned Japanese GBA script. Preserve original event parameters, protagonist substitutions and page meaning.  Anonymous speaker remains ???.
completion.009a89e0	tipper_village	＊「オヤジさんの　後を　旅して行くはずが<LF><TAB>とんだことに　なっちまったようだな。	"???: ""You were meant to be following your father. Things have taken quite a turn."""		Independent translation from the pinned Japanese GBA script. Preserve original event parameters, protagonist substitutions and page meaning.  Anonymous speaker remains ???.
completion.009a8a58	tipper_village	ロサ「まっ　ダンジョンのことで<LF><TAB>分からないことが　あったら<LF><TAB>なんでも　このオイラに　聞いてくれ。	"Rosa: ""Well, if there's anything about dungeons you don't understand, just ask me."""	enemy_rosa,character.castle_john	Independent translation from the pinned Japanese GBA script. Preserve original event parameters, protagonist substitutions and page meaning. 
completion.009a8abc	tipper_village	＊「やあ　ポポロじゃないか。<LF><TAB>お前　ちょっと見ないうちに<LF><TAB>ナマイキそうな　顔つきになったなあ。	"???: ""Hey, Tipper! Haven't seen you in a while. You're looking a bit cheekier!"""	enemy_tipper	Independent translation from the pinned Japanese GBA script. Preserve original event parameters, protagonist substitutions and page meaning.  Anonymous speaker remains ???.
completion.009b47cc	tipper_village	＊「村の小舟も流されちまったからには<LF><TAB>わしの　じびきアミの　ウデを<LF><TAB>若いもんに　見せてやらにゃあ。	"???: ""With the village boat washed away, I'll have to show the youngsters my shore-net skills!"""		Independent translation from the pinned Japanese GBA script. Preserve original event parameters, protagonist substitutions and page meaning.  Anonymous speaker remains ???.
completion.009b4830	tipper_village	＊「わしゃ　今度ばっかりは<LF><TAB>あの世からの　おむかえが来たと<LF><TAB>思ったわい！　ほっほっほ。	"???: ""I really thought the next world had come to fetch me this time! Ho ho ho!"""		Independent translation from the pinned Japanese GBA script. Preserve original event parameters, protagonist substitutions and page meaning.  Anonymous speaker remains ???.
completion.009b48a0	tipper_village	＊「なにか　記憶のすみに<LF><TAB>気にかかることも　ある気がするけれど<LF><TAB>トシのせいで　はっきりしなくてねえ。	"???: ""Something at the edge of my memory troubles me, but at my age, I can't quite recall it."""		Independent translation from the pinned Japanese GBA script. Preserve original event parameters, protagonist substitutions and page meaning.  Anonymous speaker remains ???.
completion.009b4908	tipper_village	＊「あの嵐が　あの世からの　おむかえじゃ<LF><TAB>なかったのなら　いったい<LF><TAB>なんだったんですかのう。	"???: ""If that storm wasn't the next world coming to fetch us, what on earth was it?"""		Independent translation from the pinned Japanese GBA script. Preserve original event parameters, protagonist substitutions and page meaning.  Anonymous speaker remains ???.
completion.009b4998	tipper_village	＊「私には　ポポロちゃんのことも<LF><TAB>神さまの　おみちびきのような<LF><TAB>気がしてるんですよ。	"???: ""I feel that what's happening to Tipper may be divine guidance, too."""	enemy_tipper	Independent translation from the pinned Japanese GBA script. Preserve original event parameters, protagonist substitutions and page meaning.  Anonymous speaker remains ???.
completion.009b49f0	tipper_village	＊「ポポロちゃんは　どうして　ひとりで<LF><TAB>旅に出る　決心を　したのかしら？	"???: ""I wonder why Tipper decided to set out on his own."""	enemy_tipper	Independent translation from the pinned Japanese GBA script. Preserve original event parameters, protagonist substitutions and page meaning.  Anonymous speaker remains ???.
completion.009b4a4c	tipper_village	＊「ポポロちゃんも　大変な決心を<LF><TAB>したもんだねえ。　きっと　お父さんは<LF><TAB>ほこりに　思っていなさるわ。	"???: ""What a brave decision Tipper has made. His father must be proud."""	enemy_tipper	Independent translation from the pinned Japanese GBA script. Preserve original event parameters, protagonist substitutions and page meaning.  Anonymous speaker remains ???.
completion.009c4aa8	tipper_awakening	族長「では　後ほど……。	"Chief: ""Well then, until later..."""		Independent translation from the pinned Japanese GBA script. Preserve original event parameters, protagonist substitutions and page meaning. 
completion.009c4ac4	tipper_awakening	族長「今夜は　村をあげて　お祝いを<LF><TAB>させてもらいますでな。　ご家族<LF><TAB>そろって　楽しんでくだされよ。	"Chief: ""The whole village will celebrate tonight. Please enjoy it with your family."""		Independent translation from the pinned Japanese GBA script. Preserve original event parameters, protagonist substitutions and page meaning. 
completion.009c4b28	tipper_awakening	族長「トルネコどの。　奥方。<LF><TAB>ポポロどのの　目が覚めて<LF><TAB>本当に　よかったですな。	"Chief: ""Torneko, madam. I am so glad Tipper has awakened."""	torneko,enemy_tipper	Independent translation from the pinned Japanese GBA script. Preserve original event parameters, protagonist substitutions and page meaning. 
completion.009c4b7c	tipper_awakening	族長「おお　そうでしたな。<LF><TAB>では　わしの家へ　どうぞ。	"Chief: ""Oh, of course. Please come to my house."""		Independent translation from the pinned Japanese GBA script. Preserve original event parameters, protagonist substitutions and page meaning. 
completion.009c4bb4	tipper_awakening	占いババ「さてと　わしは　族長どのと<LF><TAB>話を　させてもらおうかね。	"Fortune-teller: ""Well now, I think I'll have a word with the chief."""	role.fortune_teller	Independent translation from the pinned Japanese GBA script. Preserve original event parameters, protagonist substitutions and page meaning. 
completion.009c4bf8	tipper_awakening	占いババ「まあまあ　ゆっくり<LF><TAB>考えればええ。　ともかく　しばらくは<LF><TAB>安静に　しておくようにな。	"Fortune-teller: ""Take your time remembering. For now, you must rest quietly."""	role.fortune_teller	Independent translation from the pinned Japanese GBA script. Preserve original event parameters, protagonist substitutions and page meaning. 
completion.009c4c58	tipper_awakening	ポポロ「え？　ずっと　眠ってたの？<LF><TAB>そういえば　なんだか　夢を<LF><TAB>見てたような……。	"Tipper: ""Huh? I've been asleep all this time? I do seem to remember a dream..."""	enemy_tipper	Independent translation from the pinned Japanese GBA script. Preserve original event parameters, protagonist substitutions and page meaning. 
completion.009c4cac	tipper_awakening	ネネ「もう　ずっとずっと<LF><TAB>心配してたのよ！　あなた　もう<LF><TAB>何ヶ月も　眠ったままで……	"Tessie: ""We've been so terribly worried! You were asleep for months and months..."""		Independent translation from the pinned Japanese GBA script. Preserve original event parameters, protagonist substitutions and page meaning. 
completion.009c4d04	tipper_awakening	ネネ「ポポロ！！<LF><TAB>よかった！　目が　覚めたのねっ！	"Tessie: ""Tipper!! Oh, thank goodness! You're awake!"""	enemy_tipper	Independent translation from the pinned Japanese GBA script. Preserve original event parameters, protagonist substitutions and page meaning. 
completion.009c4d38	tipper_awakening	ポポロ「あ　あれ？　ここは？<LF><TAB>ボク　どうしたんだっけ？	"Tipper: ""H-huh? Where am I? What happened to me?"""	enemy_tipper	Independent translation from the pinned Japanese GBA script. Preserve original event parameters, protagonist substitutions and page meaning. 
completion.009c4d70	tipper_awakening	占いババ「おお　この者に　かけられし<LF><TAB>呪いか　または　魔法か　その力を<LF><TAB>すべて　消しさらん！！	"Fortune-teller: ""Be it curse or spell upon this child, let all its power be swept away!"""	role.fortune_teller	Independent translation from the pinned Japanese GBA script. Preserve original event parameters, protagonist substitutions and page meaning. Unnamed incantation; not assigned an official spell identity.
completion.009c4dd0	tipper_awakening	占いババ「おっといかん！　こりゃ<LF><TAB>あの時の　ホレ薬だったわい。	"Fortune-teller: ""Whoops! Oh, dear! That was the love potion from before!"""	role.fortune_teller	Independent translation from the pinned Japanese GBA script. Preserve original event parameters, protagonist substitutions and page meaning. Retain accidental use of the earlier potion and its story connection.
completion.009c4e10	tipper_awakening	占いババ「では　さっそく　始めるよ。<LF><TAB>ほれっ！	"Fortune-teller: ""Let's begin at once. There!"""	role.fortune_teller	Independent translation from the pinned Japanese GBA script. Preserve original event parameters, protagonist substitutions and page meaning. 
completion.009c4e40	tipper_awakening	占いババ「まずは　このクスリの粉を<LF><TAB>ふりかけてから　魔法で効果を<LF><TAB>強めなくては　だめじゃろう。	"Fortune-teller: ""First, I'll sprinkle this powder over him, then strengthen its effect with magic."""	role.fortune_teller	Independent translation from the pinned Japanese GBA script. Preserve original event parameters, protagonist substitutions and page meaning. 
completion.009c4ea0	tipper_awakening	占いババ「これは　たしかに　クスリを<LF><TAB>のませただけでは　目を<LF><TAB>覚ましそうに　ないね……	"Fortune-teller: ""Yes, it seems medicine alone won't wake him..."""	role.fortune_teller	Independent translation from the pinned Japanese GBA script. Preserve original event parameters, protagonist substitutions and page meaning. 
completion.009c4ef8	tipper_awakening	占いババ「ぶつかりあって<LF><TAB>ポポロを　眠らせたままに<LF><TAB>していたのかもしれん。	"Fortune-teller: ""...may have been clashing, keeping Tipper asleep."""	enemy_tipper,role.fortune_teller	Independent translation from the pinned Japanese GBA script. Preserve original event parameters, protagonist substitutions and page meaning. Continues the preceding page about the sealing spell and his resistance.
completion.009c4f44	tipper_awakening	占いババ「わしの占いでは　はっきりとは<LF><TAB>分からんが　邪悪な封印の呪文と<LF><TAB>それにさからうポポロの意思とが……	"Fortune-teller: ""My divination is unclear, but an evil sealing spell and Tipper's will to resist it..."""	enemy_tipper,role.fortune_teller	Independent translation from the pinned Japanese GBA script. Preserve original event parameters, protagonist substitutions and page meaning. 
completion.009c4fb0	tipper_awakening	占いババ「かつて　勇者をおそれ<LF><TAB>魔王が　そのチカラを封印しようと<LF><TAB>したような　なにか……	"Fortune-teller: ""Like when the Demon King feared a hero and tried to seal away that hero's power..."""	role.fortune_teller,lore.demon_king	Independent translation from the pinned Japanese GBA script. Preserve original event parameters, protagonist substitutions and page meaning. Generic story title; no unstated series villain identity supplied.
completion.009c500c	tipper_awakening	占いババ「この子は　もしや<LF><TAB>トルネコどのとは　ちがう　特別な<LF><TAB>素質をもっているのかもしれん。	"Fortune-teller: ""Perhaps this boy has a special gift, different from Torneko's."""	torneko,role.fortune_teller	Independent translation from the pinned Japanese GBA script. Preserve original event parameters, protagonist substitutions and page meaning. 
completion.009c506c	tipper_awakening	占いババ「なにか　邪悪な意思が<LF><TAB>ポポロに　秘められたチカラを<LF><TAB>おさえこもうとしているような……	"Fortune-teller: ""As if some evil will is trying to suppress the power hidden within Tipper..."""	enemy_tipper,role.fortune_teller	Independent translation from the pinned Japanese GBA script. Preserve original event parameters, protagonist substitutions and page meaning. 
completion.009c50cc	tipper_awakening	占いババ「むっ……　なにやら<LF><TAB>邪悪な気配を　感じるね。<LF><TAB>これは……	"Fortune-teller: ""Hmm... I sense something evil here. This is..."""	role.fortune_teller	Independent translation from the pinned Japanese GBA script. Preserve original event parameters, protagonist substitutions and page meaning. 
completion.009c5110	tipper_awakening	占いババ「ふむふむ　この子が<LF><TAB>ポポロだね。　なるほど……	"Fortune-teller: ""Hmm, so this boy is Tipper. I see..."""	enemy_tipper,role.fortune_teller	Independent translation from the pinned Japanese GBA script. Preserve original event parameters, protagonist substitutions and page meaning. 
completion.009c53dc	tipper_awakening	イネス「大丈夫。　あなたなら　きっと<LF><TAB>お父さんの　所へ　行けるわよ。<LF><TAB>トルネコさんの　息子ですもの。	"Ines: ""Don't worry. You'll reach your father, I'm sure. You are Torneko's son, after all."""	torneko,enemy_ines	Independent translation from the pinned Japanese GBA script. Preserve original event parameters, protagonist substitutions and page meaning. 
completion.009c5444	tipper_awakening	イネス「あら　こんにちは。<LF><TAB>いよいよ　冒険のウデを<LF><TAB>みがくのね。	"Ines: ""Oh, hello. So you're finally going to hone your adventuring skills."""	enemy_ines	Independent translation from the pinned Japanese GBA script. Preserve original event parameters, protagonist substitutions and page meaning. 
completion.009c54a0	tipper_awakening	イネス「本当は　私も　手伝いたいんだけど<LF><TAB>あまり　村から　出ていられなくて……<LF><TAB>ごめんなさい。	"Ines: ""I'd like to help, but I can't stay away from the village for long... I'm sorry."""	enemy_ines	Independent translation from the pinned Japanese GBA script. Preserve original event parameters, protagonist substitutions and page meaning. 
completion.009c5500	tipper_awakening	イネス「あら　こんにちは。<LF><TAB>さっそく　ダンジョンを<LF><TAB>冒険してるのね。	"Ines: ""Oh, hello. You're already exploring dungeons, then."""	enemy_ines,character.castle_john	Independent translation from the pinned Japanese GBA script. Preserve original event parameters, protagonist substitutions and page meaning. 
completion.009c5568	tipper_awakening	イネス「それとも　未だに　この世界を<LF><TAB>邪悪な何者かが　ねらっていると<LF><TAB>いうのかしら……。	"Ines: ""Or does some evil being still have its sights on this world...?"""	enemy_ines	Independent translation from the pinned Japanese GBA script. Preserve original event parameters, protagonist substitutions and page meaning. 
completion.009c55c4	tipper_awakening	イネス「まるで　神々のほこらの<LF><TAB>真実のトビラが　あなたを<LF><TAB>いざなっているみたい。	"Ines: ""It's as if the Gate of Truth in the Shrine of the Gods is calling to you."""	enemy_ines,place.shrine_of_the_gods,lore.gate_of_truth	Independent translation from the pinned Japanese GBA script. Preserve original event parameters, protagonist substitutions and page meaning. 
completion.009c5618	tipper_awakening	イネス「トルネコさんの　通った道が<LF><TAB>閉ざされてしまったなんて……	"Ines: ""The path Torneko took has been closed off..."""	torneko,enemy_ines	Independent translation from the pinned Japanese GBA script. Preserve original event parameters, protagonist substitutions and page meaning. 
completion.009c5684	tipper_awakening	＊「まるで　ちょっと前まで<LF><TAB>村人が　住んでいたかのようだ。	"???: ""It's as though villagers were living here until just recently."""		Independent translation from the pinned Japanese GBA script. Preserve original event parameters, protagonist substitutions and page meaning.  Anonymous speaker remains ???.
completion.009c56c0	tipper_awakening	＊「こんな　果ての村に　りっぱな<LF><TAB>宿があるとは　おどろきだな。	"???: ""I'm surprised to find such a fine inn in a village this remote."""		Independent translation from the pinned Japanese GBA script. Preserve original event parameters, protagonist substitutions and page meaning.  Anonymous speaker remains ???.
completion.009d7324	tipper_departure	族長「では　気をつけて行くのだぞ。<LF><TAB>小さな洞くつ　とはいえ<LF><TAB>油断は　禁物じゃからな。	"Chief: ""Take care out there. Even a small cave is no place to let down your guard."""		Independent translation from the pinned Japanese GBA script. Preserve original event parameters, protagonist substitutions and page meaning. 
completion.009d737c	tipper_departure	族長「トルネコどのの　道程を　たどるのは<LF><TAB>そなたのチカラを見きわめてからでも<LF><TAB>遅くはあるまい。	"Chief: ""There is no need to follow Torneko's route until we've seen what you can do."""	torneko	Independent translation from the pinned Japanese GBA script. Preserve original event parameters, protagonist substitutions and page meaning. 
completion.009d73dc	tipper_departure	族長「村のまわりに出現する　ほら穴で<LF><TAB>そのチカラに　ひかれる魔物も<LF><TAB>いるかもしれんぞ。	"Chief: ""In the caves around the village, some monsters may be drawn to that power."""		Independent translation from the pinned Japanese GBA script. Preserve original event parameters, protagonist substitutions and page meaning. 
completion.009d7434	tipper_departure	族長「占いババどのの薬が<LF><TAB>そなたの　特別なチカラを<LF><TAB>引き出すかもしれんからな。	"Chief: ""The fortune-teller's medicine may bring out your special power."""	role.fortune_teller	Independent translation from the pinned Japanese GBA script. Preserve original event parameters, protagonist substitutions and page meaning. 
completion.009d7484	tipper_departure	族長「まずは　この島を歩き<LF><TAB>あまり深くない　ダンジョンで<LF><TAB>ウデを　みがくことじゃ。	"Chief: ""First, explore this island and hone your skills in some shallow dungeons."""	character.castle_john	Independent translation from the pinned Japanese GBA script. Preserve original event parameters, protagonist substitutions and page meaning. 
completion.009d74d8	tipper_departure	族長「わしが　責任をもって　そなたを<LF><TAB>あずかったからには　やすやすと<LF><TAB>旅立たせるわけに　いかんからのう。	"Chief: ""Your parents entrusted you to my care. I cannot let you set out so lightly."""		Independent translation from the pinned Japanese GBA script. Preserve original event parameters, protagonist substitutions and page meaning. 
completion.009d7544	tipper_departure	族長「ずっと　この村にいて　たいくつ<LF><TAB>したじゃろうが　これも　ご両親との<LF><TAB>約束のため。	"Chief: ""You must be bored staying in the village, but I made a promise to your parents."""		Independent translation from the pinned Japanese GBA script. Preserve original event parameters, protagonist substitutions and page meaning. 
completion.009d759c	tipper_departure	族長「ふむ……　じつは　そろそろ<LF><TAB>そなたも　外へ　冒険に出て<LF><TAB>よい頃かと　思っておるのじゃよ。	"Chief: ""Hmm... Actually, I think it may be time to let you venture outside."""		Independent translation from the pinned Japanese GBA script. Preserve original event parameters, protagonist substitutions and page meaning. 
completion.009d75fc	tipper_departure	族長「ご両親と　占いババどのが<LF><TAB>出発してから　はや　３日。<LF><TAB>ここの生活にも　なれてきたかね？	"Chief: ""It has been three days since your parents and the fortune-teller left. Settling in?"""	role.fortune_teller	Independent translation from the pinned Japanese GBA script. Preserve original event parameters, protagonist substitutions and page meaning. 
completion.009d765c	tipper_departure	族長「ポポロや　目が覚めたかね？<LF><TAB>まあ　そこに　座りなさい。	"Chief: ""Tipper, are you awake? Come, sit down."""	enemy_tipper	Independent translation from the pinned Japanese GBA script. Preserve original event parameters, protagonist substitutions and page meaning. 
completion.009d77fc	tipper_departure	＊「おや　お手伝いをしてくれるの？<LF><TAB>ポポロちゃんは　やさしい子ねえ。	"???: ""Oh, will you help me? You're such a kind boy, Tipper."""	enemy_tipper	Independent translation from the pinned Japanese GBA script. Preserve original event parameters, protagonist substitutions and page meaning.  Anonymous speaker remains ???.
completion.009d7844	tipper_departure	＊「と　思ったら　持ち物が<LF><TAB>いっぱいだったようね。<LF><TAB>また　あとで　いらっしゃいな。	"???: ""Oh, but your bag seems to be full. Come back later."""		Independent translation from the pinned Japanese GBA script. Preserve original event parameters, protagonist substitutions and page meaning.  Anonymous speaker remains ???.
completion.009d7898	tipper_departure	＊「さあ　やきたての　パンを<LF><TAB>もってお行き。	"???: ""Here, take some freshly baked Bread with you."""	bread	Independent translation from the pinned Japanese GBA script. Preserve original event parameters, protagonist substitutions and page meaning. Existing item name retained; no new bread variant introduced. Anonymous speaker remains ???.
completion.009d78c8	tipper_departure	＊「ポポロちゃんが　来てくれて<LF><TAB>おばちゃんは　うれしいよ。	"???: ""I'm so glad you've come to stay, Tipper."""	enemy_tipper	Independent translation from the pinned Japanese GBA script. Preserve original event parameters, protagonist substitutions and page meaning.  Anonymous speaker remains ???.
completion.009d7964	tipper_departure	族長「では　神々のほこらの　番人に<LF><TAB>入り口を　開けるよう　伝えておこう。<LF><TAB>気をつけて　ゆくのだぞ。	"Chief: ""I'll tell the Shrine of the Gods' keeper to open the entrance. Take care out there."""	place.shrine_of_the_gods	Independent translation from the pinned Japanese GBA script. Preserve original event parameters, protagonist substitutions and page meaning. 
completion.009d79c8	tipper_departure	族長「そろそろ　トルネコどのの<LF><TAB>後を　追っても　よい頃かもしれんな。<LF><TAB>ふむ……	"Chief: ""Perhaps it is time for you to follow Torneko. Hmm..."""	torneko	Independent translation from the pinned Japanese GBA script. Preserve original event parameters, protagonist substitutions and page meaning. 
completion.009d7a18	tipper_departure	族長「なんにせよ　そなたにとって<LF><TAB>心強い仲間となるなら<LF><TAB>よろこばしいことじゃ。	"Chief: ""Whatever the reason, I'm glad you have a reliable companion."""		Independent translation from the pinned Japanese GBA script. Preserve original event parameters, protagonist substitutions and page meaning. 
completion.009d7a68	tipper_departure	族長「占いババどのが　まちがって<LF><TAB>そなたに　かけた薬のせいも<LF><TAB>あるかもしれんがのう。ほっほっほ。	"Chief: ""The medicine the fortune-teller put on you by mistake may play a part, too. Ho ho ho!"""	role.fortune_teller	Independent translation from the pinned Japanese GBA script. Preserve original event parameters, protagonist substitutions and page meaning. 
completion.009d7acc	tipper_departure	族長「なるほど　魔物までも<LF><TAB>改心させるという　その純粋な<LF><TAB>心が　そうであったか。	"Chief: ""I see. A heart so pure it can reform even monsters. So that is your gift."""		Independent translation from the pinned Japanese GBA script. Preserve original event parameters, protagonist substitutions and page meaning. 
completion.009d7b20	tipper_departure	族長「うむ。　そなたには　なにか<LF><TAB>特別なチカラが　宿ると<LF><TAB>占いババどのが　言っておったが…	"Chief: ""Yes. The fortune-teller said some special power dwells within you..."""	role.fortune_teller	Independent translation from the pinned Japanese GBA script. Preserve original event parameters, protagonist substitutions and page meaning. 
completion.009d7b7c	tipper_departure	族長「ふむふむ……　ダンジョンで<LF><TAB>魔物が　そなたの　仲間に<LF><TAB>なったと……？	"Chief: ""Hmm... A monster in a dungeon became your companion, you say?"""	character.castle_john	Independent translation from the pinned Japanese GBA script. Preserve original event parameters, protagonist substitutions and page meaning. 
completion.009d7bc8	tipper_departure	族長「おや　ポポロ　もどったのかい。<LF><TAB>うん？　どうしたね。　なにやら<LF><TAB>言いたげな　顔をして。	"Chief: ""Oh, Tipper, you're back. Hmm? What is it? You look as if you have something to say."""	enemy_tipper	Independent translation from the pinned Japanese GBA script. Preserve original event parameters, protagonist substitutions and page meaning. 
completion.009d7d08	tipper_departure	族長「トルネコどのが　一度　通った道<LF><TAB>とはいえ　油断は禁物。<LF><TAB>気をつけて　ゆくのだぞ。	"Chief: ""Torneko has traveled that path, but you must still be careful. Take care out there."""	torneko	Independent translation from the pinned Japanese GBA script. Preserve original event parameters, protagonist substitutions and page meaning. 
completion.009d7d60	tipper_departure	族長「おお　ポポロ　もどったのかね。<LF><TAB>なにやら　たのもしい顔つきに<LF><TAB>なってきたようじゃな。	"Chief: ""Ah, Tipper, you're back. You're starting to look quite dependable."""	enemy_tipper	Independent translation from the pinned Japanese GBA script. Preserve original event parameters, protagonist substitutions and page meaning. 
completion.009d808c	tipper_departure	族長「そなたは　この　バリナボから<LF><TAB>初めて　真実のトビラを<LF><TAB>ひらいた者　なのじゃからな。	"Chief: ""You are the first from Barinabo to open the Gate of Truth."""	place.barinabo,lore.gate_of_truth	Independent translation from the pinned Japanese GBA script. Preserve original event parameters, protagonist substitutions and page meaning. 
completion.009d80e8	tipper_departure	族長「しかし　どうか　最後まで<LF><TAB>くじけずに　がんばってほしい。	"Chief: ""But please, stay strong and see your journey through."""		Independent translation from the pinned Japanese GBA script. Preserve original event parameters, protagonist substitutions and page meaning. 
completion.009d8128	tipper_departure	族長「おそらく　思い通りにならないことも<LF><TAB>たくさん　あろう。　くやしい思いも<LF><TAB>したのではないか？	"Chief: ""Many things must not go as you wish. You have surely felt frustrated at times."""		Independent translation from the pinned Japanese GBA script. Preserve original event parameters, protagonist substitutions and page meaning. 
completion.009d818c	tipper_departure	族長「おお　ポポロではないか！<LF><TAB>旅は　順調かな？	"Chief: ""Ah, Tipper! Is your journey going well?"""	enemy_tipper	Independent translation from the pinned Japanese GBA script. Preserve original event parameters, protagonist substitutions and page meaning. 
completion.009d81c0	tipper_departure	族長「そのときには　われわれ<LF><TAB>バリナボの民の　長い使命も<LF><TAB>終わっているはずじゃ。	"Chief: ""By then, the long mission of our people of Barinabo should also be at an end."""	place.barinabo	Independent translation from the pinned Japanese GBA script. Preserve original event parameters, protagonist substitutions and page meaning. 
completion.009d8214	tipper_departure	族長「この　バリナボの地の<LF><TAB>本当の姿も　見ることが<LF><TAB>できるであろう。	"Chief: ""...you will be able to see the true form of this land of Barinabo, too."""	place.barinabo	Independent translation from the pinned Japanese GBA script. Preserve original event parameters, protagonist substitutions and page meaning. Continues the preceding page's future condition.
completion.009d825c	tipper_departure	族長「時に　真実とは　きびしいものじゃ。<LF><TAB>そなたが　はるか北の地に<LF><TAB>たどりついたとき……	"Chief: ""Truth can sometimes be harsh. When you reach the land far to the north..."""		Independent translation from the pinned Japanese GBA script. Preserve original event parameters, protagonist substitutions and page meaning. 
completion.009d82b8	tipper_departure	族長「それを　北のほこらのトビラに<LF><TAB>はめこむのじゃ。　さすれば<LF><TAB>真実の道が　ひらかれよう。	"Chief: ""Fit it into the door of the northern shrine. Then the way to truth will open."""		Independent translation from the pinned Japanese GBA script. Preserve original event parameters, protagonist substitutions and page meaning. Descriptive path, not an invented dungeon name or the distinct divine path.
completion.009d8314	tipper_departure	族長「すこし　持ちものを　使うか<LF><TAB>いらないものがあれば　すててから<LF><TAB>また　来るがよい。	"Chief: ""Use a few items, or discard anything you do not need, then come back."""		Independent translation from the pinned Japanese GBA script. Preserve original event parameters, protagonist substitutions and page meaning. 
completion.009d836c	tipper_departure	族長「むむ？　なんと　そなたは<LF><TAB>それ以上　持てないようじゃな。	"Chief: ""Hmm? Oh, you cannot carry anything more."""		Independent translation from the pinned Japanese GBA script. Preserve original event parameters, protagonist substitutions and page meaning. 
completion.009d83ac	tipper_departure	族長「さあ　行くがいい。<LF><TAB>もはや　そなたには　真実に立ち向かう<LF><TAB>勇気が　あるのじゃからな。	"Chief: ""Now, go. You already have the courage to face the truth."""		Independent translation from the pinned Japanese GBA script. Preserve original event parameters, protagonist substitutions and page meaning. 
completion.009d8408	tipper_departure	族長「これは　うみどりの爪　といってな<LF><TAB>きっと　そなたの役に立つじゃろう。	"Chief: ""These are Seabird claws. I'm certain they will serve you well."""	combined_item_041	Independent translation from the pinned Japanese GBA script. Preserve original event parameters, protagonist substitutions and page meaning. Existing reviewed weapon identity and plural English form.
completion.009d8454	tipper_departure	族長「そして　ポポロよ……。<LF><TAB>旅立つ前に　バリナボに伝わる<LF><TAB>この武器をさずけよう。	"Chief: ""And Tipper... Before you leave, I shall give you this weapon, handed down in Barinabo."""	enemy_tipper,place.barinabo	Independent translation from the pinned Japanese GBA script. Preserve original event parameters, protagonist substitutions and page meaning. 
completion.009d84a8	tipper_departure	族長「そなたたち　ふたりのチカラがあって<LF><TAB>はじめて　この世をつつむ暗黒に<LF><TAB>立ち向かえるのじゃ。	"Chief: ""Only with both your powers can you face the darkness that shrouds this world."""		Independent translation from the pinned Japanese GBA script. Preserve original event parameters, protagonist substitutions and page meaning. 
completion.009d8508	tipper_departure	族長「しかし　決して　あきらめず<LF><TAB>奥へ　進めば　きっと　トルネコどのの<LF><TAB>もとへ　たどり着けるはず。	"Chief: ""But never give up. Keep going, and you will surely reach Torneko."""	torneko	Independent translation from the pinned Japanese GBA script. Preserve original event parameters, protagonist substitutions and page meaning. 
completion.009d856c	tipper_departure	族長「そして　ポポロよ。<LF><TAB>そのトビラを　くぐった時　さらなる<LF><TAB>苦難が　そなたを　待ち受けるだろう。	"Chief: ""And Tipper, once you pass through that door, greater hardships will await you."""	enemy_tipper	Independent translation from the pinned Japanese GBA script. Preserve original event parameters, protagonist substitutions and page meaning. 
completion.009d85d0	tipper_departure	族長「それを　北のほこらの　奥のトビラに<LF><TAB>はめこむのじゃ。　さすれば<LF><TAB>真実の道が　ひらかれよう。	"Chief: ""Fit it into the door deep inside the northern shrine. Then the way to truth will open."""		Independent translation from the pinned Japanese GBA script. Preserve original event parameters, protagonist substitutions and page meaning. 
completion.009d8634	tipper_departure	族長「神々の星が　地を照らすとき<LF><TAB>真実のトビラは　開かれる。	"Chief: ""When the Star of the Gods lights the earth, the Gate of Truth shall open."""	lore.gate_of_truth,lore.star_of_the_gods	Independent translation from the pinned Japanese GBA script. Preserve original event parameters, protagonist substitutions and page meaning. 
completion.009d8674	tipper_departure	ポポロは　神々の星を　手に入れた！	Tipper obtained the Star of the Gods!	enemy_tipper,lore.star_of_the_gods	Independent translation from the pinned Japanese GBA script. Preserve original event parameters, protagonist substitutions and page meaning. 
completion.009d8698	tipper_departure	族長は　キラキラと輝く<LF>小さな宝石を　とりだした。	The chief took out a small, sparkling jewel.		Independent translation from the pinned Japanese GBA script. Preserve original event parameters, protagonist substitutions and page meaning. 
completion.009d86cc	tipper_departure	族長「わしの疑問も　やっと解けたわい。<LF><TAB>いいだろう。　そなたに　この<LF><TAB>神々の星を　さずけよう！	"Chief: ""At last, my questions are answered. Very well. I shall give you this Star of the Gods!"""	lore.star_of_the_gods	Independent translation from the pinned Japanese GBA script. Preserve original event parameters, protagonist substitutions and page meaning. 
completion.009d872c	tipper_departure	族長「そして　なぜ　大地の神は<LF><TAB>そなたを　この地へ　みちびいたのか……	"Chief: ""And why the Earth God guided you to this land..."""	lore.earth_god	Independent translation from the pinned Japanese GBA script. Preserve original event parameters, protagonist substitutions and page meaning. 
completion.009d8774	tipper_departure	族長「そなたが　なぜ　邪悪な魔法で<LF><TAB>眠らされたのか	"Chief: ""Why you were put to sleep by evil magic..."""		Independent translation from the pinned Japanese GBA script. Preserve original event parameters, protagonist substitutions and page meaning. 
completion.009d87a8	tipper_departure	族長「なるほど。　その勇者たる精神は<LF><TAB>はるか昔より　邪悪な意志が<LF><TAB>もっとも　忌みきらうもの。	"Chief: ""I see. Since ancient times, that heroic spirit is what evil has hated most."""		Independent translation from the pinned Japanese GBA script. Preserve original event parameters, protagonist substitutions and page meaning. 
completion.009d8808	tipper_departure	族長「ご両親をも　その危険から<LF><TAB>守りたいと思ってのこと<LF><TAB>だったのじゃな。	"Chief: ""You wished to protect your parents from that danger, too."""		Independent translation from the pinned Japanese GBA script. Preserve original event parameters, protagonist substitutions and page meaning. 
completion.009d8854	tipper_departure	族長「しかも　そなたが　ひとりで<LF><TAB>旅立つというのは……	"Chief: ""And the reason you decided to travel alone..."""		Independent translation from the pinned Japanese GBA script. Preserve original event parameters, protagonist substitutions and page meaning. 
completion.009d888c	tipper_departure	族長「うむ……　やはりそうであったか。<LF><TAB>まだ　そのように幼い身で<LF><TAB>暗黒に立ち向かう　かくごを……。	"Chief: ""Hmm... So it was as I thought. So young, yet resolved to face the darkness..."""		Independent translation from the pinned Japanese GBA script. Preserve original event parameters, protagonist substitutions and page meaning. 
completion.009d88f0	tipper_departure	族長「予言したものであったことを<LF><TAB>記憶しておるだろう？	"Chief: ""...foretold that fate. You remember that, don't you?"""		Independent translation from the pinned Japanese GBA script. Preserve original event parameters, protagonist substitutions and page meaning. Completes the preceding page about the dream's prophecy.
completion.009d8928	tipper_departure	族長「しかし　おぼろげには　その夢が<LF><TAB>世界を　暗黒につつむことを	"Chief: ""But you vaguely recall that dream, of the world shrouded in darkness..."""		Independent translation from the pinned Japanese GBA script. Preserve original event parameters, protagonist substitutions and page meaning. Pairs with 009D88F0; retain vague memory, not certainty.
completion.009d896c	tipper_departure	族長「ふむ　あまり　おぼえておらぬか。<LF><TAB>無理もあるまい。　あれだけのことが<LF><TAB>あったのじゃからな。	"Chief: ""Hmm, you don't remember much? No wonder, after all you've been through."""		Independent translation from the pinned Japanese GBA script. Preserve original event parameters, protagonist substitutions and page meaning. 
completion.009d89d0	tipper_departure	族長「ズバリ　聞こう！　そなたが<LF><TAB>長い眠りから目覚める前に　見た夢とは<LF><TAB>世界が暗黒に　つつまれるものでは？	"Chief: ""Let me ask plainly. Before you woke from your long sleep, did you dream of a world in darkness?"""		Independent translation from the pinned Japanese GBA script. Preserve original event parameters, protagonist substitutions and page meaning. 
completion.009d8a3c	tipper_departure	族長「闇のキリで　大地を包み<LF><TAB>人びとを　絶望させたまま<LF><TAB>魔王にささげようとした悪魔じゃ。	"Chief: ""A fiend who sought to shroud the land in dark mist and offer its despairing people to his master."""	lore.demon_king	Independent translation from the pinned Japanese GBA script. Preserve original event parameters, protagonist substitutions and page meaning. The master is the Demon King identified on the preceding page.
completion.009d8a98	tipper_departure	族長「おそらくは……　神が封印した<LF><TAB>魔王の臣下　ヘルジャスティス。	"Chief: ""Most likely... Hell Justice, the Demon King's servant, whom the god sealed away."""	enemy_hell_justice,lore.demon_king	Independent translation from the pinned Japanese GBA script. Preserve original event parameters, protagonist substitutions and page meaning. Do not identify an unstated series villain as the Demon King.
completion.009d8adc	tipper_departure	族長「どうやら　世界のどこかに<LF><TAB>邪悪な意志が　復活しつつ<LF><TAB>あるようじゃな。	"Chief: ""It seems an evil will is returning somewhere in the world."""		Independent translation from the pinned Japanese GBA script. Preserve original event parameters, protagonist substitutions and page meaning. 
completion.009d8b28	tipper_departure	族長「う～む。　なんということじゃ。<LF><TAB>神が残された　海竜の聖火が<LF><TAB>消されてしまったというのか……。	"Chief: ""Hmm... How can this be? The Sea Dragon's sacred flame, left by the god, has been put out...?"""	lore.sea_dragon_flame	Independent translation from the pinned Japanese GBA script. Preserve original event parameters, protagonist substitutions and page meaning. 
completion.009d8b8c	tipper_departure	族長「うん？　なんと？<LF><TAB>トルネコどのの　通った道が<LF><TAB>閉ざされてしまったというのか？	"Chief: ""Hmm? What? The path Torneko took has been closed off?"""	torneko	Independent translation from the pinned Japanese GBA script. Preserve original event parameters, protagonist substitutions and page meaning. 
completion.009d8be0	tipper_departure	族長「やや　ポポロ　どうしたのだ？<LF><TAB>顔色が　よくないぞ。	"Chief: ""Oh, Tipper, what is wrong? You look pale."""	enemy_tipper	Independent translation from the pinned Japanese GBA script. Preserve original event parameters, protagonist substitutions and page meaning. 
completion.009d8ce4	tipper_departure	＊「ポポロちゃんのことが　心配だよ。<LF><TAB>どうか　気をつけて　行っておいで。	"???: ""I'm worried about you, Tipper. Please be careful out there."""	enemy_tipper	Independent translation from the pinned Japanese GBA script. Preserve original event parameters, protagonist substitutions and page meaning.  Anonymous speaker remains ???.
completion.009d8d58	tipper_departure	＊「幸い　協力して下さる方も　おるし<LF><TAB>なんとか　生きているうちには<LF><TAB>もとの村の姿を　取りもどせそうじゃ。	"???: ""Luckily, we have help. We should be able to restore the village within my lifetime."""		Independent translation from the pinned Japanese GBA script. Preserve original event parameters, protagonist substitutions and page meaning.  Anonymous speaker remains ???.
completion.009d8dc4	tipper_departure	＊「思いきって　この村を　建て直すため<LF><TAB>帰ってきたのだよ。	"???: ""I finally made up my mind and came back to rebuild this village."""		Independent translation from the pinned Japanese GBA script. Preserve original event parameters, protagonist substitutions and page meaning.  Anonymous speaker remains ???.
completion.009d8e00	tipper_departure	＊「わけあって　長い間　ここを<LF><TAB>はなれていたのだが……。	"???: ""For certain reasons, I was away from here for a long time..."""		Independent translation from the pinned Japanese GBA script. Preserve original event parameters, protagonist substitutions and page meaning.  Anonymous speaker remains ???.
completion.009d8e3c	tipper_departure	＊「はて　どこかで　お会いしましたかな？<LF><TAB>わしは　かつて　この村を治めていた<LF><TAB>族長の家の者じゃ。	"???: ""Hmm, have we met somewhere? I belong to the family of the chief who once ruled this village."""		Independent translation from the pinned Japanese GBA script. Preserve original event parameters, protagonist substitutions and page meaning. Do not equate the descendant with the earlier chief; preserve later-state reveal. Anonymous speaker remains ???.
completion.009d8eb0	tipper_departure	＊「おや　旅の方ですか？<LF><TAB>なにもない所ですが　どうぞ<LF><TAB>ゆっくりなさって下さいな。	"???: ""Oh, a traveler? There isn't much here, but please make yourself at home."""		Independent translation from the pinned Japanese GBA script. Preserve original event parameters, protagonist substitutions and page meaning.  Anonymous speaker remains ???.
completion.009e9ee4	barinabo_truth	”旅人の休けい小屋。<LF>ご自由に　お入りください。”	'Travelers' rest hut. Please come in.'		Independent translation from the pinned Japanese GBA script. Preserve original event parameters, protagonist substitutions and page meaning. Exact Japanese repeat of 009A6FBC; independent wording retained.
completion.009e9f18	barinabo_truth	$tは　立て看板の文字を読んだ。	$t read the sign.	torneko,enemy_tipper	Independent translation from the pinned Japanese GBA script. Preserve original event parameters, protagonist substitutions and page meaning. 
completion.009e9f38	barinabo_truth	しかし看板は　古びていて<LF>文字も　はっきりとは読めない。	But the sign is old, and the writing is hard to read.		Independent translation from the pinned Japanese GBA script. Preserve original event parameters, protagonist substitutions and page meaning. 
completion.009e9f70	barinabo_truth	”旅人のための休けい小屋”と<LF>かいてあるようだ。	It seems to say, 'Rest hut for travelers.'		Independent translation from the pinned Japanese GBA script. Preserve original event parameters, protagonist substitutions and page meaning. 
completion.009ea120	barinabo_truth	＊「おお　天と地よ！<LF><TAB>この者に　大地の守りの<LF><TAB>あらんことを！	"???: ""O heavens and earth! May the earth's protection be upon this traveler!"""		Independent translation from the pinned Japanese GBA script. Preserve original event parameters, protagonist substitutions and page meaning.  Anonymous speaker remains ???.
completion.009ebfec	barinabo_truth	神父「しかし　こんなに　心が安らぐ土地は<LF><TAB>初めてです。　かつて　この村に<LF><TAB>なにが　あったのでしょうね。	"Priest: ""Yet I've never known a place so peaceful to the heart. What once happened in this village?"""	role.priest	Independent translation from the pinned Japanese GBA script. Preserve original event parameters, protagonist substitutions and page meaning. 
completion.009ec054	barinabo_truth	神父「私は　旅の神父です。<LF><TAB>娘を連れて　世界中を　歩きました。	"Priest: ""I am a traveling priest. I've walked all over the world with my daughter."""	role.priest	Independent translation from the pinned Japanese GBA script. Preserve original event parameters, protagonist substitutions and page meaning. 
completion.009ec0b4	barinabo_truth	＊「ここ　昔は　バリナボっていう村<LF><TAB>だったんだって。	"???: ""They say this used to be a village called Barinabo."""	place.barinabo	Independent translation from the pinned Japanese GBA script. Preserve original event parameters, protagonist substitutions and page meaning.  Anonymous speaker remains ???.
completion.009ec10c	barinabo_truth	＊「にゃ～ん……。	"???: ""Meow..."""		Independent translation from the pinned Japanese GBA script. Preserve original event parameters, protagonist substitutions and page meaning.  Anonymous speaker remains ???.
completion.009ec1a0	barinabo_truth	＊「あの嵐で　亡くなった皆のためにも<LF><TAB>これからは　ずっと　この村を<LF><TAB>守ってゆくつもりです。	"???: ""For everyone who died in that storm, I intend to protect this village from now on."""		Independent translation from the pinned Japanese GBA script. Preserve original event parameters, protagonist substitutions and page meaning.  Anonymous speaker remains ???.
completion.009ec1fc	barinabo_truth	＊「今では　海も平和になって<LF><TAB>船も　いくらか　出せるように<LF><TAB>なりましたしね。	"???: ""The sea is peaceful now, and we can send some boats out again."""		Independent translation from the pinned Japanese GBA script. Preserve original event parameters, protagonist substitutions and page meaning.  Anonymous speaker remains ???.
completion.009ec24c	barinabo_truth	＊「ヴィオラさまや　ご主人さまを<LF><TAB>探し回って　ここに<LF><TAB>たどりついたのです。	"???: ""I came here while searching for Lady Viola and her husband."""	character.viola	Independent translation from the pinned Japanese GBA script. Preserve original event parameters, protagonist substitutions and page meaning.  Anonymous speaker remains ???.
completion.009ec298	barinabo_truth	＊「……私は　長い間　ずっと病気で<LF><TAB>寝込んでいましたが　先日<LF><TAB>突然　記憶も回復しましてね。	"???: ""...I was bedridden for a long time. Then, the other day, my memories suddenly returned."""		Independent translation from the pinned Japanese GBA script. Preserve original event parameters, protagonist substitutions and page meaning.  Anonymous speaker remains ???.
completion.009ec2f4	barinabo_truth	＊「荒れくるう海に　投げ出され<LF><TAB>村の皆の乗っていた船は<LF><TAB>沈んでしまいました。	"???: ""We were thrown into the raging sea, and the boat carrying the villagers sank."""		Independent translation from the pinned Japanese GBA script. Preserve original event parameters, protagonist substitutions and page meaning.  Anonymous speaker remains ???.
completion.009ec344	barinabo_truth	＊「しかし　最後に　不気味な雷が<LF><TAB>われわれをおそい　ヴィオラさまも<LF><TAB>ご主人さまも　私も……	"???: ""But then an eerie bolt of lightning struck us. Lady Viola, her husband and I..."""	character.viola	Independent translation from the pinned Japanese GBA script. Preserve original event parameters, protagonist substitutions and page meaning.  Anonymous speaker remains ???.
completion.009ec3a0	barinabo_truth	＊「そんな私を　心配して<LF><TAB>ヴィオラさまが　ずっと<LF><TAB>抱きしめて下さっていました。	"???: ""Lady Viola was worried about me and held me close the whole time."""	character.viola	Independent translation from the pinned Japanese GBA script. Preserve original event parameters, protagonist substitutions and page meaning.  Anonymous speaker remains ???.
completion.009ec3f0	barinabo_truth	＊「私は　まだ　ほんの子供でしたし<LF><TAB>ただ　おそろしくて　マストの下に<LF><TAB>しがみついていたのです。	"???: ""I was only a child. All I could do was cling to the base of the mast in terror."""		Independent translation from the pinned Japanese GBA script. Preserve original event parameters, protagonist substitutions and page meaning.  Anonymous speaker remains ???.
completion.009ec450	barinabo_truth	＊「漁師だった父は　船上で<LF><TAB>船や皆を　守るため<LF><TAB>走り回っていました。	"???: ""My father, a fisherman, ran about the deck trying to protect the boat and everyone aboard."""		Independent translation from the pinned Japanese GBA script. Preserve original event parameters, protagonist substitutions and page meaning.  Anonymous speaker remains ???.
completion.009ec498	barinabo_truth	＊「あの嵐は　本当にひどいものでした。<LF><TAB>まるで　邪悪な意志が　われわれを<LF><TAB>ほろぼそうとしていたかのようで……。	"???: ""That storm was terrible. It was as if some evil will was trying to destroy us..."""		Independent translation from the pinned Japanese GBA script. Preserve original event parameters, protagonist substitutions and page meaning.  Anonymous speaker remains ???.
completion.009ec508	barinabo_truth	＊「私は　なん十年か前<LF><TAB>嵐にあったショックで　病気になり<LF><TAB>ずっと　記憶を失っていました。	"???: ""Decades ago, the shock of that storm made me ill. I lost my memories for all those years."""		Independent translation from the pinned Japanese GBA script. Preserve original event parameters, protagonist substitutions and page meaning.  Anonymous speaker remains ???.
completion.009f96fc	village_celebration	しかし看板は　古びていて<LF>文字も　はっきりとは読めない。	But the sign is old, and the writing is hard to read.		Independent translation from the pinned Japanese GBA script. Preserve original event parameters, protagonist substitutions and page meaning. 
completion.009f9734	village_celebration	”旅人のための休けい小屋”と<LF>かいてあるようだ。	It seems to say, 'Rest hut for travelers.'		Independent translation from the pinned Japanese GBA script. Preserve original event parameters, protagonist substitutions and page meaning. 
completion.009f98e4	village_celebration	＊「おお　天と地よ！<LF><TAB>この者に　大地の守りの<LF><TAB>あらんことを！	"???: ""O heavens and earth! May the earth's protection be upon this traveler!"""		Independent translation from the pinned Japanese GBA script. Preserve original event parameters, protagonist substitutions and page meaning.  Anonymous speaker remains ???.
completion.009f99d8	village_celebration	＊「こんなに　楽しい夜は　久しぶりです。<LF><TAB>はるか昔を　思い出すようで……。	"???: ""It's been so long since I enjoyed a night like this. It brings back distant memories..."""		Independent translation from the pinned Japanese GBA script. Preserve original event parameters, protagonist substitutions and page meaning.  Anonymous speaker remains ???.
completion.009f9a3c	village_celebration	族長「これも　神の　おみちびき<LF><TAB>かもしれませんな。	"Chief: ""Perhaps this, too, is divine guidance."""		Independent translation from the pinned Japanese GBA script. Preserve original event parameters, protagonist substitutions and page meaning. 
completion.009f9a70	village_celebration	族長「ポポロどのは　わしが　責任をもって<LF><TAB>おあずかりしますから　どうぞ<LF><TAB>ご安心くだされ。	"Chief: ""I shall take responsibility for Tipper. Please set your mind at ease."""	enemy_tipper	Independent translation from the pinned Japanese GBA script. Preserve original event parameters, protagonist substitutions and page meaning. 
completion.009f9ae4	village_celebration	占いババ「わしは　どうも　ポポロの<LF><TAB>見た夢が　気になるんだけど……。<LF><TAB>まあ　考えすぎかもしれないね。	"Fortune-teller: ""That dream Tipper had troubles me... Though perhaps I'm thinking too much of it."""	enemy_tipper,role.fortune_teller	Independent translation from the pinned Japanese GBA script. Preserve original event parameters, protagonist substitutions and page meaning. 
completion.009f9b4c	village_celebration	占いババ「かわいい子には　旅をさせろって<LF><TAB>言うけど　お前さん　よく決心したね。	"Fortune-teller: ""They say to let a beloved child see the world. Still, it took courage to agree."""	role.fortune_teller	Independent translation from the pinned Japanese GBA script. Preserve original event parameters, protagonist substitutions and page meaning. Independent rendering of the proverb; retain the parent's difficult decision.
completion.009f9bbc	village_celebration	イネス「どうか　お元気で。<LF><TAB>私たちは　ここで　皆さんの無事を<LF><TAB>お祈りしていますわ。	"Ines: ""Please stay well. We'll pray here for all of you to be safe."""	enemy_ines	Independent translation from the pinned Japanese GBA script. Preserve original event parameters, protagonist substitutions and page meaning. 
completion.009f9c10	village_celebration	イネス「……でも　おめでたいこと<LF><TAB>ですものね。　私も　心から<LF><TAB>お祝いを申し上げなくちゃ。	"Ines: ""...But it's a happy occasion. I must offer my heartfelt congratulations, too."""	enemy_ines	Independent translation from the pinned Japanese GBA script. Preserve original event parameters, protagonist substitutions and page meaning. 
completion.009f9c6c	village_celebration	イネス「今夜で　トルネコさんや<LF><TAB>ネネさんが　出ていかれるなんて<LF><TAB>なんだか　さみしいですわ。	"Ines: ""It's rather sad to think this is Torneko and Tessie's last night here."""	torneko,enemy_ines	Independent translation from the pinned Japanese GBA script. Preserve original event parameters, protagonist substitutions and page meaning. 
completion.009f9ce8	village_celebration	ロサ「けっこう　すごいヤツ<LF><TAB>だったんだな。<LF><TAB>オイラ　見直したよ。	"Rosa: ""Turns out you're quite a guy. I see you in a whole new light."""	enemy_rosa	Independent translation from the pinned Japanese GBA script. Preserve original event parameters, protagonist substitutions and page meaning. 
completion.009f9d2c	village_celebration	ロサ「あのときは　トルネコさんのこと<LF><TAB>ただの太ったオヤジだと<LF><TAB>思ったけどさ。	"Rosa: ""Back then, I thought you were just some fat old fellow, Torneko."""	torneko,enemy_rosa	Independent translation from the pinned Japanese GBA script. Preserve original event parameters, protagonist substitutions and page meaning. 
completion.009f9d7c	village_celebration	ロサ「トルネコさんたちが　この村に<LF><TAB>流れ着いたときのこと<LF><TAB>思い出すなあ……。	"Rosa: ""I remember when you and your family washed up in this village, Torneko..."""	torneko,enemy_rosa	Independent translation from the pinned Japanese GBA script. Preserve original event parameters, protagonist substitutions and page meaning. 
completion.009f9ecc	village_celebration	＊「あんた～　さあ　あたしの手を<LF><TAB>とって　おどりましょ。<LF><TAB>昔を　思い出すねえ～！	"???: ""Darling! Take my hand and let's dance. Just like the old days!"""		Independent translation from the pinned Japanese GBA script. Preserve original event parameters, protagonist substitutions and page meaning.  Anonymous speaker remains ???.
completion.009fa020	village_celebration	＊「お…　おい<LF><TAB>よせよ　お前……。	"???: ""H-hey! Stop that, dear..."""		Independent translation from the pinned Japanese GBA script. Preserve original event parameters, protagonist substitutions and page meaning.  Anonymous speaker remains ???.
completion.009fa144	village_celebration	＊「うっ　目が　まわる～。<LF><TAB>調子にのって　飲みすぎたかな？<LF><TAB>ラララ～♪	"???: ""Ooh, my head's spinning! Did I get carried away and drink too much? La la la!"""		Independent translation from the pinned Japanese GBA script. Preserve original event parameters, protagonist substitutions and page meaning. Musical note represented by sung wording; no unsupported font glyph. Anonymous speaker remains ???.
completion.009fa294	village_celebration	＊「りっぱな　お家に　なったでしょ？<LF><TAB>ウフフ。　　さあ　あなたも<LF><TAB>おどって　ラララ～♪	"???: ""Our house looks lovely now, doesn't it? Hee hee. Come on, dance! La la la!"""		Independent translation from the pinned Japanese GBA script. Preserve original event parameters, protagonist substitutions and page meaning.  Anonymous speaker remains ???.
completion.009fa2ec	village_celebration	＊「あら　トルネコさん！<LF><TAB>あたしたちの家に　やっと屋根が<LF><TAB>できたのよ。	"???: ""Oh, Torneko! Our house finally has a roof!"""	torneko	Independent translation from the pinned Japanese GBA script. Preserve original event parameters, protagonist substitutions and page meaning.  Anonymous speaker remains ???.
completion.009fa34c	village_celebration	＊「わしら　バリナボの民にも　少しは<LF><TAB>その手助けが　できたのかのう。	"???: ""I wonder if we people of Barinabo were able to help a little."""	place.barinabo	Independent translation from the pinned Japanese GBA script. Preserve original event parameters, protagonist substitutions and page meaning.  Anonymous speaker remains ???.
completion.009fa394	village_celebration	＊「トルネコどのは　みごとに<LF><TAB>息子さんを　すくわれた。	"???: ""Torneko has saved his son splendidly."""	torneko	Independent translation from the pinned Japanese GBA script. Preserve original event parameters, protagonist substitutions and page meaning.  Anonymous speaker remains ???.
completion.009fa3ec	village_celebration	＊「ボク　まだ　眠くないよっ！	"???: ""I'm not sleepy yet!"""		Independent translation from the pinned Japanese GBA script. Preserve original event parameters, protagonist substitutions and page meaning.  Anonymous speaker remains ???.
completion.009fa43c	village_celebration	＊「ぐご～！　ぐご～！	"???: ""Snooore! Snooore!"""		Independent translation from the pinned Japanese GBA script. Preserve original event parameters, protagonist substitutions and page meaning.  Anonymous speaker remains ???.
completion.009fa464	village_celebration	＊「あら　こんな夜なのに<LF><TAB>どこへ　行くの？　……ひっく！	"???: ""Oh, where are you going on a night like this? ...Hic!"""		Independent translation from the pinned Japanese GBA script. Preserve original event parameters, protagonist substitutions and page meaning.  Anonymous speaker remains ???.
completion.009fa4c8	village_celebration	＊「いつか真実が　その姿を　現すと<LF><TAB>その声は　言っているようです……。<LF><TAB>ところで	"???: ""It seems to say the truth will reveal itself one day... By the way..."""		Independent translation from the pinned Japanese GBA script. Preserve original event parameters, protagonist substitutions and page meaning.  Anonymous speaker remains ???.
completion.009fa51c	village_celebration	＊「聞こえる…　聞こえる…<LF><TAB>あれは　何者の声でしょうか？	"???: ""I hear it... I hear it... Whose voice could that be?"""		Independent translation from the pinned Japanese GBA script. Preserve original event parameters, protagonist substitutions and page meaning.  Anonymous speaker remains ???.
completion.009fa578	village_celebration	＊「にゃお～～ん。	"???: ""Meooow..."""		Independent translation from the pinned Japanese GBA script. Preserve original event parameters, protagonist substitutions and page meaning.  Anonymous speaker remains ???.
completion.009fa8e4	village_celebration	族長「さあ　ともかく　今夜は　祝いじゃ。<LF><TAB>のんびり　くつろいで行きなされよ。	"Chief: ""Now, tonight is a celebration. Relax and enjoy yourselves."""		Independent translation from the pinned Japanese GBA script. Preserve original event parameters, protagonist substitutions and page meaning. 
completion.009fa934	village_celebration	族長「わっはっは。　トルネコどのは<LF><TAB>たのもしい息子さんを　もって<LF><TAB>うらやましいのう。	"Chief: ""Ha ha ha! Torneko, I envy you, having such a dependable son."""	torneko	Independent translation from the pinned Japanese GBA script. Preserve original event parameters, protagonist substitutions and page meaning. 
completion.009fa98c	village_celebration	ポポロ「うん！　……あっ<LF><TAB>はい！　分かりました。	"Tipper: ""Yeah! ...Oh, yes! I understand."""	enemy_tipper	Independent translation from the pinned Japanese GBA script. Preserve original event parameters, protagonist substitutions and page meaning. Retain self-correction to polite response.
completion.009fa9c0	village_celebration	占いババ「コスタリベラのある島は　はるか<LF><TAB>遠くはなれた場所　なのじゃからな。	"Fortune-teller: ""The island where Costa Libera stands is very far away."""	place.journey.00873188,role.fortune_teller	Independent translation from the pinned Japanese GBA script. Preserve original event parameters, protagonist substitutions and page meaning. 
completion.009faa10	village_celebration	占いババ「お前さんが　がんばって　父上の<LF><TAB>道を　たどり終わるまで　長い間<LF><TAB>両親とは　会えないかもしれぬ。	"Fortune-teller: ""You may not see your parents for a long time, until you finish following your father's path."""	role.fortune_teller	Independent translation from the pinned Japanese GBA script. Preserve original event parameters, protagonist substitutions and page meaning. 
completion.009faa7c	village_celebration	占いババ「じゃが　ポポロや。<LF><TAB>決心したからには　これだけは<LF><TAB>忘れてはならんぞ。	"Fortune-teller: ""But Tipper, now that you've decided, there is one thing you mustn't forget."""	enemy_tipper,role.fortune_teller	Independent translation from the pinned Japanese GBA script. Preserve original event parameters, protagonist substitutions and page meaning. 
completion.009faacc	village_celebration	ポポロ「やった～！　族長さま<LF><TAB>ありがとうございます！	"Tipper: ""Hooray! Thank you, Chief!"""	enemy_tipper	Independent translation from the pinned Japanese GBA script. Preserve original event parameters, protagonist substitutions and page meaning. 
completion.009fab04	village_celebration	族長「うむ　しょうちしましたぞ。<LF><TAB>ポポロどのは　わしが　責任をもって<LF><TAB>おあずかり　しましょう。	"Chief: ""Very well. I shall take responsibility for Tipper's care."""	enemy_tipper	Independent translation from the pinned Japanese GBA script. Preserve original event parameters, protagonist substitutions and page meaning. 
completion.009fab64	village_celebration	族長「なにしろ　この　トルネコどのの<LF><TAB>息子さんじゃ。	"Chief: ""He is Torneko's son, after all."""	torneko	Independent translation from the pinned Japanese GBA script. Preserve original event parameters, protagonist substitutions and page meaning. 
completion.009fab9c	village_celebration	族長「ふむ……。　たしかに<LF><TAB>ポポロどのは　ただの子ども　とは<LF><TAB>言えないかも　しれんのう。	"Chief: ""Hmm... Perhaps Tipper truly is more than an ordinary child."""	enemy_tipper	Independent translation from the pinned Japanese GBA script. Preserve original event parameters, protagonist substitutions and page meaning. 
completion.009fabf8	village_celebration	占いババ「わしには　ちびっこい勇者<LF><TAB>のようにも　見えるけどね。<LF><TAB>ふぉっほっほっほ。	"Fortune-teller: ""He looks like a little hero to me. Ho ho ho!"""	role.fortune_teller	Independent translation from the pinned Japanese GBA script. Preserve original event parameters, protagonist substitutions and page meaning. 
completion.009fac4c	village_celebration	占いババ「おやおや。　こんな　りっぱな<LF><TAB>決心をしたポポロを　ただの<LF><TAB>小さな子だって　言うのかい。	"Fortune-teller: ""Oh, my. After such a brave decision, you still call Tipper just a little child?"""	enemy_tipper,role.fortune_teller	Independent translation from the pinned Japanese GBA script. Preserve original event parameters, protagonist substitutions and page meaning. 
completion.009facb0	village_celebration	族長「ちょっと　待ちなされ<LF><TAB>トルネコどの！　本気ですかな？<LF><TAB>まだ　小さな　息子さんを……	"Chief: ""Wait a moment, Torneko! Are you serious? Your son is still so young..."""	torneko	Independent translation from the pinned Japanese GBA script. Preserve original event parameters, protagonist substitutions and page meaning. 
completion.009fad0c	village_celebration	ポポロ「やったあ！　さすが　パパだね！	"Tipper: ""Hooray! I knew you'd understand, Dad!"""	enemy_tipper	Independent translation from the pinned Japanese GBA script. Preserve original event parameters, protagonist substitutions and page meaning. 
completion.009fad34	village_celebration	ポポロ「ねっ　いいでしょ？	"Tipper: ""Please? Is it all right?"""	enemy_tipper	Independent translation from the pinned Japanese GBA script. Preserve original event parameters, protagonist substitutions and page meaning. 
completion.009fad50	village_celebration	ポポロ「え～？　そんなこと　言わずに<LF><TAB>お願いしてよ。　パパだって　いつも<LF><TAB>冒険に　でかけてるんだから。	"Tipper: ""Aww! Please ask him for me. You're always going on adventures yourself, Dad."""	enemy_tipper	Independent translation from the pinned Japanese GBA script. Preserve original event parameters, protagonist substitutions and page meaning. 
completion.009fadb8	village_celebration	ポポロ「パパからも　族長さまに<LF><TAB>お願いしてくれる？　ボクを<LF><TAB>ここに　残してもいいかって？	"Tipper: ""Will you ask the chief too, Dad? Ask if I can stay here?"""	enemy_tipper	Independent translation from the pinned Japanese GBA script. Preserve original event parameters, protagonist substitutions and page meaning. 
completion.009fae14	village_celebration	ポポロ「ねえ　いいでしょ　パパ。<LF><TAB>パパが通った　洞くつを　ボクも<LF><TAB>冒険したいんだ。	"Tipper: ""Please, Dad? I want to explore the caves you traveled through."""	enemy_tipper	Independent translation from the pinned Japanese GBA script. Preserve original event parameters, protagonist substitutions and page meaning. 
completion.009fae68	village_celebration	ポポロ「だから　パパみたいに　がんばって<LF><TAB>旅をして　強くなりたいんだよ。	"Tipper: ""That's why I want to travel and work hard like you, Dad, so I can become strong."""	enemy_tipper	Independent translation from the pinned Japanese GBA script. Preserve original event parameters, protagonist substitutions and page meaning. 
completion.009faeb4	village_celebration	ポポロ「それで　考えたんだけど　ボク<LF><TAB>弱虫だから　こんな夢<LF><TAB>見るのかなあって。	"Tipper: ""And I wondered if I have these dreams because I'm a coward."""	enemy_tipper	Independent translation from the pinned Japanese GBA script. Preserve original event parameters, protagonist substitutions and page meaning. 
completion.009faf04	village_celebration	ポポロ「あの…　ボク　また　おかしな夢を<LF><TAB>見たんだよ。　　まっ暗になって<LF><TAB>カミナリが　なって……。	"Tipper: ""Um... I had another strange dream. Everything went dark, and there was thunder..."""	enemy_tipper	Independent translation from the pinned Japanese GBA script. Preserve original event parameters, protagonist substitutions and page meaning. 
completion.009faf68	village_celebration	族長「ポポロどの　ひとりで　残って<LF><TAB>どうしたいのだね？	"Chief: ""What do you wish to do here on your own, Tipper?"""	enemy_tipper	Independent translation from the pinned Japanese GBA script. Preserve original event parameters, protagonist substitutions and page meaning. 
completion.009fafa0	village_celebration	族長「なんと？　この村に　残りたいとな？<LF><TAB>しかし　ご両親は　コスタリベラへ<LF><TAB>行かれるのじゃよ。	"Chief: ""What? You want to stay in the village? But your parents are going to Costa Libera."""	place.journey.00873188	Independent translation from the pinned Japanese GBA script. Preserve original event parameters, protagonist substitutions and page meaning. 
completion.009fb000	village_celebration	ポポロ「あのう……　族長さま<LF><TAB>それに　パパ。　実は　ボク<LF><TAB>この村に　残りたいんだけど……。	"Tipper: ""Um... Chief, and Dad... Actually, I'd like to stay in this village..."""	enemy_tipper	Independent translation from the pinned Japanese GBA script. Preserve original event parameters, protagonist substitutions and page meaning. 
completion.009fb05c	village_celebration	族長「ん？　どうしたのかね？<LF><TAB>ポポロどの。	"Chief: ""Hmm? What is it, Tipper?"""	enemy_tipper	Independent translation from the pinned Japanese GBA script. Preserve original event parameters, protagonist substitutions and page meaning. 
completion.009fb088	village_celebration	族長「これで　お別れとは<LF><TAB>ちと　さみしい気も　しますがのう。<LF><TAB>道中　お気をつけて　いきなされよ。	"Chief: ""It is rather sad to say farewell. Please take care on your journey."""		Independent translation from the pinned Japanese GBA script. Preserve original event parameters, protagonist substitutions and page meaning. 
completion.009fb0ec	village_celebration	族長「はるか北の　港町へ　行かれる話は<LF><TAB>奥方から聞きましたが　いや　本当に<LF><TAB>よかったですな。	"Chief: ""Your wife told me you're going to the port far to the north. Wonderful news."""		Independent translation from the pinned Japanese GBA script. Preserve original event parameters, protagonist substitutions and page meaning. 
completion.009fb14c	village_celebration	族長「おお　トルネコどの！<LF><TAB>今夜は　ご一家の　新しい出発を<LF><TAB>祝って　楽しくやりましょうぞ。	"Chief: ""Ah, Torneko! Tonight, let us celebrate your family's new beginning!"""	torneko	Independent translation from the pinned Japanese GBA script. Preserve original event parameters, protagonist substitutions and page meaning. 
completion.009fb1a8	village_celebration	＊「おっ　今夜の主役が　おでましですな！<LF><TAB>さあ　早く　こちらへ！	"???: ""Ah, the guest of honor has arrived! Come over here!"""		Independent translation from the pinned Japanese GBA script. Preserve original event parameters, protagonist substitutions and page meaning.  Anonymous speaker remains ???.
completion.009fd058	village_celebration	＊「あのくらいの船が　あれば　私らも<LF><TAB>無事だったかもしれませんがねえ……<LF><TAB>いえ　昔のことですよ。　ほほほ。	"???: ""With a ship that size, perhaps we would have been safe... Oh, I mean long ago. Ho ho ho."""		Independent translation from the pinned Japanese GBA script. Preserve original event parameters, protagonist substitutions and page meaning.  Anonymous speaker remains ???.
completion.009fd0c4	village_celebration	＊「都会の王さまの船は　さすがに<LF><TAB>ごりっぱですじゃ。	"???: ""A king from the city certainly has an impressive ship."""	role.king	Independent translation from the pinned Japanese GBA script. Preserve original event parameters, protagonist substitutions and page meaning.  Anonymous speaker remains ???.
completion.009fdf64	village_celebration	ポポロ「は～い。	"Tipper: ""Okaaay!"""	enemy_tipper	Independent translation from the pinned Japanese GBA script. Preserve original event parameters, protagonist substitutions and page meaning. 
completion.009fdf78	village_celebration	ネネ「皆さんが　お祝いしてくださるのは<LF><TAB>うれしいけど　あまり<LF><TAB>夜ふかし　しないでね。	"Tessie: ""It's lovely of everyone to celebrate for us, but don't stay up too late."""		Independent translation from the pinned Japanese GBA script. Preserve original event parameters, protagonist substitutions and page meaning. 
completion.009fdfd0	village_celebration	ネネ「ポポロ。　お父さんは　あなたを<LF><TAB>助けるために　遠くまで<LF><TAB>旅してきて　つかれてるのよ。	"Tessie: ""Tipper, your father traveled a long way to help you. He's tired."""	enemy_tipper	Independent translation from the pinned Japanese GBA script. Preserve original event parameters, protagonist substitutions and page meaning. 
completion.009fe02c	village_celebration	ポポロ「村の皆が　お祝いしてくれるって<LF><TAB>ボクたちを　待ってるよ。<LF><TAB>さあ　行こうよ。	"Tipper: ""Everyone in the village is waiting to celebrate with us. Come on, let's go!"""	enemy_tipper	Independent translation from the pinned Japanese GBA script. Preserve original event parameters, protagonist substitutions and page meaning. 
completion.009fe080	village_celebration	ポポロ「やっと　起きたね　パパ。<LF><TAB>ボクが　起きたら　今度は<LF><TAB>パパが　寝ちゃってさ。	"Tipper: ""You're finally awake, Dad! Just when I woke up, you went to sleep!"""	enemy_tipper	Independent translation from the pinned Japanese GBA script. Preserve original event parameters, protagonist substitutions and page meaning. 
completion.009fe104	village_celebration	ネネ「あなたが　王さまに　いただいた家も<LF><TAB>お店も　見に行くのが　楽しみよ。<LF><TAB>もう　なんの心配もないわね。	"Tessie: ""I can't wait to see the house and shop the king gave you. We have nothing to worry about now."""	role.king	Independent translation from the pinned Japanese GBA script. Preserve original event parameters, protagonist substitutions and page meaning. 
completion.009fe170	village_celebration	ネネ「あなたが　帰ってきてくれて<LF><TAB>ポポロも　元気になったし<LF><TAB>本当に　うれしいわ。	"Tessie: ""You're home, and Tipper's well again. I'm so happy."""	enemy_tipper	Independent translation from the pinned Japanese GBA script. Preserve original event parameters, protagonist substitutions and page meaning. 
completion.009fe32c	village_celebration	ネネ「そうね。　明日も　早いし<LF><TAB>今夜は　もう　休みましょう。	"Tessie: ""Yes. We have an early start tomorrow. Let's get some rest."""		Independent translation from the pinned Japanese GBA script. Preserve original event parameters, protagonist substitutions and page meaning. 
completion.009fe36c	village_celebration	ネネ「そう？　それじゃ　ゆっくり<LF><TAB>楽しんできてね。	"Tessie: ""Really? Then take your time and enjoy yourself."""		Independent translation from the pinned Japanese GBA script. Preserve original event parameters, protagonist substitutions and page meaning. 
completion.009fe3a0	village_celebration	ネネ「お祝いしてくださってる　皆さんには<LF><TAB>悪いけど　あなたも　眠いなら<LF><TAB>そろそろ　ベッドに入る？	"Tessie: ""I feel bad leaving our celebration, but if you're sleepy too, shall we go to bed?"""		Independent translation from the pinned Japanese GBA script. Preserve original event parameters, protagonist substitutions and page meaning. 
completion.009fe404	village_celebration	ネネ「こっくり　こっくり　……はっ！<LF><TAB>あら　やだ。　安心したら<LF><TAB>うたた寝　しちゃったみたい。	"Tessie: ""...Zzz... Oh! How embarrassing. Now I can relax, I seem to have dozed off."""		Independent translation from the pinned Japanese GBA script. Preserve original event parameters, protagonist substitutions and page meaning. 
completion.009ff4bc	village_celebration	＊「おや　トルネコさんに　ポポロちゃん。<LF><TAB>ほんに　よかったですね。<LF><TAB>奥さまも　これで　ご安心でしょう。	"???: ""Oh, Torneko and Tipper! I'm so glad. Your wife must be relieved, too."""	torneko,enemy_tipper	Independent translation from the pinned Japanese GBA script. Preserve original event parameters, protagonist substitutions and page meaning.  Anonymous speaker remains ???.
completion.00a0ac38	costa_libera	”いらっしゃいませ！<LF>　旅と文化の港　コスタリベラへ”	'Welcome to Costa Libera, port of travel and culture!'	place.journey.00873188	Independent translation from the pinned Japanese GBA script. Preserve original event parameters, protagonist substitutions and page meaning. 
completion.00a0ac70	costa_libera	$tは　看板の文字を読んだ。	$t read the sign.	torneko,enemy_tipper	Independent translation from the pinned Japanese GBA script. Preserve original event parameters, protagonist substitutions and page meaning. 
completion.00a0acd4	costa_libera	“ようこそ　トルネコの店<LF>　コスタリベラ支店へ！”	'Welcome to Torneko's shop, Costa Libera branch!'	torneko,place.journey.00873188	Independent translation from the pinned Japanese GBA script. Preserve original event parameters, protagonist substitutions and page meaning. 
completion.00a0ad08	costa_libera	“グレートバレイナ王　管理地。<LF>無断立ち入りを禁ず”	'Property of the King of Great Baleina. No unauthorized entry.'		Independent translation from the pinned Japanese GBA script. Preserve original event parameters, protagonist substitutions and page meaning. 
completion.00a0b23c	costa_libera	＊「やあ　こんちは！<LF><TAB>ここは　港町コスタリベラだ。	"???: ""Hello there! This is the port town of Costa Libera."""	place.journey.00873188	Independent translation from the pinned Japanese GBA script. Preserve original event parameters, protagonist substitutions and page meaning.  Anonymous speaker remains ???.
completion.00a0b2d8	costa_libera	＊「さあ　さあ　いらっしゃい！<LF><TAB>今　港に　到着したばかりの<LF><TAB>貴重な　舶来品だよ！	"???: ""Come one, come all! Rare imports, fresh off the ship!"""		Independent translation from the pinned Japanese GBA script. Preserve original event parameters, protagonist substitutions and page meaning.  Anonymous speaker remains ???.
completion.00a0b364	costa_libera	＊「あら　すてきなお客さん！<LF><TAB>ただ今　特別サービス中ですよ～。	"???: ""Oh, what a lovely customer! We're offering special service today!"""		Independent translation from the pinned Japanese GBA script. Preserve original event parameters, protagonist substitutions and page meaning. Keep sales pitch without inventing a numerical discount. Anonymous speaker remains ???.
completion.00a0b3d4	costa_libera	＊「あっ　あんた　旅の人だろ？<LF><TAB>この向かいの店では<LF><TAB>買わないほうがいいよ！	"???: ""Hey, you're a traveler, right? I'd avoid buying from the shop opposite!"""		Independent translation from the pinned Japanese GBA script. Preserve original event parameters, protagonist substitutions and page meaning.  Anonymous speaker remains ???.
completion.00a0b420	costa_libera	＊「さあ　さあ！<LF><TAB>とれたての魚だよ！<LF><TAB>もう　ピチピチだよ！	"???: ""Come and get your freshly caught fish! Still flipping and flapping!"""		Independent translation from the pinned Japanese GBA script. Preserve original event parameters, protagonist substitutions and page meaning.  Anonymous speaker remains ???.
completion.00a0b4a4	costa_libera	＊「今日のおかずは<LF><TAB>何にしようかしらねえ……。	"???: ""What shall I cook today...?"""		Independent translation from the pinned Japanese GBA script. Preserve original event parameters, protagonist substitutions and page meaning.  Anonymous speaker remains ???.
completion.00a0b504	costa_libera	＊「ここ　温泉プールだったら<LF><TAB>いつでも　入れるのになあ……。	"???: ""If this pool were fed by a hot spring, we could use it any time of year..."""		Independent translation from the pinned Japanese GBA script. Preserve original event parameters, protagonist substitutions and page meaning.  Anonymous speaker remains ???.
completion.00a0b574	costa_libera	＊「最近の　若い船乗りは<LF><TAB>まったく　なっとらんわ！<LF><TAB>そもそも　昔は……　ぶつぶつ。	"???: ""Young sailors today are hopeless! Now, in the old days... Grumble, grumble."""		Independent translation from the pinned Japanese GBA script. Preserve original event parameters, protagonist substitutions and page meaning.  Anonymous speaker remains ???.
completion.00a0b600	costa_libera	＊「もうトシだからって　王さまの船を<LF><TAB>おろされたのが　よほど<LF><TAB>くやしかったのね。	"???: ""He was terribly upset to be taken off the king's ship just because he was too old."""	role.king	Independent translation from the pinned Japanese GBA script. Preserve original event parameters, protagonist substitutions and page meaning.  Anonymous speaker remains ???.
completion.00a0b654	costa_libera	＊「おじいさんったら　最近<LF><TAB>グチばっかり……。	"???: ""My husband does nothing but complain these days..."""		Independent translation from the pinned Japanese GBA script. Preserve original event parameters, protagonist substitutions and page meaning.  Anonymous speaker remains ???.
completion.00a0b6bc	costa_libera	＊「この店と　宿を　ほったらかして<LF><TAB>まったく　しょうがない人だわ。	"???: ""Leaving the shop and inn to fend for themselves! Honestly, that man..."""		Independent translation from the pinned Japanese GBA script. Preserve original event parameters, protagonist substitutions and page meaning.  Anonymous speaker remains ???.
completion.00a0b700	costa_libera	＊「うちの父ったら　商売を大きくする<LF><TAB>とか言って　旅に出ちゃったんです。	"???: ""My father went off traveling, saying he wanted to expand the business."""		Independent translation from the pinned Japanese GBA script. Preserve original event parameters, protagonist substitutions and page meaning.  Anonymous speaker remains ???.
completion.00a0b7ac	costa_libera	＊「ゴロゴロゴロ……。	"???: ""Purrr..."""		Independent translation from the pinned Japanese GBA script. Preserve original event parameters, protagonist substitutions and page meaning.  Anonymous speaker remains ???.
completion.00a0b89c	costa_libera	＊「そうか　分かったんなら<LF><TAB>あっちへ　行ってくれ。	"???: ""Right, if you understand, go away."""		Independent translation from the pinned Japanese GBA script. Preserve original event parameters, protagonist substitutions and page meaning.  Anonymous speaker remains ???.
completion.00a0b8d0	costa_libera	＊「ねえ　いいだろ？　　マリンちゃん。<LF><TAB>ちょっとだけ　だからさあ。	"???: ""Come on, Marin. Please? Just for a little while."""	character.marin	Independent translation from the pinned Japanese GBA script. Preserve original event parameters, protagonist substitutions and page meaning.  Anonymous speaker remains ???.
completion.00a0b914	costa_libera	＊「と　思ったら　持ち物が<LF><TAB>いっぱいじゃん……。	"???: ""Oh, but your bag's full..."""		Independent translation from the pinned Japanese GBA script. Preserve original event parameters, protagonist substitutions and page meaning.  Anonymous speaker remains ???.
completion.00a0b948	costa_libera	＊「ああ　もう　うるさいな！<LF><TAB>分かったよ　これ　あげるから<LF><TAB>あっち行ってよねっ？　ねっ？	"???: ""Oh, stop pestering me! Fine, take this and go away. Please? Please?"""		Independent translation from the pinned Japanese GBA script. Preserve original event parameters, protagonist substitutions and page meaning.  Anonymous speaker remains ???.
completion.00a0b9a4	costa_libera	＊「何だよ　今　いいところなんだから<LF><TAB>ジャマすんなよな！	"???: ""What do you want? Things were just getting good. Don't interrupt!"""		Independent translation from the pinned Japanese GBA script. Preserve original event parameters, protagonist substitutions and page meaning.  Anonymous speaker remains ???.
completion.00a0ba30	costa_libera	兵士長「どうやら　ここには<LF><TAB>売っていないようだな。	"Captain: ""It seems they don't sell it here."""	role.captain	Independent translation from the pinned Japanese GBA script. Preserve original event parameters, protagonist substitutions and page meaning. 
completion.00a0ba64	costa_libera	兵士長「グレートバレイナ王の　つかいで<LF><TAB>ある品を　さがしに来たのだが…	"Captain: ""The king of Great Baleina sent me to find a certain item, but..."""	role.captain	Independent translation from the pinned Japanese GBA script. Preserve original event parameters, protagonist substitutions and page meaning. 
completion.00a0badc	costa_libera	＊「おやつ　まだかなあ……。	"???: ""Is it snack time yet...?"""		Independent translation from the pinned Japanese GBA script. Preserve original event parameters, protagonist substitutions and page meaning.  Anonymous speaker remains ???.
completion.00a0bbc4	costa_libera	兵士長「ああ　いや　なんでもない。<LF><TAB>では　よろしく　たのんだぞ。	"Captain: ""Oh, no, never mind. I leave it in your hands."""	role.captain	Independent translation from the pinned Japanese GBA script. Preserve original event parameters, protagonist substitutions and page meaning. 
completion.00a0bc08	costa_libera	兵士長「ただし　しんちょうにな。<LF><TAB>王さまは　王妃さまのこととなると<LF><TAB>人が　変わったように……	"Captain: ""But be careful. When it comes to the queen, His Majesty becomes a different man..."""	role.captain,role.king,role.queen	Independent translation from the pinned Japanese GBA script. Preserve original event parameters, protagonist substitutions and page meaning. 
completion.00a0bc68	costa_libera	兵士長「おぬしのような商人が　言えば<LF><TAB>王さまも　若がえりのクスリのことは<LF><TAB>あきらめなさるかもしれん。	"Captain: ""If a merchant like you told him, the king might give up on finding a potion of youth."""	role.captain,role.king	Independent translation from the pinned Japanese GBA script. Preserve original event parameters, protagonist substitutions and page meaning. 
completion.00a0bcd0	costa_libera	兵士長「おぬしのような商人が　言えば<LF><TAB>王さまも　あきらめなさるかもしれん。<LF><TAB>よろしく　たのんだぞ。	"Captain: ""If a merchant like you told him, the king might give up. I'm counting on you."""	role.captain,role.king	Independent translation from the pinned Japanese GBA script. Preserve original event parameters, protagonist substitutions and page meaning. 
completion.00a0bd34	costa_libera	兵士長「うむ！　これも　何かの縁だろう。<LF><TAB>おぬしから　王さまに<LF><TAB>お伝えしてくれぬか？	"Captain: ""Yes! Perhaps we were meant to meet. Would you tell the king for me?"""	role.captain,role.king	Independent translation from the pinned Japanese GBA script. Preserve original event parameters, protagonist substitutions and page meaning. 
completion.00a0bd8c	costa_libera	兵士長「たぶん　そんなクスリがないことは<LF><TAB>私も　わかっているのだが　王さまに<LF><TAB>お伝えするのが　つらくてなあ。	"Captain: ""I know there's probably no such medicine. But it's so hard to tell His Majesty."""	role.captain,role.king	Independent translation from the pinned Japanese GBA script. Preserve original event parameters, protagonist substitutions and page meaning. 
completion.00a0bdfc	costa_libera	兵士長「なんと　じょうだんか……。<LF><TAB>おぬしも　人が悪いぞ。	"Captain: ""What, you were joking? That was unkind of you."""	role.captain	Independent translation from the pinned Japanese GBA script. Preserve original event parameters, protagonist substitutions and page meaning. 
completion.00a0be38	costa_libera	しかし　トルネコは　これといって<LF>そんな場所を　知らなかった！	But Torneko didn't actually know of any such place!	torneko	Independent translation from the pinned Japanese GBA script. Preserve original event parameters, protagonist substitutions and page meaning. 
completion.00a0be78	costa_libera	兵士長「いや　実は　若がえりのクスリを<LF><TAB>さがしているのだが　どこか<LF><TAB>手に入る場所を　知っているかね？	"Captain: ""Well, I'm looking for a potion of youth. Do you know where I might find one?"""	role.captain	Independent translation from the pinned Japanese GBA script. Preserve original event parameters, protagonist substitutions and page meaning. 
completion.00a0bee0	costa_libera	兵士長「うん？　そういえば　おぬしも<LF><TAB>見たところ　商人ではないのか？<LF><TAB>しかも　旅なれているようだが。	"Captain: ""Hmm? Come to think of it, you look like a merchant yourself. A seasoned traveler, too."""	role.captain	Independent translation from the pinned Japanese GBA script. Preserve original event parameters, protagonist substitutions and page meaning. 
completion.00a0bf48	costa_libera	兵士長「どの店でも　売っていないし<LF><TAB>旅の商人たちも　知らぬようだ。<LF><TAB>う～む　こまった……。	"Captain: ""No shop sells it, and the traveling merchants know nothing. Hmm, what a problem..."""	role.captain	Independent translation from the pinned Japanese GBA script. Preserve original event parameters, protagonist substitutions and page meaning. 
completion.00a0bfd4	costa_libera	＊「おなか　へったよお。<LF><TAB>ごはん　まだかなあ……。	"???: ""I'm hungry. Is the food ready yet...?"""		Independent translation from the pinned Japanese GBA script. Preserve original event parameters, protagonist substitutions and page meaning.  Anonymous speaker remains ???.
completion.00a0c0e0	costa_libera	＊「さあ　さあ　いらっしゃい！<LF><TAB>貴重な　舶来品は　あと<LF><TAB>少ししか　のこってないよ！	"???: ""Come one, come all! Only a few of our rare imports left!"""		Independent translation from the pinned Japanese GBA script. Preserve original event parameters, protagonist substitutions and page meaning.  Anonymous speaker remains ???.
completion.00a0c1bc	costa_libera	＊「あれ？　あんた　トルネコさんだろ。<LF><TAB>今度　店を　ひらくんだってね。<LF><TAB>期待してるよ！	"???: ""Oh, you're Torneko, aren't you? I hear you're opening a shop. I can't wait!"""	torneko	Independent translation from the pinned Japanese GBA script. Preserve original event parameters, protagonist substitutions and page meaning.  Anonymous speaker remains ???.
completion.00a0c214	costa_libera	＊「港の出店が　終わると<LF><TAB>このへんも　さみしくなるなあ……	"???: ""It'll be lonely here once the harbor stalls pack up..."""		Independent translation from the pinned Japanese GBA script. Preserve original event parameters, protagonist substitutions and page meaning.  Anonymous speaker remains ???.
completion.00a0c280	costa_libera	＊「むにゃ　むにゃ…<LF><TAB>おじいちゃん　ごはんですよ！<LF><TAB>うと…　うと…。	"???: ""Mmm... Grandpa, your food's ready! ...Zzz..."""		Independent translation from the pinned Japanese GBA script. Preserve original event parameters, protagonist substitutions and page meaning. Drowsy line preserved without assigning an unstated speaker identity. Anonymous speaker remains ???.
completion.00a0c2f8	costa_libera	＊「ここを　こんよく露天風呂にしたら<LF><TAB>いいと思ったんだけど<LF><TAB>神父さんに反対されちゃったよ。	"???: ""I thought we could make this an open-air bath for everyone, but the priest objected."""	role.priest	Independent translation from the pinned Japanese GBA script. Preserve original event parameters, protagonist substitutions and page meaning. Mixed bathing rendered as for everyone; preserve proposal and priest's objection. Anonymous speaker remains ???.
completion.00a0c394	costa_libera	＊「それで　ベテランの　おじいさんが<LF><TAB>船長として　呼ばれたんですのよ。<LF><TAB>本当に　ありがとうございます。	"???: ""They called my husband back as captain for his experience. Thank you so much."""	role.ship_captain	Independent translation from the pinned Japanese GBA script. Preserve original event parameters, protagonist substitutions and page meaning.  Anonymous speaker remains ???.
completion.00a0c3fc	costa_libera	＊「なんでも　トルネコさんを　送るため<LF><TAB>王さまの　船が　はるか　南の島へ<LF><TAB>行くことに　なったとか。	"???: ""I hear the king's ship is taking you to an island far to the south, Torneko."""	torneko,role.king	Independent translation from the pinned Japanese GBA script. Preserve original event parameters, protagonist substitutions and page meaning.  Anonymous speaker remains ???.
completion.00a0c460	costa_libera	＊「おや　あなたは　トルネコさんね？<LF><TAB>うちの　おじいさんに　代わって<LF><TAB>お礼を　言いますよ。	"???: ""Oh, you're Torneko, aren't you? Let me thank you on my husband's behalf."""	torneko	Independent translation from the pinned Japanese GBA script. Preserve original event parameters, protagonist substitutions and page meaning.  Anonymous speaker remains ???.
completion.00a0c53c	costa_libera	＊「お互い　同業者として<LF><TAB>がんばりましょうね。<LF><TAB>それは　さておき……	"???: ""Let's both do our best as fellow merchants. Now, setting that aside..."""		Independent translation from the pinned Japanese GBA script. Preserve original event parameters, protagonist substitutions and page meaning.  Anonymous speaker remains ???.
completion.00a0c584	costa_libera	＊「あら　トルネコさんですね。<LF><TAB>今度　そこに　店を　ひらくんでしょ。	"???: ""Oh, you're Torneko. You're opening a shop over there, aren't you?"""	torneko	Independent translation from the pinned Japanese GBA script. Preserve original event parameters, protagonist substitutions and page meaning.  Anonymous speaker remains ???.
completion.00a0c62c	costa_libera	＊「この　ホットケーキ<LF><TAB>こげてる……。　にがいよう。	"???: ""This pancake is burnt... It tastes bitter."""		Independent translation from the pinned Japanese GBA script. Preserve original event parameters, protagonist substitutions and page meaning.  Anonymous speaker remains ???.
completion.00a0c694	costa_libera	＊「母さんが　いなくなっても<LF><TAB>父さんが　ついてるからな。<LF><TAB>元気だせよっ。	"???: ""Mom may be gone, but you've still got Dad. Cheer up."""		Independent translation from the pinned Japanese GBA script. Preserve original event parameters, protagonist substitutions and page meaning.  Anonymous speaker remains ???. Language review: Use American spelling alongside armor, colors and savior.
completion.00a0c740	costa_libera	＊「もし　この家や店が　いらなくなったら<LF><TAB>いつでも　私に　おまかせください。<LF><TAB>わっはっはっは。	"???: ""If you ever tire of this house and shop, just leave them to me. Ha ha ha!"""		Independent translation from the pinned Japanese GBA script. Preserve original event parameters, protagonist substitutions and page meaning.  Anonymous speaker remains ???.
completion.00a0c7a0	costa_libera	＊「しかし　アレですね。<LF><TAB>あなたも　旅が　お好きのようだ。	"???: ""Still, you seem rather fond of traveling yourself."""		Independent translation from the pinned Japanese GBA script. Preserve original event parameters, protagonist substitutions and page meaning.  Anonymous speaker remains ???.
completion.00a0c7dc	costa_libera	＊「あなた　この家と店を　王さまから<LF><TAB>もらったそうですな。<LF><TAB>いや　うらやましい。	"???: ""I hear the king gave you this house and shop. How I envy you."""	role.king	Independent translation from the pinned Japanese GBA script. Preserve original event parameters, protagonist substitutions and page meaning.  Anonymous speaker remains ???.
completion.00a0c940	costa_libera	＊「ん？　なんだ　また　あんたか。<LF><TAB>しつこいなあ。　あげるモノは<LF><TAB>もう　ないよ。	"???: ""Hmm? Oh, you again. Persistent, aren't you? I've nothing left to give you."""		Independent translation from the pinned Japanese GBA script. Preserve original event parameters, protagonist substitutions and page meaning.  Anonymous speaker remains ???.
completion.00a0cb14	costa_libera	ダグラス「安心して　のんびり<LF><TAB>南の島とやらに　行ってきてくんな。	"Douglas: ""Take your time on that southern island. Leave everything to me."""	character.douglas	Independent translation from the pinned Japanese GBA script. Preserve original event parameters, protagonist substitutions and page meaning. 
completion.00a0cb58	costa_libera	ダグラス「だんなが　もどって来るまでに<LF><TAB>開店じゅんびは　このオレが<LF><TAB>ばっちり　すませておくからよ。	"Douglas: ""I'll have this place all ready to open by the time you get back, boss."""	character.douglas	Independent translation from the pinned Japanese GBA script. Preserve original event parameters, protagonist substitutions and page meaning. 
completion.00a0cbbc	costa_libera	ダグラス「おっと　もちろん　オレも<LF><TAB>やとってもらえて　感謝してるぜ。	"Douglas: ""Oh, and of course I'm grateful you hired me."""	character.douglas	Independent translation from the pinned Japanese GBA script. Preserve original event parameters, protagonist substitutions and page meaning. 
completion.00a0cc04	costa_libera	ダグラス「ずいぶん　いい所じゃねえか。<LF><TAB>だんなも　うまいこと　やったよなあ。	"Douglas: ""Pretty nice place! You did well for yourself, boss."""	character.douglas	Independent translation from the pinned Japanese GBA script. Preserve original event parameters, protagonist substitutions and page meaning. 
completion.00a0cc54	costa_libera	ダグラス「おっ　トルネコのだんな！<LF><TAB>やっと　おでましかい？	"Douglas: ""Hey, boss! Finally made it, Torneko?"""	torneko,character.douglas	Independent translation from the pinned Japanese GBA script. Preserve original event parameters, protagonist substitutions and page meaning. 
completion.00a0cc90	costa_libera	サムソン「どうぞ　気をつけて<LF><TAB>いってらっしゃいませ！	"Samson: ""Please take care on your journey!"""	character.samson	Independent translation from the pinned Japanese GBA script. Preserve original event parameters, protagonist substitutions and page meaning. 
completion.00a0ccc8	costa_libera	サムソン「とりあえず　店長が　南の島から<LF><TAB>もどられるまでには　開店のじゅんびを<LF><TAB>ととのえておきますね。	"Samson: ""I'll have everything ready to open by the time you return from the southern island, sir."""	character.samson	Independent translation from the pinned Japanese GBA script. Preserve original event parameters, protagonist substitutions and page meaning. 
completion.00a0cd30	costa_libera	サムソン「このたびは　私を　店員に<LF><TAB>して下さって　ありがとうございます。<LF><TAB>せいいっぱい　がんばります。	"Samson: ""Thank you for hiring me. I'll do my very best."""	character.samson	Independent translation from the pinned Japanese GBA script. Preserve original event parameters, protagonist substitutions and page meaning. 
completion.00a0cd98	costa_libera	サムソン「おお　トルネコ店長！<LF><TAB>お待ちしておりました！	"Samson: ""Ah, Mr. Torneko! I've been waiting for you, sir!"""	torneko,character.samson	Independent translation from the pinned Japanese GBA script. Preserve original event parameters, protagonist substitutions and page meaning. 店長 conveyed by subordinate's manner, not inserted into the personal name.
completion.00a0ce70	costa_libera	＊「外を　不気味なキリに　おおわれてから<LF><TAB>まるで　凍りつきそうな　寒さだよ。	"???: ""Ever since that eerie mist covered everything, it's been freezing cold."""		Independent translation from the pinned Japanese GBA script. Preserve original event parameters, protagonist substitutions and page meaning.  Anonymous speaker remains ???.
completion.00a0cec0	costa_libera	＊「ぶるる……　おお　寒い寒い！<LF><TAB>ここは　港町コスタリベラだ。	"???: ""Brrr... So cold! This is the port town of Costa Libera."""	place.journey.00873188	Independent translation from the pinned Japanese GBA script. Preserve original event parameters, protagonist substitutions and page meaning.  Anonymous speaker remains ???.
completion.00a0cf20	costa_libera	＊「ゴホゴホ！　はあはあ……。<LF><TAB>つらくても　お客さまのため<LF><TAB>がんばりますわ。	"???: ""Cough, cough! Wheeze... It's hard, but I'll keep going for my customers."""		Independent translation from the pinned Japanese GBA script. Preserve original event parameters, protagonist substitutions and page meaning.  Anonymous speaker remains ???.
completion.00a0cf90	costa_libera	＊「お客さんも　こんな時なのに<LF><TAB>がんばりますね。<LF><TAB>あたしも　しっかりやらなくちゃ。	"???: ""You're working hard even at a time like this. I'd better do my best, too."""		Independent translation from the pinned Japanese GBA script. Preserve original event parameters, protagonist substitutions and page meaning.  Anonymous speaker remains ???.
completion.00a0d00c	costa_libera	＊「う～ん　お客さんかい……？<LF><TAB>貴重な　舶来品なら　あと<LF><TAB>少ししか　のこってないよ～。	"???: ""Mmm, a customer...? Only a few rare imports left..."""		Independent translation from the pinned Japanese GBA script. Preserve original event parameters, protagonist substitutions and page meaning.  Anonymous speaker remains ???.
completion.00a0d0b4	costa_libera	＊「あら　すてきなお客さん！<LF><TAB>こんな時でも　がんばって<LF><TAB>サービスさせていただくわよ～！	"???: ""Oh, what a lovely customer! Even now, I'll do my best to give you special service!"""		Independent translation from the pinned Japanese GBA script. Preserve original event parameters, protagonist substitutions and page meaning.  Anonymous speaker remains ???.
completion.00a0d154	costa_libera	＊「ふにゃ～ん……。	"???: ""Mew..."""		Independent translation from the pinned Japanese GBA script. Preserve original event parameters, protagonist substitutions and page meaning.  Anonymous speaker remains ???.
completion.00a0d19c	costa_libera	＊「もう　プールで泳ぐ気力も<LF><TAB>ないよ……。	"???: ""I don't even have the energy to swim in the pool anymore..."""		Independent translation from the pinned Japanese GBA script. Preserve original event parameters, protagonist substitutions and page meaning.  Anonymous speaker remains ???.
completion.00a0d1c8	costa_libera	＊「ああ　もう　おしまいだ！<LF><TAB>なんでも　ヘルジャスティスとかいう<LF><TAB>すごい魔物が　世界を支配するらしい。	"???: ""Oh, it's all over! I hear some mighty monster called Hell Justice will rule the world."""	enemy_hell_justice	Independent translation from the pinned Japanese GBA script. Preserve original event parameters, protagonist substitutions and page meaning.  Anonymous speaker remains ???.
completion.00a0d268	costa_libera	船長「きっと　この国を　すくってくださる<LF><TAB>トルネコどのを　王の船で　送迎した<LF><TAB>あの　旅のことをな……。	"Captain: ""That voyage, taking Torneko on the king's ship... The man who will surely save this kingdom."""	torneko,role.ship_captain	Independent translation from the pinned Japanese GBA script. Preserve original event parameters, protagonist substitutions and page meaning. Ship captain, distinct from the army captain despite shared English role label.
completion.00a0d2d0	costa_libera	船長「わしゃ　忘れないぞい！	"Captain: ""I'll never forget it!"""	role.ship_captain	Independent translation from the pinned Japanese GBA script. Preserve original event parameters, protagonist substitutions and page meaning. Ship captain.
completion.00a0d320	costa_libera	＊「この国は　もうだめなのかしら？<LF><TAB>そんなこと　信じたくありませんよ。	"???: ""Is this kingdom truly finished? I don't want to believe it."""		Independent translation from the pinned Japanese GBA script. Preserve original event parameters, protagonist substitutions and page meaning.  Anonymous speaker remains ???.
completion.00a0d3a0	costa_libera	＊「このままでは　いずれ……<LF><TAB>ああ　考えたくない！	"???: ""If this goes on, someday... Oh, I don't want to think about it!"""		Independent translation from the pinned Japanese GBA script. Preserve original event parameters, protagonist substitutions and page meaning.  Anonymous speaker remains ???.
completion.00a0d3d4	costa_libera	＊「この町の　人びとも<LF><TAB>だいぶ　弱っているようですね。	"???: ""The people of this town seem much weaker, too."""		Independent translation from the pinned Japanese GBA script. Preserve original event parameters, protagonist substitutions and page meaning.  Anonymous speaker remains ???.
completion.00a0d444	costa_libera	＊「だって　この国が　魔物に<LF><TAB>おそわれそうになるのを　見なくて<LF><TAB>済んだんですもの。	"???: ""At least he didn't have to see this kingdom on the brink of a monster attack."""		Independent translation from the pinned Japanese GBA script. Preserve original event parameters, protagonist substitutions and page meaning.  Anonymous speaker remains ???.
completion.00a0d498	costa_libera	＊「父が　商売を大きくするって言って<LF><TAB>出て行ったときは　アタマに来たけど<LF><TAB>今にして思えば　よかったのよね。	"???: ""I was angry when Father left to expand the business. But now, perhaps it was for the best."""		Independent translation from the pinned Japanese GBA script. Preserve original event parameters, protagonist substitutions and page meaning.  Anonymous speaker remains ???.
completion.00a0d584	costa_libera	＊「え～ん！　イジワル～！	"???: ""Waaah! You're mean!"""		Independent translation from the pinned Japanese GBA script. Preserve original event parameters, protagonist substitutions and page meaning.  Anonymous speaker remains ???.
completion.00a0d5a0	costa_libera	＊「そうだよね。<LF><TAB>そんなこと　ないもんね。	"???: ""You're right. That won't happen."""		Independent translation from the pinned Japanese GBA script. Preserve original event parameters, protagonist substitutions and page meaning.  Anonymous speaker remains ???.
completion.00a0d5cc	costa_libera	＊「あたしも　モンスターに<LF><TAB>食べられちゃうの？	"???: ""Will the monsters eat me, too?"""		Independent translation from the pinned Japanese GBA script. Preserve original event parameters, protagonist substitutions and page meaning.  Anonymous speaker remains ???.
completion.00a0d654	costa_libera	＊「ああ！　死ぬ前に　一度でいいから<LF><TAB>自分の店を　持ちたかった……。	"???: ""Oh! Just once before I die, I wanted to own a shop..."""		Independent translation from the pinned Japanese GBA script. Preserve original event parameters, protagonist substitutions and page meaning.  Anonymous speaker remains ???.
completion.00a0d69c	costa_libera	＊「あわわわわ……<LF><TAB>なんだか　昨日より　邪悪なキリが<LF><TAB>深くなったような　気がしますぞ。	"???: ""Oh-oh-oh... I think the evil mist is even thicker than yesterday."""		Independent translation from the pinned Japanese GBA script. Preserve original event parameters, protagonist substitutions and page meaning.  Anonymous speaker remains ???.
completion.00a0d95c	costa_libera	ダグラス「よく　考えると　店が<LF><TAB>もうかってるのか　イマイチ<LF><TAB>分からねえけどな。　わっはっは！	"Douglas: ""Though come to think of it, I'm not sure the shop's making much profit. Ha ha ha!"""	character.douglas	Independent translation from the pinned Japanese GBA script. Preserve original event parameters, protagonist substitutions and page meaning. 
completion.00a0d9bc	costa_libera	ダグラス「オレの　ウデで　他の店より<LF><TAB>高く　品物を　売りさばいてるからよ<LF><TAB>仕入値だって　高くできるんだぜ。	"Douglas: ""I'm good enough to sell for more than other shops, so I can pay more for stock, too."""	character.douglas	Independent translation from the pinned Japanese GBA script. Preserve original event parameters, protagonist substitutions and page meaning. Preserve higher resale AND purchase price explanation; do not import a percentage.
completion.00a0da28	costa_libera	ダグラス「お客への　売値との差額は<LF><TAB>店の維持費や　オレの給料に<LF><TAB>もらってるけどよ……	"Douglas: ""The difference between that and what customers pay covers the shop's costs and my wages..."""	character.douglas	Independent translation from the pinned Japanese GBA script. Preserve original event parameters, protagonist substitutions and page meaning. 
completion.00a0da80	costa_libera	ダグラス「$tさんたちが<LF><TAB>持ってきた品は　店の仕入値で<LF><TAB>ひきとることに　なってるよな。	"Douglas: ""We buy the goods you bring in at our stock price, $t."""	character.douglas,torneko,enemy_tipper	Independent translation from the pinned Japanese GBA script. Preserve original event parameters, protagonist substitutions and page meaning. Preserve native protagonist substitution.
completion.00a0dad8	costa_libera	サムソン「店長みずから　問屋をなさるとは<LF><TAB>画期的な　システムですよね。<LF><TAB>さすが　トルネコさまです。	"Samson: ""The owner acting as his own wholesaler! What a clever system. Just like you, Mr. Torneko."""	torneko,character.samson	Independent translation from the pinned Japanese GBA script. Preserve original event parameters, protagonist substitutions and page meaning. 
completion.00a0db3c	costa_libera	サムソン「お客さまへの　売値との差額は<LF><TAB>お店の維持費や　私のお給料に<LF><TAB>いただいております。	"Samson: ""The difference between that and our selling price covers the shop's costs and my wages."""	character.samson	Independent translation from the pinned Japanese GBA script. Preserve original event parameters, protagonist substitutions and page meaning. 
completion.00a0db98	costa_libera	サムソン「$tさまたちが<LF><TAB>お持ちになった品は　お店の仕入値で<LF><TAB>おひきとりします。	"Samson: ""We buy the goods you and your party bring in at our stock price, $t."""	character.samson,torneko,enemy_tipper	Independent translation from the pinned Japanese GBA script. Preserve original event parameters, protagonist substitutions and page meaning. 
completion.00a0dbe8	costa_libera	ダグラス「トルネコのだんなの<LF><TAB>息子だけあって　おめえも<LF><TAB>なかなか　やるようだな。	"Douglas: ""You do pretty well yourself. Just what I'd expect from Torneko's son."""	torneko,character.douglas	Independent translation from the pinned Japanese GBA script. Preserve original event parameters, protagonist substitutions and page meaning. 
completion.00a0dc3c	costa_libera	ダグラス「さすが　トルネコのだんなの<LF><TAB>ひとり息子！　さあ　早く<LF><TAB>家に入って　休むといいぜ。	"Douglas: ""That's Torneko's only boy for you! Now, get inside and have a rest."""	torneko,character.douglas	Independent translation from the pinned Japanese GBA script. Preserve original event parameters, protagonist substitutions and page meaning. 
completion.00a0dc98	costa_libera	ダグラス「おお　やっぱりそうか！<LF><TAB>てっきり　どっかのダンジョンで<LF><TAB>おっちんじまったかと　心配してたが…	"Douglas: ""Ah, I thought so! I was worried you'd gone and died in some dungeon..."""	character.douglas,character.castle_john	Independent translation from the pinned Japanese GBA script. Preserve original event parameters, protagonist substitutions and page meaning. 
completion.00a0dd00	costa_libera	ダグラス「うん？　おめえ　もしや<LF><TAB>店長の息子の　ポポロじゃねえのか？	"Douglas: ""Hmm? Aren't you the boss's son, Tipper?"""	enemy_tipper,character.douglas	Independent translation from the pinned Japanese GBA script. Preserve original event parameters, protagonist substitutions and page meaning. 
completion.00a0dd48	costa_libera	サムソン「さあ　早く　お家に入って<LF><TAB>お休みになってください。	"Samson: ""Please, go inside and have a rest."""	character.samson	Independent translation from the pinned Japanese GBA script. Preserve original event parameters, protagonist substitutions and page meaning. 
completion.00a0dd88	costa_libera	サムソン「トルネコさまも　ネネさまも<LF><TAB>大変　心配なさっていたのですよ！	"Samson: ""Torneko and Tessie have been terribly worried about you!"""	torneko,character.samson	Independent translation from the pinned Japanese GBA script. Preserve original event parameters, protagonist substitutions and page meaning. 
completion.00a0ddd0	costa_libera	サムソン「この国が　こんなことになり<LF><TAB>ひとりで旅立たれた　ぼっちゃんの身に<LF><TAB>何かあったらと……	"Samson: ""With the kingdom in this state, we feared something might happen to you traveling alone..."""	character.samson	Independent translation from the pinned Japanese GBA script. Preserve original event parameters, protagonist substitutions and page meaning. 
completion.00a0de30	costa_libera	サムソン「おお！　これは　もしや<LF><TAB>ポポロぼっちゃん　ですね！	"Samson: ""Oh! Could it be young Master Tipper?!"""	enemy_tipper,character.samson	Independent translation from the pinned Japanese GBA script. Preserve original event parameters, protagonist substitutions and page meaning. 
completion.00a0dfd4	costa_libera	ノラ犬は　さみしそうに<LF>去っていった……。	The stray dog walked away sadly...		Independent translation from the pinned Japanese GBA script. Preserve original event parameters, protagonist substitutions and page meaning. 
completion.00a0e090	costa_libera	それでは　この犬を<LF>野にかえして　あげますか？	Then, will you let this dog go free?		Independent translation from the pinned Japanese GBA script. Preserve original event parameters, protagonist substitutions and page meaning. Pet release confirmation; actual name entry and save fields remain separately reviewed.
completion.00a0e0c0	costa_libera	どうやら　名前を　つけてほしいようだ。<LF>なにか　考えてあげますか？	It seems to want a name.<LF>Will you think of one?		Independent translation from the pinned Japanese GBA script. Preserve original event parameters, protagonist substitutions and page meaning. 
completion.00a0e104	costa_libera	その犬は　なんとも　せつない目で<LF>こちらを　見つめている……。	The dog gazes at you with terribly sorrowful eyes...		Independent translation from the pinned Japanese GBA script. Preserve original event parameters, protagonist substitutions and page meaning. 
completion.00a0e144	costa_libera	＊「ク～ン　ク～ン！	"???: ""Whine, whine!"""		Independent translation from the pinned Japanese GBA script. Preserve original event parameters, protagonist substitutions and page meaning.  Anonymous speaker remains ???.
completion.00a0e66c	costa_libera	＊「ここの主人は　もう長いこと<LF><TAB>旅から　帰ってないみたいですし<LF><TAB>うまくすれば……　わっはっは。	"???: ""The owner hasn't returned from his travels in ages. If I play my cards right... Ha ha ha!"""		Independent translation from the pinned Japanese GBA script. Preserve original event parameters, protagonist substitutions and page meaning.  Anonymous speaker remains ???.
completion.00a0e6cc	costa_libera	＊「やはり　どうしても　自分の店を<LF><TAB>持つことが　あきらめきれなくて<LF><TAB>ここで　働くことにしました。	"???: ""I just couldn't give up my dream of owning a shop, so I decided to work here."""		Independent translation from the pinned Japanese GBA script. Preserve original event parameters, protagonist substitutions and page meaning.  Anonymous speaker remains ???.
completion.00a0e790	costa_libera	＊「この町も　すっかり　もと通りですね。<LF><TAB>トルネコどのや　ポポロどのの<LF><TAB>おかげですよ。	"???: ""The town is back to normal. We owe it all to Torneko and Tipper."""	torneko,enemy_tipper	Independent translation from the pinned Japanese GBA script. Preserve original event parameters, protagonist substitutions and page meaning.  Anonymous speaker remains ???.
completion.00a0e818	costa_libera	＊「ママが　いなくなったのに　今度は<LF><TAB>ちがうママが　できるんだって。<LF><TAB>ホットケーキ作るの　じょうずかなあ。	"???: ""Mom's gone, but now I'm getting a different mom. I wonder if she's good at making pancakes."""		Independent translation from the pinned Japanese GBA script. Preserve original event parameters, protagonist substitutions and page meaning.  Anonymous speaker remains ???. Language review: Use American spelling consistently.
completion.00a0e8a4	costa_libera	＊「今夜のおかずは<LF><TAB>何にしようかしらねえ。	"???: ""What shall I cook tonight?"""		Independent translation from the pinned Japanese GBA script. Preserve original event parameters, protagonist substitutions and page meaning.  Anonymous speaker remains ???.
completion.00a0e920	costa_libera	＊「平和になって　また船が出せるように<LF><TAB>なったから　めずらしい品が<LF><TAB>はいってきてるよ！	"???: ""Now we're at peace, ships are sailing again and bringing in rare goods!"""		Independent translation from the pinned Japanese GBA script. Preserve original event parameters, protagonist substitutions and page meaning.  Anonymous speaker remains ???.
completion.00a0e978	costa_libera	＊「はいはい　いらっしゃい！	"???: ""Come in, come in!"""		Independent translation from the pinned Japanese GBA script. Preserve original event parameters, protagonist substitutions and page meaning.  Anonymous speaker remains ???.
completion.00a0e9d0	costa_libera	＊「あら　いらっしゃい！<LF><TAB>サービス　しちゃうわよ～。	"???: ""Oh, welcome! I'll give you special service!"""		Independent translation from the pinned Japanese GBA script. Preserve original event parameters, protagonist substitutions and page meaning.  Anonymous speaker remains ???.
completion.00a0ea30	costa_libera	＊「あんた　この向かいの店では<LF><TAB>買わないほうが　いいよっ。	"???: ""I'd avoid buying from the shop opposite!"""		Independent translation from the pinned Japanese GBA script. Preserve original event parameters, protagonist substitutions and page meaning.  Anonymous speaker remains ???.
completion.00a0ea9c	costa_libera	＊「私も　家を出て<LF><TAB>結婚でも　しちゃうから……。	"???: ""I'll leave home and get married myself..."""		Independent translation from the pinned Japanese GBA script. Preserve original event parameters, protagonist substitutions and page meaning.  Anonymous speaker remains ???.
completion.00a0ead0	costa_libera	＊「うちの　お店を　ほったらかして<LF><TAB>とうとう　帰って来ないなんて<LF><TAB>もう　父のことは　忘れるわ。	"???: ""He abandoned our shop and never came back. I'm forgetting all about Father."""		Independent translation from the pinned Japanese GBA script. Preserve original event parameters, protagonist substitutions and page meaning.  Anonymous speaker remains ???.
completion.00a0eb48	costa_libera	＊「この前の夜　そこの教会の　神父さまが<LF><TAB>ひっそり　たたずんでるのを<LF><TAB>見たんだけどさ……。	"???: ""The other night, I saw the priest from that church standing here quietly..."""	role.priest	Independent translation from the pinned Japanese GBA script. Preserve original event parameters, protagonist substitutions and page meaning.  Anonymous speaker remains ???.
completion.00a0eba4	costa_libera	＊「このプールの水って　誰が<LF><TAB>手入れしてるんだろ。	"???: ""Who looks after the water in this pool, anyway?"""		Independent translation from the pinned Japanese GBA script. Preserve original event parameters, protagonist substitutions and page meaning.  Anonymous speaker remains ???.
completion.00a0ec10	costa_libera	＊「この国を　すくってくださった<LF><TAB>トルネコどのを　王の船で　送迎した<LF><TAB>あの　旅のことをな……。	"???: ""That voyage, taking Torneko on the king's ship... The man who saved this kingdom."""	torneko	Independent translation from the pinned Japanese GBA script. Preserve original event parameters, protagonist substitutions and page meaning. Anonymous source tag retained despite earlier named captain version. Anonymous speaker remains ???.
completion.00a0ec70	costa_libera	＊「わしゃ　忘れないぞい！	"???: ""I'll never forget it!"""		Independent translation from the pinned Japanese GBA script. Preserve original event parameters, protagonist substitutions and page meaning.  Anonymous speaker remains ???.
completion.00a0ecbc	costa_libera	＊「おじいさんったら　最近<LF><TAB>ごきげんですのよ。<LF><TAB>本当に　ありがとうございました。	"???: ""My husband has been in such good spirits lately. Thank you so much."""		Independent translation from the pinned Japanese GBA script. Preserve original event parameters, protagonist substitutions and page meaning.  Anonymous speaker remains ???.
completion.00a1ba88	costa_services	＊「あ　いえ　なんでもありませんわ。<LF><TAB>聞かなかったことに<LF><TAB>してくださいまし。	"???: ""Oh, no, never mind. Please forget I said anything."""		Independent translation from the pinned Japanese GBA script. Preserve original event parameters, protagonist substitutions and page meaning.  Anonymous speaker remains ???.
completion.00a1bad8	costa_services	＊「ただ　王妃さまのこととなると<LF><TAB>人が変わるのが　玉にキズ……	"???: ""His one fault is that he becomes a different man where the queen is concerned..."""	role.queen	Independent translation from the pinned Japanese GBA script. Preserve original event parameters, protagonist substitutions and page meaning.  Anonymous speaker remains ???.
completion.00a1bb18	costa_services	＊「王さまは　とても　心の広い　お方。<LF><TAB>きっと　あなたの　おチカラに<LF><TAB>なってくださいますわ。	"???: ""The king is very generous. I'm sure he will help you."""	role.king	Independent translation from the pinned Japanese GBA script. Preserve original event parameters, protagonist substitutions and page meaning.  Anonymous speaker remains ???.
completion.00a1bb78	costa_services	＊「北の　グレートバレイナ城には<LF><TAB>もう　行かれましたか？	"???: ""Have you visited Great Baleina Castle to the north?"""	place.journey.00873120	Independent translation from the pinned Japanese GBA script. Preserve original event parameters, protagonist substitutions and page meaning.  Anonymous speaker remains ???.
completion.00a1bc2c	costa_services	＊「町は　暮らすには　うるさすぎるとかで<LF><TAB>はるか遠く　山の向こうに<LF><TAB>こもってしまわれたんですよ。	"???: ""She said town life was too noisy and went to live far away, beyond the mountains."""		Independent translation from the pinned Japanese GBA script. Preserve original event parameters, protagonist substitutions and page meaning.  Anonymous speaker remains ???.
completion.00a1bc90	costa_services	＊「残念ですわ。　昔だったら<LF><TAB>なんでも病気が治せる　占い師の<LF><TAB>おばあさんが　いらしたんですけど……	"???: ""What a shame. There used to be an old fortune-teller here who could cure any illness..."""		Independent translation from the pinned Japanese GBA script. Preserve original event parameters, protagonist substitutions and page meaning.  Anonymous speaker remains ???.
completion.00a1bcf4	costa_services	＊「そういえば　王妃様が<LF><TAB>ご病気になられたという　うわさも<LF><TAB>ありましたが　そのせいでしょうか？	"???: ""Come to think of it, I heard the queen had fallen ill. Could that be why?"""	role.queen	Independent translation from the pinned Japanese GBA script. Preserve original event parameters, protagonist substitutions and page meaning.  Anonymous speaker remains ???.
completion.00a1bd54	costa_services	＊「え？　王さまの　ご命令で<LF><TAB>お城に入れない？<LF><TAB>まあ　そんなことに……。	"???: ""Huh? The king has ordered the castle closed to visitors? Oh, dear..."""	role.king	Independent translation from the pinned Japanese GBA script. Preserve original event parameters, protagonist substitutions and page meaning.  Anonymous speaker remains ???.
completion.00a1be20	costa_services	＊「最近　北の山脈には　おそろしい<LF><TAB>魔物が　住みついているとか……。	"???: ""I hear fearsome monsters have settled in the northern mountains lately..."""		Independent translation from the pinned Japanese GBA script. Preserve original event parameters, protagonist substitutions and page meaning.  Anonymous speaker remains ???.
completion.00a1be68	costa_services	＊「どうか　お気をつけて。<LF><TAB>あなたに　神の　ご加護が<LF><TAB>ありますように。	"???: ""Please take care. May divine protection be with you."""		Independent translation from the pinned Japanese GBA script. Preserve original event parameters, protagonist substitutions and page meaning.  Anonymous speaker remains ???.
completion.00a1beb0	costa_services	＊「まあ　それは　大変なことですわね。<LF><TAB>最近　北の山脈には　おそろしい<LF><TAB>魔物が　住みついているとか……。	"???: ""Oh, what a task. I hear fearsome monsters have settled in the northern mountains lately..."""		Independent translation from the pinned Japanese GBA script. Preserve original event parameters, protagonist substitutions and page meaning.  Anonymous speaker remains ???.
completion.00a1bf1c	costa_services	＊「えっ　王さまに　たのまれて<LF><TAB>占い師の　おばあさんの所へ？	"???: ""What? The king has asked you to visit the old fortune-teller?"""	role.king	Independent translation from the pinned Japanese GBA script. Preserve original event parameters, protagonist substitutions and page meaning.  Anonymous speaker remains ???.
completion.00a1bf9c	costa_services	＊「これから　南の島へ<LF><TAB>もどられるのですね。<LF><TAB>どうぞ　お気をつけて。	"???: ""You're returning to the southern island now, then. Please take care."""		Independent translation from the pinned Japanese GBA script. Preserve original event parameters, protagonist substitutions and page meaning.  Anonymous speaker remains ???.
completion.00a1bfe4	costa_services	＊「あなたは　きっと　目的を<LF><TAB>とげられると　思っておりました。	"???: ""I knew you would achieve what you set out to do."""		Independent translation from the pinned Japanese GBA script. Preserve original event parameters, protagonist substitutions and page meaning.  Anonymous speaker remains ???.
completion.00a1c024	costa_services	＊「ようこそ　教会へ。<LF><TAB>たしか　トルネコさん　でしたね。	"???: ""Welcome to the church. Torneko, wasn't it?"""	torneko	Independent translation from the pinned Japanese GBA script. Preserve original event parameters, protagonist substitutions and page meaning.  Anonymous speaker remains ???.
completion.00a1c090	costa_services	＊「ようこそ　教会へ。<LF><TAB>いくら　邪悪なキリでも　この聖堂には<LF><TAB>入れないに　ちがいありませんわ。	"???: ""Welcome to the church. Surely even that evil mist cannot enter this holy place."""		Independent translation from the pinned Japanese GBA script. Preserve original event parameters, protagonist substitutions and page meaning.  Anonymous speaker remains ???.
completion.00a1c128	costa_services	＊「できれば　私も　行きたかった……<LF><TAB>……って　いやだわ　私ったら。<LF><TAB>聞かなかったことに　して下さいまし。	"???: ""I'd have liked to go, too... Oh, listen to me! Please forget I said that."""		Independent translation from the pinned Japanese GBA script. Preserve original event parameters, protagonist substitutions and page meaning.  Anonymous speaker remains ???.
completion.00a1c194	costa_services	＊「グレートバレイナ城の　祝典は<LF><TAB>それは　それは<LF><TAB>ステキだったのでしょうね。	"???: ""The celebration at Great Baleina Castle must have been truly wonderful."""	place.journey.00873120	Independent translation from the pinned Japanese GBA script. Preserve original event parameters, protagonist substitutions and page meaning.  Anonymous speaker remains ???.
completion.00a2167c	costa_services	『夢とその物語』<LF>どうやら　夢についての研究が<LF>書かれた本のようだ。	'Dreams and Their Stories'<LF>It seems to be a book of research into dreams.		Independent translation from the pinned Japanese GBA script. Preserve original event parameters, protagonist substitutions and page meaning. Project book title, not an external publication.
completion.00a216c0	costa_services	$tは　本だなを　調べた。	$t examined the bookcase.	torneko,enemy_tipper	Independent translation from the pinned Japanese GBA script. Preserve original event parameters, protagonist substitutions and page meaning. 
completion.00a21774	costa_services	＊「人は　世の中が平和なときにこそ<LF><TAB>かえって　不安を感じるもの<LF><TAB>なんじゃろうか。	"???: ""Perhaps people feel more uneasy precisely when the world is at peace."""		Independent translation from the pinned Japanese GBA script. Preserve original event parameters, protagonist substitutions and page meaning.  Anonymous speaker remains ???.
completion.00a217c8	costa_services	＊「どうも　ここ数日<LF><TAB>悪い夢を　見てのう。	"???: ""I've been having bad dreams these past few days."""		Independent translation from the pinned Japanese GBA script. Preserve original event parameters, protagonist substitutions and page meaning.  Anonymous speaker remains ???.
completion.00a217f4	costa_services	＊「う～ん　う～ん……。<LF><TAB>……はっ！<LF><TAB>ああ　なんじゃ　お客さんかい。	"???: ""Mmm... Mmm... Oh! Ah, a visitor."""		Independent translation from the pinned Japanese GBA script. Preserve original event parameters, protagonist substitutions and page meaning.  Anonymous speaker remains ???.
completion.00a218b4	costa_services	＊「しかし　どこからか　救世主が<LF><TAB>現れる夢も　見たような気が<LF><TAB>するがのう。	"???: ""But I think I also dreamed that a savior would appear from somewhere."""		Independent translation from the pinned Japanese GBA script. Preserve original event parameters, protagonist substitutions and page meaning.  Anonymous speaker remains ???.
completion.00a21900	costa_services	＊「どうも　最近　いやな夢を見ると<LF><TAB>思ったら　こんなことじゃったのか。	"???: ""So this is what all those unpleasant dreams were about."""		Independent translation from the pinned Japanese GBA script. Preserve original event parameters, protagonist substitutions and page meaning.  Anonymous speaker remains ???.
completion.00a21978	costa_services	＊「う～ん　う～ん……。	"???: ""Mmm... Mmm..."""		Independent translation from the pinned Japanese GBA script. Preserve original event parameters, protagonist substitutions and page meaning.  Anonymous speaker remains ???.
completion.00a219c4	costa_services	＊「やっと　安心して　眠れるわい。<LF><TAB>ぐうぐう……。	"???: ""At last, I can sleep in peace. Zzz..."""		Independent translation from the pinned Japanese GBA script. Preserve original event parameters, protagonist substitutions and page meaning.  Anonymous speaker remains ???.
completion.00a26f80	costa_services	＊「では　いってらっしゃいませ。<LF><TAB>お気をつけて。	"???: ""Have a pleasant journey. Take care."""		Independent translation from the pinned Japanese GBA script. Preserve original event parameters, protagonist substitutions and page meaning.  Anonymous speaker remains ???.
completion.00a26fb4	costa_services	＊「では　どうぞ　ごゆっくり。	"???: ""Well then, enjoy your rest."""		Independent translation from the pinned Japanese GBA script. Preserve original event parameters, protagonist substitutions and page meaning.  Anonymous speaker remains ???.
completion.00a26fd4	costa_services	＊「では　休みたいときには<LF><TAB>いつでも　どうぞ。	"???: ""Come back whenever you'd like to rest."""		Independent translation from the pinned Japanese GBA script. Preserve original event parameters, protagonist substitutions and page meaning.  Anonymous speaker remains ???.
completion.00a27004	costa_services	＊「いらっしゃいませ。<LF><TAB>休んでいかれますか？	"???: ""Welcome. Would you like to rest?"""		Independent translation from the pinned Japanese GBA script. Preserve original event parameters, protagonist substitutions and page meaning.  Anonymous speaker remains ???.
completion.00a2712c	costa_services	＊「そんな　すごいお方だから<LF><TAB>どんな　品物を　売ってくださるかと<LF><TAB>楽しみにしてますよ。　はっはっは！	"???: ""A remarkable man like you must sell remarkable goods. I look forward to seeing them! Ha ha!"""		Independent translation from the pinned Japanese GBA script. Preserve original event parameters, protagonist substitutions and page meaning.  Anonymous speaker remains ???.
completion.00a27194	costa_services	＊「ウワサは　聞いてますよ。<LF><TAB>なんでも　王妃を　若がえらせたとか。	"???: ""I've heard the rumors. You made the queen young again, they say."""	role.queen	Independent translation from the pinned Japanese GBA script. Preserve original event parameters, protagonist substitutions and page meaning. Speaker's rumor preserved as a rumor. Anonymous speaker remains ???.
completion.00a271d8	costa_services	＊「あっ　今度　おとなりさんになる<LF><TAB>トルネコさんですね。	"???: ""Ah, you must be Torneko, our new neighbor."""	torneko	Independent translation from the pinned Japanese GBA script. Preserve original event parameters, protagonist substitutions and page meaning.  Anonymous speaker remains ???.
completion.00a272d4	costa_services	＊「おはようございます。<LF><TAB>なんだか　昨夜は　よく眠れましたよ。<LF><TAB>では　行ってらっしゃいませ。	"???: ""Good morning. Somehow, I slept very well last night. Have a pleasant day."""		Independent translation from the pinned Japanese GBA script. Preserve original event parameters, protagonist substitutions and page meaning.  Anonymous speaker remains ???.
completion.00a27334	costa_services	＊「では　どうぞ　ごゆっくり……。	"???: ""Well then, rest well..."""		Independent translation from the pinned Japanese GBA script. Preserve original event parameters, protagonist substitutions and page meaning.  Anonymous speaker remains ???.
completion.00a27358	costa_services	＊「そうですか　それは　残念です。<LF><TAB>では　また　おこしください。	"???: ""Oh, what a shame. Please come again."""		Independent translation from the pinned Japanese GBA script. Preserve original event parameters, protagonist substitutions and page meaning.  Anonymous speaker remains ???.
completion.00a2739c	costa_services	＊「私のとなりで　よかったら<LF><TAB>休んでいかれますか？	"???: ""If you don't mind sleeping beside me, would you like to rest?"""		Independent translation from the pinned Japanese GBA script. Preserve original event parameters, protagonist substitutions and page meaning. Preserve the source's unusual adjacent sleeping offer; not a generic paid-room rewrite. Anonymous speaker remains ???.
completion.00a273d0	costa_services	＊「うっ……　ゴホゴホ！<LF><TAB>いらっしゃい……　ここは宿屋です。	"???: ""Urgh... Cough, cough! Welcome... This is the inn."""		Independent translation from the pinned Japanese GBA script. Preserve original event parameters, protagonist substitutions and page meaning.  Anonymous speaker remains ???.
completion.00a274d0	costa_services	＊「おはようございます。<LF><TAB>では　いってらっしゃいませ。	"???: ""Good morning. Have a pleasant day."""		Independent translation from the pinned Japanese GBA script. Preserve original event parameters, protagonist substitutions and page meaning.  Anonymous speaker remains ???.
completion.00a2bca4	costa_services	＊「あら？　せっかくですけど<LF><TAB>持ち物が　いっぱいのようですわ。	"???: ""Oh? I'd be happy to, but your bag seems to be full."""		Independent translation from the pinned Japanese GBA script. Preserve original event parameters, protagonist substitutions and page meaning.  Anonymous speaker remains ???.
completion.00a2bce4	costa_services	＊「では　これを　お持ちください。	"???: ""Here, take this with you."""		Independent translation from the pinned Japanese GBA script. Preserve original event parameters, protagonist substitutions and page meaning.  Anonymous speaker remains ???.
completion.00a2bd08	costa_services	＊「そうですか。　では　ほしくなったら<LF><TAB>また　声をかけてくださいね。	"???: ""I see. Let me know if you decide you'd like some."""		Independent translation from the pinned Japanese GBA script. Preserve original event parameters, protagonist substitutions and page meaning.  Anonymous speaker remains ???.
completion.00a2bd50	costa_services	＊「パンなら　ありますけど<LF><TAB>お持ちになりますか？	"???: ""I do have some Bread. Would you like some?"""	bread	Independent translation from the pinned Japanese GBA script. Preserve original event parameters, protagonist substitutions and page meaning.  Anonymous speaker remains ???.
completion.00a2bd84	costa_services	＊「あら　お客さま？<LF><TAB>ごめんなさい　お料理は　その人が<LF><TAB>ぜんぶ　食べちゃったの。	"???: ""Oh, a guest? I'm sorry, that person has eaten all the food."""		Independent translation from the pinned Japanese GBA script. Preserve original event parameters, protagonist substitutions and page meaning.  Anonymous speaker remains ???.
completion.00a2be08	costa_services	＊「うん　ウマイ！　この宿の　食事は<LF><TAB>なかなかのモノですな！	"???: ""Mmm, delicious! The food at this inn is quite something!"""		Independent translation from the pinned Japanese GBA script. Preserve original event parameters, protagonist substitutions and page meaning.  Anonymous speaker remains ???.
completion.00a2be78	costa_services	＊「あ～　やっと　自分の食事ができるわ。<LF><TAB>いただきま～すっと。	"???: ""Ah, at last I can have my own meal. Time to eat!"""		Independent translation from the pinned Japanese GBA script. Preserve original event parameters, protagonist substitutions and page meaning.  Anonymous speaker remains ???.
completion.00a2bec8	costa_services	＊「はあ……　食欲がないわ……。<LF><TAB>空が　どんより暗いせいかしら。	"???: ""Sigh... I have no appetite. Is it because the sky is so gloomy?"""		Independent translation from the pinned Japanese GBA script. Preserve original event parameters, protagonist substitutions and page meaning.  Anonymous speaker remains ???.
completion.00a2bf74	costa_services	＊「うちの宿の　食事は　おいしいんだから<LF><TAB>泊まれば　お腹が　満足して<LF><TAB>とっても　幸せ気分よっ。	"???: ""Our inn has delicious food! Stay here, and you'll have a full belly and a happy heart."""		Independent translation from the pinned Japanese GBA script. Preserve original event parameters, protagonist substitutions and page meaning.  Anonymous speaker remains ???.
completion.00a320b8	costa_services	『神父の心得　第1～１５巻』<LF>神父について勉強するための本が<LF>ぎっしりと並べられている。	'The Priest's Guide, Volumes 1-15'<LF>Books on becoming a priest fill the shelves.	role.priest	Independent translation from the pinned Japanese GBA script. Preserve original event parameters, protagonist substitutions and page meaning. Project book title; preserve all fifteen volumes.
completion.00a32110	costa_services	$tは　本だなを　調べた。	$t examined the bookcase.	torneko,enemy_tipper	Independent translation from the pinned Japanese GBA script. Preserve original event parameters, protagonist substitutions and page meaning. 
completion.00a321bc	costa_services	＊「お城の　王子さまみたいには<LF><TAB>なりたくないから　がんばらなくちゃ。	"???: ""I must work hard. I don't want to turn out like the prince."""	role.prince	Independent translation from the pinned Japanese GBA script. Preserve original event parameters, protagonist substitutions and page meaning.  Anonymous speaker remains ???.
completion.00a32204	costa_services	＊「悪いけど　今　神父になるための<LF><TAB>勉強中なんです。<LF><TAB>静かにしてくださいね。	"???: ""Sorry, I'm studying to become a priest. Please keep quiet."""	role.priest	Independent translation from the pinned Japanese GBA script. Preserve original event parameters, protagonist substitutions and page meaning.  Anonymous speaker remains ???.
completion.00a32274	costa_services	＊「だって　あの王子さまだけには<LF><TAB>借りを　作りたくないから……。<LF><TAB>オジさんも　気をつけてくね。	"???: ""I don't want to owe that prince a favor! You be careful, too."""	role.prince	Independent translation from the pinned Japanese GBA script. Preserve original event parameters, protagonist substitutions and page meaning.  Anonymous speaker remains ???.
completion.00a322d4	costa_services	＊「そしたら　王子さまが　ボクに<LF><TAB>面白い本を　くれるって言ったんだけど<LF><TAB>ことわっちゃいました。	"???: ""The prince offered me an interesting book, but I turned him down."""	role.prince	Independent translation from the pinned Japanese GBA script. Preserve original event parameters, protagonist substitutions and page meaning.  Anonymous speaker remains ???.
completion.00a32334	costa_services	＊「この前　父が　仕事で<LF><TAB>お城の王さまに　呼ばれたとき<LF><TAB>ボクも　ついて行ったんです。	"???: ""When the king summoned my father to the castle for work, I went along."""	role.king	Independent translation from the pinned Japanese GBA script. Preserve original event parameters, protagonist substitutions and page meaning.  Anonymous speaker remains ???.
completion.00a323bc	costa_services	＊「だって　ボク　こんなに勉強したのは<LF><TAB>しょうらい　楽に生きるため<LF><TAB>なんですから……。	"???: ""After all, I only studied so hard to have an easy life in the future..."""		Independent translation from the pinned Japanese GBA script. Preserve original event parameters, protagonist substitutions and page meaning.  Anonymous speaker remains ???.
completion.00a32414	costa_services	＊「ああ　神さま！<LF><TAB>どうか　この国を　守ってください！	"???: ""O god! Please protect this kingdom!"""		Independent translation from the pinned Japanese GBA script. Preserve original event parameters, protagonist substitutions and page meaning. Unnamed deity, not a newly assigned series identity. Anonymous speaker remains ???.
completion.00a32494	costa_services	＊「なんだか　将来のこと　考えるのに<LF><TAB>つかれちゃったよ。	"???: ""I'm tired of thinking about the future."""		Independent translation from the pinned Japanese GBA script. Preserve original event parameters, protagonist substitutions and page meaning.  Anonymous speaker remains ???.
completion.00a32f84	costa_services	＊「でも　ここは　北の城の王さまのもので<LF><TAB>よほど　信用できる商人にしか<LF><TAB>売らないそうですよ。　残念だなあ。	"???: ""But it belongs to the king in the northern castle. He'll sell only to a trusted merchant. A pity..."""	role.king	Independent translation from the pinned Japanese GBA script. Preserve original event parameters, protagonist substitutions and page meaning.  Anonymous speaker remains ???.
completion.00a32ff0	costa_services	＊「なんたって　プールつきだし<LF><TAB>商売をやるにも　いい場所ですしねえ。	"???: ""It has a pool, after all, and it's a fine place to do business."""		Independent translation from the pinned Japanese GBA script. Preserve original event parameters, protagonist substitutions and page meaning.  Anonymous speaker remains ???.
completion.00a33038	costa_services	＊「もしかして　あなたも<LF><TAB>この家と店を　買いたいんですか？	"???: ""Are you hoping to buy this house and shop, too?"""		Independent translation from the pinned Japanese GBA script. Preserve original event parameters, protagonist substitutions and page meaning.  Anonymous speaker remains ???.
completion.00a330cc	costa_services	マリーナ「おぼっちゃんの　病気が<LF><TAB>早く　治るといいですね。<LF><TAB>どうぞ　お気をつけて。	"Marina: ""I hope your son recovers soon. Please take care on your journey."""	character.marina	Independent translation from the pinned Japanese GBA script. Preserve original event parameters, protagonist substitutions and page meaning. 
completion.00a33120	costa_services	マリーナ「今は　こんな　空家ですけど<LF><TAB>トルネコさまが　もどるまでには<LF><TAB>家具も　そろえておきますわ。	"Marina: ""The house is empty now, but I'll have it furnished by the time you return, Mr. Torneko."""	torneko,character.marina	Independent translation from the pinned Japanese GBA script. Preserve original event parameters, protagonist substitutions and page meaning. 
completion.00a33184	costa_services	＊「グレートバレイナ王より　つかわされた<LF><TAB>マリーナと　申します。	"???: ""My name is Marina. The king of Great Baleina sent me."""	character.marina	Independent translation from the pinned Japanese GBA script. Preserve original event parameters, protagonist substitutions and page meaning.  Anonymous speaker remains ???.
completion.00a331c8	costa_services	＊「まあ　トルネコさま！<LF><TAB>お帰りなさいませ！	"???: ""Oh, Mr. Torneko! Welcome back!"""	torneko	Independent translation from the pinned Japanese GBA script. Preserve original event parameters, protagonist substitutions and page meaning.  Anonymous speaker remains ???.
completion.00a475c4	arena_visitors	＊「むにゃむにゃ<LF><TAB>え？　また　ハズレなの？<LF><TAB>くやしい～！　ぐうぐう……。	"???: ""Mmm... Huh? Lost again? No fair! Zzz..."""		Independent translation from the pinned Japanese GBA script. Preserve original event parameters, protagonist substitutions and page meaning.  Anonymous speaker remains ???.
completion.00a47638	arena_visitors	＊「ねえ　ボクだよ！　今　帰ったよ！<LF><TAB>起きてくれよお！	"???: ""Hey, it's me! I'm home! Wake up!"""		Independent translation from the pinned Japanese GBA script. Preserve original event parameters, protagonist substitutions and page meaning.  Anonymous speaker remains ???.
completion.00a476b8	arena_visitors	＊「むにゃむにゃ……<LF><TAB>え？　また　ハズレなの？<LF><TAB>インチキじゃない！？　ぐうぐう……。	"???: ""Mmm... Huh? Lost again? Isn't that cheating?! Zzz..."""		Independent translation from the pinned Japanese GBA script. Preserve original event parameters, protagonist substitutions and page meaning.  Anonymous speaker remains ???.
completion.00a47738	arena_visitors	＊「ねえ　ボクだよ！<LF><TAB>長旅から　帰ってきたんだよ！<LF><TAB>いいかげん　起きてくれよお！	"???: ""Hey, it's me! I've come home from a long journey! Wake up already!"""		Independent translation from the pinned Japanese GBA script. Preserve original event parameters, protagonist substitutions and page meaning.  Anonymous speaker remains ???.
completion.00a477d4	arena_visitors	＊「ああ　もう　こんなカラダの調子じゃ<LF><TAB>勝負ができないじゃないの！<LF><TAB>早く　平和にならないかねえ……。	"???: ""Oh, I can't gamble feeling like this! When will we have peace again...?"""		Independent translation from the pinned Japanese GBA script. Preserve original event parameters, protagonist substitutions and page meaning.  Anonymous speaker remains ???.
completion.00a4784c	arena_visitors	＊「出て行った女房が　帰ってきたんだ。<LF><TAB>モンスター闘技場で　たおれてたのを<LF><TAB>店員に運ばれてさ。　ははは……。	"???: ""My wife came back. The arena staff carried her home after she collapsed there. Ha ha..."""	interface.dungeon.026,place.journey.00873010	Independent translation from the pinned Japanese GBA script. Preserve original event parameters, protagonist substitutions and page meaning.  Anonymous speaker remains ???.
completion.00a47904	arena_visitors	＊「いや～ん。	"???: ""Oh, stop it!"""		Independent translation from the pinned Japanese GBA script. Preserve original event parameters, protagonist substitutions and page meaning. Coy exclamation; no unstated identity supplied. Anonymous speaker remains ???.
completion.00a4798c	arena_visitors	＊「あっ！<LF><TAB>な　何か　用ですかな？<LF><TAB>わはははは……。	"???: ""Ah! D-did you want something? Ha ha ha..."""		Independent translation from the pinned Japanese GBA script. Preserve original event parameters, protagonist substitutions and page meaning.  Anonymous speaker remains ???.
completion.00a4c80c	arena_visitors	＊「モンスター闘技場へ<LF><TAB>ようこそ！　遊びの殿堂で<LF><TAB>ゆっくり　楽しんでいってね。	"???: ""Welcome to the Monster arena! Relax and enjoy our palace of entertainment."""	interface.dungeon.026,place.journey.00873010	Independent translation from the pinned Japanese GBA script. Preserve original event parameters, protagonist substitutions and page meaning.  Anonymous speaker remains ???.
completion.00a4c894	arena_visitors	＊「あなたが　育てた魔物たちを<LF><TAB>ぜひ　参加させてくださいね。	"???: ""Please enter the monsters you've raised!"""		Independent translation from the pinned Japanese GBA script. Preserve original event parameters, protagonist substitutions and page meaning.  Anonymous speaker remains ???.
completion.00a4c8d4	arena_visitors	＊「ここは　モンスターたちが　たたかう<LF><TAB>本格的な　闘技場です。	"???: ""This is a proper arena where monsters battle."""		Independent translation from the pinned Japanese GBA script. Preserve original event parameters, protagonist substitutions and page meaning.  Anonymous speaker remains ???.
completion.00a4c934	arena_visitors	＊「へえ～　ここが　ウワサの <LF><TAB>遊びの殿堂と　いわれている <LF><TAB>モンスター闘技場か！ 	"???: ""Wow! So this is the famous Monster arena, the palace of entertainment!"""	interface.dungeon.026,place.journey.00873010	Independent translation from the pinned Japanese GBA script. Preserve original event parameters, protagonist substitutions and page meaning.  Anonymous speaker remains ???.
completion.00a4c9b8	arena_visitors	＊「あそこで　やめておけば……<LF><TAB>…そう　そうなんだよ。<LF><TAB>よし！　次は　そうするぞ。	"???: ""If only I'd stopped then... Yes, that's it. Right! Next time, I will."""		Independent translation from the pinned Japanese GBA script. Preserve original event parameters, protagonist substitutions and page meaning.  Anonymous speaker remains ???.
completion.00a4ca0c	arena_visitors	＊「くそっ！　くそ～っ！<LF><TAB>今日も　全部　スッちまった……。	"???: ""Damn it! Damn it all! I've lost everything again today..."""		Independent translation from the pinned Japanese GBA script. Preserve original event parameters, protagonist substitutions and page meaning.  Anonymous speaker remains ???.
completion.00a4caf8	arena_visitors	＊「おかげで　大ベテランの船長が<LF><TAB>乗り込むことになったけど<LF><TAB>大丈夫かねえ。	"???: ""So a very old hand will be captain instead. I hope he'll be all right."""	role.ship_captain	Independent translation from the pinned Japanese GBA script. Preserve original event parameters, protagonist substitutions and page meaning.  Anonymous speaker remains ???.
completion.00a4cb44	arena_visitors	＊「今度の　王さまの船は<LF><TAB>ずいぶん　長旅だってんで<LF><TAB>オイラは　ことわっちまったんだ。 	"???: ""The king's ship is going on a very long voyage, so I turned the job down."""	role.king	Independent translation from the pinned Japanese GBA script. Preserve original event parameters, protagonist substitutions and page meaning.  Anonymous speaker remains ???.
completion.00a4cc4c	arena_visitors	＊「ここは　遊びの殿堂。<LF><TAB>外がどんなことに　なっていても<LF><TAB>忘れて　気持ちよく　遊びましょうね。	"???: ""This is a palace of entertainment. Whatever happens outside, forget it and enjoy yourself!"""		Independent translation from the pinned Japanese GBA script. Preserve original event parameters, protagonist substitutions and page meaning.  Anonymous speaker remains ???.
completion.00a4ccac	arena_visitors	＊「モンスター闘技場へ<LF><TAB>ようこそ！	"???: ""Welcome to the Monster arena!"""	interface.dungeon.026,place.journey.00873010	Independent translation from the pinned Japanese GBA script. Preserve original event parameters, protagonist substitutions and page meaning.  Anonymous speaker remains ???.
completion.00a4cd00	arena_visitors	＊「あら　ボクちゃん　こんな所に来るのは<LF><TAB>まだ　早いんじゃない？　フフフ。	"???: ""Oh, little boy! Aren't you a bit young for a place like this? Hee hee."""		Independent translation from the pinned Japanese GBA script. Preserve original event parameters, protagonist substitutions and page meaning.  Anonymous speaker remains ???.
completion.00a4cd84	arena_visitors	＊「悪いけど　コインは<LF><TAB>売ってあげられないの。　大人に<LF><TAB>なったら　また来てね。	"???: ""Sorry, I can't sell you tokens. Come back when you're grown up."""	service.tokens	Independent translation from the pinned Japanese GBA script. Preserve original event parameters, protagonist substitutions and page meaning. Use the existing reviewed casino currency; do not change the age restriction. Anonymous speaker remains ???. Language review: Match glossary service.tokens in running prose.
completion.00a4cdd4	arena_visitors	＊「あら　子どもは　こんな所で<LF><TAB>遊んでちゃ　ダメよ。	"???: ""Oh, children mustn't play here."""		Independent translation from the pinned Japanese GBA script. Preserve original event parameters, protagonist substitutions and page meaning.  Anonymous speaker remains ???.
completion.00a4ce54	arena_visitors	＊「あんなに　スッちゃって<LF><TAB>オレの　人生は　終わったよ……。	"???: ""After losing that much, my life's over..."""		Independent translation from the pinned Japanese GBA script. Preserve original event parameters, protagonist substitutions and page meaning.  Anonymous speaker remains ???.
completion.00a4ce94	arena_visitors	＊「ああ……　もうダメだ……。 	"???: ""Ah... It's hopeless..."""		Independent translation from the pinned Japanese GBA script. Preserve original event parameters, protagonist substitutions and page meaning.  Anonymous speaker remains ???.
completion.00a4cfbc	arena_visitors	＊「これでは　兵士長が　夢中になるのも<LF><TAB>無理は　あるまい。	"???: ""No wonder the captain is so taken with this place."""	role.captain	Independent translation from the pinned Japanese GBA script. Preserve original event parameters, protagonist substitutions and page meaning.  Anonymous speaker remains ???.
completion.00a4cff8	arena_visitors	＊「王さまに　ゆるしをもらって<LF><TAB>来てみたが　なるほど　ウワサ通りの<LF><TAB>にぎわいだな。 	"???: ""I got the king's permission to come. It's every bit as lively as they say."""	role.king	Independent translation from the pinned Japanese GBA script. Preserve original event parameters, protagonist substitutions and page meaning.  Anonymous speaker remains ???.
completion.00a4d05c	arena_visitors	＊「ちょっと～！<LF><TAB>なんで　マドハンドが　勝つのよ！<LF><TAB>インチキじゃないの～！？	"???: ""Hey! How did the Muddy hand win?! Isn't that cheating?!"""	enemy.muddy_hand	Independent translation from the pinned Japanese GBA script. Preserve original event parameters, protagonist substitutions and page meaning. Use the reviewed species identity, retaining the speaker's surprise. Anonymous speaker remains ???.
completion.00a4d104	arena_visitors	＊「オイラの　せんぱいが　闘技場に<LF><TAB>出てるから　おうえんに来たんだ。<LF><TAB>……今日は　勝つかなあ。	"???: ""An old pal of mine is fighting in the arena, so I came to cheer him on. Will he win today...?"""		Independent translation from the pinned Japanese GBA script. Preserve original event parameters, protagonist substitutions and page meaning. せんぱい is a senior/acquaintance, not an inferred monster species or personal name. Anonymous speaker remains ???.
completion.00a74270	costa_home	カベには　地図が　かけられている。<LF>北の方に　大きく描かれているのが<LF>この島のようだ。	A map hangs on the wall. The large island drawn to the north seems to be this one.		Independent translation from the pinned Japanese GBA script. Preserve original event parameters, protagonist substitutions and page meaning. 
completion.00a745e0	costa_home	のらネコは　さみしそうに<LF>去っていった……。	The stray cat walked away sadly...		Independent translation from the pinned Japanese GBA script. Preserve original event parameters, protagonist substitutions and page meaning. 
completion.00a746a4	costa_home	それでは　このネコを<LF>野にかえして　あげますか？	Then, will you let this cat go free?		Independent translation from the pinned Japanese GBA script. Preserve original event parameters, protagonist substitutions and page meaning. 
completion.00a746d4	costa_home	どうやら　名前を　つけてほしいようだ。<LF>なにか　考えてあげますか？	It seems to want a name.<LF>Will you think of one?		Independent translation from the pinned Japanese GBA script. Preserve original event parameters, protagonist substitutions and page meaning. Same independently authored naming prompt as the dog; name buffer remains separate.
completion.00a74718	costa_home	そのネコは　なんとも　甘えた目で<LF>こちらを　見つめている……。	The cat gazes at you with pleading eyes...		Independent translation from the pinned Japanese GBA script. Preserve original event parameters, protagonist substitutions and page meaning. 
completion.00a74758	costa_home	＊「にゃう～ん……。	"???: ""Meooow..."""		Independent translation from the pinned Japanese GBA script. Preserve original event parameters, protagonist substitutions and page meaning.  Anonymous speaker remains ???.
completion.00a74890	costa_home	兵士長「今のところ　まったく<LF><TAB>異常はありません。<LF><TAB>ご安心くだされ。	"Captain: ""All is well so far. Please rest assured."""	role.captain	Independent translation from the pinned Japanese GBA script. Preserve original event parameters, protagonist substitutions and page meaning. 
completion.00a748d4	costa_home	兵士長「おお　$tどの。<LF><TAB>ネネどのなら　２階で　お休みだ。	"Captain: ""Ah, $t. Tessie is resting upstairs."""	role.captain,torneko,enemy_tipper	Independent translation from the pinned Japanese GBA script. Preserve original event parameters, protagonist substitutions and page meaning. Original second floor; upstairs appropriate in this house.
completion.00a74990	costa_home	ネネ「さあ　私は　編みかけの<LF><TAB>ポポロのくつ下を　仕上げなくちゃ。	"Tessie: ""Now, I must finish knitting Tipper's socks."""	enemy_tipper	Independent translation from the pinned Japanese GBA script. Preserve original event parameters, protagonist substitutions and page meaning. 
completion.00a749d4	costa_home	ネネ「こんなに　平和で　すがすがしい日が<LF><TAB>やってきたんですもの。<LF><TAB>もう　大丈夫よね。	"Tessie: ""Such a peaceful, refreshing day has finally come. Everything will be all right now."""		Independent translation from the pinned Japanese GBA script. Preserve original event parameters, protagonist substitutions and page meaning. 
completion.00a74a2c	costa_home	ネネ「あなたが　ポポロを<LF><TAB>旅に　行かせてもいいと　思ったときは<LF><TAB>声をかけてあげてちょうだい。	"Tessie: ""When you think it's all right for Tipper to go adventuring, have a word with him."""	enemy_tipper	Independent translation from the pinned Japanese GBA script. Preserve original event parameters, protagonist substitutions and page meaning. 
completion.00a74a8c	costa_home	ネネ「それから　ポポロも　冒険したくて<LF><TAB>ウズウズしてるみたいだから　時どきは<LF><TAB>仕入れに　行かせてあげましょうね。	"Tessie: ""Tipper is eager to adventure, too. Let's send him out to find stock now and then."""	enemy_tipper	Independent translation from the pinned Japanese GBA script. Preserve original event parameters, protagonist substitutions and page meaning. 
completion.00a74b00	costa_home	ネネ「もし　出かけるのなら　今度は<LF><TAB>あまり遠くには　行かないでね。	"Tessie: ""If you do go out, don't travel too far this time."""		Independent translation from the pinned Japanese GBA script. Preserve original event parameters, protagonist substitutions and page meaning. 
completion.00a74b44	costa_home	ネネ「……といっても　あなたは<LF><TAB>早くも　仕入れの旅に　出かけたく<LF><TAB>なってるのかも　しれないけど。	"Tessie: ""...Though you may already be itching to set off in search of stock again."""		Independent translation from the pinned Japanese GBA script. Preserve original event parameters, protagonist substitutions and page meaning. 
completion.00a74ba8	costa_home	ネネ「もう少しだけ　この幸せな気持ちを<LF><TAB>楽しんでいても　いいわよね。	"Tessie: ""We can enjoy this happiness a little longer, can't we?"""		Independent translation from the pinned Japanese GBA script. Preserve original event parameters, protagonist substitutions and page meaning. 
completion.00a74bf0	costa_home	ネネ「そろそろ　長かった旅行も<LF><TAB>終わりにして　なつかしい家に<LF><TAB>帰ってもいい頃だけど……	"Tessie: ""It's about time to end our long holiday and return to our dear old home, but..."""		Independent translation from the pinned Japanese GBA script. Preserve original event parameters, protagonist substitutions and page meaning. 
completion.00a74c48	costa_home	ネネ「こうして　家族みんなで<LF><TAB>のんびりできるなんて　まだ<LF><TAB>夢みたいね。	"Tessie: ""It still feels like a dream, relaxing together as a family."""		Independent translation from the pinned Japanese GBA script. Preserve original event parameters, protagonist substitutions and page meaning. 
completion.00a74d60	costa_home	ネネ「お母さん　お料理は　得意だけど<LF><TAB>手芸は　子どもの頃から<LF><TAB>ニガ手　だったのよね。	"Tessie: ""I'm good at cooking, but I've been hopeless at crafts since I was little."""		Independent translation from the pinned Japanese GBA script. Preserve original event parameters, protagonist substitutions and page meaning. Spoken to Tipper; preserve the change from spouse to maternal voice. Language review: Natural English self-reference to her child; crafts includes the knitting in context.
completion.00a74db8	costa_home	ネネ「ポポロの　くつ下　なかなか<LF><TAB>編みあがらないわ。　さっき<LF><TAB>また　失敗しちゃって……。	"Tessie: ""I'm taking forever to knit Tipper's socks. I made another mistake just now..."""	enemy_tipper	Independent translation from the pinned Japanese GBA script. Preserve original event parameters, protagonist substitutions and page meaning. 
completion.00a74e14	costa_home	ネネ「あなたは　そんなことないわよね。<LF><TAB>ウフフ。	"Tessie: ""You're not like that, are you? Hee hee."""		Independent translation from the pinned Japanese GBA script. Preserve original event parameters, protagonist substitutions and page meaning. 
completion.00a74e48	costa_home	ネネ「近所の　奥さんに　聞いたんだけど<LF><TAB>ご主人が　やみつきになってしまって<LF><TAB>もう　何週間も　帰らないんですって。	"Tessie: ""A neighbor told me her husband got so hooked that he hasn't come home in weeks."""		Independent translation from the pinned Japanese GBA script. Preserve original event parameters, protagonist substitutions and page meaning. 
completion.00a74ebc	costa_home	ネネ「ねえ　あなたは　この町の<LF><TAB>モンスター闘技場になんて<LF><TAB>出入りしてないわよね？	"Tessie: ""Darling, you haven't been visiting the Monster arena in town, have you?"""	interface.dungeon.026,place.journey.00873010	Independent translation from the pinned Japanese GBA script. Preserve original event parameters, protagonist substitutions and page meaning. 
completion.00a74fa8	costa_home	ポポロに代わって　トルネコが<LF>出かけることにした。	Torneko decided to head out in Tipper's place.	torneko,enemy_tipper	Independent translation from the pinned Japanese GBA script. Preserve original event parameters, protagonist substitutions and page meaning. 
completion.00a74fdc	costa_home	トルネコは　ほほえんで<LF>ポポロの肩を　たたいた。	Torneko smiled and patted Tipper on the shoulder.	torneko,enemy_tipper	Independent translation from the pinned Japanese GBA script. Preserve original event parameters, protagonist substitutions and page meaning. 
completion.00a7500c	costa_home	冒険を　トルネコと　交代しますか？	Switch adventurers to Torneko?	torneko	Independent translation from the pinned Japanese GBA script. Preserve original event parameters, protagonist substitutions and page meaning. Protagonist switch confirmation, not a permanent name change.
completion.00a75030	costa_home	トルネコは　やさしく　うなずいた。	Torneko nodded gently.	torneko	Independent translation from the pinned Japanese GBA script. Preserve original event parameters, protagonist substitutions and page meaning. 
completion.00a750ec	costa_home	トルネコに代わって　ポポロが<LF>出かけることにした。	Tipper decided to head out in Torneko's place.	torneko,enemy_tipper	Independent translation from the pinned Japanese GBA script. Preserve original event parameters, protagonist substitutions and page meaning. 
completion.00a75120	costa_home	ポポロは　残念そうに　うつむいた。	Tipper hung his head in disappointment.	enemy_tipper	Independent translation from the pinned Japanese GBA script. Preserve original event parameters, protagonist substitutions and page meaning. 
completion.00a75144	costa_home	冒険を　ポポロと　交代しますか？	Switch adventurers to Tipper?	enemy_tipper	Independent translation from the pinned Japanese GBA script. Preserve original event parameters, protagonist substitutions and page meaning. 
completion.00a75168	costa_home	ポポロは　うれしそうに　うなずいた！	Tipper nodded happily!	enemy_tipper	Independent translation from the pinned Japanese GBA script. Preserve original event parameters, protagonist substitutions and page meaning. 
completion.00a751e8	costa_home	とくに　変わった本は　ないようだ。	None of the books seem particularly unusual.		Independent translation from the pinned Japanese GBA script. Preserve original event parameters, protagonist substitutions and page meaning. 
completion.00a7520c	costa_home	$tは　本だなを　調べた。	$t examined the bookcase.	torneko,enemy_tipper	Independent translation from the pinned Japanese GBA script. Preserve original event parameters, protagonist substitutions and page meaning. 
completion.00a75240	costa_home	美しい色で描かれた<LF>家族の絵だ。　見ていると<LF>なんとなく幸せな気持ちになる…。	A family portrait, painted in beautiful colors. Looking at it brings a feeling of happiness...		Independent translation from the pinned Japanese GBA script. Preserve original event parameters, protagonist substitutions and page meaning. 
completion.00a75290	costa_home	$tは　額に入った絵を見た。	$t looked at the framed picture.	torneko,enemy_tipper	Independent translation from the pinned Japanese GBA script. Preserve original event parameters, protagonist substitutions and page meaning. 
completion.00a75eec	shared_repeats	カベには　地図が　かけられている。<LF>北の方に　大きく描かれているのが<LF>この島のようだ。	A map hangs on the wall. The large island drawn to the north seems to be this one.		Independent translation from the pinned Japanese GBA script. Preserve original event parameters, protagonist substitutions and page meaning. Exact Japanese match to our independent translation in translations/story-completion.json, completion.00952720. No external patch text used.
completion.00a7625c	shared_repeats	のらネコは　さみしそうに<LF>去っていった……。	The stray cat walked away sadly...		Independent translation from the pinned Japanese GBA script. Preserve original event parameters, protagonist substitutions and page meaning. Exact Japanese match to our independent translation in translations/story-completion.json, completion.00a745e0. No external patch text used.
completion.00a76320	shared_repeats	それでは　このネコを<LF>野にかえして　あげますか？	Then, will you let this cat go free?		Independent translation from the pinned Japanese GBA script. Preserve original event parameters, protagonist substitutions and page meaning. Exact Japanese match to our independent translation in translations/story-completion.json, completion.00a746a4. No external patch text used.
completion.00a76350	shared_repeats	どうやら　名前を　つけてほしいようだ。<LF>なにか　考えてあげますか？	It seems to want a name.<LF>Will you think of one?		Independent translation from the pinned Japanese GBA script. Preserve original event parameters, protagonist substitutions and page meaning. Exact Japanese match to our independent translation in translations/story-completion.json, completion.00a0e0c0. No external patch text used.
completion.00a76394	shared_repeats	そのネコは　なんとも　甘えた目で<LF>こちらを　見つめている……。	The cat gazes at you with pleading eyes...		Independent translation from the pinned Japanese GBA script. Preserve original event parameters, protagonist substitutions and page meaning. Exact Japanese match to our independent translation in translations/story-completion.json, completion.00a74718. No external patch text used.
completion.00a763d4	shared_repeats	＊「にゃう～ん……。	"???: ""Meooow..."""		Independent translation from the pinned Japanese GBA script. Preserve original event parameters, protagonist substitutions and page meaning. Exact Japanese match to our independent translation in translations/story-completion.json, completion.00a74758. No external patch text used. Anonymous speaker remains ???.
completion.00a7650c	shared_repeats	兵士長「今のところ　まったく<LF><TAB>異常はありません。<LF><TAB>ご安心くだされ。	"Captain: ""All is well so far. Please rest assured."""	role.captain	Independent translation from the pinned Japanese GBA script. Preserve original event parameters, protagonist substitutions and page meaning. Exact Japanese match to our independent translation in translations/story-completion.json, completion.00a74890. No external patch text used.
completion.00a76550	shared_repeats	兵士長「おお　$tどの。<LF><TAB>ネネどのなら　２階で　お休みだ。	"Captain: ""Ah, $t. Tessie is resting upstairs."""	role.captain,torneko,enemy_tipper	Independent translation from the pinned Japanese GBA script. Preserve original event parameters, protagonist substitutions and page meaning. Exact Japanese match to our independent translation in translations/story-completion.json, completion.00a748d4. No external patch text used.
completion.00a7660c	shared_repeats	ネネ「さあ　私は　編みかけの<LF><TAB>ポポロのくつ下を　仕上げなくちゃ。	"Tessie: ""Now, I must finish knitting Tipper's socks."""	enemy_tipper	Independent translation from the pinned Japanese GBA script. Preserve original event parameters, protagonist substitutions and page meaning. Exact Japanese match to our independent translation in translations/story-completion.json, completion.00a74990. No external patch text used.
completion.00a76650	shared_repeats	ネネ「こんなに　平和で　すがすがしい日が<LF><TAB>やってきたんですもの。<LF><TAB>もう　大丈夫よね。	"Tessie: ""Such a peaceful, refreshing day has finally come. Everything will be all right now."""		Independent translation from the pinned Japanese GBA script. Preserve original event parameters, protagonist substitutions and page meaning. Exact Japanese match to our independent translation in translations/story-completion.json, completion.00a749d4. No external patch text used.
completion.00a766a8	shared_repeats	ネネ「あなたが　ポポロを<LF><TAB>旅に　行かせてもいいと　思ったときは<LF><TAB>声をかけてあげてちょうだい。	"Tessie: ""When you think it's all right for Tipper to go adventuring, have a word with him."""	enemy_tipper	Independent translation from the pinned Japanese GBA script. Preserve original event parameters, protagonist substitutions and page meaning. Exact Japanese match to our independent translation in translations/story-completion.json, completion.00a74a2c. No external patch text used.
completion.00a76708	shared_repeats	ネネ「それから　ポポロも　冒険したくて<LF><TAB>ウズウズしてるみたいだから　時どきは<LF><TAB>仕入れに　行かせてあげましょうね。	"Tessie: ""Tipper is eager to adventure, too. Let's send him out to find stock now and then."""	enemy_tipper	Independent translation from the pinned Japanese GBA script. Preserve original event parameters, protagonist substitutions and page meaning. Exact Japanese match to our independent translation in translations/story-completion.json, completion.00a74a8c. No external patch text used.
completion.00a7677c	shared_repeats	ネネ「もし　出かけるのなら　今度は<LF><TAB>あまり遠くには　行かないでね。	"Tessie: ""If you do go out, don't travel too far this time."""		Independent translation from the pinned Japanese GBA script. Preserve original event parameters, protagonist substitutions and page meaning. Exact Japanese match to our independent translation in translations/story-completion.json, completion.00a74b00. No external patch text used.
completion.00a767c0	shared_repeats	ネネ「……といっても　あなたは<LF><TAB>早くも　仕入れの旅に　出かけたく<LF><TAB>なってるのかも　しれないけど。	"Tessie: ""...Though you may already be itching to set off in search of stock again."""		Independent translation from the pinned Japanese GBA script. Preserve original event parameters, protagonist substitutions and page meaning. Exact Japanese match to our independent translation in translations/story-completion.json, completion.00a74b44. No external patch text used.
completion.00a76824	shared_repeats	ネネ「もう少しだけ　この幸せな気持ちを<LF><TAB>楽しんでいても　いいわよね。	"Tessie: ""We can enjoy this happiness a little longer, can't we?"""		Independent translation from the pinned Japanese GBA script. Preserve original event parameters, protagonist substitutions and page meaning. Exact Japanese match to our independent translation in translations/story-completion.json, completion.00a74ba8. No external patch text used.
completion.00a7686c	shared_repeats	ネネ「そろそろ　長かった旅行も<LF><TAB>終わりにして　なつかしい家に<LF><TAB>帰ってもいい頃だけど……	"Tessie: ""It's about time to end our long holiday and return to our dear old home, but..."""		Independent translation from the pinned Japanese GBA script. Preserve original event parameters, protagonist substitutions and page meaning. Exact Japanese match to our independent translation in translations/story-completion.json, completion.00a74bf0. No external patch text used.
completion.00a768c4	shared_repeats	ネネ「こうして　家族みんなで<LF><TAB>のんびりできるなんて　まだ<LF><TAB>夢みたいね。	"Tessie: ""It still feels like a dream, relaxing together as a family."""		Independent translation from the pinned Japanese GBA script. Preserve original event parameters, protagonist substitutions and page meaning. Exact Japanese match to our independent translation in translations/story-completion.json, completion.00a74c48. No external patch text used.
completion.00a769dc	shared_repeats	ネネ「お母さん　お料理は　得意だけど<LF><TAB>手芸は　子どもの頃から<LF><TAB>ニガ手　だったのよね。	"Tessie: ""I'm good at cooking, but I've been hopeless at crafts since I was little."""		Independent translation from the pinned Japanese GBA script. Preserve original event parameters, protagonist substitutions and page meaning. Exact Japanese match to our independent translation in translations/story-completion.json, completion.00a74d60. No external patch text used.
completion.00a76a34	shared_repeats	ネネ「ポポロの　くつ下　なかなか<LF><TAB>編みあがらないわ。　さっき<LF><TAB>また　失敗しちゃって……。	"Tessie: ""I'm taking forever to knit Tipper's socks. I made another mistake just now..."""	enemy_tipper	Independent translation from the pinned Japanese GBA script. Preserve original event parameters, protagonist substitutions and page meaning. Exact Japanese match to our independent translation in translations/story-completion.json, completion.00a74db8. No external patch text used.
completion.00a76a90	shared_repeats	ネネ「あなたは　そんなことないわよね。<LF><TAB>ウフフ。	"Tessie: ""You're not like that, are you? Hee hee."""		Independent translation from the pinned Japanese GBA script. Preserve original event parameters, protagonist substitutions and page meaning. Exact Japanese match to our independent translation in translations/story-completion.json, completion.00a74e14. No external patch text used.
completion.00a76ac4	shared_repeats	ネネ「近所の　奥さんに　聞いたんだけど<LF><TAB>ご主人が　やみつきになってしまって<LF><TAB>もう　何週間も　帰らないんですって。	"Tessie: ""A neighbor told me her husband got so hooked that he hasn't come home in weeks."""		Independent translation from the pinned Japanese GBA script. Preserve original event parameters, protagonist substitutions and page meaning. Exact Japanese match to our independent translation in translations/story-completion.json, completion.00a74e48. No external patch text used.
completion.00a76b38	shared_repeats	ネネ「ねえ　あなたは　この町の<LF><TAB>モンスター闘技場になんて<LF><TAB>出入りしてないわよね？	"Tessie: ""Darling, you haven't been visiting the Monster arena in town, have you?"""	interface.dungeon.026,place.journey.00873010	Independent translation from the pinned Japanese GBA script. Preserve original event parameters, protagonist substitutions and page meaning. Exact Japanese match to our independent translation in translations/story-completion.json, completion.00a74ebc. No external patch text used.
completion.00a76c24	shared_repeats	ポポロに代わって　トルネコが<LF>出かけることにした。	Torneko decided to head out in Tipper's place.	torneko,enemy_tipper	Independent translation from the pinned Japanese GBA script. Preserve original event parameters, protagonist substitutions and page meaning. Exact Japanese match to our independent translation in translations/story-completion.json, completion.00a74fa8. No external patch text used.
completion.00a76c58	shared_repeats	トルネコは　ほほえんで<LF>ポポロの肩を　たたいた。	Torneko smiled and patted Tipper on the shoulder.	torneko,enemy_tipper	Independent translation from the pinned Japanese GBA script. Preserve original event parameters, protagonist substitutions and page meaning. Exact Japanese match to our independent translation in translations/story-completion.json, completion.00a74fdc. No external patch text used.
completion.00a76c88	shared_repeats	冒険を　トルネコと　交代しますか？	Switch adventurers to Torneko?	torneko	Independent translation from the pinned Japanese GBA script. Preserve original event parameters, protagonist substitutions and page meaning. Exact Japanese match to our independent translation in translations/story-completion.json, completion.00a7500c. No external patch text used.
completion.00a76cac	shared_repeats	トルネコは　やさしく　うなずいた。	Torneko nodded gently.	torneko	Independent translation from the pinned Japanese GBA script. Preserve original event parameters, protagonist substitutions and page meaning. Exact Japanese match to our independent translation in translations/story-completion.json, completion.00a75030. No external patch text used.
completion.00a76d68	shared_repeats	トルネコに代わって　ポポロが<LF>出かけることにした。	Tipper decided to head out in Torneko's place.	torneko,enemy_tipper	Independent translation from the pinned Japanese GBA script. Preserve original event parameters, protagonist substitutions and page meaning. Exact Japanese match to our independent translation in translations/story-completion.json, completion.00a750ec. No external patch text used.
completion.00a76d9c	shared_repeats	ポポロは　残念そうに　うつむいた。	Tipper hung his head in disappointment.	enemy_tipper	Independent translation from the pinned Japanese GBA script. Preserve original event parameters, protagonist substitutions and page meaning. Exact Japanese match to our independent translation in translations/story-completion.json, completion.00a75120. No external patch text used.
completion.00a76dc0	shared_repeats	冒険を　ポポロと　交代しますか？	Switch adventurers to Tipper?	enemy_tipper	Independent translation from the pinned Japanese GBA script. Preserve original event parameters, protagonist substitutions and page meaning. Exact Japanese match to our independent translation in translations/story-completion.json, completion.00a75144. No external patch text used.
completion.00a76de4	shared_repeats	ポポロは　うれしそうに　うなずいた！	Tipper nodded happily!	enemy_tipper	Independent translation from the pinned Japanese GBA script. Preserve original event parameters, protagonist substitutions and page meaning. Exact Japanese match to our independent translation in translations/story-completion.json, completion.00a75168. No external patch text used.
completion.00a76e64	shared_repeats	とくに　変わった本は　ないようだ。	None of the books seem particularly unusual.		Independent translation from the pinned Japanese GBA script. Preserve original event parameters, protagonist substitutions and page meaning. Exact Japanese match to our independent translation in translations/story-completion.json, completion.00a751e8. No external patch text used.
completion.00a76e88	shared_repeats	$tは　本だなを　調べた。	$t examined the bookcase.	torneko,enemy_tipper	Independent translation from the pinned Japanese GBA script. Preserve original event parameters, protagonist substitutions and page meaning. Exact Japanese match to our independent translation in translations/story-completion.json, completion.00a216c0. No external patch text used.
completion.00a76ebc	shared_repeats	美しい色で描かれた<LF>家族の絵だ。　見ていると<LF>なんとなく幸せな気持ちになる…。	A family portrait, painted in beautiful colors. Looking at it brings a feeling of happiness...		Independent translation from the pinned Japanese GBA script. Preserve original event parameters, protagonist substitutions and page meaning. Exact Japanese match to our independent translation in translations/story-completion.json, completion.00a75240. No external patch text used.
completion.00a76f0c	shared_repeats	$tは　額に入った絵を見た。	$t looked at the framed picture.	torneko,enemy_tipper	Independent translation from the pinned Japanese GBA script. Preserve original event parameters, protagonist substitutions and page meaning. Exact Japanese match to our independent translation in translations/story-completion.json, completion.00a75290. No external patch text used.
completion.00a77b68	shared_repeats	カベには　地図が　かけられている。<LF>北の方に　大きく描かれているのが<LF>この島のようだ。	A map hangs on the wall. The large island drawn to the north seems to be this one.		Independent translation from the pinned Japanese GBA script. Preserve original event parameters, protagonist substitutions and page meaning. Exact Japanese match to our independent translation in translations/story-completion.json, completion.00952720. No external patch text used.
completion.00a77ed8	shared_repeats	のらネコは　さみしそうに<LF>去っていった……。	The stray cat walked away sadly...		Independent translation from the pinned Japanese GBA script. Preserve original event parameters, protagonist substitutions and page meaning. Exact Japanese match to our independent translation in translations/story-completion.json, completion.00a745e0. No external patch text used.
completion.00a77f9c	shared_repeats	それでは　このネコを<LF>野にかえして　あげますか？	Then, will you let this cat go free?		Independent translation from the pinned Japanese GBA script. Preserve original event parameters, protagonist substitutions and page meaning. Exact Japanese match to our independent translation in translations/story-completion.json, completion.00a746a4. No external patch text used.
completion.00a77fcc	shared_repeats	どうやら　名前を　つけてほしいようだ。<LF>なにか　考えてあげますか？	It seems to want a name.<LF>Will you think of one?		Independent translation from the pinned Japanese GBA script. Preserve original event parameters, protagonist substitutions and page meaning. Exact Japanese match to our independent translation in translations/story-completion.json, completion.00a0e0c0. No external patch text used.
completion.00a78010	shared_repeats	そのネコは　なんとも　甘えた目で<LF>こちらを　見つめている……。	The cat gazes at you with pleading eyes...		Independent translation from the pinned Japanese GBA script. Preserve original event parameters, protagonist substitutions and page meaning. Exact Japanese match to our independent translation in translations/story-completion.json, completion.00a74718. No external patch text used.
completion.00a78050	shared_repeats	＊「にゃう～ん……。	"???: ""Meooow..."""		Independent translation from the pinned Japanese GBA script. Preserve original event parameters, protagonist substitutions and page meaning. Exact Japanese match to our independent translation in translations/story-completion.json, completion.00a74758. No external patch text used. Anonymous speaker remains ???.
completion.00a78188	shared_repeats	兵士長「今のところ　まったく<LF><TAB>異常はありません。<LF><TAB>ご安心くだされ。	"Captain: ""All is well so far. Please rest assured."""	role.captain	Independent translation from the pinned Japanese GBA script. Preserve original event parameters, protagonist substitutions and page meaning. Exact Japanese match to our independent translation in translations/story-completion.json, completion.00a74890. No external patch text used.
completion.00a781cc	shared_repeats	兵士長「おお　$tどの。<LF><TAB>ネネどのなら　２階で　お休みだ。	"Captain: ""Ah, $t. Tessie is resting upstairs."""	role.captain,torneko,enemy_tipper	Independent translation from the pinned Japanese GBA script. Preserve original event parameters, protagonist substitutions and page meaning. Exact Japanese match to our independent translation in translations/story-completion.json, completion.00a748d4. No external patch text used.
completion.00a78288	shared_repeats	ネネ「さあ　私は　編みかけの<LF><TAB>ポポロのくつ下を　仕上げなくちゃ。	"Tessie: ""Now, I must finish knitting Tipper's socks."""	enemy_tipper	Independent translation from the pinned Japanese GBA script. Preserve original event parameters, protagonist substitutions and page meaning. Exact Japanese match to our independent translation in translations/story-completion.json, completion.00a74990. No external patch text used.
completion.00a782cc	shared_repeats	ネネ「こんなに　平和で　すがすがしい日が<LF><TAB>やってきたんですもの。<LF><TAB>もう　大丈夫よね。	"Tessie: ""Such a peaceful, refreshing day has finally come. Everything will be all right now."""		Independent translation from the pinned Japanese GBA script. Preserve original event parameters, protagonist substitutions and page meaning. Exact Japanese match to our independent translation in translations/story-completion.json, completion.00a749d4. No external patch text used.
completion.00a78324	shared_repeats	ネネ「あなたが　ポポロを<LF><TAB>旅に　行かせてもいいと　思ったときは<LF><TAB>声をかけてあげてちょうだい。	"Tessie: ""When you think it's all right for Tipper to go adventuring, have a word with him."""	enemy_tipper	Independent translation from the pinned Japanese GBA script. Preserve original event parameters, protagonist substitutions and page meaning. Exact Japanese match to our independent translation in translations/story-completion.json, completion.00a74a2c. No external patch text used.
completion.00a78384	shared_repeats	ネネ「それから　ポポロも　冒険したくて<LF><TAB>ウズウズしてるみたいだから　時どきは<LF><TAB>仕入れに　行かせてあげましょうね。	"Tessie: ""Tipper is eager to adventure, too. Let's send him out to find stock now and then."""	enemy_tipper	Independent translation from the pinned Japanese GBA script. Preserve original event parameters, protagonist substitutions and page meaning. Exact Japanese match to our independent translation in translations/story-completion.json, completion.00a74a8c. No external patch text used.
completion.00a783f8	shared_repeats	ネネ「もし　出かけるのなら　今度は<LF><TAB>あまり遠くには　行かないでね。	"Tessie: ""If you do go out, don't travel too far this time."""		Independent translation from the pinned Japanese GBA script. Preserve original event parameters, protagonist substitutions and page meaning. Exact Japanese match to our independent translation in translations/story-completion.json, completion.00a74b00. No external patch text used.
completion.00a7843c	shared_repeats	ネネ「……といっても　あなたは<LF><TAB>早くも　仕入れの旅に　出かけたく<LF><TAB>なってるのかも　しれないけど。	"Tessie: ""...Though you may already be itching to set off in search of stock again."""		Independent translation from the pinned Japanese GBA script. Preserve original event parameters, protagonist substitutions and page meaning. Exact Japanese match to our independent translation in translations/story-completion.json, completion.00a74b44. No external patch text used.
completion.00a784a0	shared_repeats	ネネ「もう少しだけ　この幸せな気持ちを<LF><TAB>楽しんでいても　いいわよね。	"Tessie: ""We can enjoy this happiness a little longer, can't we?"""		Independent translation from the pinned Japanese GBA script. Preserve original event parameters, protagonist substitutions and page meaning. Exact Japanese match to our independent translation in translations/story-completion.json, completion.00a74ba8. No external patch text used.
completion.00a784e8	shared_repeats	ネネ「そろそろ　長かった旅行も<LF><TAB>終わりにして　なつかしい家に<LF><TAB>帰ってもいい頃だけど……	"Tessie: ""It's about time to end our long holiday and return to our dear old home, but..."""		Independent translation from the pinned Japanese GBA script. Preserve original event parameters, protagonist substitutions and page meaning. Exact Japanese match to our independent translation in translations/story-completion.json, completion.00a74bf0. No external patch text used.
completion.00a78540	shared_repeats	ネネ「こうして　家族みんなで<LF><TAB>のんびりできるなんて　まだ<LF><TAB>夢みたいね。	"Tessie: ""It still feels like a dream, relaxing together as a family."""		Independent translation from the pinned Japanese GBA script. Preserve original event parameters, protagonist substitutions and page meaning. Exact Japanese match to our independent translation in translations/story-completion.json, completion.00a74c48. No external patch text used.
completion.00a78658	shared_repeats	ネネ「お母さん　お料理は　得意だけど<LF><TAB>手芸は　子どもの頃から<LF><TAB>ニガ手　だったのよね。	"Tessie: ""I'm good at cooking, but I've been hopeless at crafts since I was little."""		Independent translation from the pinned Japanese GBA script. Preserve original event parameters, protagonist substitutions and page meaning. Exact Japanese match to our independent translation in translations/story-completion.json, completion.00a74d60. No external patch text used.
completion.00a786b0	shared_repeats	ネネ「ポポロの　くつ下　なかなか<LF><TAB>編みあがらないわ。　さっき<LF><TAB>また　失敗しちゃって……。	"Tessie: ""I'm taking forever to knit Tipper's socks. I made another mistake just now..."""	enemy_tipper	Independent translation from the pinned Japanese GBA script. Preserve original event parameters, protagonist substitutions and page meaning. Exact Japanese match to our independent translation in translations/story-completion.json, completion.00a74db8. No external patch text used.
completion.00a7870c	shared_repeats	ネネ「あなたは　そんなことないわよね。<LF><TAB>ウフフ。	"Tessie: ""You're not like that, are you? Hee hee."""		Independent translation from the pinned Japanese GBA script. Preserve original event parameters, protagonist substitutions and page meaning. Exact Japanese match to our independent translation in translations/story-completion.json, completion.00a74e14. No external patch text used.
completion.00a78740	shared_repeats	ネネ「近所の　奥さんに　聞いたんだけど<LF><TAB>ご主人が　やみつきになってしまって<LF><TAB>もう　何週間も　帰らないんですって。	"Tessie: ""A neighbor told me her husband got so hooked that he hasn't come home in weeks."""		Independent translation from the pinned Japanese GBA script. Preserve original event parameters, protagonist substitutions and page meaning. Exact Japanese match to our independent translation in translations/story-completion.json, completion.00a74e48. No external patch text used.
completion.00a787b4	shared_repeats	ネネ「ねえ　あなたは　この町の<LF><TAB>モンスター闘技場になんて<LF><TAB>出入りしてないわよね？	"Tessie: ""Darling, you haven't been visiting the Monster arena in town, have you?"""	interface.dungeon.026,place.journey.00873010	Independent translation from the pinned Japanese GBA script. Preserve original event parameters, protagonist substitutions and page meaning. Exact Japanese match to our independent translation in translations/story-completion.json, completion.00a74ebc. No external patch text used.
completion.00a788a0	shared_repeats	ポポロに代わって　トルネコが<LF>出かけることにした。	Torneko decided to head out in Tipper's place.	torneko,enemy_tipper	Independent translation from the pinned Japanese GBA script. Preserve original event parameters, protagonist substitutions and page meaning. Exact Japanese match to our independent translation in translations/story-completion.json, completion.00a74fa8. No external patch text used.
completion.00a788d4	shared_repeats	トルネコは　ほほえんで<LF>ポポロの肩を　たたいた。	Torneko smiled and patted Tipper on the shoulder.	torneko,enemy_tipper	Independent translation from the pinned Japanese GBA script. Preserve original event parameters, protagonist substitutions and page meaning. Exact Japanese match to our independent translation in translations/story-completion.json, completion.00a74fdc. No external patch text used.
completion.00a78904	shared_repeats	冒険を　トルネコと　交代しますか？	Switch adventurers to Torneko?	torneko	Independent translation from the pinned Japanese GBA script. Preserve original event parameters, protagonist substitutions and page meaning. Exact Japanese match to our independent translation in translations/story-completion.json, completion.00a7500c. No external patch text used.
completion.00a78928	shared_repeats	トルネコは　やさしく　うなずいた。	Torneko nodded gently.	torneko	Independent translation from the pinned Japanese GBA script. Preserve original event parameters, protagonist substitutions and page meaning. Exact Japanese match to our independent translation in translations/story-completion.json, completion.00a75030. No external patch text used.
completion.00a789e4	shared_repeats	トルネコに代わって　ポポロが<LF>出かけることにした。	Tipper decided to head out in Torneko's place.	torneko,enemy_tipper	Independent translation from the pinned Japanese GBA script. Preserve original event parameters, protagonist substitutions and page meaning. Exact Japanese match to our independent translation in translations/story-completion.json, completion.00a750ec. No external patch text used.
completion.00a78a18	shared_repeats	ポポロは　残念そうに　うつむいた。	Tipper hung his head in disappointment.	enemy_tipper	Independent translation from the pinned Japanese GBA script. Preserve original event parameters, protagonist substitutions and page meaning. Exact Japanese match to our independent translation in translations/story-completion.json, completion.00a75120. No external patch text used.
completion.00a78a3c	shared_repeats	冒険を　ポポロと　交代しますか？	Switch adventurers to Tipper?	enemy_tipper	Independent translation from the pinned Japanese GBA script. Preserve original event parameters, protagonist substitutions and page meaning. Exact Japanese match to our independent translation in translations/story-completion.json, completion.00a75144. No external patch text used.
completion.00a78a60	shared_repeats	ポポロは　うれしそうに　うなずいた！	Tipper nodded happily!	enemy_tipper	Independent translation from the pinned Japanese GBA script. Preserve original event parameters, protagonist substitutions and page meaning. Exact Japanese match to our independent translation in translations/story-completion.json, completion.00a75168. No external patch text used.
completion.00a78ae0	shared_repeats	とくに　変わった本は　ないようだ。	None of the books seem particularly unusual.		Independent translation from the pinned Japanese GBA script. Preserve original event parameters, protagonist substitutions and page meaning. Exact Japanese match to our independent translation in translations/story-completion.json, completion.00a751e8. No external patch text used.
completion.00a78b04	shared_repeats	$tは　本だなを　調べた。	$t examined the bookcase.	torneko,enemy_tipper	Independent translation from the pinned Japanese GBA script. Preserve original event parameters, protagonist substitutions and page meaning. Exact Japanese match to our independent translation in translations/story-completion.json, completion.00a216c0. No external patch text used.
completion.00a78b38	shared_repeats	美しい色で描かれた<LF>家族の絵だ。　見ていると<LF>なんとなく幸せな気持ちになる…。	A family portrait, painted in beautiful colors. Looking at it brings a feeling of happiness...		Independent translation from the pinned Japanese GBA script. Preserve original event parameters, protagonist substitutions and page meaning. Exact Japanese match to our independent translation in translations/story-completion.json, completion.00a75240. No external patch text used.
completion.00a78b88	shared_repeats	$tは　額に入った絵を見た。	$t looked at the framed picture.	torneko,enemy_tipper	Independent translation from the pinned Japanese GBA script. Preserve original event parameters, protagonist substitutions and page meaning. Exact Japanese match to our independent translation in translations/story-completion.json, completion.00a75290. No external patch text used.
completion.00a797e4	shared_repeats	カベには　地図が　かけられている。<LF>北の方に　大きく描かれているのが<LF>この島のようだ。	A map hangs on the wall. The large island drawn to the north seems to be this one.		Independent translation from the pinned Japanese GBA script. Preserve original event parameters, protagonist substitutions and page meaning. Exact Japanese match to our independent translation in translations/story-completion.json, completion.00952720. No external patch text used.
completion.00a79b54	shared_repeats	のらネコは　さみしそうに<LF>去っていった……。	The stray cat walked away sadly...		Independent translation from the pinned Japanese GBA script. Preserve original event parameters, protagonist substitutions and page meaning. Exact Japanese match to our independent translation in translations/story-completion.json, completion.00a745e0. No external patch text used.
completion.00a79c18	shared_repeats	それでは　このネコを<LF>野にかえして　あげますか？	Then, will you let this cat go free?		Independent translation from the pinned Japanese GBA script. Preserve original event parameters, protagonist substitutions and page meaning. Exact Japanese match to our independent translation in translations/story-completion.json, completion.00a746a4. No external patch text used.
completion.00a79c48	shared_repeats	どうやら　名前を　つけてほしいようだ。<LF>なにか　考えてあげますか？	It seems to want a name.<LF>Will you think of one?		Independent translation from the pinned Japanese GBA script. Preserve original event parameters, protagonist substitutions and page meaning. Exact Japanese match to our independent translation in translations/story-completion.json, completion.00a0e0c0. No external patch text used.
completion.00a79c8c	shared_repeats	そのネコは　なんとも　甘えた目で<LF>こちらを　見つめている……。	The cat gazes at you with pleading eyes...		Independent translation from the pinned Japanese GBA script. Preserve original event parameters, protagonist substitutions and page meaning. Exact Japanese match to our independent translation in translations/story-completion.json, completion.00a74718. No external patch text used.
completion.00a79ccc	shared_repeats	＊「にゃう～ん……。	"???: ""Meooow..."""		Independent translation from the pinned Japanese GBA script. Preserve original event parameters, protagonist substitutions and page meaning. Exact Japanese match to our independent translation in translations/story-completion.json, completion.00a74758. No external patch text used. Anonymous speaker remains ???.
completion.00a79e04	shared_repeats	兵士長「今のところ　まったく<LF><TAB>異常はありません。<LF><TAB>ご安心くだされ。	"Captain: ""All is well so far. Please rest assured."""	role.captain	Independent translation from the pinned Japanese GBA script. Preserve original event parameters, protagonist substitutions and page meaning. Exact Japanese match to our independent translation in translations/story-completion.json, completion.00a74890. No external patch text used.
completion.00a79e48	shared_repeats	兵士長「おお　$tどの。<LF><TAB>ネネどのなら　２階で　お休みだ。	"Captain: ""Ah, $t. Tessie is resting upstairs."""	role.captain,torneko,enemy_tipper	Independent translation from the pinned Japanese GBA script. Preserve original event parameters, protagonist substitutions and page meaning. Exact Japanese match to our independent translation in translations/story-completion.json, completion.00a748d4. No external patch text used.
completion.00a79f04	shared_repeats	ネネ「さあ　私は　編みかけの<LF><TAB>ポポロのくつ下を　仕上げなくちゃ。	"Tessie: ""Now, I must finish knitting Tipper's socks."""	enemy_tipper	Independent translation from the pinned Japanese GBA script. Preserve original event parameters, protagonist substitutions and page meaning. Exact Japanese match to our independent translation in translations/story-completion.json, completion.00a74990. No external patch text used.
completion.00a79f48	shared_repeats	ネネ「こんなに　平和で　すがすがしい日が<LF><TAB>やってきたんですもの。<LF><TAB>もう　大丈夫よね。	"Tessie: ""Such a peaceful, refreshing day has finally come. Everything will be all right now."""		Independent translation from the pinned Japanese GBA script. Preserve original event parameters, protagonist substitutions and page meaning. Exact Japanese match to our independent translation in translations/story-completion.json, completion.00a749d4. No external patch text used.
completion.00a79fa0	shared_repeats	ネネ「あなたが　ポポロを<LF><TAB>旅に　行かせてもいいと　思ったときは<LF><TAB>声をかけてあげてちょうだい。	"Tessie: ""When you think it's all right for Tipper to go adventuring, have a word with him."""	enemy_tipper	Independent translation from the pinned Japanese GBA script. Preserve original event parameters, protagonist substitutions and page meaning. Exact Japanese match to our independent translation in translations/story-completion.json, completion.00a74a2c. No external patch text used.
completion.00a7a000	shared_repeats	ネネ「それから　ポポロも　冒険したくて<LF><TAB>ウズウズしてるみたいだから　時どきは<LF><TAB>仕入れに　行かせてあげましょうね。	"Tessie: ""Tipper is eager to adventure, too. Let's send him out to find stock now and then."""	enemy_tipper	Independent translation from the pinned Japanese GBA script. Preserve original event parameters, protagonist substitutions and page meaning. Exact Japanese match to our independent translation in translations/story-completion.json, completion.00a74a8c. No external patch text used.
completion.00a7a074	shared_repeats	ネネ「もし　出かけるのなら　今度は<LF><TAB>あまり遠くには　行かないでね。	"Tessie: ""If you do go out, don't travel too far this time."""		Independent translation from the pinned Japanese GBA script. Preserve original event parameters, protagonist substitutions and page meaning. Exact Japanese match to our independent translation in translations/story-completion.json, completion.00a74b00. No external patch text used.
completion.00a7a0b8	shared_repeats	ネネ「……といっても　あなたは<LF><TAB>早くも　仕入れの旅に　出かけたく<LF><TAB>なってるのかも　しれないけど。	"Tessie: ""...Though you may already be itching to set off in search of stock again."""		Independent translation from the pinned Japanese GBA script. Preserve original event parameters, protagonist substitutions and page meaning. Exact Japanese match to our independent translation in translations/story-completion.json, completion.00a74b44. No external patch text used.
completion.00a7a11c	shared_repeats	ネネ「もう少しだけ　この幸せな気持ちを<LF><TAB>楽しんでいても　いいわよね。	"Tessie: ""We can enjoy this happiness a little longer, can't we?"""		Independent translation from the pinned Japanese GBA script. Preserve original event parameters, protagonist substitutions and page meaning. Exact Japanese match to our independent translation in translations/story-completion.json, completion.00a74ba8. No external patch text used.
completion.00a7a164	shared_repeats	ネネ「そろそろ　長かった旅行も<LF><TAB>終わりにして　なつかしい家に<LF><TAB>帰ってもいい頃だけど……	"Tessie: ""It's about time to end our long holiday and return to our dear old home, but..."""		Independent translation from the pinned Japanese GBA script. Preserve original event parameters, protagonist substitutions and page meaning. Exact Japanese match to our independent translation in translations/story-completion.json, completion.00a74bf0. No external patch text used.
completion.00a7a1bc	shared_repeats	ネネ「こうして　家族みんなで<LF><TAB>のんびりできるなんて　まだ<LF><TAB>夢みたいね。	"Tessie: ""It still feels like a dream, relaxing together as a family."""		Independent translation from the pinned Japanese GBA script. Preserve original event parameters, protagonist substitutions and page meaning. Exact Japanese match to our independent translation in translations/story-completion.json, completion.00a74c48. No external patch text used.
completion.00a7a2d4	shared_repeats	ネネ「お母さん　お料理は　得意だけど<LF><TAB>手芸は　子どもの頃から<LF><TAB>ニガ手　だったのよね。	"Tessie: ""I'm good at cooking, but I've been hopeless at crafts since I was little."""		Independent translation from the pinned Japanese GBA script. Preserve original event parameters, protagonist substitutions and page meaning. Exact Japanese match to our independent translation in translations/story-completion.json, completion.00a74d60. No external patch text used.
completion.00a7a32c	shared_repeats	ネネ「ポポロの　くつ下　なかなか<LF><TAB>編みあがらないわ。　さっき<LF><TAB>また　失敗しちゃって……。	"Tessie: ""I'm taking forever to knit Tipper's socks. I made another mistake just now..."""	enemy_tipper	Independent translation from the pinned Japanese GBA script. Preserve original event parameters, protagonist substitutions and page meaning. Exact Japanese match to our independent translation in translations/story-completion.json, completion.00a74db8. No external patch text used.
completion.00a7a388	shared_repeats	ネネ「あなたは　そんなことないわよね。<LF><TAB>ウフフ。	"Tessie: ""You're not like that, are you? Hee hee."""		Independent translation from the pinned Japanese GBA script. Preserve original event parameters, protagonist substitutions and page meaning. Exact Japanese match to our independent translation in translations/story-completion.json, completion.00a74e14. No external patch text used.
completion.00a7a3bc	shared_repeats	ネネ「近所の　奥さんに　聞いたんだけど<LF><TAB>ご主人が　やみつきになってしまって<LF><TAB>もう　何週間も　帰らないんですって。	"Tessie: ""A neighbor told me her husband got so hooked that he hasn't come home in weeks."""		Independent translation from the pinned Japanese GBA script. Preserve original event parameters, protagonist substitutions and page meaning. Exact Japanese match to our independent translation in translations/story-completion.json, completion.00a74e48. No external patch text used.
completion.00a7a430	shared_repeats	ネネ「ねえ　あなたは　この町の<LF><TAB>モンスター闘技場になんて<LF><TAB>出入りしてないわよね？	"Tessie: ""Darling, you haven't been visiting the Monster arena in town, have you?"""	interface.dungeon.026,place.journey.00873010	Independent translation from the pinned Japanese GBA script. Preserve original event parameters, protagonist substitutions and page meaning. Exact Japanese match to our independent translation in translations/story-completion.json, completion.00a74ebc. No external patch text used.
completion.00a7a51c	shared_repeats	ポポロに代わって　トルネコが<LF>出かけることにした。	Torneko decided to head out in Tipper's place.	torneko,enemy_tipper	Independent translation from the pinned Japanese GBA script. Preserve original event parameters, protagonist substitutions and page meaning. Exact Japanese match to our independent translation in translations/story-completion.json, completion.00a74fa8. No external patch text used.
completion.00a7a550	shared_repeats	トルネコは　ほほえんで<LF>ポポロの肩を　たたいた。	Torneko smiled and patted Tipper on the shoulder.	torneko,enemy_tipper	Independent translation from the pinned Japanese GBA script. Preserve original event parameters, protagonist substitutions and page meaning. Exact Japanese match to our independent translation in translations/story-completion.json, completion.00a74fdc. No external patch text used.
completion.00a7a580	shared_repeats	冒険を　トルネコと　交代しますか？	Switch adventurers to Torneko?	torneko	Independent translation from the pinned Japanese GBA script. Preserve original event parameters, protagonist substitutions and page meaning. Exact Japanese match to our independent translation in translations/story-completion.json, completion.00a7500c. No external patch text used.
completion.00a7a5a4	shared_repeats	トルネコは　やさしく　うなずいた。	Torneko nodded gently.	torneko	Independent translation from the pinned Japanese GBA script. Preserve original event parameters, protagonist substitutions and page meaning. Exact Japanese match to our independent translation in translations/story-completion.json, completion.00a75030. No external patch text used.
completion.00a7a660	shared_repeats	トルネコに代わって　ポポロが<LF>出かけることにした。	Tipper decided to head out in Torneko's place.	torneko,enemy_tipper	Independent translation from the pinned Japanese GBA script. Preserve original event parameters, protagonist substitutions and page meaning. Exact Japanese match to our independent translation in translations/story-completion.json, completion.00a750ec. No external patch text used.
completion.00a7a694	shared_repeats	ポポロは　残念そうに　うつむいた。	Tipper hung his head in disappointment.	enemy_tipper	Independent translation from the pinned Japanese GBA script. Preserve original event parameters, protagonist substitutions and page meaning. Exact Japanese match to our independent translation in translations/story-completion.json, completion.00a75120. No external patch text used.
completion.00a7a6b8	shared_repeats	冒険を　ポポロと　交代しますか？	Switch adventurers to Tipper?	enemy_tipper	Independent translation from the pinned Japanese GBA script. Preserve original event parameters, protagonist substitutions and page meaning. Exact Japanese match to our independent translation in translations/story-completion.json, completion.00a75144. No external patch text used.
completion.00a7a6dc	shared_repeats	ポポロは　うれしそうに　うなずいた！	Tipper nodded happily!	enemy_tipper	Independent translation from the pinned Japanese GBA script. Preserve original event parameters, protagonist substitutions and page meaning. Exact Japanese match to our independent translation in translations/story-completion.json, completion.00a75168. No external patch text used.
completion.00a7a75c	shared_repeats	とくに　変わった本は　ないようだ。	None of the books seem particularly unusual.		Independent translation from the pinned Japanese GBA script. Preserve original event parameters, protagonist substitutions and page meaning. Exact Japanese match to our independent translation in translations/story-completion.json, completion.00a751e8. No external patch text used.
completion.00a7a780	shared_repeats	$tは　本だなを　調べた。	$t examined the bookcase.	torneko,enemy_tipper	Independent translation from the pinned Japanese GBA script. Preserve original event parameters, protagonist substitutions and page meaning. Exact Japanese match to our independent translation in translations/story-completion.json, completion.00a216c0. No external patch text used.
completion.00a7a7b4	shared_repeats	美しい色で描かれた<LF>家族の絵だ。　見ていると<LF>なんとなく幸せな気持ちになる…。	A family portrait, painted in beautiful colors. Looking at it brings a feeling of happiness...		Independent translation from the pinned Japanese GBA script. Preserve original event parameters, protagonist substitutions and page meaning. Exact Japanese match to our independent translation in translations/story-completion.json, completion.00a75240. No external patch text used.
completion.00a7a804	shared_repeats	$tは　額に入った絵を見た。	$t looked at the framed picture.	torneko,enemy_tipper	Independent translation from the pinned Japanese GBA script. Preserve original event parameters, protagonist substitutions and page meaning. Exact Japanese match to our independent translation in translations/story-completion.json, completion.00a75290. No external patch text used.
completion.00a7b460	shared_repeats	カベには　地図が　かけられている。<LF>北の方に　大きく描かれているのが<LF>この島のようだ。	A map hangs on the wall. The large island drawn to the north seems to be this one.		Independent translation from the pinned Japanese GBA script. Preserve original event parameters, protagonist substitutions and page meaning. Exact Japanese match to our independent translation in translations/story-completion.json, completion.00952720. No external patch text used.
completion.00a7b7d0	shared_repeats	のらネコは　さみしそうに<LF>去っていった……。	The stray cat walked away sadly...		Independent translation from the pinned Japanese GBA script. Preserve original event parameters, protagonist substitutions and page meaning. Exact Japanese match to our independent translation in translations/story-completion.json, completion.00a745e0. No external patch text used.
completion.00a7b894	shared_repeats	それでは　このネコを<LF>野にかえして　あげますか？	Then, will you let this cat go free?		Independent translation from the pinned Japanese GBA script. Preserve original event parameters, protagonist substitutions and page meaning. Exact Japanese match to our independent translation in translations/story-completion.json, completion.00a746a4. No external patch text used.
completion.00a7b8c4	shared_repeats	どうやら　名前を　つけてほしいようだ。<LF>なにか　考えてあげますか？	It seems to want a name.<LF>Will you think of one?		Independent translation from the pinned Japanese GBA script. Preserve original event parameters, protagonist substitutions and page meaning. Exact Japanese match to our independent translation in translations/story-completion.json, completion.00a0e0c0. No external patch text used.
completion.00a7b908	shared_repeats	そのネコは　なんとも　甘えた目で<LF>こちらを　見つめている……。	The cat gazes at you with pleading eyes...		Independent translation from the pinned Japanese GBA script. Preserve original event parameters, protagonist substitutions and page meaning. Exact Japanese match to our independent translation in translations/story-completion.json, completion.00a74718. No external patch text used.
completion.00a7b948	shared_repeats	＊「にゃう～ん……。	"???: ""Meooow..."""		Independent translation from the pinned Japanese GBA script. Preserve original event parameters, protagonist substitutions and page meaning. Exact Japanese match to our independent translation in translations/story-completion.json, completion.00a74758. No external patch text used. Anonymous speaker remains ???.
completion.00a7ba80	shared_repeats	兵士長「今のところ　まったく<LF><TAB>異常はありません。<LF><TAB>ご安心くだされ。	"Captain: ""All is well so far. Please rest assured."""	role.captain	Independent translation from the pinned Japanese GBA script. Preserve original event parameters, protagonist substitutions and page meaning. Exact Japanese match to our independent translation in translations/story-completion.json, completion.00a74890. No external patch text used.
completion.00a7bac4	shared_repeats	兵士長「おお　$tどの。<LF><TAB>ネネどのなら　２階で　お休みだ。	"Captain: ""Ah, $t. Tessie is resting upstairs."""	role.captain,torneko,enemy_tipper	Independent translation from the pinned Japanese GBA script. Preserve original event parameters, protagonist substitutions and page meaning. Exact Japanese match to our independent translation in translations/story-completion.json, completion.00a748d4. No external patch text used.
completion.00a7bb80	shared_repeats	ネネ「さあ　私は　編みかけの<LF><TAB>ポポロのくつ下を　仕上げなくちゃ。	"Tessie: ""Now, I must finish knitting Tipper's socks."""	enemy_tipper	Independent translation from the pinned Japanese GBA script. Preserve original event parameters, protagonist substitutions and page meaning. Exact Japanese match to our independent translation in translations/story-completion.json, completion.00a74990. No external patch text used.
completion.00a7bbc4	shared_repeats	ネネ「こんなに　平和で　すがすがしい日が<LF><TAB>やってきたんですもの。<LF><TAB>もう　大丈夫よね。	"Tessie: ""Such a peaceful, refreshing day has finally come. Everything will be all right now."""		Independent translation from the pinned Japanese GBA script. Preserve original event parameters, protagonist substitutions and page meaning. Exact Japanese match to our independent translation in translations/story-completion.json, completion.00a749d4. No external patch text used.
completion.00a7bc1c	shared_repeats	ネネ「あなたが　ポポロを<LF><TAB>旅に　行かせてもいいと　思ったときは<LF><TAB>声をかけてあげてちょうだい。	"Tessie: ""When you think it's all right for Tipper to go adventuring, have a word with him."""	enemy_tipper	Independent translation from the pinned Japanese GBA script. Preserve original event parameters, protagonist substitutions and page meaning. Exact Japanese match to our independent translation in translations/story-completion.json, completion.00a74a2c. No external patch text used.
completion.00a7bc7c	shared_repeats	ネネ「それから　ポポロも　冒険したくて<LF><TAB>ウズウズしてるみたいだから　時どきは<LF><TAB>仕入れに　行かせてあげましょうね。	"Tessie: ""Tipper is eager to adventure, too. Let's send him out to find stock now and then."""	enemy_tipper	Independent translation from the pinned Japanese GBA script. Preserve original event parameters, protagonist substitutions and page meaning. Exact Japanese match to our independent translation in translations/story-completion.json, completion.00a74a8c. No external patch text used.
completion.00a7bcf0	shared_repeats	ネネ「もし　出かけるのなら　今度は<LF><TAB>あまり遠くには　行かないでね。	"Tessie: ""If you do go out, don't travel too far this time."""		Independent translation from the pinned Japanese GBA script. Preserve original event parameters, protagonist substitutions and page meaning. Exact Japanese match to our independent translation in translations/story-completion.json, completion.00a74b00. No external patch text used.
completion.00a7bd34	shared_repeats	ネネ「……といっても　あなたは<LF><TAB>早くも　仕入れの旅に　出かけたく<LF><TAB>なってるのかも　しれないけど。	"Tessie: ""...Though you may already be itching to set off in search of stock again."""		Independent translation from the pinned Japanese GBA script. Preserve original event parameters, protagonist substitutions and page meaning. Exact Japanese match to our independent translation in translations/story-completion.json, completion.00a74b44. No external patch text used.
completion.00a7bd98	shared_repeats	ネネ「もう少しだけ　この幸せな気持ちを<LF><TAB>楽しんでいても　いいわよね。	"Tessie: ""We can enjoy this happiness a little longer, can't we?"""		Independent translation from the pinned Japanese GBA script. Preserve original event parameters, protagonist substitutions and page meaning. Exact Japanese match to our independent translation in translations/story-completion.json, completion.00a74ba8. No external patch text used.
completion.00a7bde0	shared_repeats	ネネ「そろそろ　長かった旅行も<LF><TAB>終わりにして　なつかしい家に<LF><TAB>帰ってもいい頃だけど……	"Tessie: ""It's about time to end our long holiday and return to our dear old home, but..."""		Independent translation from the pinned Japanese GBA script. Preserve original event parameters, protagonist substitutions and page meaning. Exact Japanese match to our independent translation in translations/story-completion.json, completion.00a74bf0. No external patch text used.
completion.00a7be38	shared_repeats	ネネ「こうして　家族みんなで<LF><TAB>のんびりできるなんて　まだ<LF><TAB>夢みたいね。	"Tessie: ""It still feels like a dream, relaxing together as a family."""		Independent translation from the pinned Japanese GBA script. Preserve original event parameters, protagonist substitutions and page meaning. Exact Japanese match to our independent translation in translations/story-completion.json, completion.00a74c48. No external patch text used.
completion.00a7bf50	shared_repeats	ネネ「お母さん　お料理は　得意だけど<LF><TAB>手芸は　子どもの頃から<LF><TAB>ニガ手　だったのよね。	"Tessie: ""I'm good at cooking, but I've been hopeless at crafts since I was little."""		Independent translation from the pinned Japanese GBA script. Preserve original event parameters, protagonist substitutions and page meaning. Exact Japanese match to our independent translation in translations/story-completion.json, completion.00a74d60. No external patch text used.
completion.00a7bfa8	shared_repeats	ネネ「ポポロの　くつ下　なかなか<LF><TAB>編みあがらないわ。　さっき<LF><TAB>また　失敗しちゃって……。	"Tessie: ""I'm taking forever to knit Tipper's socks. I made another mistake just now..."""	enemy_tipper	Independent translation from the pinned Japanese GBA script. Preserve original event parameters, protagonist substitutions and page meaning. Exact Japanese match to our independent translation in translations/story-completion.json, completion.00a74db8. No external patch text used.
completion.00a7c004	shared_repeats	ネネ「あなたは　そんなことないわよね。<LF><TAB>ウフフ。	"Tessie: ""You're not like that, are you? Hee hee."""		Independent translation from the pinned Japanese GBA script. Preserve original event parameters, protagonist substitutions and page meaning. Exact Japanese match to our independent translation in translations/story-completion.json, completion.00a74e14. No external patch text used.
completion.00a7c038	shared_repeats	ネネ「近所の　奥さんに　聞いたんだけど<LF><TAB>ご主人が　やみつきになってしまって<LF><TAB>もう　何週間も　帰らないんですって。	"Tessie: ""A neighbor told me her husband got so hooked that he hasn't come home in weeks."""		Independent translation from the pinned Japanese GBA script. Preserve original event parameters, protagonist substitutions and page meaning. Exact Japanese match to our independent translation in translations/story-completion.json, completion.00a74e48. No external patch text used.
completion.00a7c0ac	shared_repeats	ネネ「ねえ　あなたは　この町の<LF><TAB>モンスター闘技場になんて<LF><TAB>出入りしてないわよね？	"Tessie: ""Darling, you haven't been visiting the Monster arena in town, have you?"""	interface.dungeon.026,place.journey.00873010	Independent translation from the pinned Japanese GBA script. Preserve original event parameters, protagonist substitutions and page meaning. Exact Japanese match to our independent translation in translations/story-completion.json, completion.00a74ebc. No external patch text used.
completion.00a7c198	shared_repeats	ポポロに代わって　トルネコが<LF>出かけることにした。	Torneko decided to head out in Tipper's place.	torneko,enemy_tipper	Independent translation from the pinned Japanese GBA script. Preserve original event parameters, protagonist substitutions and page meaning. Exact Japanese match to our independent translation in translations/story-completion.json, completion.00a74fa8. No external patch text used.
completion.00a7c1cc	shared_repeats	トルネコは　ほほえんで<LF>ポポロの肩を　たたいた。	Torneko smiled and patted Tipper on the shoulder.	torneko,enemy_tipper	Independent translation from the pinned Japanese GBA script. Preserve original event parameters, protagonist substitutions and page meaning. Exact Japanese match to our independent translation in translations/story-completion.json, completion.00a74fdc. No external patch text used.
completion.00a7c1fc	shared_repeats	冒険を　トルネコと　交代しますか？	Switch adventurers to Torneko?	torneko	Independent translation from the pinned Japanese GBA script. Preserve original event parameters, protagonist substitutions and page meaning. Exact Japanese match to our independent translation in translations/story-completion.json, completion.00a7500c. No external patch text used.
completion.00a7c220	shared_repeats	トルネコは　やさしく　うなずいた。	Torneko nodded gently.	torneko	Independent translation from the pinned Japanese GBA script. Preserve original event parameters, protagonist substitutions and page meaning. Exact Japanese match to our independent translation in translations/story-completion.json, completion.00a75030. No external patch text used.
completion.00a7c2dc	shared_repeats	トルネコに代わって　ポポロが<LF>出かけることにした。	Tipper decided to head out in Torneko's place.	torneko,enemy_tipper	Independent translation from the pinned Japanese GBA script. Preserve original event parameters, protagonist substitutions and page meaning. Exact Japanese match to our independent translation in translations/story-completion.json, completion.00a750ec. No external patch text used.
completion.00a7c310	shared_repeats	ポポロは　残念そうに　うつむいた。	Tipper hung his head in disappointment.	enemy_tipper	Independent translation from the pinned Japanese GBA script. Preserve original event parameters, protagonist substitutions and page meaning. Exact Japanese match to our independent translation in translations/story-completion.json, completion.00a75120. No external patch text used.
completion.00a7c334	shared_repeats	冒険を　ポポロと　交代しますか？	Switch adventurers to Tipper?	enemy_tipper	Independent translation from the pinned Japanese GBA script. Preserve original event parameters, protagonist substitutions and page meaning. Exact Japanese match to our independent translation in translations/story-completion.json, completion.00a75144. No external patch text used.
completion.00a7c358	shared_repeats	ポポロは　うれしそうに　うなずいた！	Tipper nodded happily!	enemy_tipper	Independent translation from the pinned Japanese GBA script. Preserve original event parameters, protagonist substitutions and page meaning. Exact Japanese match to our independent translation in translations/story-completion.json, completion.00a75168. No external patch text used.
completion.00a7c3d8	shared_repeats	とくに　変わった本は　ないようだ。	None of the books seem particularly unusual.		Independent translation from the pinned Japanese GBA script. Preserve original event parameters, protagonist substitutions and page meaning. Exact Japanese match to our independent translation in translations/story-completion.json, completion.00a751e8. No external patch text used.
completion.00a7c3fc	shared_repeats	$tは　本だなを　調べた。	$t examined the bookcase.	torneko,enemy_tipper	Independent translation from the pinned Japanese GBA script. Preserve original event parameters, protagonist substitutions and page meaning. Exact Japanese match to our independent translation in translations/story-completion.json, completion.00a216c0. No external patch text used.
completion.00a7c430	shared_repeats	美しい色で描かれた<LF>家族の絵だ。　見ていると<LF>なんとなく幸せな気持ちになる…。	A family portrait, painted in beautiful colors. Looking at it brings a feeling of happiness...		Independent translation from the pinned Japanese GBA script. Preserve original event parameters, protagonist substitutions and page meaning. Exact Japanese match to our independent translation in translations/story-completion.json, completion.00a75240. No external patch text used.
completion.00a7c480	shared_repeats	$tは　額に入った絵を見た。	$t looked at the framed picture.	torneko,enemy_tipper	Independent translation from the pinned Japanese GBA script. Preserve original event parameters, protagonist substitutions and page meaning. Exact Japanese match to our independent translation in translations/story-completion.json, completion.00a75290. No external patch text used.
completion.00a82c5c	shared_repeats	$tは　額に入った絵を見た。	$t looked at the framed picture.	torneko,enemy_tipper	Independent translation from the pinned Japanese GBA script. Preserve original event parameters, protagonist substitutions and page meaning. Exact Japanese match to our independent translation in translations/story-completion.json, completion.00a75290. No external patch text used.
completion.00a838dc	shared_repeats	$tは　額に入った絵を見た。	$t looked at the framed picture.	torneko,enemy_tipper	Independent translation from the pinned Japanese GBA script. Preserve original event parameters, protagonist substitutions and page meaning. Exact Japanese match to our independent translation in translations/story-completion.json, completion.00a75290. No external patch text used.
completion.00a8455c	shared_repeats	$tは　額に入った絵を見た。	$t looked at the framed picture.	torneko,enemy_tipper	Independent translation from the pinned Japanese GBA script. Preserve original event parameters, protagonist substitutions and page meaning. Exact Japanese match to our independent translation in translations/story-completion.json, completion.00a75290. No external patch text used.
completion.00ab0c0c	shared_repeats	$tは　看板の文字を読んだ。	$t read the sign.	torneko,enemy_tipper	Independent translation from the pinned Japanese GBA script. Preserve original event parameters, protagonist substitutions and page meaning. Exact Japanese match to our independent translation in translations/story-completion.json, completion.00a0ac70. No external patch text used.
completion.00ab9168	shared_repeats	とくに　変わった本は　ないようだ。	None of the books seem particularly unusual.		Independent translation from the pinned Japanese GBA script. Preserve original event parameters, protagonist substitutions and page meaning. Exact Japanese match to our independent translation in translations/story-completion.json, completion.00a751e8. No external patch text used.
completion.00ab918c	shared_repeats	$tは　本だなを　調べた。	$t examined the bookcase.	torneko,enemy_tipper	Independent translation from the pinned Japanese GBA script. Preserve original event parameters, protagonist substitutions and page meaning. Exact Japanese match to our independent translation in translations/story-completion.json, completion.00a216c0. No external patch text used.
completion.00abfc10	shared_repeats	カベには　地図が　かけられている。<LF>北の方に　大きく描かれているのが<LF>この島のようだ。	A map hangs on the wall. The large island drawn to the north seems to be this one.		Independent translation from the pinned Japanese GBA script. Preserve original event parameters, protagonist substitutions and page meaning. Exact Japanese match to our independent translation in translations/story-completion.json, completion.00952720. No external patch text used.
completion.00adf844	shared_repeats	＊「おお　天と地よ！<LF><TAB>この者に　大地の守りの<LF><TAB>あらんことを！	"???: ""O heavens and earth! May the earth's protection be upon this traveler!"""		Independent translation from the pinned Japanese GBA script. Preserve original event parameters, protagonist substitutions and page meaning. Exact Japanese match to our independent translation in translations/story-completion.json, completion.009a7228. No external patch text used. Anonymous speaker remains ???.
completion.00ae92ac	shared_repeats	＊「では　どうぞ　ごゆっくり。	"???: ""Well then, enjoy your rest."""		Independent translation from the pinned Japanese GBA script. Preserve original event parameters, protagonist substitutions and page meaning. Exact Japanese match to our independent translation in translations/story-completion.json, completion.00a26fb4. No external patch text used. Anonymous speaker remains ???.
completion.00b3e0bc	shared_repeats	カベには　地図が　かけられている。<LF>北の方に　大きく描かれているのが<LF>この島のようだ。	A map hangs on the wall. The large island drawn to the north seems to be this one.		Independent translation from the pinned Japanese GBA script. Preserve original event parameters, protagonist substitutions and page meaning. Exact Japanese match to our independent translation in translations/story-completion.json, completion.00952720. No external patch text used.
completion.00b4e484	shared_repeats	$tは　看板の文字を読んだ。	$t read the sign.	torneko,enemy_tipper	Independent translation from the pinned Japanese GBA script. Preserve original event parameters, protagonist substitutions and page meaning. Exact Japanese match to our independent translation in translations/story-completion.json, completion.00a0ac70. No external patch text used.
completion.00b58488	shared_repeats	$tは　本だなを　調べた。	$t examined the bookcase.	torneko,enemy_tipper	Independent translation from the pinned Japanese GBA script. Preserve original event parameters, protagonist substitutions and page meaning. Exact Japanese match to our independent translation in translations/story-completion.json, completion.00a216c0. No external patch text used.
completion.00bc8ea0	shared_repeats	$tは　本だなを　調べた。	$t examined the bookcase.	torneko,enemy_tipper	Independent translation from the pinned Japanese GBA script. Preserve original event parameters, protagonist substitutions and page meaning. Exact Japanese match to our independent translation in translations/story-completion.json, completion.00a216c0. No external patch text used.
completion.00bc9010	shared_repeats	＊「にゃ～ん……。	"???: ""Meow..."""		Independent translation from the pinned Japanese GBA script. Preserve original event parameters, protagonist substitutions and page meaning. Exact Japanese match to our independent translation in translations/story-completion.json, completion.00975810. No external patch text used. Anonymous speaker remains ???.
completion.00a7d170	costa_home_crisis	ネネ「これからは　あなたも<LF><TAB>お父さんのチカラに　なれるわね。	"Tessie: ""Now you'll be able to help your father, too."""		Independent translation from the pinned Japanese GBA script. Preserve original event parameters, protagonist substitutions and page meaning. 
completion.00a7d1b0	costa_home_crisis	ネネ「ポポロ　あなたが　ここまで<LF><TAB>ひとりで　旅してくるなんて　本当に<LF><TAB>びっくりしたけど……	"Tessie: ""Tipper, I'm amazed you traveled all this way on your own, but..."""	enemy_tipper	Independent translation from the pinned Japanese GBA script. Preserve original event parameters, protagonist substitutions and page meaning. 
completion.00a7d20c	costa_home_crisis	ネネ「自分のチカラで　なんとかして<LF><TAB>この国を　助けられないかって<LF><TAB>思っているのでしょうね。	"Tessie: ""He must be wondering if there's anything he can do to save this kingdom."""		Independent translation from the pinned Japanese GBA script. Preserve original event parameters, protagonist substitutions and page meaning. 
completion.00a7d268	costa_home_crisis	ネネ「ゴホゴホ……！　あ　そうだわ<LF><TAB>お父さんは　今　お城へ<LF><TAB>王さまに　会いに行ってるの。	"Tessie: ""Cough, cough! Oh, that's right. Your father has gone to the castle to see the king."""	role.king	Independent translation from the pinned Japanese GBA script. Preserve original event parameters, protagonist substitutions and page meaning. 
completion.00a7d2c4	costa_home_crisis	ネネ「でも　よかったわ。<LF><TAB>こうして　元気なポポロと<LF><TAB>会えただけでも……。	"Tessie: ""But I'm so glad... Just to see you safe and well, Tipper..."""	enemy_tipper	Independent translation from the pinned Japanese GBA script. Preserve original event parameters, protagonist substitutions and page meaning. 
completion.00a7d310	costa_home_crisis	ネネ「あなたのことも　とっても<LF><TAB>心配だったのよ！	"Tessie: ""I was terribly worried about you, too!"""		Independent translation from the pinned Japanese GBA script. Preserve original event parameters, protagonist substitutions and page meaning. 
completion.00a7d344	costa_home_crisis	ネネ「この町に来て　お店を開いてから<LF><TAB>すぐに　邪悪なキリが　この国を<LF><TAB>おそってきて……	"Tessie: ""Soon after we came here and opened the shop, that evil mist swept over the kingdom..."""		Independent translation from the pinned Japanese GBA script. Preserve original event parameters, protagonist substitutions and page meaning. 
completion.00a7d39c	costa_home_crisis	ネネ「ああ　よかった……<LF><TAB>無事だったのね！	"Tessie: ""Oh, thank goodness... You're safe!"""		Independent translation from the pinned Japanese GBA script. Preserve original event parameters, protagonist substitutions and page meaning. 
completion.00a7d3c8	costa_home_crisis	ネネ「まあっ！　ポポロ！<LF><TAB>ポポロなのね！	"Tessie: ""Oh! Tipper! It really is you!"""	enemy_tipper	Independent translation from the pinned Japanese GBA script. Preserve original event parameters, protagonist substitutions and page meaning. 
completion.00a7d514	costa_home_crisis	ネネ「ゴホゴホ……！　ポポロだって<LF><TAB>信じてるんでしょう？　きっと<LF><TAB>お父さんを　助けられるって。	"Tessie: ""Cough, cough! You believe it too, don't you, Tipper? That you can save your father."""	enemy_tipper	Independent translation from the pinned Japanese GBA script. Preserve original event parameters, protagonist substitutions and page meaning. 
completion.00a7d574	costa_home_crisis	ネネ「お母さんも　ポポロを信じるわ。<LF><TAB>お父さんだって　きっと<LF><TAB>あなたを　待ってるはず。	"Tessie: ""I believe in you, Tipper. Your father must be waiting for you, too."""	enemy_tipper	Independent translation from the pinned Japanese GBA script. Preserve original event parameters, protagonist substitutions and page meaning. 
completion.00a7d5cc	costa_home_crisis	ネネ「でも……　でも　ポポロだって<LF><TAB>信じてるんでしょう？　きっと<LF><TAB>お父さんを　助けられるって。	"Tessie: ""But... But you believe it too, don't you, Tipper? That you can save your father."""	enemy_tipper	Independent translation from the pinned Japanese GBA script. Preserve original event parameters, protagonist substitutions and page meaning. 
completion.00a7d62c	costa_home_crisis	ネネ「えっ？　お父さんが！？<LF><TAB>まあ　なんてこと……！	"Tessie: ""What? Your father?! Oh, how terrible...!"""		Independent translation from the pinned Japanese GBA script. Preserve original event parameters, protagonist substitutions and page meaning. 
completion.00a7d664	costa_home_crisis	ネネ「あら　ポポロ　どうしたの？<LF><TAB>そんな　悲しそうな顔をして……。	"Tessie: ""Oh, Tipper, what's wrong? You look so sad..."""	enemy_tipper	Independent translation from the pinned Japanese GBA script. Preserve original event parameters, protagonist substitutions and page meaning. 
completion.00a7d6a8	costa_home_crisis	ネネ「おはよう　あなた。<LF><TAB>行かなきゃいけないの　分かってるから<LF><TAB>止めないけど…　どうか　気をつけて。	"Tessie: ""Good morning, darling. I know you must go, so I won't stop you... But please be careful."""		Independent translation from the pinned Japanese GBA script. Preserve original event parameters, protagonist substitutions and page meaning. 
completion.00a7d710	costa_home_crisis	ネネ「じゃあ　お休みなさい……。	"Tessie: ""Well then, good night..."""		Independent translation from the pinned Japanese GBA script. Preserve original event parameters, protagonist substitutions and page meaning. 
completion.00a7d734	costa_home_crisis	ネネ「そう？　休みたくなったら<LF><TAB>私に　言ってね。<LF><TAB>ゴホゴホ……！	"Tessie: ""Really? Tell me when you'd like to rest. Cough, cough!"""		Independent translation from the pinned Japanese GBA script. Preserve original event parameters, protagonist substitutions and page meaning. 
completion.00a7d778	costa_home_crisis	ネネ「あなたこそ　つかれたでしょう？<LF><TAB>今日は　ここで　休む？	"Tessie: ""You must be tired yourself. Will you rest here today?"""		Independent translation from the pinned Japanese GBA script. Preserve original event parameters, protagonist substitutions and page meaning. 
completion.00a7d7b8	costa_home_crisis	ネネ「あなた　お帰りなさい。<LF><TAB>ゴホゴホ……！<LF><TAB>私なら　大丈夫よ。	"Tessie: ""Welcome home, darling. Cough, cough! Don't worry about me."""		Independent translation from the pinned Japanese GBA script. Preserve original event parameters, protagonist substitutions and page meaning. 
completion.00a7dabc	costa_furnishings	マリーナ「必要な家具も　すべて<LF><TAB>そろったし　あとは　毎日の<LF><TAB>おそうじ……。がんばらなくっちゃ。	"Marina: ""We have all the furniture we need. Now for the daily cleaning... I must do my best!"""	character.marina	Independent translation from the pinned Japanese GBA script. Preserve original event parameters, protagonist substitutions and page meaning. 
completion.00a7db1c	costa_furnishings	マリーナ「なんだか　私も<LF><TAB>とても　幸せな気分ですわ。	"Marina: ""Somehow, I feel very happy, too."""	character.marina	Independent translation from the pinned Japanese GBA script. Preserve original event parameters, protagonist substitutions and page meaning. 
completion.00a7db54	costa_furnishings	マリーナ「なんだか　私も<LF><TAB>とても　幸せな気分ですわ。<LF><TAB>ウフフ。	"Marina: ""Somehow, I feel very happy, too. Hee hee."""	character.marina	Independent translation from the pinned Japanese GBA script. Preserve original event parameters, protagonist substitutions and page meaning. 
completion.00a7db94	costa_furnishings	マリーナ「その絵を　見た者を<LF><TAB>幸せな気持ちにする　おまじないも<LF><TAB>込められているんですって。	"Marina: ""I hear it's enchanted to make anyone who looks at it feel happy."""	character.marina	Independent translation from the pinned Japanese GBA script. Preserve original event parameters, protagonist substitutions and page meaning. Speaker's account, not a claim of a gameplay stat effect.
completion.00a7dbf0	costa_furnishings	マリーナ「なんでも　外国の有名な画家が<LF><TAB>お描きになったとかで　とても<LF><TAB>貴重な品　だそうですわ。	"Marina: ""They say a famous foreign artist painted it, and that it's very valuable."""	character.marina	Independent translation from the pinned Japanese GBA script. Preserve original event parameters, protagonist substitutions and page meaning. Keep the reported account distinct from the later inspection's different explanation.
completion.00a7dc50	costa_furnishings	マリーナ「居間に　かざられた<LF><TAB>ご家族の絵。　とっても<LF><TAB>ステキですよね。	"Marina: ""Your family portrait in the living room is lovely, isn't it?"""	character.marina	Independent translation from the pinned Japanese GBA script. Preserve original event parameters, protagonist substitutions and page meaning. 
completion.00a7dc98	costa_furnishings	マリーナ「きっと　次に<LF><TAB>お帰りになる頃には　届いていますわ。<LF><TAB>楽しみですね。	"Marina: ""It should arrive by the time you return. How exciting!"""	character.marina	Independent translation from the pinned Japanese GBA script. Preserve original event parameters, protagonist substitutions and page meaning. 
completion.00a7dce8	costa_furnishings	マリーナ「トルネコさま　ご一家の<LF><TAB>記念になる品を　お考えだとか。	"Marina: ""They're choosing something to commemorate your family, Mr. Torneko."""	torneko,character.marina	Independent translation from the pinned Japanese GBA script. Preserve original event parameters, protagonist substitutions and page meaning. 
completion.00a7dd2c	costa_furnishings	マリーナ「お店が　お客さまに<LF><TAB>大ひょうばんで　なんと　お城からも<LF><TAB>お祝いの品が　届くそうですわ。	"Marina: ""Your shop is so popular that even the castle is sending a gift to congratulate you!"""	character.marina	Independent translation from the pinned Japanese GBA script. Preserve original event parameters, protagonist substitutions and page meaning. 
completion.00a7dd90	costa_furnishings	マリーナ「お祝いに　インテリアも<LF><TAB>新しくしましょうか？	"Marina: ""Shall we celebrate with some new furnishings?"""	character.marina	Independent translation from the pinned Japanese GBA script. Preserve original event parameters, protagonist substitutions and page meaning. 
completion.00a7ddc8	costa_furnishings	マリーナ「トルネコさまのお店も<LF><TAB>ますます　順調で<LF><TAB>私も　とてもうれしいですわ。	"Marina: ""Your shop is doing better and better, Mr. Torneko. I'm so pleased."""	torneko,character.marina	Independent translation from the pinned Japanese GBA script. Preserve original event parameters, protagonist substitutions and page meaning. 
completion.00a7de18	costa_furnishings	マリーナ「トルネコさまや　ポポロさまが<LF><TAB>商品を仕入れて　今よりさらに<LF><TAB>お店がはんじょうすれば……	"Marina: ""If you and Tipper bring in stock and the shop prospers even more..."""	torneko,enemy_tipper,character.marina	Independent translation from the pinned Japanese GBA script. Preserve original event parameters, protagonist substitutions and page meaning. 
completion.00a7de7c	costa_furnishings	マリーナ「新しい家具が　増えると<LF><TAB>とっても　楽しい気分に<LF><TAB>なりますよね。	"Marina: ""New furniture makes a home feel so cheerful, doesn't it?"""	character.marina	Independent translation from the pinned Japanese GBA script. Preserve original event parameters, protagonist substitutions and page meaning. 
completion.00a7dec8	costa_furnishings	マリーナ「次に　お帰りになる時までに<LF><TAB>私のほうで　取りよせておきますね。	"Marina: ""I'll have it ordered by the time you return."""	character.marina	Independent translation from the pinned Japanese GBA script. Preserve original event parameters, protagonist substitutions and page meaning. 
completion.00a7df14	costa_furnishings	マリーナ「そろそろ　新しいインテリアを<LF><TAB>そろえる時期かもしれませんわ。	"Marina: ""Perhaps it's time for some new furnishings."""	character.marina	Independent translation from the pinned Japanese GBA script. Preserve original event parameters, protagonist substitutions and page meaning. 
completion.00a7df5c	costa_furnishings	マリーナ「トルネコさまのお店も<LF><TAB>商品が増えて　順調ですわね。	"Marina: ""Your shop has more goods and is doing well, Mr. Torneko."""	torneko,character.marina	Independent translation from the pinned Japanese GBA script. Preserve original event parameters, protagonist substitutions and page meaning. 
completion.00a7df9c	costa_furnishings	マリーナ「もっとステキな家具や<LF><TAB>調度品も　増やせますわ。<LF><TAB>楽しみですね。	"Marina: ""...we can add even lovelier furniture and decorations. How exciting!"""	character.marina	Independent translation from the pinned Japanese GBA script. Preserve original event parameters, protagonist substitutions and page meaning. Continues the stock/prosperity condition from 00A7DFE8.
completion.00a7dfe8	costa_furnishings	マリーナ「トルネコさまや　ポポロさまが<LF><TAB>どんどん商品を　仕入れて<LF><TAB>お店がはんじょうすれば　きっと……	"Marina: ""If you and Tipper keep bringing in goods and the shop prospers, I'm sure..."""	torneko,enemy_tipper,character.marina	Independent translation from the pinned Japanese GBA script. Preserve original event parameters, protagonist substitutions and page meaning. 
completion.00a7e050	costa_furnishings	マリーナ「でも　まだ　家具も<LF><TAB>あまり無くて　ちょっと<LF><TAB>さびしい気も　しますね。	"Marina: ""But there's still so little furniture. It feels rather empty."""	character.marina	Independent translation from the pinned Japanese GBA script. Preserve original event parameters, protagonist substitutions and page meaning. 
completion.00a7e0a0	costa_furnishings	マリーナ「いつも　奥さまが<LF><TAB>きれいに　片付けていらっしゃるから<LF><TAB>私の仕事は　ほとんどありませんわ。	"Marina: ""Your wife always keeps everything so tidy that I hardly have any work to do."""	character.marina	Independent translation from the pinned Japanese GBA script. Preserve original event parameters, protagonist substitutions and page meaning. 
completion.00a7e2b4	costa_mirror	やっぱり　自分の顔は<LF>父のトルネコより　母のネネに<LF>似てるなあと　思った……。	He thought his face really did resemble his mother Tessie's more than his father Torneko's...	torneko	Independent translation from the pinned Japanese GBA script. Preserve original event parameters, protagonist substitutions and page meaning. Tipper-specific mirror observation.
completion.00a7e304	costa_mirror	自分でも　ちょっぴり<LF>大人っぽくなった気がした。	He felt he looked a little more grown-up.		Independent translation from the pinned Japanese GBA script. Preserve original event parameters, protagonist substitutions and page meaning. 
completion.00a7e334	costa_mirror	長旅をした　おかげで<LF>ちょっぴり　やせた気がする。	He seemed to have lost a little weight on the long journey.		Independent translation from the pinned Japanese GBA script. Preserve original event parameters, protagonist substitutions and page meaning. 
completion.00a7e368	costa_mirror	なんとなく　シワがふえたような<LF>気がする……。	There seemed to be a few more wrinkles...		Independent translation from the pinned Japanese GBA script. Preserve original event parameters, protagonist substitutions and page meaning. 
completion.00a7e398	costa_mirror	ほんの少し　くもっているのが気になり<LF>そでの先で　ふいた。	A small smudge caught his eye, so he wiped it away with his sleeve.		Independent translation from the pinned Japanese GBA script. Preserve original event parameters, protagonist substitutions and page meaning. 
completion.00a7e3d4	costa_mirror	長旅のせいか　ずいぶん<LF>日に焼けたようだ……。	The long journey seemed to have left him quite suntanned...		Independent translation from the pinned Japanese GBA script. Preserve original event parameters, protagonist substitutions and page meaning. 
completion.00a7e404	costa_mirror	カガミの手前に　ネネの化粧品が<LF>きれいに　並べられている。	Tessie's cosmetics are neatly arranged in front of the mirror.		Independent translation from the pinned Japanese GBA script. Preserve original event parameters, protagonist substitutions and page meaning. 
completion.00a7e440	costa_mirror	よく見ると　自分でも<LF>まんざらじゃない気がした。	On closer inspection, he decided he didn't look half bad.		Independent translation from the pinned Japanese GBA script. Preserve original event parameters, protagonist substitutions and page meaning. 
completion.00a7e470	costa_mirror	いつもより　顔色が<LF>悪い気がする……。	He seemed to look paler than usual...		Independent translation from the pinned Japanese GBA script. Preserve original event parameters, protagonist substitutions and page meaning. 
completion.00a7e498	costa_mirror	きれいに　そうじされた<LF>室内が　映っている。	The spotless room is reflected in the mirror.		Independent translation from the pinned Japanese GBA script. Preserve original event parameters, protagonist substitutions and page meaning. 
completion.00a7e4c4	costa_mirror	$tは　カガミを見た。	$t looked in the mirror.	torneko,enemy_tipper	Independent translation from the pinned Japanese GBA script. Preserve original event parameters, protagonist substitutions and page meaning. 
completion.00a828a8	costa_bedroom	マリーナ「いつ　ポポロさまが<LF><TAB>いらっしゃっても　大丈夫なように<LF><TAB>お部屋をととのえていたんです。	"Marina: ""I've kept the room ready so Master Tipper could arrive at any time."""	enemy_tipper,character.marina	Independent translation from the pinned Japanese GBA script. Preserve original event parameters, protagonist substitutions and page meaning. 
completion.00a82908	costa_bedroom	マリーナ「まあ！<LF><TAB>ポポロぼっちゃまですね！？<LF><TAB>よくぞ　ご無事で……。	"Marina: ""Oh! Master Tipper, is that you?! I'm so glad you're safe..."""	enemy_tipper,character.marina	Independent translation from the pinned Japanese GBA script. Preserve original event parameters, protagonist substitutions and page meaning. 
completion.00a829a0	costa_bedroom	$tは　自分のベッドで<LF>休むことにした。	$t decided to rest in his own bed.	torneko,enemy_tipper	Independent translation from the pinned Japanese GBA script. Preserve original event parameters, protagonist substitutions and page meaning. 
completion.00a829c8	costa_bedroom	ポポロのベッドだ。<LF>ここで　休ませてもらいますか？	It's Tipper's bed.<LF>Rest here?	enemy_tipper	Independent translation from the pinned Japanese GBA script. Preserve original event parameters, protagonist substitutions and page meaning. 
completion.00a82a1c	costa_bedroom	マリーナ「トルネコさまや　ポポロさまに<LF><TAB>おつかえできるなんて　私<LF><TAB>ほこりに　思っているんです。	"Marina: ""I'm proud to serve you and Tipper, Mr. Torneko."""	torneko,enemy_tipper,character.marina	Independent translation from the pinned Japanese GBA script. Preserve original event parameters, protagonist substitutions and page meaning. 
completion.00a82aec	costa_bedroom	ポポロの　ベッドだ。<LF>$tが　休むには　少し<LF>小さいようだ……。	It's Tipper's bed.<LF>It seems a little too small for $t to rest in...	enemy_tipper,torneko	Independent translation from the pinned Japanese GBA script. Preserve original event parameters, protagonist substitutions and page meaning. Preserve native protagonist substitution and bed-size observation.
completion.00a82bbc	costa_bedroom	新品の　美しい額に　入れられて<LF>なにやら　名画のような<LF>ふんいきを　かもしだしている……。	The beautiful new frame gives it the air of a masterpiece...		Independent translation from the pinned Japanese GBA script. Preserve original event parameters, protagonist substitutions and page meaning. 
completion.00a82c18	costa_bedroom	この絵は　以前　ネネが<LF>知り合いの画家に<LF>描いてもらったものらしい。	Apparently, Tessie had an artist she knew paint this picture some time ago.		Independent translation from the pinned Japanese GBA script. Preserve original event parameters, protagonist substitutions and page meaning. Preserve inspection's account; do not reconcile it with Marina's reported foreign-master claim.
completion.00a8c3b8	royal_voyage	＊「オレも　いつか　こんな船に<LF><TAB>乗れるようになりたいよ。	"???: ""I'd like to sail on a ship like this one day."""		Independent translation from the pinned Japanese GBA script. Preserve original event parameters, protagonist substitutions and page meaning.  Anonymous speaker remains ???.
completion.00a8c3f4	royal_voyage	＊「でっかいだろ？　この船。<LF><TAB>北の　グレートバレイナ城の<LF><TAB>王さまの船なんだぜ。	"???: ""Big, isn't she? This ship belongs to the king at Great Baleina Castle to the north."""	place.journey.00873120,role.king	Independent translation from the pinned Japanese GBA script. Preserve original event parameters, protagonist substitutions and page meaning.  Anonymous speaker remains ???.
completion.00a8c674	royal_voyage	船長「よし　それでは　わしに　続いて<LF><TAB>乗り込んでくれ。<LF><TAB>さっそく　出航じゃ！	"Captain: ""Right, follow me aboard. We'll set sail at once!"""	role.ship_captain	Independent translation from the pinned Japanese GBA script. Preserve original event parameters, protagonist substitutions and page meaning. Ship captain role.
completion.00a8c6c4	royal_voyage	船長「そうか。　では　じゅんびが<LF><TAB>できたら　また　わしの所に来てくれ。	"Captain: ""I see. Come back when you're ready."""	role.ship_captain	Independent translation from the pinned Japanese GBA script. Preserve original event parameters, protagonist substitutions and page meaning. 
completion.00a8c70c	royal_voyage	船長「トルネコさんら　もう　船出の<LF><TAB>じゅんびは　ええかの？	"Captain: ""Torneko, is everyone ready to set sail?"""	torneko,role.ship_captain	Independent translation from the pinned Japanese GBA script. Preserve original event parameters, protagonist substitutions and page meaning. 
completion.00a8c748	royal_voyage	船長「まあええ。　いずれ　わしの実力も<LF><TAB>分かるじゃろうて。　さて　そろそろ<LF><TAB>船を　出したいんじゃが……	"Captain: ""Never mind. You'll see what I can do soon enough. Now, I'd like to set sail..."""	role.ship_captain	Independent translation from the pinned Japanese GBA script. Preserve original event parameters, protagonist substitutions and page meaning. 
completion.00a8c7b0	royal_voyage	船長「……あんたが　あの<LF><TAB>占いばあさんか。　ウワサどおり<LF><TAB>クチが悪いのう。	"Captain: ""...So you're that old fortune-teller. Your tongue is as sharp as they say."""	role.ship_captain	Independent translation from the pinned Japanese GBA script. Preserve original event parameters, protagonist substitutions and page meaning. 
completion.00a8c7fc	royal_voyage	占いババ「おやおや　どんな船長かと<LF><TAB>思ったら　わしより　ヨボヨボの<LF><TAB>じいさんかい。　大丈夫なんだろうね。	"Fortune-teller: ""Oh, my! The captain is an old man even frailer than I am! Will we be all right?"""	role.fortune_teller,role.ship_captain	Independent translation from the pinned Japanese GBA script. Preserve original event parameters, protagonist substitutions and page meaning. 
completion.00a8c868	royal_voyage	船長「かなりの　長旅には　なりますが<LF><TAB>無事に　あなたがたを　南の島へ<LF><TAB>送りとどけますでな。	"Captain: ""It'll be a long voyage, but I'll take you safely to the southern island."""	role.ship_captain	Independent translation from the pinned Japanese GBA script. Preserve original event parameters, protagonist substitutions and page meaning. 
completion.00a8c8c4	royal_voyage	＊「おお　いらっしゃいましたな。<LF><TAB>わしは　今回　王より　航海を<LF><TAB>まかされた　船長ですじゃ。	"???: ""Ah, you're here. I'm the captain the king has entrusted with this voyage."""	role.ship_captain	Independent translation from the pinned Japanese GBA script. Preserve original event parameters, protagonist substitutions and page meaning.  Anonymous speaker remains ???.
completion.00a8c920	royal_voyage	＊「王の　船は　こちらです。<LF><TAB>さあ　どうぞ！	"???: ""The king's ship is this way. Please, come aboard!"""		Independent translation from the pinned Japanese GBA script. Preserve original event parameters, protagonist substitutions and page meaning.  Anonymous speaker remains ???.
completion.00a8c950	royal_voyage	＊「やや　トルネコさま！<LF><TAB>グレートバレイナ王より　命令をうけ<LF><TAB>お待ちしておりました！	"???: ""Ah, Mr. Torneko! The king of Great Baleina ordered us to await you!"""	torneko	Independent translation from the pinned Japanese GBA script. Preserve original event parameters, protagonist substitutions and page meaning.  Anonymous speaker remains ???.
completion.00a8c9a8	royal_voyage	＊「ただ今　出航の　じゅんび中ですので<LF><TAB>申しわけありませんが<LF><TAB>しばらく　お待ちください。	"???: ""We're still preparing to sail. I'm sorry, but please wait a little longer."""		Independent translation from the pinned Japanese GBA script. Preserve original event parameters, protagonist substitutions and page meaning.  Anonymous speaker remains ???.
completion.00a8ca04	royal_voyage	＊「やや　トルネコさま！<LF><TAB>お話は　グレートバレイナ王より<LF><TAB>うかがっております。	"???: ""Ah, Mr. Torneko! The king of Great Baleina has told us about you."""	torneko	Independent translation from the pinned Japanese GBA script. Preserve original event parameters, protagonist substitutions and page meaning.  Anonymous speaker remains ???.
completion.00a8cc54	royal_voyage	ロサ「オイラとしては　もう少し<LF><TAB>遊んでいたい気もするけどさ……。<LF><TAB>しょうがないな。　さあ　行こうぜ。	"Rosa: ""I'd like to have a bit more fun here, but... Oh, well. Let's go."""	enemy_rosa	Independent translation from the pinned Japanese GBA script. Preserve original event parameters, protagonist substitutions and page meaning. 
completion.00a8ccbc	royal_voyage	ロサ「よう　トルネコさん<LF><TAB>いよいよ　バリナボへ帰るんだな。	"Rosa: ""Hey, Torneko! We're finally going back to Barinabo, eh?"""	torneko,enemy_rosa,place.barinabo	Independent translation from the pinned Japanese GBA script. Preserve original event parameters, protagonist substitutions and page meaning. 
completion.00a8ccf8	royal_voyage	イネス「ポポロさん　きっと<LF><TAB>元気になるわ。<LF><TAB>早く　帰ってあげましょう。	"Ines: ""I'm sure Tipper will get better. Let's hurry back to him."""	enemy_ines,enemy_tipper	Independent translation from the pinned Japanese GBA script. Preserve original event parameters, protagonist substitutions and page meaning. 
completion.00a8cd40	royal_voyage	イネス「トルネコさん　いよいよ<LF><TAB>バリナボへ　もどるのね。	"Ines: ""Torneko, we're finally returning to Barinabo."""	torneko,enemy_ines,place.barinabo	Independent translation from the pinned Japanese GBA script. Preserve original event parameters, protagonist substitutions and page meaning. 
completion.00a8cda4	royal_voyage	＊「トルネコさんたちって<LF><TAB>すごい人なんですね。	"???: ""You and your friends must be remarkable people, Torneko."""	torneko	Independent translation from the pinned Japanese GBA script. Preserve original event parameters, protagonist substitutions and page meaning.  Anonymous speaker remains ???.
completion.00a8cdd4	royal_voyage	＊「グレートバレイナ王が　お客人を<LF><TAB>船で　お送りするなんて<LF><TAB>はじめてのことですよ。	"???: ""This is the first time the king of Great Baleina has sent guests home on his ship."""		Independent translation from the pinned Japanese GBA script. Preserve original event parameters, protagonist substitutions and page meaning.  Anonymous speaker remains ???.
completion.00a8ce90	royal_voyage	船長「船のじゅんびは　もう　すっかり<LF><TAB>ととのっておる。	"Captain: ""The ship is completely ready to sail."""	role.ship_captain	Independent translation from the pinned Japanese GBA script. Preserve original event parameters, protagonist substitutions and page meaning. 
completion.00a8d088	royal_voyage	＊「船が　出るぞ～！<LF><TAB>タラップを　上げろ～！	"???: ""We're setting sail! Raise the gangplank!"""		Independent translation from the pinned Japanese GBA script. Preserve original event parameters, protagonist substitutions and page meaning.  Anonymous speaker remains ???.
completion.00a8d0b8	royal_voyage	ロサ「そっか。<LF><TAB>じゃあ　行こうぜ！	"Rosa: ""Right. Let's go, then!"""	enemy_rosa	Independent translation from the pinned Japanese GBA script. Preserve original event parameters, protagonist substitutions and page meaning. 
completion.00a8d0dc	royal_voyage	ロサ「オイラの話　分かったかい？<LF><TAB>もう　いっかい　言おうか？	"Rosa: ""Did you get all that? Want me to say it again?"""	enemy_rosa	Independent translation from the pinned Japanese GBA script. Preserve original event parameters, protagonist substitutions and page meaning. 
completion.00a8d11c	royal_voyage	ロサ「あとで　オイラの家の　台所の<LF><TAB>ツボに　入れておくからさ。<LF><TAB>忘れずに　もらってくれよ。	"Rosa: ""I'll put it in the pot in my kitchen later. Don't forget to pick it up."""	enemy_rosa	Independent translation from the pinned Japanese GBA script. Preserve original event parameters, protagonist substitutions and page meaning. Physical household pot, not an inventory pot identity.
completion.00a8d178	royal_voyage	ロサ「あ　ところで　トルネコさん。<LF><TAB>まだ　オイラのプレゼント<LF><TAB>わたしてなかったよな。	"Rosa: ""Oh, by the way, Torneko. I haven't given you my present yet, have I?"""	torneko,enemy_rosa	Independent translation from the pinned Japanese GBA script. Preserve original event parameters, protagonist substitutions and page meaning. 
completion.00a8d400	royal_voyage	＊「すんません。　とてもじゃないけど<LF><TAB>船を出せる状況じゃ　ありませんや。	"???: ""Sorry. There's no way we can put a ship to sea in these conditions."""		Independent translation from the pinned Japanese GBA script. Preserve original event parameters, protagonist substitutions and page meaning.  Anonymous speaker remains ???.
completion.00a8d484	royal_voyage	＊「今回の旅行で　こりずに　また<LF><TAB>船旅を　楽しんでくださいね。	"???: ""Don't let this trip put you off. Please enjoy another sea voyage sometime."""		Independent translation from the pinned Japanese GBA script. Preserve original event parameters, protagonist substitutions and page meaning.  Anonymous speaker remains ???.
completion.00a8d4c4	royal_voyage	＊「海は　いいっすねえ。<LF><TAB>トルネコさんたちの　ふるさとも<LF><TAB>この海の　ずっと　向こうなんでしょ。	"???: ""The sea is wonderful. Your homeland is far across it, too, isn't it, Torneko?"""	torneko	Independent translation from the pinned Japanese GBA script. Preserve original event parameters, protagonist substitutions and page meaning.  Anonymous speaker remains ???.
completion.00a7eef8	shared_repeats	ネネ「これからは　あなたも<LF><TAB>お父さんのチカラに　なれるわね。	"Tessie: ""Now you'll be able to help your father, too."""		Independent translation from the pinned Japanese GBA script. Preserve original event parameters, protagonist substitutions and page meaning. Exact Japanese match to our independent translation in translations/story-completion.json, completion.00a7d170. No external patch text used.
completion.00a7ef38	shared_repeats	ネネ「ポポロ　あなたが　ここまで<LF><TAB>ひとりで　旅してくるなんて　本当に<LF><TAB>びっくりしたけど……	"Tessie: ""Tipper, I'm amazed you traveled all this way on your own, but..."""	enemy_tipper	Independent translation from the pinned Japanese GBA script. Preserve original event parameters, protagonist substitutions and page meaning. Exact Japanese match to our independent translation in translations/story-completion.json, completion.00a7d1b0. No external patch text used.
completion.00a7ef94	shared_repeats	ネネ「自分のチカラで　なんとかして<LF><TAB>この国を　助けられないかって<LF><TAB>思っているのでしょうね。	"Tessie: ""He must be wondering if there's anything he can do to save this kingdom."""		Independent translation from the pinned Japanese GBA script. Preserve original event parameters, protagonist substitutions and page meaning. Exact Japanese match to our independent translation in translations/story-completion.json, completion.00a7d20c. No external patch text used.
completion.00a7eff0	shared_repeats	ネネ「ゴホゴホ……！　あ　そうだわ<LF><TAB>お父さんは　今　お城へ<LF><TAB>王さまに　会いに行ってるの。	"Tessie: ""Cough, cough! Oh, that's right. Your father has gone to the castle to see the king."""	role.king	Independent translation from the pinned Japanese GBA script. Preserve original event parameters, protagonist substitutions and page meaning. Exact Japanese match to our independent translation in translations/story-completion.json, completion.00a7d268. No external patch text used.
completion.00a7f04c	shared_repeats	ネネ「でも　よかったわ。<LF><TAB>こうして　元気なポポロと<LF><TAB>会えただけでも……。	"Tessie: ""But I'm so glad... Just to see you safe and well, Tipper..."""	enemy_tipper	Independent translation from the pinned Japanese GBA script. Preserve original event parameters, protagonist substitutions and page meaning. Exact Japanese match to our independent translation in translations/story-completion.json, completion.00a7d2c4. No external patch text used.
completion.00a7f098	shared_repeats	ネネ「あなたのことも　とっても<LF><TAB>心配だったのよ！	"Tessie: ""I was terribly worried about you, too!"""		Independent translation from the pinned Japanese GBA script. Preserve original event parameters, protagonist substitutions and page meaning. Exact Japanese match to our independent translation in translations/story-completion.json, completion.00a7d310. No external patch text used.
completion.00a7f0cc	shared_repeats	ネネ「この町に来て　お店を開いてから<LF><TAB>すぐに　邪悪なキリが　この国を<LF><TAB>おそってきて……	"Tessie: ""Soon after we came here and opened the shop, that evil mist swept over the kingdom..."""		Independent translation from the pinned Japanese GBA script. Preserve original event parameters, protagonist substitutions and page meaning. Exact Japanese match to our independent translation in translations/story-completion.json, completion.00a7d344. No external patch text used.
completion.00a7f124	shared_repeats	ネネ「ああ　よかった……<LF><TAB>無事だったのね！	"Tessie: ""Oh, thank goodness... You're safe!"""		Independent translation from the pinned Japanese GBA script. Preserve original event parameters, protagonist substitutions and page meaning. Exact Japanese match to our independent translation in translations/story-completion.json, completion.00a7d39c. No external patch text used.
completion.00a7f150	shared_repeats	ネネ「まあっ！　ポポロ！<LF><TAB>ポポロなのね！	"Tessie: ""Oh! Tipper! It really is you!"""	enemy_tipper	Independent translation from the pinned Japanese GBA script. Preserve original event parameters, protagonist substitutions and page meaning. Exact Japanese match to our independent translation in translations/story-completion.json, completion.00a7d3c8. No external patch text used.
completion.00a7f29c	shared_repeats	ネネ「ゴホゴホ……！　ポポロだって<LF><TAB>信じてるんでしょう？　きっと<LF><TAB>お父さんを　助けられるって。	"Tessie: ""Cough, cough! You believe it too, don't you, Tipper? That you can save your father."""	enemy_tipper	Independent translation from the pinned Japanese GBA script. Preserve original event parameters, protagonist substitutions and page meaning. Exact Japanese match to our independent translation in translations/story-completion.json, completion.00a7d514. No external patch text used.
completion.00a7f2fc	shared_repeats	ネネ「お母さんも　ポポロを信じるわ。<LF><TAB>お父さんだって　きっと<LF><TAB>あなたを　待ってるはず。	"Tessie: ""I believe in you, Tipper. Your father must be waiting for you, too."""	enemy_tipper	Independent translation from the pinned Japanese GBA script. Preserve original event parameters, protagonist substitutions and page meaning. Exact Japanese match to our independent translation in translations/story-completion.json, completion.00a7d574. No external patch text used.
completion.00a7f354	shared_repeats	ネネ「でも……　でも　ポポロだって<LF><TAB>信じてるんでしょう？　きっと<LF><TAB>お父さんを　助けられるって。	"Tessie: ""But... But you believe it too, don't you, Tipper? That you can save your father."""	enemy_tipper	Independent translation from the pinned Japanese GBA script. Preserve original event parameters, protagonist substitutions and page meaning. Exact Japanese match to our independent translation in translations/story-completion.json, completion.00a7d5cc. No external patch text used.
completion.00a7f3b4	shared_repeats	ネネ「えっ？　お父さんが！？<LF><TAB>まあ　なんてこと……！	"Tessie: ""What? Your father?! Oh, how terrible...!"""		Independent translation from the pinned Japanese GBA script. Preserve original event parameters, protagonist substitutions and page meaning. Exact Japanese match to our independent translation in translations/story-completion.json, completion.00a7d62c. No external patch text used.
completion.00a7f3ec	shared_repeats	ネネ「あら　ポポロ　どうしたの？<LF><TAB>そんな　悲しそうな顔をして……。	"Tessie: ""Oh, Tipper, what's wrong? You look so sad..."""	enemy_tipper	Independent translation from the pinned Japanese GBA script. Preserve original event parameters, protagonist substitutions and page meaning. Exact Japanese match to our independent translation in translations/story-completion.json, completion.00a7d664. No external patch text used.
completion.00a7f430	shared_repeats	ネネ「おはよう　あなた。<LF><TAB>行かなきゃいけないの　分かってるから<LF><TAB>止めないけど…　どうか　気をつけて。	"Tessie: ""Good morning, darling. I know you must go, so I won't stop you... But please be careful."""		Independent translation from the pinned Japanese GBA script. Preserve original event parameters, protagonist substitutions and page meaning. Exact Japanese match to our independent translation in translations/story-completion.json, completion.00a7d6a8. No external patch text used.
completion.00a7f498	shared_repeats	ネネ「じゃあ　お休みなさい……。	"Tessie: ""Well then, good night..."""		Independent translation from the pinned Japanese GBA script. Preserve original event parameters, protagonist substitutions and page meaning. Exact Japanese match to our independent translation in translations/story-completion.json, completion.00a7d710. No external patch text used.
completion.00a7f4bc	shared_repeats	ネネ「そう？　休みたくなったら<LF><TAB>私に　言ってね。<LF><TAB>ゴホゴホ……！	"Tessie: ""Really? Tell me when you'd like to rest. Cough, cough!"""		Independent translation from the pinned Japanese GBA script. Preserve original event parameters, protagonist substitutions and page meaning. Exact Japanese match to our independent translation in translations/story-completion.json, completion.00a7d734. No external patch text used.
completion.00a7f500	shared_repeats	ネネ「あなたこそ　つかれたでしょう？<LF><TAB>今日は　ここで　休む？	"Tessie: ""You must be tired yourself. Will you rest here today?"""		Independent translation from the pinned Japanese GBA script. Preserve original event parameters, protagonist substitutions and page meaning. Exact Japanese match to our independent translation in translations/story-completion.json, completion.00a7d778. No external patch text used.
completion.00a7f540	shared_repeats	ネネ「あなた　お帰りなさい。<LF><TAB>ゴホゴホ……！<LF><TAB>私なら　大丈夫よ。	"Tessie: ""Welcome home, darling. Cough, cough! Don't worry about me."""		Independent translation from the pinned Japanese GBA script. Preserve original event parameters, protagonist substitutions and page meaning. Exact Japanese match to our independent translation in translations/story-completion.json, completion.00a7d7b8. No external patch text used.
completion.00a7f844	shared_repeats	マリーナ「必要な家具も　すべて<LF><TAB>そろったし　あとは　毎日の<LF><TAB>おそうじ……。がんばらなくっちゃ。	"Marina: ""We have all the furniture we need. Now for the daily cleaning... I must do my best!"""	character.marina	Independent translation from the pinned Japanese GBA script. Preserve original event parameters, protagonist substitutions and page meaning. Exact Japanese match to our independent translation in translations/story-completion.json, completion.00a7dabc. No external patch text used.
completion.00a7f8a4	shared_repeats	マリーナ「なんだか　私も<LF><TAB>とても　幸せな気分ですわ。	"Marina: ""Somehow, I feel very happy, too."""	character.marina	Independent translation from the pinned Japanese GBA script. Preserve original event parameters, protagonist substitutions and page meaning. Exact Japanese match to our independent translation in translations/story-completion.json, completion.00a7db1c. No external patch text used.
completion.00a7f8dc	shared_repeats	マリーナ「なんだか　私も<LF><TAB>とても　幸せな気分ですわ。<LF><TAB>ウフフ。	"Marina: ""Somehow, I feel very happy, too. Hee hee."""	character.marina	Independent translation from the pinned Japanese GBA script. Preserve original event parameters, protagonist substitutions and page meaning. Exact Japanese match to our independent translation in translations/story-completion.json, completion.00a7db54. No external patch text used.
completion.00a7f91c	shared_repeats	マリーナ「その絵を　見た者を<LF><TAB>幸せな気持ちにする　おまじないも<LF><TAB>込められているんですって。	"Marina: ""I hear it's enchanted to make anyone who looks at it feel happy."""	character.marina	Independent translation from the pinned Japanese GBA script. Preserve original event parameters, protagonist substitutions and page meaning. Exact Japanese match to our independent translation in translations/story-completion.json, completion.00a7db94. No external patch text used.
completion.00a7f978	shared_repeats	マリーナ「なんでも　外国の有名な画家が<LF><TAB>お描きになったとかで　とても<LF><TAB>貴重な品　だそうですわ。	"Marina: ""They say a famous foreign artist painted it, and that it's very valuable."""	character.marina	Independent translation from the pinned Japanese GBA script. Preserve original event parameters, protagonist substitutions and page meaning. Exact Japanese match to our independent translation in translations/story-completion.json, completion.00a7dbf0. No external patch text used.
completion.00a7f9d8	shared_repeats	マリーナ「居間に　かざられた<LF><TAB>ご家族の絵。　とっても<LF><TAB>ステキですよね。	"Marina: ""Your family portrait in the living room is lovely, isn't it?"""	character.marina	Independent translation from the pinned Japanese GBA script. Preserve original event parameters, protagonist substitutions and page meaning. Exact Japanese match to our independent translation in translations/story-completion.json, completion.00a7dc50. No external patch text used.
completion.00a7fa20	shared_repeats	マリーナ「きっと　次に<LF><TAB>お帰りになる頃には　届いていますわ。<LF><TAB>楽しみですね。	"Marina: ""It should arrive by the time you return. How exciting!"""	character.marina	Independent translation from the pinned Japanese GBA script. Preserve original event parameters, protagonist substitutions and page meaning. Exact Japanese match to our independent translation in translations/story-completion.json, completion.00a7dc98. No external patch text used.
completion.00a7fa70	shared_repeats	マリーナ「トルネコさま　ご一家の<LF><TAB>記念になる品を　お考えだとか。	"Marina: ""They're choosing something to commemorate your family, Mr. Torneko."""	torneko,character.marina	Independent translation from the pinned Japanese GBA script. Preserve original event parameters, protagonist substitutions and page meaning. Exact Japanese match to our independent translation in translations/story-completion.json, completion.00a7dce8. No external patch text used.
completion.00a7fab4	shared_repeats	マリーナ「お店が　お客さまに<LF><TAB>大ひょうばんで　なんと　お城からも<LF><TAB>お祝いの品が　届くそうですわ。	"Marina: ""Your shop is so popular that even the castle is sending a gift to congratulate you!"""	character.marina	Independent translation from the pinned Japanese GBA script. Preserve original event parameters, protagonist substitutions and page meaning. Exact Japanese match to our independent translation in translations/story-completion.json, completion.00a7dd2c. No external patch text used.
completion.00a7fb18	shared_repeats	マリーナ「お祝いに　インテリアも<LF><TAB>新しくしましょうか？	"Marina: ""Shall we celebrate with some new furnishings?"""	character.marina	Independent translation from the pinned Japanese GBA script. Preserve original event parameters, protagonist substitutions and page meaning. Exact Japanese match to our independent translation in translations/story-completion.json, completion.00a7dd90. No external patch text used.
completion.00a7fb50	shared_repeats	マリーナ「トルネコさまのお店も<LF><TAB>ますます　順調で<LF><TAB>私も　とてもうれしいですわ。	"Marina: ""Your shop is doing better and better, Mr. Torneko. I'm so pleased."""	torneko,character.marina	Independent translation from the pinned Japanese GBA script. Preserve original event parameters, protagonist substitutions and page meaning. Exact Japanese match to our independent translation in translations/story-completion.json, completion.00a7ddc8. No external patch text used.
completion.00a7fba0	shared_repeats	マリーナ「トルネコさまや　ポポロさまが<LF><TAB>商品を仕入れて　今よりさらに<LF><TAB>お店がはんじょうすれば……	"Marina: ""If you and Tipper bring in stock and the shop prospers even more..."""	torneko,enemy_tipper,character.marina	Independent translation from the pinned Japanese GBA script. Preserve original event parameters, protagonist substitutions and page meaning. Exact Japanese match to our independent translation in translations/story-completion.json, completion.00a7de18. No external patch text used.
completion.00a7fc04	shared_repeats	マリーナ「新しい家具が　増えると<LF><TAB>とっても　楽しい気分に<LF><TAB>なりますよね。	"Marina: ""New furniture makes a home feel so cheerful, doesn't it?"""	character.marina	Independent translation from the pinned Japanese GBA script. Preserve original event parameters, protagonist substitutions and page meaning. Exact Japanese match to our independent translation in translations/story-completion.json, completion.00a7de7c. No external patch text used.
completion.00a7fc50	shared_repeats	マリーナ「次に　お帰りになる時までに<LF><TAB>私のほうで　取りよせておきますね。	"Marina: ""I'll have it ordered by the time you return."""	character.marina	Independent translation from the pinned Japanese GBA script. Preserve original event parameters, protagonist substitutions and page meaning. Exact Japanese match to our independent translation in translations/story-completion.json, completion.00a7dec8. No external patch text used.
completion.00a7fc9c	shared_repeats	マリーナ「そろそろ　新しいインテリアを<LF><TAB>そろえる時期かもしれませんわ。	"Marina: ""Perhaps it's time for some new furnishings."""	character.marina	Independent translation from the pinned Japanese GBA script. Preserve original event parameters, protagonist substitutions and page meaning. Exact Japanese match to our independent translation in translations/story-completion.json, completion.00a7df14. No external patch text used.
completion.00a7fce4	shared_repeats	マリーナ「トルネコさまのお店も<LF><TAB>商品が増えて　順調ですわね。	"Marina: ""Your shop has more goods and is doing well, Mr. Torneko."""	torneko,character.marina	Independent translation from the pinned Japanese GBA script. Preserve original event parameters, protagonist substitutions and page meaning. Exact Japanese match to our independent translation in translations/story-completion.json, completion.00a7df5c. No external patch text used.
completion.00a7fd24	shared_repeats	マリーナ「もっとステキな家具や<LF><TAB>調度品も　増やせますわ。<LF><TAB>楽しみですね。	"Marina: ""...we can add even lovelier furniture and decorations. How exciting!"""	character.marina	Independent translation from the pinned Japanese GBA script. Preserve original event parameters, protagonist substitutions and page meaning. Exact Japanese match to our independent translation in translations/story-completion.json, completion.00a7df9c. No external patch text used.
completion.00a7fd70	shared_repeats	マリーナ「トルネコさまや　ポポロさまが<LF><TAB>どんどん商品を　仕入れて<LF><TAB>お店がはんじょうすれば　きっと……	"Marina: ""If you and Tipper keep bringing in goods and the shop prospers, I'm sure..."""	torneko,enemy_tipper,character.marina	Independent translation from the pinned Japanese GBA script. Preserve original event parameters, protagonist substitutions and page meaning. Exact Japanese match to our independent translation in translations/story-completion.json, completion.00a7dfe8. No external patch text used.
completion.00a7fdd8	shared_repeats	マリーナ「でも　まだ　家具も<LF><TAB>あまり無くて　ちょっと<LF><TAB>さびしい気も　しますね。	"Marina: ""But there's still so little furniture. It feels rather empty."""	character.marina	Independent translation from the pinned Japanese GBA script. Preserve original event parameters, protagonist substitutions and page meaning. Exact Japanese match to our independent translation in translations/story-completion.json, completion.00a7e050. No external patch text used.
completion.00a7fe28	shared_repeats	マリーナ「いつも　奥さまが<LF><TAB>きれいに　片付けていらっしゃるから<LF><TAB>私の仕事は　ほとんどありませんわ。	"Marina: ""Your wife always keeps everything so tidy that I hardly have any work to do."""	character.marina	Independent translation from the pinned Japanese GBA script. Preserve original event parameters, protagonist substitutions and page meaning. Exact Japanese match to our independent translation in translations/story-completion.json, completion.00a7e0a0. No external patch text used.
completion.00a8003c	shared_repeats	やっぱり　自分の顔は<LF>父のトルネコより　母のネネに<LF>似てるなあと　思った……。	He thought his face really did resemble his mother Tessie's more than his father Torneko's...	torneko	Independent translation from the pinned Japanese GBA script. Preserve original event parameters, protagonist substitutions and page meaning. Exact Japanese match to our independent translation in translations/story-completion.json, completion.00a7e2b4. No external patch text used.
completion.00a8008c	shared_repeats	自分でも　ちょっぴり<LF>大人っぽくなった気がした。	He felt he looked a little more grown-up.		Independent translation from the pinned Japanese GBA script. Preserve original event parameters, protagonist substitutions and page meaning. Exact Japanese match to our independent translation in translations/story-completion.json, completion.00a7e304. No external patch text used.
completion.00a800bc	shared_repeats	長旅をした　おかげで<LF>ちょっぴり　やせた気がする。	He seemed to have lost a little weight on the long journey.		Independent translation from the pinned Japanese GBA script. Preserve original event parameters, protagonist substitutions and page meaning. Exact Japanese match to our independent translation in translations/story-completion.json, completion.00a7e334. No external patch text used.
completion.00a800f0	shared_repeats	なんとなく　シワがふえたような<LF>気がする……。	There seemed to be a few more wrinkles...		Independent translation from the pinned Japanese GBA script. Preserve original event parameters, protagonist substitutions and page meaning. Exact Japanese match to our independent translation in translations/story-completion.json, completion.00a7e368. No external patch text used.
completion.00a80120	shared_repeats	ほんの少し　くもっているのが気になり<LF>そでの先で　ふいた。	A small smudge caught his eye, so he wiped it away with his sleeve.		Independent translation from the pinned Japanese GBA script. Preserve original event parameters, protagonist substitutions and page meaning. Exact Japanese match to our independent translation in translations/story-completion.json, completion.00a7e398. No external patch text used.
completion.00a8015c	shared_repeats	長旅のせいか　ずいぶん<LF>日に焼けたようだ……。	The long journey seemed to have left him quite suntanned...		Independent translation from the pinned Japanese GBA script. Preserve original event parameters, protagonist substitutions and page meaning. Exact Japanese match to our independent translation in translations/story-completion.json, completion.00a7e3d4. No external patch text used.
completion.00a8018c	shared_repeats	カガミの手前に　ネネの化粧品が<LF>きれいに　並べられている。	Tessie's cosmetics are neatly arranged in front of the mirror.		Independent translation from the pinned Japanese GBA script. Preserve original event parameters, protagonist substitutions and page meaning. Exact Japanese match to our independent translation in translations/story-completion.json, completion.00a7e404. No external patch text used.
completion.00a801c8	shared_repeats	よく見ると　自分でも<LF>まんざらじゃない気がした。	On closer inspection, he decided he didn't look half bad.		Independent translation from the pinned Japanese GBA script. Preserve original event parameters, protagonist substitutions and page meaning. Exact Japanese match to our independent translation in translations/story-completion.json, completion.00a7e440. No external patch text used.
completion.00a801f8	shared_repeats	いつもより　顔色が<LF>悪い気がする……。	He seemed to look paler than usual...		Independent translation from the pinned Japanese GBA script. Preserve original event parameters, protagonist substitutions and page meaning. Exact Japanese match to our independent translation in translations/story-completion.json, completion.00a7e470. No external patch text used.
completion.00a80220	shared_repeats	きれいに　そうじされた<LF>室内が　映っている。	The spotless room is reflected in the mirror.		Independent translation from the pinned Japanese GBA script. Preserve original event parameters, protagonist substitutions and page meaning. Exact Japanese match to our independent translation in translations/story-completion.json, completion.00a7e498. No external patch text used.
completion.00a8024c	shared_repeats	$tは　カガミを見た。	$t looked in the mirror.	torneko,enemy_tipper	Independent translation from the pinned Japanese GBA script. Preserve original event parameters, protagonist substitutions and page meaning. Exact Japanese match to our independent translation in translations/story-completion.json, completion.00a7e4c4. No external patch text used.
completion.00a80c80	shared_repeats	ネネ「これからは　あなたも<LF><TAB>お父さんのチカラに　なれるわね。	"Tessie: ""Now you'll be able to help your father, too."""		Independent translation from the pinned Japanese GBA script. Preserve original event parameters, protagonist substitutions and page meaning. Exact Japanese match to our independent translation in translations/story-completion.json, completion.00a7d170. No external patch text used.
completion.00a80cc0	shared_repeats	ネネ「ポポロ　あなたが　ここまで<LF><TAB>ひとりで　旅してくるなんて　本当に<LF><TAB>びっくりしたけど……	"Tessie: ""Tipper, I'm amazed you traveled all this way on your own, but..."""	enemy_tipper	Independent translation from the pinned Japanese GBA script. Preserve original event parameters, protagonist substitutions and page meaning. Exact Japanese match to our independent translation in translations/story-completion.json, completion.00a7d1b0. No external patch text used.
completion.00a80d1c	shared_repeats	ネネ「自分のチカラで　なんとかして<LF><TAB>この国を　助けられないかって<LF><TAB>思っているのでしょうね。	"Tessie: ""He must be wondering if there's anything he can do to save this kingdom."""		Independent translation from the pinned Japanese GBA script. Preserve original event parameters, protagonist substitutions and page meaning. Exact Japanese match to our independent translation in translations/story-completion.json, completion.00a7d20c. No external patch text used.
completion.00a80d78	shared_repeats	ネネ「ゴホゴホ……！　あ　そうだわ<LF><TAB>お父さんは　今　お城へ<LF><TAB>王さまに　会いに行ってるの。	"Tessie: ""Cough, cough! Oh, that's right. Your father has gone to the castle to see the king."""	role.king	Independent translation from the pinned Japanese GBA script. Preserve original event parameters, protagonist substitutions and page meaning. Exact Japanese match to our independent translation in translations/story-completion.json, completion.00a7d268. No external patch text used.
completion.00a80dd4	shared_repeats	ネネ「でも　よかったわ。<LF><TAB>こうして　元気なポポロと<LF><TAB>会えただけでも……。	"Tessie: ""But I'm so glad... Just to see you safe and well, Tipper..."""	enemy_tipper	Independent translation from the pinned Japanese GBA script. Preserve original event parameters, protagonist substitutions and page meaning. Exact Japanese match to our independent translation in translations/story-completion.json, completion.00a7d2c4. No external patch text used.
completion.00a80e20	shared_repeats	ネネ「あなたのことも　とっても<LF><TAB>心配だったのよ！	"Tessie: ""I was terribly worried about you, too!"""		Independent translation from the pinned Japanese GBA script. Preserve original event parameters, protagonist substitutions and page meaning. Exact Japanese match to our independent translation in translations/story-completion.json, completion.00a7d310. No external patch text used.
completion.00a80e54	shared_repeats	ネネ「この町に来て　お店を開いてから<LF><TAB>すぐに　邪悪なキリが　この国を<LF><TAB>おそってきて……	"Tessie: ""Soon after we came here and opened the shop, that evil mist swept over the kingdom..."""		Independent translation from the pinned Japanese GBA script. Preserve original event parameters, protagonist substitutions and page meaning. Exact Japanese match to our independent translation in translations/story-completion.json, completion.00a7d344. No external patch text used.
completion.00a80eac	shared_repeats	ネネ「ああ　よかった……<LF><TAB>無事だったのね！	"Tessie: ""Oh, thank goodness... You're safe!"""		Independent translation from the pinned Japanese GBA script. Preserve original event parameters, protagonist substitutions and page meaning. Exact Japanese match to our independent translation in translations/story-completion.json, completion.00a7d39c. No external patch text used.
completion.00a80ed8	shared_repeats	ネネ「まあっ！　ポポロ！<LF><TAB>ポポロなのね！	"Tessie: ""Oh! Tipper! It really is you!"""	enemy_tipper	Independent translation from the pinned Japanese GBA script. Preserve original event parameters, protagonist substitutions and page meaning. Exact Japanese match to our independent translation in translations/story-completion.json, completion.00a7d3c8. No external patch text used.
completion.00a81024	shared_repeats	ネネ「ゴホゴホ……！　ポポロだって<LF><TAB>信じてるんでしょう？　きっと<LF><TAB>お父さんを　助けられるって。	"Tessie: ""Cough, cough! You believe it too, don't you, Tipper? That you can save your father."""	enemy_tipper	Independent translation from the pinned Japanese GBA script. Preserve original event parameters, protagonist substitutions and page meaning. Exact Japanese match to our independent translation in translations/story-completion.json, completion.00a7d514. No external patch text used.
completion.00a81084	shared_repeats	ネネ「お母さんも　ポポロを信じるわ。<LF><TAB>お父さんだって　きっと<LF><TAB>あなたを　待ってるはず。	"Tessie: ""I believe in you, Tipper. Your father must be waiting for you, too."""	enemy_tipper	Independent translation from the pinned Japanese GBA script. Preserve original event parameters, protagonist substitutions and page meaning. Exact Japanese match to our independent translation in translations/story-completion.json, completion.00a7d574. No external patch text used.
completion.00a810dc	shared_repeats	ネネ「でも……　でも　ポポロだって<LF><TAB>信じてるんでしょう？　きっと<LF><TAB>お父さんを　助けられるって。	"Tessie: ""But... But you believe it too, don't you, Tipper? That you can save your father."""	enemy_tipper	Independent translation from the pinned Japanese GBA script. Preserve original event parameters, protagonist substitutions and page meaning. Exact Japanese match to our independent translation in translations/story-completion.json, completion.00a7d5cc. No external patch text used.
completion.00a8113c	shared_repeats	ネネ「えっ？　お父さんが！？<LF><TAB>まあ　なんてこと……！	"Tessie: ""What? Your father?! Oh, how terrible...!"""		Independent translation from the pinned Japanese GBA script. Preserve original event parameters, protagonist substitutions and page meaning. Exact Japanese match to our independent translation in translations/story-completion.json, completion.00a7d62c. No external patch text used.
completion.00a81174	shared_repeats	ネネ「あら　ポポロ　どうしたの？<LF><TAB>そんな　悲しそうな顔をして……。	"Tessie: ""Oh, Tipper, what's wrong? You look so sad..."""	enemy_tipper	Independent translation from the pinned Japanese GBA script. Preserve original event parameters, protagonist substitutions and page meaning. Exact Japanese match to our independent translation in translations/story-completion.json, completion.00a7d664. No external patch text used.
completion.00a811b8	shared_repeats	ネネ「おはよう　あなた。<LF><TAB>行かなきゃいけないの　分かってるから<LF><TAB>止めないけど…　どうか　気をつけて。	"Tessie: ""Good morning, darling. I know you must go, so I won't stop you... But please be careful."""		Independent translation from the pinned Japanese GBA script. Preserve original event parameters, protagonist substitutions and page meaning. Exact Japanese match to our independent translation in translations/story-completion.json, completion.00a7d6a8. No external patch text used.
completion.00a81220	shared_repeats	ネネ「じゃあ　お休みなさい……。	"Tessie: ""Well then, good night..."""		Independent translation from the pinned Japanese GBA script. Preserve original event parameters, protagonist substitutions and page meaning. Exact Japanese match to our independent translation in translations/story-completion.json, completion.00a7d710. No external patch text used.
completion.00a81244	shared_repeats	ネネ「そう？　休みたくなったら<LF><TAB>私に　言ってね。<LF><TAB>ゴホゴホ……！	"Tessie: ""Really? Tell me when you'd like to rest. Cough, cough!"""		Independent translation from the pinned Japanese GBA script. Preserve original event parameters, protagonist substitutions and page meaning. Exact Japanese match to our independent translation in translations/story-completion.json, completion.00a7d734. No external patch text used.
completion.00a81288	shared_repeats	ネネ「あなたこそ　つかれたでしょう？<LF><TAB>今日は　ここで　休む？	"Tessie: ""You must be tired yourself. Will you rest here today?"""		Independent translation from the pinned Japanese GBA script. Preserve original event parameters, protagonist substitutions and page meaning. Exact Japanese match to our independent translation in translations/story-completion.json, completion.00a7d778. No external patch text used.
completion.00a812c8	shared_repeats	ネネ「あなた　お帰りなさい。<LF><TAB>ゴホゴホ……！<LF><TAB>私なら　大丈夫よ。	"Tessie: ""Welcome home, darling. Cough, cough! Don't worry about me."""		Independent translation from the pinned Japanese GBA script. Preserve original event parameters, protagonist substitutions and page meaning. Exact Japanese match to our independent translation in translations/story-completion.json, completion.00a7d7b8. No external patch text used.
completion.00a815cc	shared_repeats	マリーナ「必要な家具も　すべて<LF><TAB>そろったし　あとは　毎日の<LF><TAB>おそうじ……。がんばらなくっちゃ。	"Marina: ""We have all the furniture we need. Now for the daily cleaning... I must do my best!"""	character.marina	Independent translation from the pinned Japanese GBA script. Preserve original event parameters, protagonist substitutions and page meaning. Exact Japanese match to our independent translation in translations/story-completion.json, completion.00a7dabc. No external patch text used.
completion.00a8162c	shared_repeats	マリーナ「なんだか　私も<LF><TAB>とても　幸せな気分ですわ。	"Marina: ""Somehow, I feel very happy, too."""	character.marina	Independent translation from the pinned Japanese GBA script. Preserve original event parameters, protagonist substitutions and page meaning. Exact Japanese match to our independent translation in translations/story-completion.json, completion.00a7db1c. No external patch text used.
completion.00a81664	shared_repeats	マリーナ「なんだか　私も<LF><TAB>とても　幸せな気分ですわ。<LF><TAB>ウフフ。	"Marina: ""Somehow, I feel very happy, too. Hee hee."""	character.marina	Independent translation from the pinned Japanese GBA script. Preserve original event parameters, protagonist substitutions and page meaning. Exact Japanese match to our independent translation in translations/story-completion.json, completion.00a7db54. No external patch text used.
completion.00a816a4	shared_repeats	マリーナ「その絵を　見た者を<LF><TAB>幸せな気持ちにする　おまじないも<LF><TAB>込められているんですって。	"Marina: ""I hear it's enchanted to make anyone who looks at it feel happy."""	character.marina	Independent translation from the pinned Japanese GBA script. Preserve original event parameters, protagonist substitutions and page meaning. Exact Japanese match to our independent translation in translations/story-completion.json, completion.00a7db94. No external patch text used.
completion.00a81700	shared_repeats	マリーナ「なんでも　外国の有名な画家が<LF><TAB>お描きになったとかで　とても<LF><TAB>貴重な品　だそうですわ。	"Marina: ""They say a famous foreign artist painted it, and that it's very valuable."""	character.marina	Independent translation from the pinned Japanese GBA script. Preserve original event parameters, protagonist substitutions and page meaning. Exact Japanese match to our independent translation in translations/story-completion.json, completion.00a7dbf0. No external patch text used.
completion.00a81760	shared_repeats	マリーナ「居間に　かざられた<LF><TAB>ご家族の絵。　とっても<LF><TAB>ステキですよね。	"Marina: ""Your family portrait in the living room is lovely, isn't it?"""	character.marina	Independent translation from the pinned Japanese GBA script. Preserve original event parameters, protagonist substitutions and page meaning. Exact Japanese match to our independent translation in translations/story-completion.json, completion.00a7dc50. No external patch text used.
completion.00a817a8	shared_repeats	マリーナ「きっと　次に<LF><TAB>お帰りになる頃には　届いていますわ。<LF><TAB>楽しみですね。	"Marina: ""It should arrive by the time you return. How exciting!"""	character.marina	Independent translation from the pinned Japanese GBA script. Preserve original event parameters, protagonist substitutions and page meaning. Exact Japanese match to our independent translation in translations/story-completion.json, completion.00a7dc98. No external patch text used.
completion.00a817f8	shared_repeats	マリーナ「トルネコさま　ご一家の<LF><TAB>記念になる品を　お考えだとか。	"Marina: ""They're choosing something to commemorate your family, Mr. Torneko."""	torneko,character.marina	Independent translation from the pinned Japanese GBA script. Preserve original event parameters, protagonist substitutions and page meaning. Exact Japanese match to our independent translation in translations/story-completion.json, completion.00a7dce8. No external patch text used.
completion.00a8183c	shared_repeats	マリーナ「お店が　お客さまに<LF><TAB>大ひょうばんで　なんと　お城からも<LF><TAB>お祝いの品が　届くそうですわ。	"Marina: ""Your shop is so popular that even the castle is sending a gift to congratulate you!"""	character.marina	Independent translation from the pinned Japanese GBA script. Preserve original event parameters, protagonist substitutions and page meaning. Exact Japanese match to our independent translation in translations/story-completion.json, completion.00a7dd2c. No external patch text used.
completion.00a818a0	shared_repeats	マリーナ「お祝いに　インテリアも<LF><TAB>新しくしましょうか？	"Marina: ""Shall we celebrate with some new furnishings?"""	character.marina	Independent translation from the pinned Japanese GBA script. Preserve original event parameters, protagonist substitutions and page meaning. Exact Japanese match to our independent translation in translations/story-completion.json, completion.00a7dd90. No external patch text used.
completion.00a818d8	shared_repeats	マリーナ「トルネコさまのお店も<LF><TAB>ますます　順調で<LF><TAB>私も　とてもうれしいですわ。	"Marina: ""Your shop is doing better and better, Mr. Torneko. I'm so pleased."""	torneko,character.marina	Independent translation from the pinned Japanese GBA script. Preserve original event parameters, protagonist substitutions and page meaning. Exact Japanese match to our independent translation in translations/story-completion.json, completion.00a7ddc8. No external patch text used.
completion.00a81928	shared_repeats	マリーナ「トルネコさまや　ポポロさまが<LF><TAB>商品を仕入れて　今よりさらに<LF><TAB>お店がはんじょうすれば……	"Marina: ""If you and Tipper bring in stock and the shop prospers even more..."""	torneko,enemy_tipper,character.marina	Independent translation from the pinned Japanese GBA script. Preserve original event parameters, protagonist substitutions and page meaning. Exact Japanese match to our independent translation in translations/story-completion.json, completion.00a7de18. No external patch text used.
completion.00a8198c	shared_repeats	マリーナ「新しい家具が　増えると<LF><TAB>とっても　楽しい気分に<LF><TAB>なりますよね。	"Marina: ""New furniture makes a home feel so cheerful, doesn't it?"""	character.marina	Independent translation from the pinned Japanese GBA script. Preserve original event parameters, protagonist substitutions and page meaning. Exact Japanese match to our independent translation in translations/story-completion.json, completion.00a7de7c. No external patch text used.
completion.00a819d8	shared_repeats	マリーナ「次に　お帰りになる時までに<LF><TAB>私のほうで　取りよせておきますね。	"Marina: ""I'll have it ordered by the time you return."""	character.marina	Independent translation from the pinned Japanese GBA script. Preserve original event parameters, protagonist substitutions and page meaning. Exact Japanese match to our independent translation in translations/story-completion.json, completion.00a7dec8. No external patch text used.
completion.00a81a24	shared_repeats	マリーナ「そろそろ　新しいインテリアを<LF><TAB>そろえる時期かもしれませんわ。	"Marina: ""Perhaps it's time for some new furnishings."""	character.marina	Independent translation from the pinned Japanese GBA script. Preserve original event parameters, protagonist substitutions and page meaning. Exact Japanese match to our independent translation in translations/story-completion.json, completion.00a7df14. No external patch text used.
completion.00a81a6c	shared_repeats	マリーナ「トルネコさまのお店も<LF><TAB>商品が増えて　順調ですわね。	"Marina: ""Your shop has more goods and is doing well, Mr. Torneko."""	torneko,character.marina	Independent translation from the pinned Japanese GBA script. Preserve original event parameters, protagonist substitutions and page meaning. Exact Japanese match to our independent translation in translations/story-completion.json, completion.00a7df5c. No external patch text used.
completion.00a81aac	shared_repeats	マリーナ「もっとステキな家具や<LF><TAB>調度品も　増やせますわ。<LF><TAB>楽しみですね。	"Marina: ""...we can add even lovelier furniture and decorations. How exciting!"""	character.marina	Independent translation from the pinned Japanese GBA script. Preserve original event parameters, protagonist substitutions and page meaning. Exact Japanese match to our independent translation in translations/story-completion.json, completion.00a7df9c. No external patch text used.
completion.00a81af8	shared_repeats	マリーナ「トルネコさまや　ポポロさまが<LF><TAB>どんどん商品を　仕入れて<LF><TAB>お店がはんじょうすれば　きっと……	"Marina: ""If you and Tipper keep bringing in goods and the shop prospers, I'm sure..."""	torneko,enemy_tipper,character.marina	Independent translation from the pinned Japanese GBA script. Preserve original event parameters, protagonist substitutions and page meaning. Exact Japanese match to our independent translation in translations/story-completion.json, completion.00a7dfe8. No external patch text used.
completion.00a81b60	shared_repeats	マリーナ「でも　まだ　家具も<LF><TAB>あまり無くて　ちょっと<LF><TAB>さびしい気も　しますね。	"Marina: ""But there's still so little furniture. It feels rather empty."""	character.marina	Independent translation from the pinned Japanese GBA script. Preserve original event parameters, protagonist substitutions and page meaning. Exact Japanese match to our independent translation in translations/story-completion.json, completion.00a7e050. No external patch text used.
completion.00a81bb0	shared_repeats	マリーナ「いつも　奥さまが<LF><TAB>きれいに　片付けていらっしゃるから<LF><TAB>私の仕事は　ほとんどありませんわ。	"Marina: ""Your wife always keeps everything so tidy that I hardly have any work to do."""	character.marina	Independent translation from the pinned Japanese GBA script. Preserve original event parameters, protagonist substitutions and page meaning. Exact Japanese match to our independent translation in translations/story-completion.json, completion.00a7e0a0. No external patch text used.
completion.00a81dc4	shared_repeats	やっぱり　自分の顔は<LF>父のトルネコより　母のネネに<LF>似てるなあと　思った……。	He thought his face really did resemble his mother Tessie's more than his father Torneko's...	torneko	Independent translation from the pinned Japanese GBA script. Preserve original event parameters, protagonist substitutions and page meaning. Exact Japanese match to our independent translation in translations/story-completion.json, completion.00a7e2b4. No external patch text used.
completion.00a81e14	shared_repeats	自分でも　ちょっぴり<LF>大人っぽくなった気がした。	He felt he looked a little more grown-up.		Independent translation from the pinned Japanese GBA script. Preserve original event parameters, protagonist substitutions and page meaning. Exact Japanese match to our independent translation in translations/story-completion.json, completion.00a7e304. No external patch text used.
completion.00a81e44	shared_repeats	長旅をした　おかげで<LF>ちょっぴり　やせた気がする。	He seemed to have lost a little weight on the long journey.		Independent translation from the pinned Japanese GBA script. Preserve original event parameters, protagonist substitutions and page meaning. Exact Japanese match to our independent translation in translations/story-completion.json, completion.00a7e334. No external patch text used.
completion.00a81e78	shared_repeats	なんとなく　シワがふえたような<LF>気がする……。	There seemed to be a few more wrinkles...		Independent translation from the pinned Japanese GBA script. Preserve original event parameters, protagonist substitutions and page meaning. Exact Japanese match to our independent translation in translations/story-completion.json, completion.00a7e368. No external patch text used.
completion.00a81ea8	shared_repeats	ほんの少し　くもっているのが気になり<LF>そでの先で　ふいた。	A small smudge caught his eye, so he wiped it away with his sleeve.		Independent translation from the pinned Japanese GBA script. Preserve original event parameters, protagonist substitutions and page meaning. Exact Japanese match to our independent translation in translations/story-completion.json, completion.00a7e398. No external patch text used.
completion.00a81ee4	shared_repeats	長旅のせいか　ずいぶん<LF>日に焼けたようだ……。	The long journey seemed to have left him quite suntanned...		Independent translation from the pinned Japanese GBA script. Preserve original event parameters, protagonist substitutions and page meaning. Exact Japanese match to our independent translation in translations/story-completion.json, completion.00a7e3d4. No external patch text used.
completion.00a81f14	shared_repeats	カガミの手前に　ネネの化粧品が<LF>きれいに　並べられている。	Tessie's cosmetics are neatly arranged in front of the mirror.		Independent translation from the pinned Japanese GBA script. Preserve original event parameters, protagonist substitutions and page meaning. Exact Japanese match to our independent translation in translations/story-completion.json, completion.00a7e404. No external patch text used.
completion.00a81f50	shared_repeats	よく見ると　自分でも<LF>まんざらじゃない気がした。	On closer inspection, he decided he didn't look half bad.		Independent translation from the pinned Japanese GBA script. Preserve original event parameters, protagonist substitutions and page meaning. Exact Japanese match to our independent translation in translations/story-completion.json, completion.00a7e440. No external patch text used.
completion.00a81f80	shared_repeats	いつもより　顔色が<LF>悪い気がする……。	He seemed to look paler than usual...		Independent translation from the pinned Japanese GBA script. Preserve original event parameters, protagonist substitutions and page meaning. Exact Japanese match to our independent translation in translations/story-completion.json, completion.00a7e470. No external patch text used.
completion.00a81fa8	shared_repeats	きれいに　そうじされた<LF>室内が　映っている。	The spotless room is reflected in the mirror.		Independent translation from the pinned Japanese GBA script. Preserve original event parameters, protagonist substitutions and page meaning. Exact Japanese match to our independent translation in translations/story-completion.json, completion.00a7e498. No external patch text used.
completion.00a81fd4	shared_repeats	$tは　カガミを見た。	$t looked in the mirror.	torneko,enemy_tipper	Independent translation from the pinned Japanese GBA script. Preserve original event parameters, protagonist substitutions and page meaning. Exact Japanese match to our independent translation in translations/story-completion.json, completion.00a7e4c4. No external patch text used.
completion.00a83528	shared_repeats	マリーナ「いつ　ポポロさまが<LF><TAB>いらっしゃっても　大丈夫なように<LF><TAB>お部屋をととのえていたんです。	"Marina: ""I've kept the room ready so Master Tipper could arrive at any time."""	enemy_tipper,character.marina	Independent translation from the pinned Japanese GBA script. Preserve original event parameters, protagonist substitutions and page meaning. Exact Japanese match to our independent translation in translations/story-completion.json, completion.00a828a8. No external patch text used.
completion.00a83588	shared_repeats	マリーナ「まあ！<LF><TAB>ポポロぼっちゃまですね！？<LF><TAB>よくぞ　ご無事で……。	"Marina: ""Oh! Master Tipper, is that you?! I'm so glad you're safe..."""	enemy_tipper,character.marina	Independent translation from the pinned Japanese GBA script. Preserve original event parameters, protagonist substitutions and page meaning. Exact Japanese match to our independent translation in translations/story-completion.json, completion.00a82908. No external patch text used.
completion.00a83620	shared_repeats	$tは　自分のベッドで<LF>休むことにした。	$t decided to rest in his own bed.	torneko,enemy_tipper	Independent translation from the pinned Japanese GBA script. Preserve original event parameters, protagonist substitutions and page meaning. Exact Japanese match to our independent translation in translations/story-completion.json, completion.00a829a0. No external patch text used.
completion.00a83648	shared_repeats	ポポロのベッドだ。<LF>ここで　休ませてもらいますか？	It's Tipper's bed.<LF>Rest here?	enemy_tipper	Independent translation from the pinned Japanese GBA script. Preserve original event parameters, protagonist substitutions and page meaning. Exact Japanese match to our independent translation in translations/story-completion.json, completion.00a829c8. No external patch text used.
completion.00a8369c	shared_repeats	マリーナ「トルネコさまや　ポポロさまに<LF><TAB>おつかえできるなんて　私<LF><TAB>ほこりに　思っているんです。	"Marina: ""I'm proud to serve you and Tipper, Mr. Torneko."""	torneko,enemy_tipper,character.marina	Independent translation from the pinned Japanese GBA script. Preserve original event parameters, protagonist substitutions and page meaning. Exact Japanese match to our independent translation in translations/story-completion.json, completion.00a82a1c. No external patch text used.
completion.00a8376c	shared_repeats	ポポロの　ベッドだ。<LF>$tが　休むには　少し<LF>小さいようだ……。	It's Tipper's bed.<LF>It seems a little too small for $t to rest in...	enemy_tipper,torneko	Independent translation from the pinned Japanese GBA script. Preserve original event parameters, protagonist substitutions and page meaning. Exact Japanese match to our independent translation in translations/story-completion.json, completion.00a82aec. No external patch text used.
completion.00a8383c	shared_repeats	新品の　美しい額に　入れられて<LF>なにやら　名画のような<LF>ふんいきを　かもしだしている……。	The beautiful new frame gives it the air of a masterpiece...		Independent translation from the pinned Japanese GBA script. Preserve original event parameters, protagonist substitutions and page meaning. Exact Japanese match to our independent translation in translations/story-completion.json, completion.00a82bbc. No external patch text used.
completion.00a83898	shared_repeats	この絵は　以前　ネネが<LF>知り合いの画家に<LF>描いてもらったものらしい。	Apparently, Tessie had an artist she knew paint this picture some time ago.		Independent translation from the pinned Japanese GBA script. Preserve original event parameters, protagonist substitutions and page meaning. Exact Japanese match to our independent translation in translations/story-completion.json, completion.00a82c18. No external patch text used.
completion.00a841a8	shared_repeats	マリーナ「いつ　ポポロさまが<LF><TAB>いらっしゃっても　大丈夫なように<LF><TAB>お部屋をととのえていたんです。	"Marina: ""I've kept the room ready so Master Tipper could arrive at any time."""	enemy_tipper,character.marina	Independent translation from the pinned Japanese GBA script. Preserve original event parameters, protagonist substitutions and page meaning. Exact Japanese match to our independent translation in translations/story-completion.json, completion.00a828a8. No external patch text used.
completion.00a84208	shared_repeats	マリーナ「まあ！<LF><TAB>ポポロぼっちゃまですね！？<LF><TAB>よくぞ　ご無事で……。	"Marina: ""Oh! Master Tipper, is that you?! I'm so glad you're safe..."""	enemy_tipper,character.marina	Independent translation from the pinned Japanese GBA script. Preserve original event parameters, protagonist substitutions and page meaning. Exact Japanese match to our independent translation in translations/story-completion.json, completion.00a82908. No external patch text used.
completion.00a842a0	shared_repeats	$tは　自分のベッドで<LF>休むことにした。	$t decided to rest in his own bed.	torneko,enemy_tipper	Independent translation from the pinned Japanese GBA script. Preserve original event parameters, protagonist substitutions and page meaning. Exact Japanese match to our independent translation in translations/story-completion.json, completion.00a829a0. No external patch text used.
completion.00a842c8	shared_repeats	ポポロのベッドだ。<LF>ここで　休ませてもらいますか？	It's Tipper's bed.<LF>Rest here?	enemy_tipper	Independent translation from the pinned Japanese GBA script. Preserve original event parameters, protagonist substitutions and page meaning. Exact Japanese match to our independent translation in translations/story-completion.json, completion.00a829c8. No external patch text used.
completion.00a8431c	shared_repeats	マリーナ「トルネコさまや　ポポロさまに<LF><TAB>おつかえできるなんて　私<LF><TAB>ほこりに　思っているんです。	"Marina: ""I'm proud to serve you and Tipper, Mr. Torneko."""	torneko,enemy_tipper,character.marina	Independent translation from the pinned Japanese GBA script. Preserve original event parameters, protagonist substitutions and page meaning. Exact Japanese match to our independent translation in translations/story-completion.json, completion.00a82a1c. No external patch text used.
completion.00a843ec	shared_repeats	ポポロの　ベッドだ。<LF>$tが　休むには　少し<LF>小さいようだ……。	It's Tipper's bed.<LF>It seems a little too small for $t to rest in...	enemy_tipper,torneko	Independent translation from the pinned Japanese GBA script. Preserve original event parameters, protagonist substitutions and page meaning. Exact Japanese match to our independent translation in translations/story-completion.json, completion.00a82aec. No external patch text used.
completion.00a844bc	shared_repeats	新品の　美しい額に　入れられて<LF>なにやら　名画のような<LF>ふんいきを　かもしだしている……。	The beautiful new frame gives it the air of a masterpiece...		Independent translation from the pinned Japanese GBA script. Preserve original event parameters, protagonist substitutions and page meaning. Exact Japanese match to our independent translation in translations/story-completion.json, completion.00a82bbc. No external patch text used.
completion.00a84518	shared_repeats	この絵は　以前　ネネが<LF>知り合いの画家に<LF>描いてもらったものらしい。	Apparently, Tessie had an artist she knew paint this picture some time ago.		Independent translation from the pinned Japanese GBA script. Preserve original event parameters, protagonist substitutions and page meaning. Exact Japanese match to our independent translation in translations/story-completion.json, completion.00a82c18. No external patch text used.
completion.00ab0bc0	fortune_teller	しかし　看板は　かなり　古びていて<LF>文字も　消えそうだ。	But the sign is very old, and the writing has almost faded away.		Independent translation from the pinned Japanese GBA script. Preserve original event parameters, protagonist substitutions and page meaning. 
completion.00ab0bf8	fortune_teller	“占い　やります”	'Fortunes told here'		Independent translation from the pinned Japanese GBA script. Preserve original event parameters, protagonist substitutions and page meaning. 
completion.00ab0d58	fortune_teller	占いババは　ルーラを　となえた！	The fortune-teller cast Zoom!	series_zoom,role.fortune_teller	Independent translation from the pinned Japanese GBA script. Preserve original event parameters, protagonist substitutions and page meaning. 
completion.00ab0d7c	fortune_teller	占いババ「わしゃ　年よりだから<LF><TAB>歩いて　城まで行くのは　無理じゃ。<LF><TAB>あんたの　旅の記憶を　かりるよ。	"Fortune-teller: ""I'm too old to walk to the castle. I'll borrow your memories of the journey."""	role.fortune_teller	Independent translation from the pinned Japanese GBA script. Preserve original event parameters, protagonist substitutions and page meaning. 
completion.00ab91e8	fortune_teller	“人間の食べものも　けっこう<LF>おいしいもんだっコロ。　”	'Human food is pretty tasty too, koro.'		Independent translation from the pinned Japanese GBA script. Preserve original event parameters, protagonist substitutions and page meaning. Diary retains Koroppi's speech tic as an explicit project voice choice.
completion.00ab9220	fortune_teller	“×月×日　はれ<LF>今日は　ばあちゃんが　ホカホカの<LF>シナモンあげパンを　食べさせてくれた。	'Date: ??/??. Sunny.<LF>Today, Granny gave me warm cinnamon fried bread.'	bread	Independent translation from the pinned Japanese GBA script. Preserve original event parameters, protagonist substitutions and page meaning. Food in a diary, not a newly named inventory item; unknown day/month preserved.
completion.00ab927c	fortune_teller	$tは　日記を<LF>本の間に　もどした。	$t put the diary back between the books.	torneko,enemy_tipper	Independent translation from the pinned Japanese GBA script. Preserve original event parameters, protagonist substitutions and page meaning. 
completion.00ab92a0	fortune_teller	厚い本の間に　なにやら日記のような<LF>ノートが　はさまっている……。<LF>読んでみますか？	A notebook that looks like a diary is tucked between thick books...<LF>Read it?		Independent translation from the pinned Japanese GBA script. Preserve original event parameters, protagonist substitutions and page meaning. 
completion.00ab930c	fortune_teller	むずかしそうな本が<LF>ぎっしりと　並べられている。	The shelves are packed with difficult-looking books.		Independent translation from the pinned Japanese GBA script. Preserve original event parameters, protagonist substitutions and page meaning. 
completion.00ab94c4	fortune_teller	どうやら　話したくないようだ……。	He doesn't seem to want to talk...		Independent translation from the pinned Japanese GBA script. Preserve original event parameters, protagonist substitutions and page meaning. Koroppi's silent response; not an assertion about his species.
completion.00ab96fc	fortune_teller	ロサ「ささ　早く　２階へ行って<LF><TAB>休もうぜ。　オイラ　くたくただよ。	"Rosa: ""Come on, let's go upstairs and rest. I'm worn out!"""	enemy_rosa	Independent translation from the pinned Japanese GBA script. Preserve original event parameters, protagonist substitutions and page meaning. 
completion.00ab9740	fortune_teller	ロサ「ま　とりあえず　王妃の薬は<LF><TAB>作ってくれそうじゃん。　息子さんも<LF><TAB>なんとかなりそうだし。	"Rosa: ""Well, she'll make the queen's medicine, at least. Your son might be all right, too."""	enemy_rosa,role.queen	Independent translation from the pinned Japanese GBA script. Preserve original event parameters, protagonist substitutions and page meaning. 
completion.00ab97a0	fortune_teller	ロサ「……なんだか　うさんくさい<LF><TAB>バアさんだな。　うちの村が　変とか<LF><TAB>どうとかって……。	"Rosa: ""...What a suspicious old woman. Saying there's something odd about our village..."""	enemy_rosa	Independent translation from the pinned Japanese GBA script. Preserve original event parameters, protagonist substitutions and page meaning. 
completion.00ab97fc	fortune_teller	イネス「さあ　２階へ行って<LF><TAB>休ませてもらいましょうよ。	"Ines: ""Come on, let's go upstairs and get some rest."""	enemy_ines	Independent translation from the pinned Japanese GBA script. Preserve original event parameters, protagonist substitutions and page meaning. 
completion.00ab9834	fortune_teller	イネス「ともかく　王妃さまの薬のことは<LF><TAB>よかったですわ。　ポポロさんも<LF><TAB>助かるように　祈りましょうね。	"Ines: ""At least the queen's medicine is settled. Let's pray that Tipper can be helped, too."""	enemy_ines,enemy_tipper,role.queen	Independent translation from the pinned Japanese GBA script. Preserve original event parameters, protagonist substitutions and page meaning. 
completion.00ab989c	fortune_teller	イネス「私も　村の昔のことは<LF><TAB>よくわからないんだけど……<LF><TAB>記憶も　ぼんやりしてるし。	"Ines: ""I don't know much about our village's past myself... My memories are hazy, too."""	enemy_ines	Independent translation from the pinned Japanese GBA script. Preserve original event parameters, protagonist substitutions and page meaning. 
completion.00ab98f4	fortune_teller	イネス「うちの村が　どうかしたのかしら？<LF><TAB>おばあさん　なにか<LF><TAB>知ってるみたいだったけど……。	"Ines: ""Is something wrong with our village? The old woman seemed to know something..."""	enemy_ines	Independent translation from the pinned Japanese GBA script. Preserve original event parameters, protagonist substitutions and page meaning. 
completion.00ab9954	fortune_teller	占いババ「さあ　忙しくなるよ。<LF><TAB>コロッピや　手伝っとくれ。	"Fortune-teller: ""Well, we'll be busy now. Koroppi, come and help me."""	role.fortune_teller,character.koroppi	Independent translation from the pinned Japanese GBA script. Preserve original event parameters, protagonist substitutions and page meaning. 
completion.00ab9990	fortune_teller	占いババ「トルネコさんは<LF><TAB>２階のベッドで　休んでおくれ。<LF><TAB>明日は　早いうちに　出発するからさ。	"Fortune-teller: ""Torneko, rest in the bed upstairs. We'll leave early tomorrow."""	torneko,role.fortune_teller	Independent translation from the pinned Japanese GBA script. Preserve original event parameters, protagonist substitutions and page meaning. 
completion.00ab99f0	fortune_teller	占いババ「ともかく　今夜は　王妃の薬を<LF><TAB>調合しなきゃいけないし　息子さんにも<LF><TAB>なにか薬を　用意しなきゃね。	"Fortune-teller: ""Tonight, I must mix the queen's medicine and prepare something for your son, too."""	role.queen,role.fortune_teller	Independent translation from the pinned Japanese GBA script. Preserve original event parameters, protagonist substitutions and page meaning. 
completion.00ab9a5c	fortune_teller	占いババ「な～に　大丈夫。<LF><TAB>このトルネコさんとやら　なかなか<LF><TAB>ウデっぷしも　強そうだしね。	"Fortune-teller: ""Don't worry. This Torneko fellow looks handy in a fight."""	torneko,role.fortune_teller	Independent translation from the pinned Japanese GBA script. Preserve original event parameters, protagonist substitutions and page meaning. 
completion.00ab9ab8	fortune_teller	占いババ「ん？　なんだい　わしを<LF><TAB>心配してるのかい？	"Fortune-teller: ""Hmm? What's this? Are you worried about me?"""	role.fortune_teller	Independent translation from the pinned Japanese GBA script. Preserve original event parameters, protagonist substitutions and page meaning. 
completion.00ab9af0	fortune_teller	占いババ「わしが　息子さんのところまで<LF><TAB>行くしか　なさそうだね。	"Fortune-teller: ""It seems I'll have to go and see your son myself."""	role.fortune_teller	Independent translation from the pinned Japanese GBA script. Preserve original event parameters, protagonist substitutions and page meaning. 
completion.00ab9b34	fortune_teller	占いババ「こりゃ　よくないね……。<LF><TAB>どうやら　ただ　薬を飲ませても<LF><TAB>助けられないようじゃ。	"Fortune-teller: ""This isn't good... Medicine alone won't be enough to help him."""	role.fortune_teller	Independent translation from the pinned Japanese GBA script. Preserve original event parameters, protagonist substitutions and page meaning. 
completion.00ab9b90	fortune_teller	占いババ「……　……。<LF><TAB>む～ん……。	"Fortune-teller: ""...... Hmm..."""	role.fortune_teller	Independent translation from the pinned Japanese GBA script. Preserve original event parameters, protagonist substitutions and page meaning. 
completion.00ab9bb8	fortune_teller	占いババ「ええい　考えても　しかたない！<LF><TAB>わしの水晶に　聞いてみるとしよう。	"Fortune-teller: ""Bah, no use puzzling over it! Let's ask my crystal."""	role.fortune_teller	Independent translation from the pinned Japanese GBA script. Preserve original event parameters, protagonist substitutions and page meaning. 
completion.00ab9c08	fortune_teller	占いババ「たしか　あそこの村は<LF><TAB>ずいぶん前に……。	"Fortune-teller: ""If I remember, that village... A long time ago..."""	role.fortune_teller	Independent translation from the pinned Japanese GBA script. Preserve original event parameters, protagonist substitutions and page meaning. Do not disclose the later village reveal here.
completion.00ab9c3c	fortune_teller	占いババ「それに　あんた　バリナボ村から<LF><TAB>やってきたって　言ったけど<LF><TAB>おかしいねえ……。	"Fortune-teller: ""And you said you came from Barinabo Village. How strange..."""	place.barinabo,role.fortune_teller	Independent translation from the pinned Japanese GBA script. Preserve original event parameters, protagonist substitutions and page meaning. 
completion.00ab9c98	fortune_teller	占いババ「それより　むずかしいのは<LF><TAB>お前さんの　息子のことさね。	"Fortune-teller: ""Your son is the more difficult matter."""	role.fortune_teller	Independent translation from the pinned Japanese GBA script. Preserve original event parameters, protagonist substitutions and page meaning. 
completion.00ab9cdc	fortune_teller	占いババ「まあ　王妃のことは<LF><TAB>心配ないよ。　今夜　ひと晩あれば<LF><TAB>いい薬を　調合してあげるから。	"Fortune-teller: ""Don't worry about the queen. One night is all I need to mix a good medicine."""	role.queen,role.fortune_teller	Independent translation from the pinned Japanese GBA script. Preserve original event parameters, protagonist substitutions and page meaning. 
completion.00ab9d3c	fortune_teller	占いババ「ふ～ん……　そうかい。<LF><TAB>グレートバレイナ城で　そんなことが<LF><TAB>起きていたとはね。	"Fortune-teller: ""Hmm... I see. So that's what's been happening at Great Baleina Castle."""	place.journey.00873120,role.fortune_teller	Independent translation from the pinned Japanese GBA script. Preserve original event parameters, protagonist substitutions and page meaning. 
completion.00aba148	fortune_teller	占いババ「すこし　日にちが　かかるかも<LF><TAB>しれないが　心配いらないよ。<LF><TAB>家の中で　待っておいで。	"Fortune-teller: ""It may take a few days, but don't worry. Wait here in the house."""	role.fortune_teller	Independent translation from the pinned Japanese GBA script. Preserve original event parameters, protagonist substitutions and page meaning. 
completion.00aba1a8	fortune_teller	占いババ「はいはい　分かってるよ。<LF><TAB>それじゃ　行ってくるからね。	"Fortune-teller: ""Yes, yes, I know. We'll be off, then."""	role.fortune_teller	Independent translation from the pinned Japanese GBA script. Preserve original event parameters, protagonist substitutions and page meaning. 
completion.00aba1ec	fortune_teller	占いババ「王妃の薬は　ちょうどいいのが<LF><TAB>できたからね。　先に　ちょちょいと<LF><TAB>そっちの用を　かたづけちまうよ。	"Fortune-teller: ""I've made just the thing for the queen. We'll take care of that first."""	role.queen,role.fortune_teller	Independent translation from the pinned Japanese GBA script. Preserve original event parameters, protagonist substitutions and page meaning. 
completion.00aba25c	fortune_teller	占いババ「あんたの息子のためには<LF><TAB>やっぱり　わしが　ちょくせつ行くしか<LF><TAB>なさそうだけど……	"Fortune-teller: ""It seems I'll still have to see your son in person, but..."""	role.fortune_teller	Independent translation from the pinned Japanese GBA script. Preserve original event parameters, protagonist substitutions and page meaning. 
completion.00aba2b8	fortune_teller	占いババ「じゃあ　さっそく<LF><TAB>出かけるとしようか。	"Fortune-teller: ""Well then, let's be on our way."""	role.fortune_teller	Independent translation from the pinned Japanese GBA script. Preserve original event parameters, protagonist substitutions and page meaning. 
completion.00aba2ec	fortune_teller	占いババ「おや　起きたのかい。<LF><TAB>ゆうべは　よく　眠れたようだね。	"Fortune-teller: ""Oh, you're awake. You seem to have slept well."""	role.fortune_teller	Independent translation from the pinned Japanese GBA script. Preserve original event parameters, protagonist substitutions and page meaning. 
completion.00aba718	fortune_teller	コロッピ「でも　開く呪文は思い出せない。<LF><TAB>たしか　密林島の　おじいさんに<LF><TAB>伝えた気がするコロが……	"Koroppi: ""But I can't remember the spell to open it. I think I told the old man on Jungle Isle, koro..."""	place.journey.008730f0,character.koroppi	Independent translation from the pinned Japanese GBA script. Preserve original event parameters, protagonist substitutions and page meaning. The actual password hint at 00ABAAD4 is held for the linked input/comparison investigation.
completion.00aba77c	fortune_teller	コロッピ「あそこに　オイラの　ふるさとに<LF><TAB>帰る　入り口があるっコロ。	"Koroppi: ""There's an entrance there that leads back to my homeland, koro."""	character.koroppi	Independent translation from the pinned Japanese GBA script. Preserve original event parameters, protagonist substitutions and page meaning. 
completion.00aba7c4	fortune_teller	コロッピ「うん。　オイラ　思い出しただ。<LF><TAB>北西の　大きな大きな　木の根っこ。	"Koroppi: ""Yeah, I remember now. The roots of the great big tree to the northwest."""	character.koroppi	Independent translation from the pinned Japanese GBA script. Preserve original event parameters, protagonist substitutions and page meaning. 
completion.00aba814	fortune_teller	占いババ「……　そういえば　お前<LF><TAB>昔のことを　少し　思い出したんじゃ<LF><TAB>なかったのかい？	"Fortune-teller: ""...Come to think of it, hadn't you remembered a little of your past?"""	role.fortune_teller	Independent translation from the pinned Japanese GBA script. Preserve original event parameters, protagonist substitutions and page meaning. 
completion.00aba86c	fortune_teller	占いババ「これ　コロッピや。<LF><TAB>今　この水晶で　海竜の灯台の様子を<LF><TAB>見てるんだから　静かにおし。	"Fortune-teller: ""Quiet, Koroppi. I'm watching the Sea Dragon Lighthouse in this crystal."""	place.journey.00873198,role.fortune_teller,character.koroppi	Independent translation from the pinned Japanese GBA script. Preserve original event parameters, protagonist substitutions and page meaning. 
completion.00aba8cc	fortune_teller	コロッピ「ばあちゃん　元気でた！<LF><TAB>オイラ　うれしいっコロ！	"Koroppi: ""Granny's better! I'm so happy, koro!"""	character.koroppi	Independent translation from the pinned Japanese GBA script. Preserve original event parameters, protagonist substitutions and page meaning. 
completion.00aba980	fortune_teller	占いババ「おや　よく来たね　$t。<LF><TAB>なにもない所だけど<LF><TAB>ゆっくりして　お行き。	"Fortune-teller: ""Oh, welcome, $t. There isn't much here, but make yourself at home."""	role.fortune_teller,torneko,enemy_tipper	Independent translation from the pinned Japanese GBA script. Preserve original event parameters, protagonist substitutions and page meaning. 
completion.00abaa80	fortune_teller	コロッピ「でも　オイラ　帰らない。<LF><TAB>だって　ばあちゃんが　オイラの<LF><TAB>家族だから。	"Koroppi: ""But I'm not going back. Granny is my family now."""	character.koroppi	Independent translation from the pinned Japanese GBA script. Preserve original event parameters, protagonist substitutions and page meaning. 
completion.00abab24	fortune_teller	コロッピ「そうか　密林島の　じいさまが<LF><TAB>呪文を　教えてくれたコロか……。	"Koroppi: ""Oh, the old man on Jungle Isle taught you the spell, koro..."""	place.journey.008730f0,character.koroppi	Independent translation from the pinned Japanese GBA script. Preserve original event parameters, protagonist substitutions and page meaning. 
completion.00abab70	fortune_teller	コロッピ「でも　開く呪文は思い出せない。<LF><TAB>たしか　密林島の　おじいさんに<LF><TAB>伝えた気がするコロが……。	"Koroppi: ""But I can't remember the spell to open it. I think I told the old man on Jungle Isle, koro..."""	place.journey.008730f0,character.koroppi	Independent translation from the pinned Japanese GBA script. Preserve original event parameters, protagonist substitutions and page meaning. 
completion.00ababd8	fortune_teller	コロッピ「あそこに　オイラの　ふるさとに<LF><TAB>帰る　入り口が　あるっコロ。	"Koroppi: ""There's an entrance there that leads back to my homeland, koro."""	character.koroppi	Independent translation from the pinned Japanese GBA script. Preserve original event parameters, protagonist substitutions and page meaning. 
completion.00abac20	fortune_teller	コロッピ「オイラ　思い出しただ。<LF><TAB>北西の　大きな大きな　木の根っこ。	"Koroppi: ""I remember now. The roots of the great big tree to the northwest."""	character.koroppi	Independent translation from the pinned Japanese GBA script. Preserve original event parameters, protagonist substitutions and page meaning. 
completion.00abfb9c	fortune_teller	古びた食器が　ていねいに<LF>ならべられている。	Old dishes are carefully arranged.		Independent translation from the pinned Japanese GBA script. Preserve original event parameters, protagonist substitutions and page meaning. 
completion.00abfbc8	fortune_teller	$tは　目の前にある<LF>戸だなを　調べた。	$t examined the cupboard in front of him.	torneko,enemy_tipper	Independent translation from the pinned Japanese GBA script. Preserve original event parameters, protagonist substitutions and page meaning. 
completion.00abfce0	fortune_teller	さっきまで　焼きたてのパンが<LF>おいてあったので　いいにおいだ。	Freshly baked bread was here a moment ago. Its lovely smell lingers.	bread	Independent translation from the pinned Japanese GBA script. Preserve original event parameters, protagonist substitutions and page meaning. 
completion.00abfd20	fortune_teller	しかし　$tは<LF>持ちものが　いっぱいだった……。	But $t's bag was full...	torneko,enemy_tipper	Independent translation from the pinned Japanese GBA script. Preserve original event parameters, protagonist substitutions and page meaning. 
completion.00abfd50	fortune_teller	$tは　パンのにおいを<LF>かいだだけで　もとに　もどした。	$t merely sniffed the bread and put it back.	bread,torneko,enemy_tipper	Independent translation from the pinned Japanese GBA script. Preserve original event parameters, protagonist substitutions and page meaning. 
completion.00abfd88	fortune_teller	焼きたてのパンが　いいにおいだ……。<LF>こっそり　もらっておきますか？	The freshly baked bread smells delicious...<LF>Sneak a piece?	bread	Independent translation from the pinned Japanese GBA script. Preserve original event parameters, protagonist substitutions and page meaning. 
completion.00ac000c	fortune_teller_crisis	占いババ「わしには　もう　何も手伝うことは<LF><TAB>できん。　心して　行きなされ。<LF><TAB>ゴホゴホ……！	"Fortune-teller: ""There's nothing more I can do to help. Go with care. Cough, cough!"""	role.fortune_teller	Independent translation from the pinned Japanese GBA script. Preserve original event parameters, protagonist substitutions and page meaning. 
completion.00ac0068	fortune_teller_crisis	占いババ「邪悪な風穴の　奥に　ひそむのは<LF><TAB>ヘルジャスティス……　おのれを<LF><TAB>真の救世主と　うたう　闇の主じゃ。	"Fortune-teller: ""Hell Justice, deep in the Evil wind cave, is a dark lord who claims to be the true savior."""	enemy_hell_justice,interface.dungeon.017,role.fortune_teller	Independent translation from the pinned Japanese GBA script. Preserve original event parameters, protagonist substitutions and page meaning. Keep his claimed title distinct from the unnamed Demon King.
completion.00ac00d8	fortune_teller_crisis	占いババ「……ゴホゴホ！<LF><TAB>よいか　トルネコよ。　決して<LF><TAB>ゆだんしては　ならんぞ。	"Fortune-teller: ""...Cough, cough! Listen, Torneko. You must never let your guard down."""	torneko,role.fortune_teller	Independent translation from the pinned Japanese GBA script. Preserve original event parameters, protagonist substitutions and page meaning. 
completion.00ac012c	fortune_teller_crisis	占いババ「そこに　闇を生む風穴が<LF><TAB>あるはずじゃ。　この水晶があれば<LF><TAB>きっと　その中に　入れるだろう。	"Fortune-teller: ""The cave that breeds the darkness should be there. This crystal should let you enter."""	role.fortune_teller	Independent translation from the pinned Japanese GBA script. Preserve original event parameters, protagonist substitutions and page meaning. 
completion.00ac0194	fortune_teller_crisis	占いババ「ここから　はるか西に<LF><TAB>いったところに　特に　邪悪な闇の<LF><TAB>深いところがある。	"Fortune-teller: ""Far to the west of here is a place where the evil darkness is especially deep."""	role.fortune_teller	Independent translation from the pinned Japanese GBA script. Preserve original event parameters, protagonist substitutions and page meaning. 
completion.00ac01ec	fortune_teller_crisis	トルネコは　祈りの水晶を　受け取った！	Torneko received the Prayer crystal!	torneko,lore.prayer_crystal	Independent translation from the pinned Japanese GBA script. Preserve original event parameters, protagonist substitutions and page meaning. 
completion.00ac0214	fortune_teller_crisis	占いババは　なにやら　青く光る<LF>水晶を　取り出した。	The fortune-teller took out a crystal glowing blue.	role.fortune_teller	Independent translation from the pinned Japanese GBA script. Preserve original event parameters, protagonist substitutions and page meaning. 
completion.00ac0248	fortune_teller_crisis	占いババ「きっと　そろそろ　来る頃だと<LF><TAB>思ってたよ。　さあ　これを<LF><TAB>持ってお行き。	"Fortune-teller: ""I thought you'd be coming soon. Here, take this with you."""	role.fortune_teller	Independent translation from the pinned Japanese GBA script. Preserve original event parameters, protagonist substitutions and page meaning. 
completion.00ac029c	fortune_teller_crisis	占いババ「……　おや　あんたたち…<LF><TAB>ゴホゴホ！	"Fortune-teller: ""...Oh, it's you... Cough, cough!"""	role.fortune_teller	Independent translation from the pinned Japanese GBA script. Preserve original event parameters, protagonist substitutions and page meaning. 
completion.00ac041c	fortune_teller_crisis	ポポロ「ボクなら　大丈夫だよ！<LF><TAB>おばあさんは　きっと　守るから。<LF><TAB>気をつけてね　パパ！	"Tipper: ""I'll be all right! I'll protect her, I promise. Be careful, Dad!"""	enemy_tipper	Independent translation from the pinned Japanese GBA script. Preserve original event parameters, protagonist substitutions and page meaning. 
completion.00ac0474	fortune_teller_crisis	ポポロ「パパ！　ここは　ボクにまかせて<LF><TAB>いっこくも　早く　はるか西の　風穴へ！	"Tipper: ""Dad! Leave this to me. Hurry to the cave far to the west!"""	enemy_tipper	Independent translation from the pinned Japanese GBA script. Preserve original event parameters, protagonist substitutions and page meaning. 
completion.00ac04c4	fortune_teller_crisis	ポポロ「おばあさんに　何をするんだっ！<LF><TAB>この～っ！！	"Tipper: ""What are you doing to her?! Take that!"""	enemy_tipper	Independent translation from the pinned Japanese GBA script. Preserve original event parameters, protagonist substitutions and page meaning. 
completion.00ac04fc	fortune_teller_crisis	占いババ「ぐっ！<LF><TAB>お　お前たちはっ！？	"Fortune-teller: ""Urgh! Y-you're...?!"""	role.fortune_teller	Independent translation from the pinned Japanese GBA script. Preserve original event parameters, protagonist substitutions and page meaning. 
completion.00ac09a4	fortune_teller_crisis	ポポロ「王妃さまと　約束したもんね。<LF><TAB>必ず　おばあさんを守るって。	"Tipper: ""I promised the queen I'd protect her, didn't I?"""	enemy_tipper,role.queen	Independent translation from the pinned Japanese GBA script. Preserve original event parameters, protagonist substitutions and page meaning. 
completion.00ac09e8	fortune_teller_crisis	ポポロ「また　いつ　魔物が　やってくるか<LF><TAB>わからないから　ボクは<LF><TAB>ここに　残るよ。	"Tipper: ""We don't know when the monsters might come back, so I'll stay here."""	enemy_tipper	Independent translation from the pinned Japanese GBA script. Preserve original event parameters, protagonist substitutions and page meaning. 
completion.00ac0a3c	fortune_teller_crisis	ポポロ「なんとか　やっつけたから<LF><TAB>大丈夫だよ。	"Tipper: ""I managed to beat them, so we're all right."""	enemy_tipper	Independent translation from the pinned Japanese GBA script. Preserve original event parameters, protagonist substitutions and page meaning. 
completion.00ac0a6c	fortune_teller_crisis	ポポロ「あっ　パパ　もしかして<LF><TAB>心配して　もどって来てくれたの？	"Tipper: ""Oh, Dad! Did you come back because you were worried?"""	enemy_tipper	Independent translation from the pinned Japanese GBA script. Preserve original event parameters, protagonist substitutions and page meaning. 
completion.00ac0af8	fortune_teller_crisis	占いババ「なんとなく　胸さわぎがしてね…<LF><TAB>もしかしたら　ポポロは　ここに<LF><TAB>残した方が　いいかもしれないよ。	"Fortune-teller: ""I've got a bad feeling... Perhaps you'd better leave Tipper here."""	enemy_tipper,role.fortune_teller	Independent translation from the pinned Japanese GBA script. Preserve original event parameters, protagonist substitutions and page meaning. 
completion.00ac0b64	fortune_teller_crisis	占いババ「すまないねぇ　トルネコや。<LF><TAB>お前さん　ひとりで　行かせるのは<LF><TAB>心配だけど……	"Fortune-teller: ""I'm sorry, Torneko. I worry about sending you alone, but..."""	torneko,role.fortune_teller	Independent translation from the pinned Japanese GBA script. Preserve original event parameters, protagonist substitutions and page meaning. 
completion.00ac0cec	fortune_teller_crisis	占いババ「さあ　早く　お行き！<LF><TAB>ただし　決して　ゆだんは<LF><TAB>するでないぞ！	"Fortune-teller: ""Go on, hurry! But never let your guard down!"""	role.fortune_teller	Independent translation from the pinned Japanese GBA script. Preserve original event parameters, protagonist substitutions and page meaning. 
completion.00ac0d38	fortune_teller_crisis	占いババ「なあに　わしのことなら<LF><TAB>心配いらん。	"Fortune-teller: ""Don't worry about me."""	role.fortune_teller	Independent translation from the pinned Japanese GBA script. Preserve original event parameters, protagonist substitutions and page meaning. 
completion.00ac0d68	fortune_teller_crisis	占いババ「山脈の尾根あたりで<LF><TAB>ウデを　きたえてから<LF><TAB>行くといい。	"Fortune-teller: ""Train along the mountain ridge before you go."""	interface.dungeon.011,role.fortune_teller	Independent translation from the pinned Japanese GBA script. Preserve original event parameters, protagonist substitutions and page meaning. 
completion.00ac0dac	fortune_teller_crisis	占いババ「じゃが　今の　お前さんでは<LF><TAB>邪悪な風穴に向かっても<LF><TAB>ひとたまりもないじゃろう。	"Fortune-teller: ""But as you are now, you wouldn't stand a chance in the Evil wind cave."""	interface.dungeon.017,role.fortune_teller	Independent translation from the pinned Japanese GBA script. Preserve original event parameters, protagonist substitutions and page meaning. 
completion.00ac0e08	fortune_teller_crisis	占いババ「ふむ。　わかった。<LF><TAB>わしは　止めんよ。　トルネコのもとへ<LF><TAB>行っておやり。	"Fortune-teller: ""Hmm. Very well. I won't stop you. Go to Torneko."""	torneko,role.fortune_teller	Independent translation from the pinned Japanese GBA script. Preserve original event parameters, protagonist substitutions and page meaning. 
completion.00ac0e5c	fortune_teller_crisis	占いババ「……そうかい　お前さんも<LF><TAB>わしと　同じ夢を　見たのじゃな？<LF><TAB>ただの夢では　あるまいが……。	"Fortune-teller: ""...I see. You had the same dream I did? It can't have been just a dream..."""	role.fortune_teller	Independent translation from the pinned Japanese GBA script. Preserve original event parameters, protagonist substitutions and page meaning. 
completion.00ac0ec4	fortune_teller_crisis	占いババ「どうしたんじゃ　ポポロ？<LF><TAB>いきなり　うなされて……。	"Fortune-teller: ""What's wrong, Tipper? You suddenly started moaning in your sleep..."""	enemy_tipper,role.fortune_teller	Independent translation from the pinned Japanese GBA script. Preserve original event parameters, protagonist substitutions and page meaning. 
completion.00ac0f6c	fortune_teller_crisis	占いババ「決して　ヤツに　心のスキを<LF><TAB>見せては　ならんぞ。	"Fortune-teller: ""Never let him find a weakness in your heart."""	role.fortune_teller	Independent translation from the pinned Japanese GBA script. Preserve original event parameters, protagonist substitutions and page meaning. 
completion.00ac0fa8	fortune_teller_crisis	占いババ「うむ　そうじゃ！　ヤツは<LF><TAB>あやしい術を　つかって　こちらの<LF><TAB>心を　あやつろうとしてくるとか。	"Fortune-teller: ""Yes, that's it! They say he uses strange arts to control people's minds."""	role.fortune_teller	Independent translation from the pinned Japanese GBA script. Preserve original event parameters, protagonist substitutions and page meaning. Mind-control warning; not an invented named spell or imported battle mechanic.
completion.00ac1010	fortune_teller_crisis	占いババ「ところで　わしの　きおくが<LF><TAB>正しければ　じゃが……　たしか<LF><TAB>ヘルジャスティスというヤツは……	"Fortune-teller: ""By the way, if my memory serves... That fellow Hell Justice..."""	enemy_hell_justice,role.fortune_teller	Independent translation from the pinned Japanese GBA script. Preserve original event parameters, protagonist substitutions and page meaning. 
completion.00ac4c74	fortune_teller	床には　古びた本が<LF>置かれている。	An old book lies on the floor.		Independent translation from the pinned Japanese GBA script. Preserve original event parameters, protagonist substitutions and page meaning. 
completion.00ac4d78	fortune_teller	占いババ「よっこらしょ……と。<LF><TAB>さて　それじゃ　上に行って<LF><TAB>お前さんの話を　聞いてみようかね。	"Fortune-teller: ""Heave-ho... Right, let's go upstairs and hear your story."""	role.fortune_teller	Independent translation from the pinned Japanese GBA script. Preserve original event parameters, protagonist substitutions and page meaning. 
completion.00ac4dd8	fortune_teller	占いババ「こんな　わしでも<LF><TAB>なにか　チカラになってやれることが<LF><TAB>あるか　どうかねえ。	"Fortune-teller: ""I wonder if there's anything an old woman like me can do to help."""	role.fortune_teller	Independent translation from the pinned Japanese GBA script. Preserve original event parameters, protagonist substitutions and page meaning. 
completion.00ac4e30	fortune_teller	＊「わたしゃ　この　山奥に　いんきょした<LF><TAB>ただの　占いババじゃよ。	"???: ""I'm just an old fortune-teller, retired here in the mountains."""	role.fortune_teller	Independent translation from the pinned Japanese GBA script. Preserve original event parameters, protagonist substitutions and page meaning.  Anonymous speaker remains ???.
completion.00ac4e74	fortune_teller	＊「ああ　言わんでも　ええ。<LF><TAB>だいたい　分かったよ。	"???: ""No need to tell me. I understand well enough."""		Independent translation from the pinned Japanese GBA script. Preserve original event parameters, protagonist substitutions and page meaning.  Anonymous speaker remains ???.
completion.00ac4eac	fortune_teller	＊「見たところ　人間のようだが<LF><TAB>どうやって　ここまで　きなさったね。<LF><TAB>さぞや　大変だったろう？	"???: ""You look human. How did you get all the way here? It must have been quite a journey."""		Independent translation from the pinned Japanese GBA script. Preserve original event parameters, protagonist substitutions and page meaning.  Anonymous speaker remains ???.
completion.00ac4f0c	fortune_teller	＊「ん？　なんじゃい　お前さんは。<LF><TAB>勝手に　人の家に　入ってきたりして。	"???: ""Hmm? Who are you, barging into my house?"""		Independent translation from the pinned Japanese GBA script. Preserve original event parameters, protagonist substitutions and page meaning.  Anonymous speaker remains ???.
completion.00ac5030	fortune_teller	占いババ「王妃を　若がえらせるには<LF><TAB>この薬が　いちばんじゃ。<LF><TAB>ほっほっほ。	"Fortune-teller: ""This is just the medicine to make the queen young again. Ho ho ho!"""	role.queen,role.fortune_teller	Independent translation from the pinned Japanese GBA script. Preserve original event parameters, protagonist substitutions and page meaning. 
completion.00ac507c	fortune_teller	占いババ「ちょいと　ジャマしないどくれ。<LF><TAB>今　だいじなところだからね。	"Fortune-teller: ""Don't interrupt. This is the important part."""	role.fortune_teller	Independent translation from the pinned Japanese GBA script. Preserve original event parameters, protagonist substitutions and page meaning. 
completion.00ac50f4	fortune_teller	どうやら　占いババとしか<LF>話したくないようだ……。	He seems to want to speak only to the fortune-teller...	role.fortune_teller	Independent translation from the pinned Japanese GBA script. Preserve original event parameters, protagonist substitutions and page meaning. 
completion.00ac5128	fortune_teller	コロッピ「……　……。	"Koroppi: ""...... ......"""	character.koroppi	Independent translation from the pinned Japanese GBA script. Preserve original event parameters, protagonist substitutions and page meaning. 
completion.00ac5170	fortune_teller_crisis	コロッピ「ばあちゃん　病気……。<LF><TAB>なおしてあげたいのに　オイラのクスリ<LF><TAB>ぜんぜん　きかないっコロ。	"Koroppi: ""Granny's sick... I want to help her, but my medicine doesn't work at all, koro."""	character.koroppi	Independent translation from the pinned Japanese GBA script. Preserve original event parameters, protagonist substitutions and page meaning. 
completion.00ad0be4	madame_gracos	＊「いらっしゃい。<LF><TAB>ここは　マダム・グラコスさまの<LF><TAB>バザーだよ。	"???: ""Welcome. This is Madame Gracos's bazaar."""	role.madame_gracos	Independent translation from the pinned Japanese GBA script. Preserve original event parameters, protagonist substitutions and page meaning.  Anonymous speaker remains ???.
completion.00ad0c58	madame_gracos	＊「まいった！　賭けに負けつづけて<LF><TAB>いつのまにやら　こんな所で<LF><TAB>働くことに　なってしまったのだ……。	"???: ""What a mess! I kept losing bets, and before I knew it, I was working here..."""		Independent translation from the pinned Japanese GBA script. Preserve original event parameters, protagonist substitutions and page meaning.  Anonymous speaker remains ???.
completion.00ad0d08	madame_gracos	＊「だったら　ひとことくらい<LF><TAB>マダム・グラコスさまに<LF><TAB>あいさつ　していけよな。	"???: ""Then at least say hello to Madame Gracos before you leave."""	role.madame_gracos	Independent translation from the pinned Japanese GBA script. Preserve original event parameters, protagonist substitutions and page meaning.  Anonymous speaker remains ???.
completion.00ad0d58	madame_gracos	＊「なんだよ　あんた　人間か？	"???: ""What's this? Are you a human?"""		Independent translation from the pinned Japanese GBA script. Preserve original event parameters, protagonist substitutions and page meaning.  Anonymous speaker remains ???.
completion.00ad0df8	madame_gracos	＊「それを　手に入れたとは<LF><TAB>おぬし　ただの人間じゃないな！？	"???: ""If you've obtained that, you must be no ordinary human!"""		Independent translation from the pinned Japanese GBA script. Preserve original event parameters, protagonist substitutions and page meaning.  Anonymous speaker remains ???.
completion.00ad0e38	madame_gracos	＊「ぬぬ　！？　それは　もしや<LF><TAB>ゴッドスパークの杖！	"???: ""What?! Could that be a Godspark staff?!"""	combined_item_111	Independent translation from the pinned Japanese GBA script. Preserve original event parameters, protagonist substitutions and page meaning. Use the existing provisional project item identity. Anonymous speaker remains ???.
completion.00ad0e70	madame_gracos	＊「なんでも　火　氷　砂　風<LF><TAB>その全てを　手に入れた者だけが<LF><TAB>その杖を　作り出せるらしい。	"???: ""I hear only someone who obtains fire, ice, sand and wind can create that staff."""		Independent translation from the pinned Japanese GBA script. Preserve original event parameters, protagonist substitutions and page meaning. Preserve all four elements; no inferred recipe quantities or other-game mechanics. Anonymous speaker remains ???.
completion.00ad0ecc	madame_gracos	＊「それを　手に入れる方法が<LF><TAB>あるらしいんだよな。	"???: ""Apparently, there's a way to get one."""		Independent translation from the pinned Japanese GBA script. Preserve original event parameters, protagonist substitutions and page meaning.  Anonymous speaker remains ???.
completion.00ad0f00	madame_gracos	＊「かつて最強の杖と　よばれた<LF><TAB>ゴッドスパークの杖。	"???: ""The Godspark staff, once called the mightiest staff of all."""	combined_item_111	Independent translation from the pinned Japanese GBA script. Preserve original event parameters, protagonist substitutions and page meaning.  Anonymous speaker remains ???.
completion.00ad0f38	madame_gracos	＊「へっへっへ。<LF><TAB>いいこと　教えてやるよ。	"???: ""Heh heh heh. I'll tell you something good."""		Independent translation from the pinned Japanese GBA script. Preserve original event parameters, protagonist substitutions and page meaning.  Anonymous speaker remains ???.
completion.00ad0f84	madame_gracos	＊「なんだ　こりゃ？<LF><TAB>モンスターだらけ　じゃねえか。	"???: ""What is this place? It's full of monsters!"""		Independent translation from the pinned Japanese GBA script. Preserve original event parameters, protagonist substitutions and page meaning.  Anonymous speaker remains ???.
completion.00ad1084	madame_gracos	＊「ここで　働く　魔物たちに<LF><TAB>ちゃんと　給料を<LF><TAB>はらってくださるんだからな。	"???: ""She even pays proper wages to the monsters who work here."""		Independent translation from the pinned Japanese GBA script. Preserve original event parameters, protagonist substitutions and page meaning.  Anonymous speaker remains ???.
completion.00ad10d4	madame_gracos	＊「マダム・グラコスさまは<LF><TAB>商売上手な上に　とても<LF><TAB>人情深い　お方だ。	"???: ""Madame Gracos is a fine merchant with a very warm heart."""	role.madame_gracos	Independent translation from the pinned Japanese GBA script. Preserve original event parameters, protagonist substitutions and page meaning.  Anonymous speaker remains ???.
completion.00ad11cc	madame_gracos	＊「こちらに　おわすのが<LF><TAB>マダム・グラコスさまだ。<LF><TAB>失礼のないようにな。	"???: ""That is Madame Gracos. Mind your manners."""	role.madame_gracos	Independent translation from the pinned Japanese GBA script. Preserve original event parameters, protagonist substitutions and page meaning.  Anonymous speaker remains ???.
completion.00ad1230	madame_gracos	＊「人間のぶんざいで　マダムの<LF><TAB>ジャマをするでないぞ。	"???: ""A mere human mustn't disturb Madame."""		Independent translation from the pinned Japanese GBA script. Preserve original event parameters, protagonist substitutions and page meaning.  Anonymous speaker remains ???.
completion.00ad1268	madame_gracos	＊「マダム・グラコスさまは　今<LF><TAB>悩みをかかえて　おられるのだ。	"???: ""Madame Gracos has something on her mind."""	role.madame_gracos	Independent translation from the pinned Japanese GBA script. Preserve original event parameters, protagonist substitutions and page meaning.  Anonymous speaker remains ???.
completion.00ad1338	madame_gracos	マダム「ま　もし　あんたが　いつか<LF><TAB>その村に行くことが　あったら<LF><TAB>長老を　助けてやってほしいザマス。	"Madame: ""Well, if you ever visit that village, do be a dear and help the elder."""	role.madame_gracos,role.conklave_elder	Independent translation from the pinned Japanese GBA script. Preserve original event parameters, protagonist substitutions and page meaning. Refined, affected manner adapts ザマス without adding an unrelated accent.
completion.00ad13a0	madame_gracos	マダム「そんなもん　この世の果てに<LF><TAB>きまってるザ～マスでしょ。	"Madame: ""At the very end of the world, of course, darling."""	role.madame_gracos	Independent translation from the pinned Japanese GBA script. Preserve original event parameters, protagonist substitutions and page meaning. 
completion.00ad13e0	madame_gracos	マダム「え？　プチット族の村は<LF><TAB>どこかって？	"Madame: ""Hmm? Where is Conklave Village?"""	place.journey.00873134,role.madame_gracos	Independent translation from the pinned Japanese GBA script. Preserve original event parameters, protagonist substitutions and page meaning. 
completion.00ad1410	madame_gracos	マダム「ま　あんたには　なおさら<LF><TAB>無理だろうけど　万が一　役に立ったら<LF><TAB>イイモノ　売ったげるザマスわ。	"Madame: ""It's surely beyond you, but if you do prove useful, I'll sell you something lovely."""	role.madame_gracos	Independent translation from the pinned Japanese GBA script. Preserve original event parameters, protagonist substitutions and page meaning. 
completion.00ad1478	madame_gracos	マダム「その村が　大変なことになって<LF><TAB>あたしも　助けてあげたいんだけど<LF><TAB>なかなか　むずかしくてね。	"Madame: ""His village is in terrible trouble. I'd like to help, but it's proving rather difficult."""	role.madame_gracos	Independent translation from the pinned Japanese GBA script. Preserve original event parameters, protagonist substitutions and page meaning. 
completion.00ad14dc	madame_gracos	マダム「たしか　プチット族の　長老を<LF><TAB>やってたザマスわ……。	"Madame: ""I believe he was the elder of the Conklave..."""	role.madame_gracos,role.conklave_elder	Independent translation from the pinned Japanese GBA script. Preserve original event parameters, protagonist substitutions and page meaning. 
completion.00ad151c	madame_gracos	マダム「彼ったら　カラダは<LF><TAB>めちゃ　小さいのに<LF><TAB>そりゃ　男らしい男でね。	"Madame: ""He was ever so tiny, but such a manly man."""	role.madame_gracos	Independent translation from the pinned Japanese GBA script. Preserve original event parameters, protagonist substitutions and page meaning. 
completion.00ad1568	madame_gracos	マダム「今　ちょっと　昔の知人のことで<LF><TAB>頭が　いたいザマスのよ。	"Madame: ""An old acquaintance is giving me quite a headache just now."""	role.madame_gracos	Independent translation from the pinned Japanese GBA script. Preserve original event parameters, protagonist substitutions and page meaning. 
completion.00ad15ac	madame_gracos	マダム「やれやれ　どうも　人間くさいと<LF><TAB>思ったら　また　びんぼうな旅人が<LF><TAB>まぎれこんで　いたザマスの？	"Madame: ""Dear me. I thought I smelled a human. Has another penniless traveler wandered in?"""	role.madame_gracos	Independent translation from the pinned Japanese GBA script. Preserve original event parameters, protagonist substitutions and page meaning. 
completion.00ad162c	madame_gracos	＊「おかげで　オレたちへの<LF><TAB>とばっちりが　なくなって<LF><TAB>助かったよ。	"???: ""Now she won't take it out on us anymore. What a relief."""		Independent translation from the pinned Japanese GBA script. Preserve original event parameters, protagonist substitutions and page meaning.  Anonymous speaker remains ???.
completion.00ad1670	madame_gracos	＊「マダム・グラコスさまの　悩みが<LF><TAB>やっと　なくなったようだ。	"???: ""Madame Gracos's worries finally seem to be over."""	role.madame_gracos	Independent translation from the pinned Japanese GBA script. Preserve original event parameters, protagonist substitutions and page meaning.  Anonymous speaker remains ???.
completion.00ad17d8	madame_gracos	マダム「でも　あたしは　情に厚い女。<LF><TAB>バザーで　ゆっくり　遊んでっても<LF><TAB>ゆるしてあげるザマスわ。	"Madame: ""But I'm a warmhearted woman. I'll let you take your time enjoying the bazaar."""	role.madame_gracos	Independent translation from the pinned Japanese GBA script. Preserve original event parameters, protagonist substitutions and page meaning. 
completion.00ad183c	madame_gracos	マダム「どこかで　売るか　すてるかして<LF><TAB>また　出直すザマスね。	"Madame: ""Sell or discard something, then come back, darling."""	role.madame_gracos	Independent translation from the pinned Japanese GBA script. Preserve original event parameters, protagonist substitutions and page meaning. 
completion.00ad187c	madame_gracos	マダム「……　と　思ったら<LF><TAB>持ち物が　いっぱいのようだわね。	"Madame: ""...Oh, but your bag seems to be full."""	role.madame_gracos	Independent translation from the pinned Japanese GBA script. Preserve original event parameters, protagonist substitutions and page meaning. 
completion.00ad18bc	madame_gracos	マダム「さあ　ど～んと<LF><TAB>持っていきゃ～れ！	"Madame: ""Here, take it away with you!"""	role.madame_gracos	Independent translation from the pinned Japanese GBA script. Preserve original event parameters, protagonist substitutions and page meaning. 
completion.00ad18e8	madame_gracos	マダム「お値段は……　ざっと　見積もって<LF><TAB>１５００００ゴールドって　感じだけど<LF><TAB>まあ　タダに　しといてあげるザマス。	"Madame: ""The price? Oh, about 150,000 gold, I'd say. But for you, it's free, darling."""	role.madame_gracos	Independent translation from the pinned Japanese GBA script. Preserve original event parameters, protagonist substitutions and page meaning. Preserve quoted valuation and actual free reward; not a purchase-price patch.
completion.00ad1960	madame_gracos	マダム「クロウアンドレア　といって<LF><TAB>とっても　イイモノよ。	"Madame: ""It's called Claw andrea. A truly lovely piece."""	role.madame_gracos,combined_item_045	Independent translation from the pinned Japanese GBA script. Preserve original event parameters, protagonist substitutions and page meaning. Retain the full existing provisional project item name.
completion.00ad199c	madame_gracos	マダム「こう見えても　あたし<LF><TAB>情に厚い女　ザマスのよ。<LF><TAB>とくべつに　イイモノ売ってあげるわ。	"Madame: ""Despite appearances, I'm a warmhearted woman. I'll sell you something very special."""	role.madame_gracos	Independent translation from the pinned Japanese GBA script. Preserve original event parameters, protagonist substitutions and page meaning. 
completion.00ad19fc	madame_gracos	マダム「と　言いたいところザマスが<LF><TAB>あたしの古い友人の　プチット族が<LF><TAB>とても　世話になったようだわね。	"Madame: ""...Or so I'd normally say. But it seems you did a great deal for my old friends, the Conklave."""	role.madame_gracos	Independent translation from the pinned Japanese GBA script. Preserve original event parameters, protagonist substitutions and page meaning. 
completion.00adf4b0	conklave_village	旅の扉に入りますか？	Enter the Teleportal?	interface.trap.022	Independent translation from the pinned Japanese GBA script. Preserve original event parameters, protagonist substitutions and page meaning. 
completion.00adf7e8	conklave_village	＊「私に　できることは <LF><TAB>なにか　ありますかな？ 	"???: ""Is there anything I can do for you?"""		Independent translation from the pinned Japanese GBA script. Preserve original event parameters, protagonist substitutions and page meaning.  Anonymous speaker remains ???.
completion.00adf81c	conklave_village	＊「おお　$tどの<LF><TAB>よくぞ　もどられた！	"???: ""Ah, $t! Welcome back!"""	torneko,enemy_tipper	Independent translation from the pinned Japanese GBA script. Preserve original event parameters, protagonist substitutions and page meaning.  Anonymous speaker remains ???.
completion.00adf900	conklave_village	＊「たとえ　魔物でも　人間でも<LF><TAB>神さまは　平等じゃ。	"???: ""Monster or human, all are equal before our god."""		Independent translation from the pinned Japanese GBA script. Preserve original event parameters, protagonist substitutions and page meaning.  Anonymous speaker remains ???.
completion.00adf978	conklave_village	＊「あっ　人間だ！！<LF><TAB>この村は　ボクらしか<LF><TAB>知らないはずなのに　変だなあ。	"???: ""Ah, a human! That's odd. Only we should know about this village."""		Independent translation from the pinned Japanese GBA script. Preserve original event parameters, protagonist substitutions and page meaning.  Anonymous speaker remains ???.
completion.00adfa2c	conklave_village	＊「封印の洞くつから　仲間が<LF><TAB>帰ってくるなんて　びっくりだよ。<LF><TAB>人間にも　すごいヤツがいるんだね。	"???: ""Our friends came back from the Sealed cavern! Amazing! Some humans are quite something."""	interface.dungeon.020	Independent translation from the pinned Japanese GBA script. Preserve original event parameters, protagonist substitutions and page meaning.  Anonymous speaker remains ???.
completion.00adfa90	conklave_village	＊「ここは　異世界<LF><TAB>プチット族の村さ。	"???: ""This is Conklave Village, in another world."""	place.journey.00873134	Independent translation from the pinned Japanese GBA script. Preserve original event parameters, protagonist substitutions and page meaning.  Anonymous speaker remains ???.
completion.00adfb60	conklave_village	ジョー「道具屋のオヤジ　封印をとかれて<LF><TAB>すっかり　調子を<LF><TAB>とりもどしたみたいだな。	"Joe: ""Now the item shop owner is free of the seal, he's back to his old self."""	character.conklave_joe	Independent translation from the pinned Japanese GBA script. Preserve original event parameters, protagonist substitutions and page meaning. 
completion.00adfbcc	conklave_village	＊「だから　道具とかの　取りあつかいが<LF><TAB>上手なんだよ。	"???: ""That's why she's so good at handling items."""		Independent translation from the pinned Japanese GBA script. Preserve original event parameters, protagonist substitutions and page meaning.  Anonymous speaker remains ???.
completion.00adfc04	conklave_village	＊「この家のおばさんって　<LF><TAB>お店をやってる　ボクの父さんの<LF><TAB>お姉さんなんだ。	"???: ""The lady in this house is my dad's big sister. He's the one who runs the shop."""		Independent translation from the pinned Japanese GBA script. Preserve original event parameters, protagonist substitutions and page meaning.  Anonymous speaker remains ???.
completion.00adfcbc	conklave_village	＊「ここからは　いろんな<LF><TAB>ダンジョンへ　行けるんだよ。<LF><TAB>ただし　選ばれた者　だけね。	"???: ""You can reach all sorts of dungeons from here. But only if you're chosen."""	character.castle_john	Independent translation from the pinned Japanese GBA script. Preserve original event parameters, protagonist substitutions and page meaning.  Anonymous speaker remains ???.
completion.00adfdbc	conklave_village	＊「あいつの両親　ヘルジャスティスに<LF><TAB>やられちまったんだよ……。　だから<LF><TAB>家族ができて　よかったよな。	"???: ""Hell Justice killed his parents... It's good that he's found a family now."""	enemy_hell_justice	Independent translation from the pinned Japanese GBA script. Preserve original event parameters, protagonist substitutions and page meaning. Preserve the loss and new family; no new species identity inferred. Anonymous speaker remains ???.
completion.00adfe24	conklave_village	＊「コロッピのやつ　人間の家で<LF><TAB>暮らしてるんだって？	"???: ""I hear Koroppi's living with a human?"""	character.koroppi	Independent translation from the pinned Japanese GBA script. Preserve original event parameters, protagonist substitutions and page meaning.  Anonymous speaker remains ???.
completion.00adfe9c	conklave_village	＊「なんか　最近　この村<LF><TAB>人間くさいなあ。	"???: ""This village smells rather human lately."""		Independent translation from the pinned Japanese GBA script. Preserve original event parameters, protagonist substitutions and page meaning.  Anonymous speaker remains ???.
completion.00ae915c	conklave_village	なにやら　ぎっしりと　書かれているが<LF>内容は　理解できなかった……。	It's covered in writing, but none of it makes sense...		Independent translation from the pinned Japanese GBA script. Preserve original event parameters, protagonist substitutions and page meaning. 
completion.00ae91a0	conklave_village	$tは　カベのはり紙を見た。	$t looked at the notice on the wall.	torneko,enemy_tipper	Independent translation from the pinned Japanese GBA script. Preserve original event parameters, protagonist substitutions and page meaning. 
completion.00ae926c	conklave_village	＊「おはようございます。<LF><TAB>また　いつでも　いらしてくださいね。	"???: ""Good morning. Please come back any time."""		Independent translation from the pinned Japanese GBA script. Preserve original event parameters, protagonist substitutions and page meaning.  Anonymous speaker remains ???.
completion.00ae92cc	conklave_village	＊「そうですか。　それは　残念です。<LF><TAB>また　いつでも　いらしてくださいね。	"???: ""Oh, what a shame. Please come back any time."""		Independent translation from the pinned Japanese GBA script. Preserve original event parameters, protagonist substitutions and page meaning.  Anonymous speaker remains ???.
completion.00ae9318	conklave_village	＊「よろしかったら　こちらで<LF><TAB>お休みになりますか？	"???: ""Would you like to rest here?"""		Independent translation from the pinned Japanese GBA script. Preserve original event parameters, protagonist substitutions and page meaning.  Anonymous speaker remains ???.
completion.00ae934c	conklave_village	＊「まあ　いらっしゃいませ。<LF><TAB>おかげさまで　また<LF><TAB>村で　暮らすことができますわ。	"???: ""Oh, welcome. Thanks to you, we can live in our village again."""		Independent translation from the pinned Japanese GBA script. Preserve original event parameters, protagonist substitutions and page meaning.  Anonymous speaker remains ???.
completion.00af3168	conklave_village	＊「いつの世も　おのれを　つらぬこうと<LF><TAB>する者は　苦しみを　強いられる。<LF><TAB>きびしいもんじゃて。	"???: ""In any age, those who stay true to themselves must suffer for it. A harsh world indeed."""		Independent translation from the pinned Japanese GBA script. Preserve original event parameters, protagonist substitutions and page meaning.  Anonymous speaker remains ???.
completion.00af31f8	conklave_village	＊「わしゃ　まだまだ<LF><TAB>負けんというのに。	"???: ""I'm not beaten yet, I tell you."""		Independent translation from the pinned Japanese GBA script. Preserve original event parameters, protagonist substitutions and page meaning.  Anonymous speaker remains ???.
completion.00af3224	conklave_village	＊「タロスのヤツ　ちょっと見ない間に<LF><TAB>ずいぶん　ナマイキになったもんじゃ。	"???: ""Talos has become quite cheeky while he's been away."""	character.conklave_talos	Independent translation from the pinned Japanese GBA script. Preserve original event parameters, protagonist substitutions and page meaning.  Anonymous speaker remains ???.
completion.00af3308	conklave_village	タロス「オヤジが　こんなに<LF><TAB>弱ってるなんて　おどろいたぜ。<LF><TAB>この村いちばんの　ツワモノだったのによ。	"Talos: ""I'm shocked at how weak Dad's become. He used to be the toughest in the village."""	character.conklave_talos	Independent translation from the pinned Japanese GBA script. Preserve original event parameters, protagonist substitutions and page meaning. 
completion.00af3370	conklave_village	タロス「封印の洞くつに　とじこめられて<LF><TAB>何年たったんだろう？	"Talos: ""How many years was I trapped in the Sealed cavern?"""	interface.dungeon.020,character.conklave_talos	Independent translation from the pinned Japanese GBA script. Preserve original event parameters, protagonist substitutions and page meaning. 
completion.00afcea8	conklave_elder	長老「だからこそ　冒険を<LF><TAB>やりとげた者には　最高の<LF><TAB>栄光が　与えられるがのう。	"Elder: ""That is why those who complete the adventure are granted the highest glory."""	role.conklave_elder	Independent translation from the pinned Japanese GBA script. Preserve original event parameters, protagonist substitutions and page meaning. 
completion.00afcef8	conklave_elder	長老「そこで　ひろうアイテムは<LF><TAB>ほとんどが　わけの分からぬままだし<LF><TAB>かなりの苦労を強いられるじゃろう。	"Elder: ""Most items you find there will be unidentified. You will face great hardships."""	role.conklave_elder	Independent translation from the pinned Japanese GBA script. Preserve original event parameters, protagonist substitutions and page meaning. 
completion.00afcf60	conklave_elder	長老「ふむ……異世界の迷宮か。<LF><TAB>これは　そうとう実力のある者にしか<LF><TAB>冒険をゆるされぬダンジョンじゃ。	"Elder: ""Hmm... The Otherworld labyrinth. Only highly skilled adventurers may enter it."""	interface.dungeon.018,role.conklave_elder,character.castle_john	Independent translation from the pinned Japanese GBA script. Preserve original event parameters, protagonist substitutions and page meaning. 
completion.00afcfc8	conklave_elder	長老「なかなか　手ごわい<LF><TAB>ダンジョンじゃが　最深部には<LF><TAB>宝物が眠っておるらしいぞ。	"Elder: ""It is a formidable dungeon, but treasure is said to lie in its deepest reaches."""	role.conklave_elder,character.castle_john	Independent translation from the pinned Japanese GBA script. Preserve original event parameters, protagonist substitutions and page meaning. 
completion.00afd01c	conklave_elder	長老「分かるまでは　自分で<LF><TAB>目印になる名前を　つけたり<LF><TAB>工夫して冒険することじゃ。	"Elder: ""Until you identify them, give them helpful names of your own. Use your ingenuity."""	role.conklave_elder	Independent translation from the pinned Japanese GBA script. Preserve original event parameters, protagonist substitutions and page meaning. 
completion.00afd070	conklave_elder	長老「そこで　ひろうアイテムは<LF><TAB>使ったり　地上へ持ち帰るまで<LF><TAB>何なのか分からないものもある。	"Elder: ""Some items found there cannot be identified until you use them or bring them to the surface."""	role.conklave_elder	Independent translation from the pinned Japanese GBA script. Preserve original event parameters, protagonist substitutions and page meaning. Preserve both identification routes stated by the Japanese.
completion.00afd0d0	conklave_elder	長老「封印の洞くつとは<LF><TAB>旅人の間では　不思議のダンジョンと<LF><TAB>呼ばれるものじゃ。	"Elder: ""Travelers call the Sealed cavern a Mystery Dungeon."""	interface.dungeon.020,role.conklave_elder,character.castle_john	Independent translation from the pinned Japanese GBA script. Preserve original event parameters, protagonist substitutions and page meaning. Series concept rendered as Mystery Dungeon, distinct from the actual dungeon label.
completion.00afd120	conklave_choices	もどる	Back		Independent translation from the pinned Japanese GBA script. Preserve original event parameters, protagonist substitutions and page meaning. Return from dungeon information to the preceding menu.
completion.00afd128	conklave_elder	長老「どの　ダンジョンについて　聞きたいかね？	"Elder: ""Which dungeon would you like to hear about?"""	role.conklave_elder,character.castle_john	Independent translation from the pinned Japanese GBA script. Preserve original event parameters, protagonist substitutions and page meaning. 
completion.00afd19c	conklave_elder	長老「では　気をつけてな。	"Elder: ""Take care, then."""	role.conklave_elder	Independent translation from the pinned Japanese GBA script. Preserve original event parameters, protagonist substitutions and page meaning. 
completion.00afd1fc	conklave_elder	$tは　入るのを　やめた。	$t decided not to enter.	torneko,enemy_tipper	Independent translation from the pinned Japanese GBA script. Preserve original event parameters, protagonist substitutions and page meaning. 
completion.00afd218	conklave_elder	長老「では　行きたいときに<LF><TAB>また　声を　かけてくだされ。	"Elder: ""Speak to me again when you wish to go."""	role.conklave_elder	Independent translation from the pinned Japanese GBA script. Preserve original event parameters, protagonist substitutions and page meaning. 
completion.00afd254	conklave_choices	やめる	Cancel		Independent translation from the pinned Japanese GBA script. Preserve original event parameters, protagonist substitutions and page meaning. Leave the dungeon destination choice.
completion.00afd25c	conklave_choices	ダンジョンについて聞く	Dungeon information	character.castle_john	Independent translation from the pinned Japanese GBA script. Preserve original event parameters, protagonist substitutions and page meaning. Native choice, full wording fits font 0.
completion.00afd274	conklave_choices	異世界の迷宮	Otherworld labyrinth	interface.dungeon.018	Independent translation from the pinned Japanese GBA script. Preserve original event parameters, protagonist substitutions and page meaning. Existing reviewed full dungeon label.
completion.00afd284	conklave_choices	封印の洞くつ	Sealed cavern	interface.dungeon.020	Independent translation from the pinned Japanese GBA script. Preserve original event parameters, protagonist substitutions and page meaning. Existing reviewed full dungeon label.
completion.00afd294	conklave_elder	長老「どの　ダンジョンへ　向かうかね？	"Elder: ""Which dungeon will you visit?"""	role.conklave_elder,character.castle_john	Independent translation from the pinned Japanese GBA script. Preserve original event parameters, protagonist substitutions and page meaning. 
completion.00afd2bc	conklave_elder	長老「おお　$tどの<LF><TAB>洞くつへ　旅立つ　じゅんびは<LF><TAB>できておるのか？	"Elder: ""Ah, $t. Are you ready to set out for the caves?"""	role.conklave_elder,torneko,enemy_tipper	Independent translation from the pinned Japanese GBA script. Preserve original event parameters, protagonist substitutions and page meaning. 
completion.00afd300	conklave_elder	長老「すべてが　解放された　あかつきには<LF><TAB>そなたの　冒険心に応え　さらなる<LF><TAB>洞くつへの道を　開こうぞ。	"Elder: ""Once everyone is free, I shall reward your adventurous spirit by opening paths to more caves."""	role.conklave_elder	Independent translation from the pinned Japanese GBA script. Preserve original event parameters, protagonist substitutions and page meaning. 
completion.00afd368	conklave_elder	長老「どうか　お願いじゃ！<LF><TAB>洞くつにある　封印の部屋すべてから<LF><TAB>わしらの仲間を　解放してくれ。	"Elder: ""Please, I beg you! Free our companions from every sealed chamber in the cavern."""	role.conklave_elder	Independent translation from the pinned Japanese GBA script. Preserve original event parameters, protagonist substitutions and page meaning. 
completion.00afd3c8	conklave_elder	長老「洞くつを進み　仲間が閉じ込められた<LF><TAB>部屋で　封印のバリアさえ　とけば<LF><TAB>あとは　彼ら自身で　もどれるのじゃ。	"Elder: ""Find the chambers holding our companions and break their barriers. They can return on their own."""	role.conklave_elder	Independent translation from the pinned Japanese GBA script. Preserve original event parameters, protagonist substitutions and page meaning. 
completion.00afd43c	conklave_elder	長老「そなたが　この願いを<LF><TAB>聞いてくれるなら　すぐにでも<LF><TAB>その洞くつへの道を　ひらこう。	"Elder: ""If you grant my request, I shall open the path to that cavern at once."""	role.conklave_elder	Independent translation from the pinned Japanese GBA script. Preserve original event parameters, protagonist substitutions and page meaning. 
completion.00afd498	conklave_elder	長老「どうか　封印の洞くつへ　行って<LF><TAB>仲間の封印を　といてはくれぬか！？	"Elder: ""Please, will you go to the Sealed cavern and free our companions from their seals?"""	interface.dungeon.020,role.conklave_elder	Independent translation from the pinned Japanese GBA script. Preserve original event parameters, protagonist substitutions and page meaning. 
completion.00afd4e4	conklave_elder	長老「ヘルジャスティスをも<LF><TAB>たおした者なら　かならずや<LF><TAB>わしらの仲間も　助け出せるはず！	"Elder: ""Anyone who defeated Hell Justice can surely rescue our companions!"""	enemy_hell_justice,role.conklave_elder	Independent translation from the pinned Japanese GBA script. Preserve original event parameters, protagonist substitutions and page meaning. 
completion.00afd540	conklave_elder	長老「ふ～む……　なんという<LF><TAB>めぐりあわせじゃ。　ここは　ひとつ<LF><TAB>ぜひとも　そなたにお願いしたい。	"Elder: ""Hmm... What a turn of fate. I must ask for your help."""	role.conklave_elder	Independent translation from the pinned Japanese GBA script. Preserve original event parameters, protagonist substitutions and page meaning. 
completion.00afd5a4	conklave_elder	長老「その　ショックで<LF><TAB>記憶も　なくし<LF><TAB>さまよっていたのかもしれん。	"Elder: ""The shock may have cost him his memories and left him wandering."""	role.conklave_elder	Independent translation from the pinned Japanese GBA script. Preserve original event parameters, protagonist substitutions and page meaning. 
completion.00afd5ec	conklave_elder	長老「コロッピも　封印されたはず<LF><TAB>じゃったが　何かの　きっかけで<LF><TAB>外の世界に　とばされたのじゃろう。	"Elder: ""Koroppi was sealed away, too. Somehow, he must have been thrown into the outside world."""	character.koroppi,role.conklave_elder	Independent translation from the pinned Japanese GBA script. Preserve original event parameters, protagonist substitutions and page meaning. 
completion.00afd654	conklave_elder	長老「わしら　わずかな年よりを　のぞいて<LF><TAB>村の　ほとんどの者が　封印の洞くつに<LF><TAB>閉じ込められたのじゃ。	"Elder: ""Apart from a few of us elders, nearly everyone was imprisoned in the Sealed cavern."""	interface.dungeon.020,role.conklave_elder	Independent translation from the pinned Japanese GBA script. Preserve original event parameters, protagonist substitutions and page meaning. 
completion.00afd6bc	conklave_elder	長老「しかし　ほんの小さなミスで<LF><TAB>ヘルジャスティスを　怒らせて<LF><TAB>しまってのう。	"Elder: ""But one tiny mistake brought Hell Justice's wrath upon us."""	enemy_hell_justice,role.conklave_elder	Independent translation from the pinned Japanese GBA script. Preserve original event parameters, protagonist substitutions and page meaning. 
completion.00afd70c	conklave_elder	長老「もう　何年も昔　わしらは<LF><TAB>プチット族を　代表して　ヤツの一派に<LF><TAB>つかえておった。	"Elder: ""Many years ago, we served his faction as representatives of the Conklave."""	role.conklave_elder	Independent translation from the pinned Japanese GBA script. Preserve original event parameters, protagonist substitutions and page meaning. 
completion.00afd764	conklave_elder	長老「しかも　あの<LF><TAB>ヘルジャスティスが　ほろんだと？<LF><TAB>なんと　そんなことが……。	"Elder: ""And Hell Justice himself has been destroyed? How can this be...?"""	enemy_hell_justice,role.conklave_elder	Independent translation from the pinned Japanese GBA script. Preserve original event parameters, protagonist substitutions and page meaning. 
completion.00afd7b8	conklave_elder	長老「なんじゃと？　わしらの村の<LF><TAB>コロッピが　人間の家で　世話に？	"Elder: ""What? Koroppi, from our village, is being cared for by a human?"""	character.koroppi,role.conklave_elder	Independent translation from the pinned Japanese GBA script. Preserve original event parameters, protagonist substitutions and page meaning. 
completion.00afd7fc	conklave_elder	長老「なんじゃね　お前さんは？	"Elder: ""Who might you be?"""	role.conklave_elder	Independent translation from the pinned Japanese GBA script. Preserve original event parameters, protagonist substitutions and page meaning. 
completion.00afd81c	conklave_elder	＊「わしゃあ　見ての通り<LF><TAB>この村の　長老じゃ。	"???: ""As you can see, I am this village's elder."""	role.conklave_elder	Independent translation from the pinned Japanese GBA script. Preserve original event parameters, protagonist substitutions and page meaning.  Anonymous speaker remains ???.
completion.00afda3c	conklave_elder	長老「では　しばらく　休まれてから<LF><TAB>また　来てくだされ。　心より<LF><TAB>かんしゃ　しておりますぞ。	"Elder: ""Rest a while, then come and see me again. You have my heartfelt thanks."""	role.conklave_elder	Independent translation from the pinned Japanese GBA script. Preserve original event parameters, protagonist substitutions and page meaning. 
completion.00afda9c	conklave_elder	長老「おお！　もどられたか！<LF><TAB>やはり　$tどのたちを　信じた<LF><TAB>わしの目は　正しかったようじゃの。	"Elder: ""Ah, you're back! I was right to put my trust in you and your companions, $t."""	role.conklave_elder,torneko,enemy_tipper	Independent translation from the pinned Japanese GBA script. Preserve original event parameters, protagonist substitutions and page meaning. 
completion.00afdf64	conklave_elder	長老「きびしい戦いに　なるだろうぞ。	"Elder: ""You will face a difficult struggle."""	role.conklave_elder	Independent translation from the pinned Japanese GBA script. Preserve original event parameters, protagonist substitutions and page meaning. 
completion.00afdf8c	conklave_elder	長老「おお　それから<LF><TAB>このダンジョンでは　モンスターを<LF><TAB>たおしても　経験値は入らん。	"Elder: ""Oh, and defeating monsters in this dungeon earns no experience."""	role.conklave_elder,character.castle_john	Independent translation from the pinned Japanese GBA script. Preserve original event parameters, protagonist substitutions and page meaning. Preserve dungeon-specific no-experience rule.
completion.00afdfe4	conklave_elder	長老「わしからの　助言としては<LF><TAB>とにかく逃げて　階段をめざすこと！<LF><TAB>それだけじゃ。	"Elder: ""My advice is simple: flee and make for the stairs! That is all."""	role.conklave_elder	Independent translation from the pinned Japanese GBA script. Preserve original event parameters, protagonist substitutions and page meaning. 
completion.00afe038	conklave_elder	長老「まぼろしの洞くつ　じゃな。<LF><TAB>ここは　ちと変わった<LF><TAB>ダンジョンじゃ。	"Elder: ""The Illusion cavern. It is a rather unusual dungeon."""	interface.dungeon.031,role.conklave_elder,character.castle_john	Independent translation from the pinned Japanese GBA script. Preserve original event parameters, protagonist substitutions and page meaning. 
completion.00afe084	conklave_elder	長老「食料や　リレミトの巻物など<LF><TAB>役立つアイテムを　忘れずに<LF><TAB>持っていくようにな。	"Elder: ""Remember to bring food, Evac scrolls and other useful items."""	role.conklave_elder,combined_item_194	Independent translation from the pinned Japanese GBA script. Preserve original event parameters, protagonist substitutions and page meaning. Existing reviewed Evac scroll, pluralized in prose.
completion.00afe0d8	conklave_elder	長老「なにはともあれ。	"Elder: ""In any case..."""	role.conklave_elder	Independent translation from the pinned Japanese GBA script. Preserve original event parameters, protagonist substitutions and page meaning. 
completion.00afe0f0	conklave_elder	長老「そのダンジョンの奥には<LF><TAB>とんでもない魔物が<LF><TAB>住みついておるとか。	"Elder: ""They say a fearsome monster dwells deep within that dungeon."""	role.conklave_elder,character.castle_john	Independent translation from the pinned Japanese GBA script. Preserve original event parameters, protagonist substitutions and page meaning. 
completion.00afe138	conklave_elder	長老「それから　これは<LF><TAB>ウワサで聞いたことじゃから<LF><TAB>本当のところは　わからんが……	"Elder: ""And this is only a rumor, so I cannot say whether it is true, but..."""	role.conklave_elder	Independent translation from the pinned Japanese GBA script. Preserve original event parameters, protagonist substitutions and page meaning. 
completion.00afe18c	conklave_elder	長老「じゃが　その分　普通のアイテムは<LF><TAB>ほとんど　手に入らんから<LF><TAB>十分な　準備が　必要じゃぞ。	"Elder: ""But ordinary items are very scarce there, so you must prepare thoroughly."""	role.conklave_elder	Independent translation from the pinned Japanese GBA script. Preserve original event parameters, protagonist substitutions and page meaning. 
completion.00afe1ec	conklave_elder	長老「不思議の宝物庫には<LF><TAB>いろんな場所に　宝物が<LF><TAB>かくされておる。	"Elder: ""Treasure is hidden in many places throughout the Mysterious treasury."""	interface.dungeon.021,role.conklave_elder	Independent translation from the pinned Japanese GBA script. Preserve original event parameters, protagonist substitutions and page meaning. 
completion.00afe2c0	conklave_choices	まぼろしの洞くつ	Illusion cavern	interface.dungeon.031	Independent translation from the pinned Japanese GBA script. Preserve original event parameters, protagonist substitutions and page meaning. Existing reviewed full dungeon label.
completion.00afe2d4	conklave_choices	不思議の宝物庫	Mysterious treasury	interface.dungeon.021	Independent translation from the pinned Japanese GBA script. Preserve original event parameters, protagonist substitutions and page meaning. Existing reviewed full dungeon label.
completion.00afe2e4	conklave_elder	長老「おお　$tどの。<LF><TAB>さらなる　洞くつへ　行きたいのかね？	"Elder: ""Ah, $t. Do you wish to visit more caves?"""	role.conklave_elder,torneko,enemy_tipper	Independent translation from the pinned Japanese GBA script. Preserve original event parameters, protagonist substitutions and page meaning. 
completion.00afe320	conklave_elder	長老「旅立つ　準備が　できたら<LF><TAB>わしに　声を　かけてくだされ。	"Elder: ""Speak to me when you are ready to set out."""	role.conklave_elder	Independent translation from the pinned Japanese GBA script. Preserve original event parameters, protagonist substitutions and page meaning. 
completion.00afe360	conklave_elder	長老「さあ　これで　いつでも<LF><TAB>ダンジョンへ　案内できるぞい。	"Elder: ""There. I can now guide you to the dungeons whenever you wish."""	role.conklave_elder,character.castle_john	Independent translation from the pinned Japanese GBA script. Preserve original event parameters, protagonist substitutions and page meaning. 
completion.00afe3a0	conklave_elder	長老「ぬ～ん……　やれ　久しぶりに<LF><TAB>集中したので　つかれたわい。	"Elder: ""Hmmm... Whew. It's been a while since I focused so hard. I'm quite tired."""	role.conklave_elder	Independent translation from the pinned Japanese GBA script. Preserve original event parameters, protagonist substitutions and page meaning. 
completion.00afe3e4	conklave_elder	長老「約束どおり　そなたの冒険心に応え<LF><TAB>さらなる　ダンジョンへの道を<LF><TAB>今　ひらこうぞ！	"Elder: ""As promised, I shall now reward your adventurous spirit by opening paths to more dungeons!"""	role.conklave_elder,character.castle_john	Independent translation from the pinned Japanese GBA script. Preserve original event parameters, protagonist substitutions and page meaning. 
completion.00afe43c	conklave_elder	長老「ついに　封印されていた　村の民が<LF><TAB>みな　もどってきた！<LF><TAB>なんと　うれしいことじゃ！	"Elder: ""At last, all our sealed-away villagers have returned! What a joy!"""	role.conklave_elder	Independent translation from the pinned Japanese GBA script. Preserve original event parameters, protagonist substitutions and page meaning. 
completion.00b03f44	conklave_village	＊「封印されてる間　ずっと<LF><TAB>道具屋をやってた　おかみさんと<LF><TAB>ふたりきりで　こわかったんですよ～。	"???: ""I was trapped alone with the item shop lady the whole time. It was frightening!"""		Independent translation from the pinned Japanese GBA script. Preserve original event parameters, protagonist substitutions and page meaning.  Anonymous speaker remains ???.
completion.00b03fa8	conklave_village	＊「こうして　また　長老さまの<LF><TAB>お世話が出来て　幸せです。	"???: ""I'm happy to be looking after the elder again."""	role.conklave_elder	Independent translation from the pinned Japanese GBA script. Preserve original event parameters, protagonist substitutions and page meaning.  Anonymous speaker remains ???.
completion.00b0d378	conklave_village	＊「ダンナが　いっちまって<LF><TAB>やめることにしたのさ。<LF><TAB>来てもらったのに　悪かったねえ。	"???: ""When my husband was taken, I decided to close. Sorry you came all this way."""		Independent translation from the pinned Japanese GBA script. Preserve original event parameters, protagonist substitutions and page meaning. Avoid claiming he died; later sources establish rescue from imprisonment. Anonymous speaker remains ???.
completion.00b0d3d0	conklave_village	＊「昔はここで<LF><TAB>道具屋を　やってたんだけどね。	"???: ""I used to run an item shop here."""		Independent translation from the pinned Japanese GBA script. Preserve original event parameters, protagonist substitutions and page meaning.  Anonymous speaker remains ???.
completion.00b162f0	conklave_village	ジョー「道具屋の　オヤジは　まだ<LF><TAB>助け出されてねえようですな。	"Joe: ""Looks like the item shop owner still hasn't been rescued."""	character.conklave_joe	Independent translation from the pinned Japanese GBA script. Preserve original event parameters, protagonist substitutions and page meaning. 
completion.00b16358	conklave_village	＊「時には　魔王の命令にだって<LF><TAB>そむく魔物も　いるんですから……。	"???: ""Some monsters even defy the Demon King's orders..."""	lore.demon_king	Independent translation from the pinned Japanese GBA script. Preserve original event parameters, protagonist substitutions and page meaning.  Anonymous speaker remains ???.
completion.00b1639c	conklave_village	＊「私たちは　ごらんの通り　魔物ですが<LF><TAB>だからといって　悪い生き物じゃ<LF><TAB>ありませんのよ。	"???: ""As you can see, we are monsters. But that doesn't make us evil creatures."""		Independent translation from the pinned Japanese GBA script. Preserve original event parameters, protagonist substitutions and page meaning.  Anonymous speaker remains ???.
completion.00b219ac	castle_town	＊「こんにちは。　グレートバレイナの<LF><TAB>城下町へ　ようこそ。	"???: ""Hello. Welcome to the castle town of Great Baleina."""		Independent translation from the pinned Japanese GBA script. Preserve original event parameters, protagonist substitutions and page meaning.  Anonymous speaker remains ???.
completion.00b21a30	castle_town	＊「きれいな　お花を　ながめていると<LF><TAB>心が　安らぎますものね。	"???: ""Looking at beautiful flowers brings peace to the heart, doesn't it?"""		Independent translation from the pinned Japanese GBA script. Preserve original event parameters, protagonist substitutions and page meaning.  Anonymous speaker remains ???.
completion.00b21a70	castle_town	＊「教会の外の　お花の手入れも<LF><TAB>私たち　シスターの　たいせつな<LF><TAB>仕事のひとつですわ。	"???: ""Tending the flowers outside the church is an important part of our work as sisters."""		Independent translation from the pinned Japanese GBA script. Preserve original event parameters, protagonist substitutions and page meaning.  Anonymous speaker remains ???.
completion.00b21b10	castle_town	＊「今ごろ　港は　出店で<LF><TAB>にぎわってんだろうよ。	"???: ""The harbor must be bustling with stalls by now."""		Independent translation from the pinned Japanese GBA script. Preserve original event parameters, protagonist substitutions and page meaning.  Anonymous speaker remains ???.
completion.00b21b44	castle_town	＊「南の　港町コスタリベラに<LF><TAB>船が　帰ってきたんだってな。	"???: ""I hear a ship has returned to Costa Libera, the port to the south."""	place.journey.00873188	Independent translation from the pinned Japanese GBA script. Preserve original event parameters, protagonist substitutions and page meaning.  Anonymous speaker remains ???.
completion.00b21bc0	castle_town	＊「あれほど　王妃さまを<LF><TAB>いちずに愛する王さまは　どこの国にも<LF><TAB>おらんじゃろうて。	"???: ""No king in any land could love his queen more devotedly."""	role.king,role.queen	Independent translation from the pinned Japanese GBA script. Preserve original event parameters, protagonist substitutions and page meaning.  Anonymous speaker remains ???.
completion.00b21c14	castle_town	＊「わしゃ　長いこと　お城に　<LF><TAB>お仕えしてきたもんじゃが……	"???: ""I served at the castle for many years, but..."""		Independent translation from the pinned Japanese GBA script. Preserve original event parameters, protagonist substitutions and page meaning.  Anonymous speaker remains ???.
completion.00b21c9c	castle_town	＊「ボクの犬の　マイキーのこと<LF><TAB>バカにするんだもん。<LF><TAB>いくじなしだって……。	"???: ""He makes fun of my dog Mikey. Calls him a coward..."""	character.mikey	Independent translation from the pinned Japanese GBA script. Preserve original event parameters, protagonist substitutions and page meaning.  Anonymous speaker remains ???.
completion.00b21cec	castle_town	＊「お城の　王子さまなんて<LF><TAB>大キライだよ！	"???: ""I hate that prince!"""	role.prince	Independent translation from the pinned Japanese GBA script. Preserve original event parameters, protagonist substitutions and page meaning.  Anonymous speaker remains ???.
completion.00b21d38	castle_town	マイキー「ワンワン！<LF><TAB>く～ん　く～ん。	"Mikey: ""Woof, woof! Whine, whine..."""	character.mikey	Independent translation from the pinned Japanese GBA script. Preserve original event parameters, protagonist substitutions and page meaning. 
completion.00b21d88	castle_town	＊「なんでも　王妃さまが<LF><TAB>病気で　大変だとか……。	"???: ""I hear the queen is terribly ill..."""	role.queen	Independent translation from the pinned Japanese GBA script. Preserve original event parameters, protagonist substitutions and page meaning.  Anonymous speaker remains ???.
completion.00b21dbc	castle_town	＊「あっ　お城に　行くんですか？<LF><TAB>旅の人だから　知らないでしょうけど<LF><TAB>今　行っても　入れませんよ。	"???: ""Oh, going to the castle? You may not know, being a traveler, but they won't let you in."""		Independent translation from the pinned Japanese GBA script. Preserve original event parameters, protagonist substitutions and page meaning.  Anonymous speaker remains ???.
completion.00b21e30	castle_town	＊「王妃さまが　ご病気だなんて<LF><TAB>お気の毒にねえ。　とっても<LF><TAB>おやさしくて　きれいな方なのに。	"???: ""The poor queen, falling ill. She's such a kind and beautiful lady."""	role.queen	Independent translation from the pinned Japanese GBA script. Preserve original event parameters, protagonist substitutions and page meaning.  Anonymous speaker remains ???.
completion.00b21ea8	castle_town	＊「あんたも　かかわり合いには<LF><TAB>ならないほうが　身のためだよ。	"???: ""You'd do well to stay out of it yourself."""		Independent translation from the pinned Japanese GBA script. Preserve original event parameters, protagonist substitutions and page meaning.  Anonymous speaker remains ???.
completion.00b21ee8	castle_town	＊「王さまも　しょうがないお方だよ。<LF><TAB>王妃さまに何かあるたびに　兵士たちに<LF><TAB>無理をいって　困らせるんだから。	"???: ""Honestly! Whenever the queen has a problem, the king makes impossible demands of his soldiers."""	role.king,role.queen	Independent translation from the pinned Japanese GBA script. Preserve original event parameters, protagonist substitutions and page meaning.  Anonymous speaker remains ???.
completion.00b21fa0	castle_town	ダグラス「あんた　もしや　商売人かい。<LF><TAB>店は　もってるのか？　もし店員を<LF><TAB>さがす時は　声をかけてくれよなっ。	"Douglas: ""You a merchant? Got a shop? If you ever need someone to run it, give me a shout!"""	character.douglas	Independent translation from the pinned Japanese GBA script. Preserve original event parameters, protagonist substitutions and page meaning. 
completion.00b22010	castle_town	ダグラス「でも　いつかは　店をまかされて<LF><TAB>ひとり立ちするつもり　だったから<LF><TAB>その夢が　すてきれなくてさあ……。	"Douglas: ""But I always meant to run a shop on my own one day. I can't give up that dream..."""	character.douglas	Independent translation from the pinned Japanese GBA script. Preserve original event parameters, protagonist substitutions and page meaning. 
completion.00b22080	castle_town	＊「オレは　ダグラス　ってんだが<LF><TAB>店屋のオヤジに　クビにされてよう<LF><TAB>ここの　ご婦人に　ひろわれたんだ。	"???: ""I'm Douglas. The shop owner fired me, and the lady here took me in."""	character.douglas	Independent translation from the pinned Japanese GBA script. Preserve original event parameters, protagonist substitutions and page meaning.  Anonymous speaker remains ???.
completion.00b220e8	castle_town	＊「ト～　ト～　ト～。<LF><TAB>なんだよ　ニワトリの世話を<LF><TAB>ジャマしないでくれよ。	"???: ""Here, chick, chick... What? Don't interrupt me while I'm tending the chickens."""		Independent translation from the pinned Japanese GBA script. Preserve original event parameters, protagonist substitutions and page meaning.  Anonymous speaker remains ???.
completion.00b22154	castle_town	＊「コケッ　コッ　コッ。	"???: ""Cluck, cluck, cluck."""		Independent translation from the pinned Japanese GBA script. Preserve original event parameters, protagonist substitutions and page meaning.  Anonymous speaker remains ???.
completion.00b22190	castle_town	＊「コ～ッ　コッ　コケッ。	"???: ""Cluck, cluck, cluck!"""		Independent translation from the pinned Japanese GBA script. Preserve original event parameters, protagonist substitutions and page meaning.  Anonymous speaker remains ???.
completion.00b221fc	castle_town	ミーコ「にゃんにゃんにゃん！	"Miko: ""Meow, meow, meow!"""	character.miko	Independent translation from the pinned Japanese GBA script. Preserve original event parameters, protagonist substitutions and page meaning. 
completion.00b22304	castle_town	＊「王妃さまが　元気になったそうですね。<LF><TAB>これで　また　兵士やってる<LF><TAB>友人のところに　遊びに行けますよ。	"???: ""The queen's well again, I hear. Now I can visit my soldier friend once more."""	role.queen	Independent translation from the pinned Japanese GBA script. Preserve original event parameters, protagonist substitutions and page meaning.  Anonymous speaker remains ???.
completion.00b22380	castle_town	＊「お城の様子が　もとどおりに<LF><TAB>なったようだね。　やれやれ<LF><TAB>王さまも　人さわがせだよ。	"???: ""Things seem back to normal at the castle. Whew. The king does make a fuss."""	role.king	Independent translation from the pinned Japanese GBA script. Preserve original event parameters, protagonist substitutions and page meaning.  Anonymous speaker remains ???.
completion.00b223f0	castle_town	＊「トルネコさんとやら　あんた<LF><TAB>王に　別荘を　もらったそうじゃな。<LF><TAB>ええのう。　ほんに　ええのう。	"???: ""You must be Torneko. I hear the king gave you a villa. Lucky you. Very lucky indeed."""	torneko	Independent translation from the pinned Japanese GBA script. Preserve original event parameters, protagonist substitutions and page meaning.  Anonymous speaker remains ???.
completion.00b22454	castle_town	＊「わしゃ　長いこと　お城に<LF><TAB>お仕えしてきたもんじゃが……	"???: ""I served at the castle for many years, but..."""		Independent translation from the pinned Japanese GBA script. Preserve original event parameters, protagonist substitutions and page meaning.  Anonymous speaker remains ???.
completion.00b224e8	castle_town	＊「え？　お金が　おちてたの？<LF><TAB>ふ～ん　そうだったんだ。<LF><TAB>オジさん　正直者だね。	"???: ""Huh? You found some money? Oh, I see. You're an honest man."""		Independent translation from the pinned Japanese GBA script. Preserve original event parameters, protagonist substitutions and page meaning.  Anonymous speaker remains ???.
completion.00b2253c	castle_town	＊「な～んだ。	"???: ""Oh, is that all?"""		Independent translation from the pinned Japanese GBA script. Preserve original event parameters, protagonist substitutions and page meaning.  Anonymous speaker remains ???.
completion.00b2254c	castle_town	＊「ねえ　井戸の中に　なにか<LF><TAB>あったの？	"???: ""Hey, was there something down the well?"""		Independent translation from the pinned Japanese GBA script. Preserve original event parameters, protagonist substitutions and page meaning.  Anonymous speaker remains ???.
completion.00b22578	castle_town	＊「ボクの　マイキーが<LF><TAB>この井戸のまわり　ばっかり<LF><TAB>歩きたがるんだ。　どうしたんだろ？	"???: ""Mikey only wants to walk around this well. What's got into him?"""	character.mikey	Independent translation from the pinned Japanese GBA script. Preserve original event parameters, protagonist substitutions and page meaning.  Anonymous speaker remains ???.
completion.00b22698	castle_town	マイキー「ワワワン　ワン！	"Mikey: ""Woof, woof, woof!"""	character.mikey	Independent translation from the pinned Japanese GBA script. Preserve original event parameters, protagonist substitutions and page meaning. 
completion.00b2273c	castle_town	＊「お花の　香りが　してくると<LF><TAB>とても　いい気分になりますわね。	"???: ""The scent of flowers makes you feel so good, doesn't it?"""		Independent translation from the pinned Japanese GBA script. Preserve original event parameters, protagonist substitutions and page meaning.  Anonymous speaker remains ???.
completion.00b22848	castle_town	＊「あ　あら　私ったら　何を<LF><TAB>言ってるのかしら？　ほほほほほ。	"???: ""Oh, goodness! What am I saying? Ho ho ho!"""		Independent translation from the pinned Japanese GBA script. Preserve original event parameters, protagonist substitutions and page meaning.  Anonymous speaker remains ???.
completion.00b22888	castle_town	＊「でも　いいわ。　あの男も<LF><TAB>ちゃんとした仕事に　つけば<LF><TAB>きっと　私を……	"???: ""But never mind. Once he has a proper job, I'm sure he'll..."""		Independent translation from the pinned Japanese GBA script. Preserve original event parameters, protagonist substitutions and page meaning.  Anonymous speaker remains ???.
completion.00b228d4	castle_town	＊「あなた　トルネコさんでしょ？<LF><TAB>これというのも　あなたが　ダグラスを<LF><TAB>やとったせいよ。　クスン。	"???: ""You're Torneko, aren't you? This is all because you hired Douglas. Sniff..."""	torneko,character.douglas	Independent translation from the pinned Japanese GBA script. Preserve original event parameters, protagonist substitutions and page meaning.  Anonymous speaker remains ???.
completion.00b22938	castle_town	＊「せっかく　いい男……　いえ<LF><TAB>いい　世話係だったのに　残念だわ。	"???: ""Such a fine man... I mean, such a good caretaker. What a shame."""		Independent translation from the pinned Japanese GBA script. Preserve original event parameters, protagonist substitutions and page meaning.  Anonymous speaker remains ???.
completion.00b2297c	castle_town	＊「どこか　自分を　やとってくれるお店を<LF><TAB>さがすんですって。	"???: ""He said he'd look for a shop willing to hire him."""		Independent translation from the pinned Japanese GBA script. Preserve original event parameters, protagonist substitutions and page meaning.  Anonymous speaker remains ???.
completion.00b229bc	castle_town	＊「あなた　トルネコさんでしょ。<LF><TAB>ダグラスだったら　出て行ったわよ。	"???: ""You're Torneko, aren't you? If you're after Douglas, he's left."""	torneko,character.douglas	Independent translation from the pinned Japanese GBA script. Preserve original event parameters, protagonist substitutions and page meaning.  Anonymous speaker remains ???.
completion.00b22a04	castle_town	＊「ああっ　大切なくつに<LF><TAB>ニワトリの　フンが……。	"???: ""Argh! Chicken droppings on my precious shoes..."""		Independent translation from the pinned Japanese GBA script. Preserve original event parameters, protagonist substitutions and page meaning.  Anonymous speaker remains ???.
completion.00b22a38	castle_town	＊「き～っ！　どうして　この私が<LF><TAB>ニワトリの　世話なんて　しなくちゃ<LF><TAB>いけないの！？	"???: ""Eek! Why should I have to look after chickens?!"""		Independent translation from the pinned Japanese GBA script. Preserve original event parameters, protagonist substitutions and page meaning.  Anonymous speaker remains ???.
completion.00b22ad0	castle_town	＊「ただ今　魔物を警戒中のため<LF><TAB>お城には　入れないんだよ。<LF><TAB>さあ　港町へ　お帰り。	"???: ""We're on alert for monsters. You can't enter the castle. Go back to the port town."""		Independent translation from the pinned Japanese GBA script. Preserve original event parameters, protagonist substitutions and page meaning.  Anonymous speaker remains ???.
completion.00b22b24	castle_town	＊「おや　ボウヤ　こんな時に<LF><TAB>ひとりで　何をしてるんだい？	"???: ""Oh, little boy. What are you doing alone at a time like this?"""		Independent translation from the pinned Japanese GBA script. Preserve original event parameters, protagonist substitutions and page meaning.  Anonymous speaker remains ???.
completion.00b22c50	castle_town	＊「こ　これは　失礼しました！<LF><TAB>さあ　どうぞ　こちらへ！	"???: ""F-forgive me! Please, come this way!"""		Independent translation from the pinned Japanese GBA script. Preserve original event parameters, protagonist substitutions and page meaning.  Anonymous speaker remains ???.
completion.00b22c8c	castle_town	＊「え？　父親の　トルネコさんに<LF><TAB>会いに来たって？　そ　それでは<LF><TAB>キミが　息子のポポロどの？	"???: ""Huh? You've come to see your father, Torneko? Th-then you must be his son, Tipper!"""	torneko,enemy_tipper	Independent translation from the pinned Japanese GBA script. Preserve original event parameters, protagonist substitutions and page meaning.  Anonymous speaker remains ???.
completion.00b22d6c	castle_town	＊「おお　$tどの！<LF><TAB>ごくろうさまです。<LF><TAB>こちらは　異常ありません！	"???: ""Ah, $t! Thank you for your hard work. All is well here!"""	torneko,enemy_tipper	Independent translation from the pinned Japanese GBA script. Preserve original event parameters, protagonist substitutions and page meaning.  Anonymous speaker remains ???.
completion.00b22dc8	castle_town	＊「この花が　すべて　枯れる頃には……<LF><TAB>…ああっ！　私ったら<LF><TAB>なんて　不吉なことを！	"???: ""By the time all these flowers wither... Oh! What an ominous thing to say!"""		Independent translation from the pinned Japanese GBA script. Preserve original event parameters, protagonist substitutions and page meaning.  Anonymous speaker remains ???.
completion.00b22e20	castle_town	＊「ここの花たちも　邪悪な空気のせいで<LF><TAB>元気がないようですわ……。	"???: ""Even the flowers seem weakened by this evil air..."""		Independent translation from the pinned Japanese GBA script. Preserve original event parameters, protagonist substitutions and page meaning.  Anonymous speaker remains ???.
completion.00b22e74	castle_town	＊「わしゃ　長いこと　お城につとめて<LF><TAB>せいいっぱい　働いてきたんじゃ。<LF><TAB>もう　思い残すことは　ないわい。	"???: ""I worked my hardest at the castle for many years. I have no regrets left."""		Independent translation from the pinned Japanese GBA script. Preserve original event parameters, protagonist substitutions and page meaning.  Anonymous speaker remains ???.
completion.00b22f28	castle_town	＊「コッ　コッ　コッ……。	"???: ""Cluck, cluck, cluck..."""		Independent translation from the pinned Japanese GBA script. Preserve original event parameters, protagonist substitutions and page meaning.  Anonymous speaker remains ???.
completion.00b22f64	castle_town	＊「コッ……　コケコッ……。	"???: ""Cluck... Cluck-cluck..."""		Independent translation from the pinned Japanese GBA script. Preserve original event parameters, protagonist substitutions and page meaning.  Anonymous speaker remains ???.
completion.00b22f94	castle_town	＊「なんだか　井戸の底から<LF><TAB>物音が　するのよ。<LF><TAB>魔物じゃないだろうねえ。	"???: ""I hear noises from the bottom of the well. I hope it's not a monster."""		Independent translation from the pinned Japanese GBA script. Preserve original event parameters, protagonist substitutions and page meaning.  Anonymous speaker remains ???.
completion.00b23000	castle_town	＊「あなた方は　この国の英雄ね！<LF><TAB>ステキよ。	"???: ""You're the heroes of this kingdom! Wonderful!"""		Independent translation from the pinned Japanese GBA script. Preserve original event parameters, protagonist substitutions and page meaning.  Anonymous speaker remains ???.
completion.00b23040	castle_town	＊「なんたって　平和がいちばん！<LF><TAB>平和より　おいしいものなんか<LF><TAB>ないんだからね。	"???: ""Peace is best of all! Nothing tastes sweeter than peace."""		Independent translation from the pinned Japanese GBA script. Preserve original event parameters, protagonist substitutions and page meaning.  Anonymous speaker remains ???.
completion.00b230a4	castle_town	＊「最近　ヨメのやつが　まずいもんばかり<LF><TAB>作るでのう。　お城の　ごちそうが<LF><TAB>楽しみじゃよ。	"???: ""My daughter-in-law's cooking has been awful lately. I look forward to the castle feast."""		Independent translation from the pinned Japanese GBA script. Preserve original event parameters, protagonist substitutions and page meaning. Older former castle servant's ヨメ interpreted as daughter-in-law in household context. Anonymous speaker remains ???.
completion.00b23118	castle_town	＊「本当に　ありがとうございました。	"???: ""Thank you so very much."""		Independent translation from the pinned Japanese GBA script. Preserve original event parameters, protagonist substitutions and page meaning.  Anonymous speaker remains ???.
completion.00b23140	castle_town	＊「おかげさまで　病気がなおって<LF><TAB>このとおり　起きて　外にも<LF><TAB>出られたんですよ。	"???: ""Thanks to you, I'm well again. I can get out of bed and come outside now."""		Independent translation from the pinned Japanese GBA script. Preserve original event parameters, protagonist substitutions and page meaning.  Anonymous speaker remains ???.
completion.00b231b4	castle_town	ミーコ「にゃ～ん。	"Miko: ""Meow..."""	character.miko	Independent translation from the pinned Japanese GBA script. Preserve original event parameters, protagonist substitutions and page meaning. 
completion.00b231e0	castle_town	＊「いいな～　ボクも<LF><TAB>見たかったなあ～。	"???: ""Lucky you! I wish I could have seen him, too."""		Independent translation from the pinned Japanese GBA script. Preserve original event parameters, protagonist substitutions and page meaning.  Anonymous speaker remains ???.
completion.00b2320c	castle_town	＊「ねえねえ　ヘルジャスティスって<LF><TAB>どんな　ヤツだったの？	"???: ""Hey, what was Hell Justice like?"""	enemy_hell_justice	Independent translation from the pinned Japanese GBA script. Preserve original event parameters, protagonist substitutions and page meaning.  Anonymous speaker remains ???.
completion.00b23258	castle_town	マイキー「く～ん　く～ん！	"Mikey: ""Whine, whine!"""	character.mikey	Independent translation from the pinned Japanese GBA script. Preserve original event parameters, protagonist substitutions and page meaning. 
completion.00b23294	castle_town	＊「いや　トルネコさんは<LF><TAB>さすが　商人の　カガミですな！<LF><TAB>あっぱれ　あっぱれ！	"???: ""Torneko, you're a shining example to merchants everywhere! Well done!"""	torneko	Independent translation from the pinned Japanese GBA script. Preserve original event parameters, protagonist substitutions and page meaning.  Anonymous speaker remains ???.
completion.00b232fc	castle_town	＊「どうぞ　城内へお入りください。	"???: ""Please, enter the castle."""		Independent translation from the pinned Japanese GBA script. Preserve original event parameters, protagonist substitutions and page meaning.  Anonymous speaker remains ???.
completion.00b23320	castle_town	＊「おや　どこへ　行かれるのです？<LF><TAB>ネネどのや　皆と話されたのなら<LF><TAB>祝典も　始まる頃でしょう。	"???: ""Oh, where are you going? If you've spoken to Tessie and everyone, the celebration should start soon."""		Independent translation from the pinned Japanese GBA script. Preserve original event parameters, protagonist substitutions and page meaning.  Anonymous speaker remains ???.
completion.00b23398	castle_town	＊「また　闇のキリだか　なんだかに<LF><TAB>おそわれるより　ずっと<LF><TAB>マシですもの。	"???: ""It's much better than being attacked by that dark mist again."""		Independent translation from the pinned Japanese GBA script. Preserve original event parameters, protagonist substitutions and page meaning.  Anonymous speaker remains ???.
completion.00b233e4	castle_town	＊「こうなったら　もう　ずっと<LF><TAB>ニワトリの世話番でも<LF><TAB>オッケーですわ。	"???: ""I wouldn't mind looking after chickens forever now."""		Independent translation from the pinned Japanese GBA script. Preserve original event parameters, protagonist substitutions and page meaning.  Anonymous speaker remains ???.
completion.00b2344c	castle_town	＊「コケ　ケッケッケッ！	"???: ""Cluck! Cluck-cluck-cluck!"""		Independent translation from the pinned Japanese GBA script. Preserve original event parameters, protagonist substitutions and page meaning.  Anonymous speaker remains ???.
completion.00b23488	castle_town	＊「コッコッコッコ……。	"???: ""Cluck, cluck, cluck, cluck..."""		Independent translation from the pinned Japanese GBA script. Preserve original event parameters, protagonist substitutions and page meaning.  Anonymous speaker remains ???.
completion.00b234c4	castle_town	＊「こんにちは。　ここは<LF><TAB>グレートバレイナの　城下町よ。	"???: ""Hello. This is the castle town of Great Baleina."""		Independent translation from the pinned Japanese GBA script. Preserve original event parameters, protagonist substitutions and page meaning.  Anonymous speaker remains ???.
completion.00b23540	castle_town	＊「あら　$tさん。<LF><TAB>今日も　いい天気ですわね。	"???: ""Oh, $t. Another fine day, isn't it?"""	torneko,enemy_tipper	Independent translation from the pinned Japanese GBA script. Preserve original event parameters, protagonist substitutions and page meaning.  Anonymous speaker remains ???.
completion.00b235c0	castle_town	＊「しかし　お城の祝典で　いろんな料理に<LF><TAB>まざって　出ていた　へんなものより<LF><TAB>だいぶ　マシかもしれんのう。	"???: ""Still, it's better than some of the strange things served among the dishes at the castle feast."""		Independent translation from the pinned Japanese GBA script. Preserve original event parameters, protagonist substitutions and page meaning.  Anonymous speaker remains ???.
completion.00b2362c	castle_town	＊「最近　ヨメのやつが　まずいもんばかり<LF><TAB>作るでのう。　まいったわい。	"???: ""My daughter-in-law's cooking has been awful lately. What a nuisance."""		Independent translation from the pinned Japanese GBA script. Preserve original event parameters, protagonist substitutions and page meaning. Same household relation as 00B230A4. Anonymous speaker remains ???.
completion.00b23774	castle_town	＊「さあ～　かわいい　ニワトリちゃん。<LF><TAB>ごはんの　時間ですわよ。	"???: ""Come along, dear little chickens. It's feeding time!"""		Independent translation from the pinned Japanese GBA script. Preserve original event parameters, protagonist substitutions and page meaning.  Anonymous speaker remains ???.
completion.00b2c1b8	castle_church	＊「ママの　王妃さまが　病気だからって<LF><TAB>泣くなんて　男の子なのに<LF><TAB>いくじなしだよね。	"???: ""Crying just because his mom, the queen, is sick! What a coward, and he's a boy, too."""	role.queen	Independent translation from the pinned Japanese GBA script. Preserve original event parameters, protagonist substitutions and page meaning. Preserve the child's unkind gendered teasing as characterization, not narrator endorsement. Anonymous speaker remains ???.
completion.00b2c210	castle_church	＊「あたし　見ちゃった。<LF><TAB>王子さまが　お城の前の<LF><TAB>お花畑で　泣いてたの。	"???: ""I saw him! The prince was crying in the flower bed outside the castle."""	role.prince	Independent translation from the pinned Japanese GBA script. Preserve original event parameters, protagonist substitutions and page meaning.  Anonymous speaker remains ???.
completion.00b2c26c	castle_church	＊「教会へ　ようこそ。<LF><TAB>旅のご無事を　お祈りしますわ。	"???: ""Welcome to the church. We pray for your safe travels."""		Independent translation from the pinned Japanese GBA script. Preserve original event parameters, protagonist substitutions and page meaning.  Anonymous speaker remains ???.
completion.00b2c2dc	castle_church	＊「私に　できるのは　ただ　夫のために<LF><TAB>お祈りすること…　さがしものが<LF><TAB>見つかって　早く帰れますように。	"???: ""All I can do is pray for my husband... May he find what he's looking for and return soon."""		Independent translation from the pinned Japanese GBA script. Preserve original event parameters, protagonist substitutions and page meaning.  Anonymous speaker remains ???.
completion.00b2c348	castle_church	＊「私の夫は　王さまの　つかいで<LF><TAB>港町まで　行っておりますの。	"???: ""My husband has gone to the port town on the king's business."""	role.king	Independent translation from the pinned Japanese GBA script. Preserve original event parameters, protagonist substitutions and page meaning.  Anonymous speaker remains ???.
completion.00b2c430	castle_church	＊「男の子なのに　いくじなしだよね。	"???: ""What a coward, and he's a boy, too."""		Independent translation from the pinned Japanese GBA script. Preserve original event parameters, protagonist substitutions and page meaning. Retain the child's teasing, not a narrator judgment. Anonymous speaker remains ???.
completion.00b2c458	castle_church	＊「でも　飼い主の　ジョンは<LF><TAB>兵士のオジさんに　おこられるのが<LF><TAB>いやだから　だまってたんだよ。	"???: ""But his owner, John, kept quiet because he didn't want the soldiers to scold him."""	character.castle_john	Independent translation from the pinned Japanese GBA script. Preserve original event parameters, protagonist substitutions and page meaning.  Anonymous speaker remains ???.
completion.00b2c4b8	castle_church	＊「あたし　見ちゃった。<LF><TAB>犬の　マイキーが　お城の花畑に<LF><TAB>ウンチ　しちゃったの。	"???: ""I saw it! Mikey the dog pooed in the castle flower bed."""	character.mikey	Independent translation from the pinned Japanese GBA script. Preserve original event parameters, protagonist substitutions and page meaning.  Anonymous speaker remains ???.
completion.00b2c554	castle_church	＊「きっと　神さまに　私の　祈りが通じて<LF><TAB>あなた方を　お呼びくださったのね。<LF><TAB>ありがとうございました。	"???: ""Our god must have heard my prayers and sent you. Thank you."""		Independent translation from the pinned Japanese GBA script. Preserve original event parameters, protagonist substitutions and page meaning.  Anonymous speaker remains ???.
completion.00b2c5bc	castle_church	＊「お城で　兵士長をしております<LF><TAB>私の夫が　無事に　港町から<LF><TAB>もどって来ましたの！	"???: ""My husband, the castle's captain, has returned safely from the port town!"""	role.captain	Independent translation from the pinned Japanese GBA script. Preserve original event parameters, protagonist substitutions and page meaning.  Anonymous speaker remains ???.
completion.00b2c6a8	castle_church	＊「最近　ジョンも　犬のマイキーも<LF><TAB>見かけないの。　魔物に<LF><TAB>食べられちゃったのかなあ。	"???: ""I haven't seen John or his dog Mikey lately. Did the monsters eat them?"""	character.mikey,character.castle_john	Independent translation from the pinned Japanese GBA script. Preserve original event parameters, protagonist substitutions and page meaning. Speculative child dialogue, not confirmation of their deaths. Anonymous speaker remains ???.
completion.00b2c740	castle_church	＊「お城で　兵士長をつとめる夫が<LF><TAB>仕事を　まっとうできるよう<LF><TAB>お祈りしております。	"???: ""I pray that my husband, the castle's captain, can fulfill his duty."""	role.captain	Independent translation from the pinned Japanese GBA script. Preserve original event parameters, protagonist substitutions and page meaning.  Anonymous speaker remains ???.
completion.00b2c7dc	castle_church	＊「トルネコさん　ポポロさん<LF><TAB>本当に　おつかれさまでした。<LF><TAB>これからも　神の　ご加護を……。	"???: ""Torneko, Tipper, thank you for all you've done. May divine protection stay with you..."""	torneko,enemy_tipper	Independent translation from the pinned Japanese GBA script. Preserve original event parameters, protagonist substitutions and page meaning.  Anonymous speaker remains ???.
completion.00b2c83c	castle_church	＊「どんな人の　心の中にも　神は<LF><TAB>おわします。　だからこそ　自分を<LF><TAB>守るのは　自分自身なのです。	"???: ""Our god dwells in every heart. That is why each of us must protect ourselves."""		Independent translation from the pinned Japanese GBA script. Preserve original event parameters, protagonist substitutions and page meaning.  Anonymous speaker remains ???.
completion.00b2c8d8	castle_church	＊「たまには　神さまとか　信じてみるのも<LF><TAB>いいかと　思ってな。	"???: ""I thought it might be good to try believing in a god for once."""		Independent translation from the pinned Japanese GBA script. Preserve original event parameters, protagonist substitutions and page meaning.  Anonymous speaker remains ???.
completion.00b2c918	castle_church	＊「考えてみりゃ　オレらって　いつも<LF><TAB>酒ばっか飲んで　気軽に<LF><TAB>生きてきたけどよお。	"???: ""Come to think of it, we've spent our lives drinking and taking things easy."""		Independent translation from the pinned Japanese GBA script. Preserve original event parameters, protagonist substitutions and page meaning.  Anonymous speaker remains ???.
completion.00b2c9a4	castle_church	＊「大丈夫かなあ　ボクら……。	"???: ""Will we be all right...?"""		Independent translation from the pinned Japanese GBA script. Preserve original event parameters, protagonist substitutions and page meaning.  Anonymous speaker remains ???.
completion.00b2c9c4	castle_church	＊「でも　神さまって　トルネコさんとか<LF><TAB>行いのいい人を　守ってくれるんじゃ<LF><TAB>ないのかなあ。	"???: ""But doesn't a god protect good people, like Torneko?"""	torneko	Independent translation from the pinned Japanese GBA script. Preserve original event parameters, protagonist substitutions and page meaning.  Anonymous speaker remains ???.
completion.00b2ca78	castle_church	＊「$tさん<LF><TAB>本当に　おつかれさまでした。<LF><TAB>これからも　神の　ご加護を……。	"???: ""$t, thank you for all you've done. May divine protection stay with you..."""	torneko,enemy_tipper	Independent translation from the pinned Japanese GBA script. Preserve original event parameters, protagonist substitutions and page meaning.  Anonymous speaker remains ???.
completion.00ae93f0	shared_repeats	＊「あいつの両親　ヘルジャスティスに<LF><TAB>やられちまったんだよ……。　だから<LF><TAB>家族ができて　よかったよな。	"???: ""Hell Justice killed his parents... It's good that he's found a family now."""	enemy_hell_justice	Independent translation from the pinned Japanese GBA script. Preserve original event parameters, protagonist substitutions and page meaning. Exact Japanese match to our independent translation in translations/story-completion.json, completion.00adfdbc. No external patch text used. Anonymous speaker remains ???.
completion.00ae9458	shared_repeats	＊「コロッピのやつ　人間の家で<LF><TAB>暮らしてるんだって？	"???: ""I hear Koroppi's living with a human?"""	character.koroppi	Independent translation from the pinned Japanese GBA script. Preserve original event parameters, protagonist substitutions and page meaning. Exact Japanese match to our independent translation in translations/story-completion.json, completion.00adfe24. No external patch text used. Anonymous speaker remains ???.
completion.00af30b0	shared_repeats	なにやら　ぎっしりと　書かれているが<LF>内容は　理解できなかった……。	It's covered in writing, but none of it makes sense...		Independent translation from the pinned Japanese GBA script. Preserve original event parameters, protagonist substitutions and page meaning. Exact Japanese match to our independent translation in translations/story-completion.json, completion.00ae915c. No external patch text used.
completion.00af30f4	shared_repeats	$tは　カベのはり紙を見た。	$t looked at the notice on the wall.	torneko,enemy_tipper	Independent translation from the pinned Japanese GBA script. Preserve original event parameters, protagonist substitutions and page meaning. Exact Japanese match to our independent translation in translations/story-completion.json, completion.00ae91a0. No external patch text used.
completion.00bc8ed4	shared_repeats	むずかしそうな本が<LF>ぎっしりと　並べられている。	The shelves are packed with difficult-looking books.		Independent translation from the pinned Japanese GBA script. Preserve original event parameters, protagonist substitutions and page meaning. Exact Japanese match to our independent translation in translations/story-completion.json, completion.00ab930c. No external patch text used.
completion.00c1d854	shared_repeats	旅の扉に入りますか？	Enter the Teleportal?	interface.trap.022	Independent translation from the pinned Japanese GBA script. Preserve original event parameters, protagonist substitutions and page meaning. Exact Japanese match to our independent translation in translations/story-completion.json, completion.00adf4b0. No external patch text used.
completion.00b351d8	castle_town_homes	＊「大丈夫かしら……。	"???: ""Will this be all right...?"""		Independent translation from the pinned Japanese GBA script. Preserve original event parameters, protagonist substitutions and page meaning.  Anonymous speaker remains ???.
completion.00b351f0	castle_town_homes	＊「新しく　ニワトリの世話係を<LF><TAB>やとったんだけど　なんだか<LF><TAB>やばんな　ニオイがするわ。	"???: ""I've hired a new chicken keeper, but there's something rather wild about him."""		Independent translation from the pinned Japanese GBA script. Preserve original event parameters, protagonist substitutions and page meaning.  Anonymous speaker remains ???.
completion.00b352d8	castle_town_homes	＊「おはようございます。<LF><TAB>ゆっくり　お休みでしたね。<LF><TAB>では　いってらっしゃいまし。	"???: ""Good morning. You had a good rest. Have a pleasant day."""		Independent translation from the pinned Japanese GBA script. Preserve original event parameters, protagonist substitutions and page meaning.  Anonymous speaker remains ???.
completion.00b3532c	castle_town_homes	＊「では　おやすみなさいませ。	"???: ""Good night, then."""		Independent translation from the pinned Japanese GBA script. Preserve original event parameters, protagonist substitutions and page meaning.  Anonymous speaker remains ???.
completion.00b3534c	castle_town_homes	＊「では　また　おいでくださいまし。	"???: ""Please come again."""		Independent translation from the pinned Japanese GBA script. Preserve original event parameters, protagonist substitutions and page meaning.  Anonymous speaker remains ???.
completion.00b35374	castle_town_homes	＊「いらっしゃいませ。<LF><TAB>お泊りですか？	"???: ""Welcome. Will you be staying the night?"""		Independent translation from the pinned Japanese GBA script. Preserve original event parameters, protagonist substitutions and page meaning.  Anonymous speaker remains ???.
completion.00b35484	castle_town_homes	＊「いらっしゃいませ。<LF><TAB>大変な　ごかつやくでしたね。<LF><TAB>どうぞ　お気をつけて。	"???: ""Welcome. You've done remarkable things. Please take care."""		Independent translation from the pinned Japanese GBA script. Preserve original event parameters, protagonist substitutions and page meaning.  Anonymous speaker remains ???.
completion.00b354ec	castle_town_homes	＊「外は　こわいから<LF><TAB>こうして　家に　こもってるの。	"???: ""It's frightening outside, so I'm staying at home."""		Independent translation from the pinned Japanese GBA script. Preserve original event parameters, protagonist substitutions and page meaning.  Anonymous speaker remains ???.
completion.00b35524	castle_town_homes	＊「こんにちは。　グレートバレイナの<LF><TAB>城下町へ　ようこそ。	"???: ""Hello. Welcome to the castle town of Great Baleina."""		Independent translation from the pinned Japanese GBA script. Preserve original event parameters, protagonist substitutions and page meaning.  Anonymous speaker remains ???.
completion.00b355f0	castle_town_homes	＊「いらっしゃいませ。<LF><TAB>うちの宿に　泊まっていかれますか？	"???: ""Welcome. Would you like to stay at our inn?"""		Independent translation from the pinned Japanese GBA script. Preserve original event parameters, protagonist substitutions and page meaning.  Anonymous speaker remains ???.
completion.00b35714	castle_town_homes	＊「あんたたち　すごいわねぇ～！<LF><TAB>本当に　ありがとね～！	"???: ""You're amazing! Thank you so much!"""		Independent translation from the pinned Japanese GBA script. Preserve original event parameters, protagonist substitutions and page meaning.  Anonymous speaker remains ???.
completion.00b35990	castle_town_homes	ダグラス「ことわっちゃったけど<LF><TAB>あの時は　世話になったよ。	"Douglas: ""I turned it down, but I appreciated the offer."""	character.douglas	Independent translation from the pinned Japanese GBA script. Preserve original event parameters, protagonist substitutions and page meaning. 
completion.00b359cc	castle_town_homes	ダグラス「オレぁ　いぜん　オヤジさんの<LF><TAB>店で　はたらかないかって<LF><TAB>声を　かけられてさ。	"Douglas: ""Your dad once asked if I wanted to work in his shop."""	character.douglas	Independent translation from the pinned Japanese GBA script. Preserve original event parameters, protagonist substitutions and page meaning. 
completion.00b35a24	castle_town_homes	ダグラス「へえ～　ボウヤ<LF><TAB>あの　トルネコさんの　息子かい？	"Douglas: ""Oh! So you're Torneko's son, lad?"""	torneko,character.douglas	Independent translation from the pinned Japanese GBA script. Preserve original event parameters, protagonist substitutions and page meaning. 
completion.00b35a60	castle_town_homes	ダグラス「ヨメも　もらったし<LF><TAB>ここに　おちつくことにしたよ。	"Douglas: ""I've got married, too. I'm settling down here."""	character.douglas	Independent translation from the pinned Japanese GBA script. Preserve original event parameters, protagonist substitutions and page meaning. 
completion.00b35aa0	castle_town_homes	ダグラス「オレも　あちこちの店を<LF><TAB>まわったんだけど　なかなか<LF><TAB>気に入るとこが　なくてさ。	"Douglas: ""I tried all sorts of shops, but couldn't find one I liked."""	character.douglas	Independent translation from the pinned Japanese GBA script. Preserve original event parameters, protagonist substitutions and page meaning. 
completion.00b35afc	castle_town_homes	ダグラス「よお　$tさんじゃねえか！<LF><TAB>あの時は　世話になったなあ。	"Douglas: ""Hey, it's you, $t! Thanks for what you did back then."""	character.douglas,torneko,enemy_tipper	Independent translation from the pinned Japanese GBA script. Preserve original event parameters, protagonist substitutions and page meaning. 
completion.00b3e194	castle_town_homes	＊「とんだ　ウソつきよ！<LF><TAB>あ～あ　もう　帰ろうかな。	"???: ""What a liar! Sigh... Maybe I should go home."""		Independent translation from the pinned Japanese GBA script. Preserve original event parameters, protagonist substitutions and page meaning.  Anonymous speaker remains ???.
completion.00b3e1cc	castle_town_homes	＊「そこの人　王さまの　知り合いだって<LF><TAB>言うから　お仕事を紹介してほしくて<LF><TAB>港町から　ついてきたのに……	"???: ""He said he knew the king, so I followed him from the port, hoping he'd help me find a job..."""	role.king	Independent translation from the pinned Japanese GBA script. Preserve original event parameters, protagonist substitutions and page meaning.  Anonymous speaker remains ???.
completion.00b3e260	castle_town_homes	＊「ズゴ～　ズゴ～！<LF><TAB>う～ん　バニーちゃん<LF><TAB>パフ　パフ　パフ……。	"???: ""Snooore... Mmm, bunny girl... Puff, puff, puff..."""	series_puff_puff	Independent translation from the pinned Japanese GBA script. Preserve original event parameters, protagonist substitutions and page meaning. Series puff-puff allusion; retain the dream's repeated syllables without adding explicit acts. Anonymous speaker remains ???.
completion.00b3e2e4	castle_town_homes	＊「オレは　ウソつきだからって<LF><TAB>フラれちゃったよ。　……これって<LF><TAB>もしかして　夢　じゃないかなあ。	"???: ""She dumped me for being a liar... Could this all be a dream?"""		Independent translation from the pinned Japanese GBA script. Preserve original event parameters, protagonist substitutions and page meaning.  Anonymous speaker remains ???.
completion.00b3e348	castle_town_homes	＊「目が覚めたら　いきなり<LF><TAB>港町からつれてきた　バニーちゃんに<LF><TAB>なぐられてさあ。	"???: ""The moment I woke up, the bunny girl I'd brought from the port punched me."""		Independent translation from the pinned Japanese GBA script. Preserve original event parameters, protagonist substitutions and page meaning.  Anonymous speaker remains ???.
completion.00b3e3d4	castle_town_homes	＊「パフパフ……　じゃねえ<LF><TAB>彼女は　オレが　守ってみせるぜ！	"???: ""Puff-puff... I mean, I'll protect her!"""	series_puff_puff	Independent translation from the pinned Japanese GBA script. Preserve original event parameters, protagonist substitutions and page meaning.  Anonymous speaker remains ???.
completion.00b3e414	castle_town_homes	＊「邪悪な魔物が　なんだってんだ！	"???: ""Evil monsters? Who cares!"""		Independent translation from the pinned Japanese GBA script. Preserve original event parameters, protagonist substitutions and page meaning.  Anonymous speaker remains ???.
completion.00b3e460	castle_town_homes	＊「はあはあ……<LF><TAB>なんだか　息苦しくて……。	"???: ""Wheeze... It's so hard to breathe..."""		Independent translation from the pinned Japanese GBA script. Preserve original event parameters, protagonist substitutions and page meaning.  Anonymous speaker remains ???.
completion.00b3e4c8	castle_town_homes	＊「照れるな～　わはははは～。<LF><TAB>後で　パフパフして<LF><TAB>もらっちゃおうかな～。	"???: ""Aw, you're making me blush! Ha ha ha! Maybe I'll ask her for a puff-puff later."""	series_puff_puff	Independent translation from the pinned Japanese GBA script. Preserve original event parameters, protagonist substitutions and page meaning.  Anonymous speaker remains ???.
completion.00b3e54c	castle_town_homes	＊「見直しちゃったから　しばらく<LF><TAB>つき合ってあげることにしたの。<LF><TAB>ウフフ。	"???: ""I see him in a new light, so I'll stay with him for a while. Hee hee."""		Independent translation from the pinned Japanese GBA script. Preserve original event parameters, protagonist substitutions and page meaning.  Anonymous speaker remains ???.
completion.00b3e598	castle_town_homes	＊「この人ったら　見かけによらず<LF><TAB>闇のキリから　私を　守ってくれようと<LF><TAB>するなんて……。	"???: ""Who'd have thought this man would try to protect me from the dark mist...?"""		Independent translation from the pinned Japanese GBA script. Preserve original event parameters, protagonist substitutions and page meaning.  Anonymous speaker remains ???.
completion.00b3e624	castle_town_homes	＊「照れるな～　わはははは～。<LF><TAB>今夜こそ　パフパフして<LF><TAB>もらっちゃおうかな～。	"???: ""Aw, you're making me blush! Ha ha ha! Maybe tonight I'll finally get a puff-puff."""	series_puff_puff	Independent translation from the pinned Japanese GBA script. Preserve original event parameters, protagonist substitutions and page meaning.  Anonymous speaker remains ???.
completion.00b43688	castle_tavern	＊「いらっしゃいませ～！<LF><TAB>ゆっくり　していってね。	"???: ""Welcome! Make yourself at home."""		Independent translation from the pinned Japanese GBA script. Preserve original event parameters, protagonist substitutions and page meaning.  Anonymous speaker remains ???.
completion.00b436f4	castle_tavern	＊「王妃さまの　ご病気をなおす薬なんて<LF><TAB>さすがに　持ってないしなあ。	"???: ""Even I don't have medicine to cure the queen's illness."""	role.queen	Independent translation from the pinned Japanese GBA script. Preserve original event parameters, protagonist substitutions and page meaning.  Anonymous speaker remains ???.
completion.00b4373c	castle_tavern	＊「いや～　まいりましたよ。<LF><TAB>いつもなら　旅で仕入れた品を<LF><TAB>王さまが　高く買ってくださるのに。	"???: ""What a problem. Usually, the king pays well for the goods I find on my travels."""	role.king	Independent translation from the pinned Japanese GBA script. Preserve original event parameters, protagonist substitutions and page meaning.  Anonymous speaker remains ???.
completion.00b437d4	castle_tavern	＊「でも　あまりに　変わり者で<LF><TAB>皆とうまくやっていけないんで<LF><TAB>町を　出て行ったとか。	"???: ""But she was too eccentric to get along with everyone, so she left town."""		Independent translation from the pinned Japanese GBA script. Preserve original event parameters, protagonist substitutions and page meaning.  Anonymous speaker remains ???.
completion.00b4382c	castle_tavern	＊「そういえば　昔　港町で<LF><TAB>なんでも病気を治す　占いばあさんの<LF><TAB>ウワサを　聞いたことがあるぜ。	"???: ""Come to think of it, I once heard of an old fortune-teller in the port who could cure any illness."""		Independent translation from the pinned Japanese GBA script. Preserve original event parameters, protagonist substitutions and page meaning.  Anonymous speaker remains ???.
completion.00b438bc	castle_tavern	＊「王妃さまって　すごい美人なんだぜ。<LF><TAB>王さまが　夢中になるのも<LF><TAB>無理ないよ。　うん。	"???: ""The queen is a real beauty. No wonder the king is so smitten."""	role.king,role.queen	Independent translation from the pinned Japanese GBA script. Preserve original event parameters, protagonist substitutions and page meaning.  Anonymous speaker remains ???.
completion.00b43954	castle_tavern	＊「あ～　きっと<LF><TAB>楽しいところなんでしょうね～。<LF><TAB>行ってみたいなあ。	"???: ""Oh, it must be such a fun place. I'd love to go."""		Independent translation from the pinned Japanese GBA script. Preserve original event parameters, protagonist substitutions and page meaning.  Anonymous speaker remains ???.
completion.00b4399c	castle_tavern	＊「ねえ　あなた　旅の人でしょ。<LF><TAB>コスタリベラの地下にある<LF><TAB>モンスター闘技場に　行ったことある？	"???: ""You're a traveler, aren't you? Have you been to the Monster arena beneath Costa Libera?"""	interface.dungeon.026,place.journey.00873010,place.journey.00873188	Independent translation from the pinned Japanese GBA script. Preserve original event parameters, protagonist substitutions and page meaning.  Anonymous speaker remains ???.
completion.00b43a38	castle_tavern	＊「そしたら　なぜか　王妃さまの具合が<LF><TAB>悪くなって…　ボク　何か　悪いことを<LF><TAB>したんでしょうか。　とほほ。	"???: ""Then the queen somehow fell ill... Did I do something wrong? Oh, dear..."""	role.queen	Independent translation from the pinned Japanese GBA script. Preserve original event parameters, protagonist substitutions and page meaning.  Anonymous speaker remains ???.
completion.00b43aa4	castle_tavern	＊「この前の　船旅から　もどって　すぐ<LF><TAB>王妃さまが　欲しがっておられた<LF><TAB>銀細工のカガミを　お届けしたんです。	"???: ""As soon as I returned from my last voyage, I delivered the silver mirror the queen wanted."""	role.queen	Independent translation from the pinned Japanese GBA script. Preserve original event parameters, protagonist substitutions and page meaning.  Anonymous speaker remains ???.
completion.00b43bb4	castle_tavern	＊「そんなときは　コイツを　グイッと<LF><TAB>やるのが　いちばんでさあ。	"???: ""At times like that, a good swig of this is just the thing."""		Independent translation from the pinned Japanese GBA script. Preserve original event parameters, protagonist substitutions and page meaning.  Anonymous speaker remains ???.
completion.00b43bf8	castle_tavern	＊「あなたも　なにか　悩んでいそうな<LF><TAB>顔を　してるけど　大丈夫ですかい？	"???: ""You look as if something's troubling you, too. Are you all right?"""		Independent translation from the pinned Japanese GBA script. Preserve original event parameters, protagonist substitutions and page meaning.  Anonymous speaker remains ???.
completion.00b43cd4	castle_tavern	＊「おれって　正直すぎるところが<LF><TAB>ダメなんだよね。<LF><TAB>前の　彼女のときだってさ……。	"???: ""My problem is that I'm too honest. Even with my last girlfriend..."""		Independent translation from the pinned Japanese GBA script. Preserve original event parameters, protagonist substitutions and page meaning.  Anonymous speaker remains ???.
completion.00b43d60	castle_tavern	＊「あなたって　本当に　正直なのね。<LF><TAB>じゃあ　信じてあげるわ。　フフフ。	"???: ""You really are honest. All right, I'll believe you. Hee hee."""		Independent translation from the pinned Japanese GBA script. Preserve original event parameters, protagonist substitutions and page meaning.  Anonymous speaker remains ???.
completion.00b43de4	castle_tavern	＊「あんたの　新しい店員が<LF><TAB>港町で　開店だからって　はりきって<LF><TAB>今朝はやく　出て行ったぜ。	"???: ""Your new shopkeeper left early this morning, all fired up about opening the shop in the port."""		Independent translation from the pinned Japanese GBA script. Preserve original event parameters, protagonist substitutions and page meaning.  Anonymous speaker remains ???.
completion.00b43e40	castle_tavern	＊「おや？　トルネコさんだろ。<LF><TAB>こんなところにいて　いいのかい？	"???: ""Oh? You're Torneko, aren't you? Should you be here?"""	torneko	Independent translation from the pinned Japanese GBA script. Preserve original event parameters, protagonist substitutions and page meaning.  Anonymous speaker remains ???.
completion.00b43ec4	castle_tavern	＊「王妃さま　とっても　若がえって<LF><TAB>さらに　美しくなったんですって？<LF><TAB>いいわねえ～。	"???: ""The queen's grown younger and even more beautiful, they say. Lucky her!"""	role.queen	Independent translation from the pinned Japanese GBA script. Preserve original event parameters, protagonist substitutions and page meaning.  Anonymous speaker remains ???.
completion.00b43fb4	castle_tavern	＊「お城が　平和になったら<LF><TAB>飲みにくる人が　へっちゃいましたよ。<LF><TAB>なんだかなあ。	"???: ""Now things are peaceful at the castle, fewer people come for drinks. Just my luck."""		Independent translation from the pinned Japanese GBA script. Preserve original event parameters, protagonist substitutions and page meaning.  Anonymous speaker remains ???.
completion.00b44070	castle_tavern	＊「いらっしゃいませ。<LF><TAB>私たちのお店は　今日も<LF><TAB>営業してますよ。	"???: ""Welcome. We're open for business today, too."""		Independent translation from the pinned Japanese GBA script. Preserve original event parameters, protagonist substitutions and page meaning.  Anonymous speaker remains ???.
completion.00b440e4	castle_tavern	＊「ちぇっ。<LF><TAB>ひとりで　飲む酒は　まずいなあ。	"???: ""Tch. A drink tastes awful when you're alone."""		Independent translation from the pinned Japanese GBA script. Preserve original event parameters, protagonist substitutions and page meaning.  Anonymous speaker remains ???.
completion.00b4412c	castle_tavern	＊「なんでも　ヘルジャスティスは<LF><TAB>あやしい魔法を　使って　部下の心を<LF><TAB>思い通りに　あやつっているとか。	"???: ""They say Hell Justice uses strange magic to control his followers' minds as he pleases."""	enemy_hell_justice	Independent translation from the pinned Japanese GBA script. Preserve original event parameters, protagonist substitutions and page meaning.  Anonymous speaker remains ???.
completion.00b44194	castle_tavern	＊「あたしゃ　ウワサを聞いたことが<LF><TAB>ありますよ。	"???: ""I've heard a rumor about it."""		Independent translation from the pinned Japanese GBA script. Preserve original event parameters, protagonist substitutions and page meaning.  Anonymous speaker remains ???.
completion.00b44200	castle_tavern	＊「空が　真っ暗になって<LF><TAB>気がついた時には　あの暗いキリに<LF><TAB>おおわれていたんですもの。	"???: ""The sky went black, and before we knew it, that dark mist covered everything."""		Independent translation from the pinned Japanese GBA script. Preserve original event parameters, protagonist substitutions and page meaning.  Anonymous speaker remains ???.
completion.00b44258	castle_tavern	＊「いきなり　だったのよね。<LF><TAB>なんだか　気持ちの悪い風が<LF><TAB>吹いたかと思ったら……	"???: ""It was so sudden. First, a horrible wind blew..."""		Independent translation from the pinned Japanese GBA script. Preserve original event parameters, protagonist substitutions and page meaning.  Anonymous speaker remains ???.
completion.00b442dc	castle_tavern	＊「オレにとっちゃ　この酒が　魔物よ。<LF><TAB>やめたくても　やめられねえのさ。	"???: ""Drink is my monster. I want to stop, but I can't."""		Independent translation from the pinned Japanese GBA script. Preserve original event parameters, protagonist substitutions and page meaning.  Anonymous speaker remains ???.
completion.00b44370	castle_tavern	マリン「それでも　この人　あきらめずに<LF><TAB>ついて来るんだもの……　負けたわ。<LF><TAB>結婚してあげようかしら。	"Marin: ""But he wouldn't give up and followed me here... I surrender. Perhaps I'll marry him."""	character.marin	Independent translation from the pinned Japanese GBA script. Preserve original event parameters, protagonist substitutions and page meaning. Original character's response retained; not a general relationship recommendation.
completion.00b443d8	castle_tavern	マリン「こんな時だから　モンスター闘技場の<LF><TAB>おつとめを　やめて　実家に<LF><TAB>もどってきたの。	"Marin: ""With things like this, I quit my job at the Monster arena and came home to my family."""	interface.dungeon.026,place.journey.00873010,character.marin	Independent translation from the pinned Japanese GBA script. Preserve original event parameters, protagonist substitutions and page meaning. 
completion.00b44464	castle_tavern	＊「男は　なんてったって　押しだよ！<LF><TAB>あんたも　押して　押して<LF><TAB>押しまくれ！	"???: ""A man has to be persistent! You keep pushing, pushing, pushing!"""		Independent translation from the pinned Japanese GBA script. Preserve original event parameters, protagonist substitutions and page meaning. Retain this NPC's pushy advice as characterization. Anonymous speaker remains ???.
completion.00b444ec	castle_tavern	＊「ダグラスは　お料理上手だったのに……<LF><TAB>きい～っ！	"???: ""Douglas was such a good cook... Argh!"""	character.douglas	Independent translation from the pinned Japanese GBA script. Preserve original event parameters, protagonist substitutions and page meaning.  Anonymous speaker remains ???.
completion.00b44524	castle_tavern	＊「まあ　私が　オーナーだっていうのに<LF><TAB>ここの　お食事の　まずさったら<LF><TAB>何なの！？	"???: ""I own this place! How can the food be so awful?!"""		Independent translation from the pinned Japanese GBA script. Preserve original event parameters, protagonist substitutions and page meaning.  Anonymous speaker remains ???.
completion.00b445b0	castle_tavern	＊「お城の　祝典のじゅんびで<LF><TAB>マスターが　お手伝いに<LF><TAB>呼ばれちゃったから。	"???: ""The owner was called away to help prepare the castle celebration."""		Independent translation from the pinned Japanese GBA script. Preserve original event parameters, protagonist substitutions and page meaning.  Anonymous speaker remains ???.
completion.00b445fc	castle_tavern	＊「ごめんなさいね。<LF><TAB>今日は　お休みなの。	"???: ""I'm sorry. We're closed today."""		Independent translation from the pinned Japanese GBA script. Preserve original event parameters, protagonist substitutions and page meaning.  Anonymous speaker remains ???.
completion.00b44650	castle_tavern	＊「すやすや……。	"???: ""...Zzz..."""		Independent translation from the pinned Japanese GBA script. Preserve original event parameters, protagonist substitutions and page meaning.  Anonymous speaker remains ???.
completion.00b446a4	castle_tavern	＊「あら？　あなたには　ここに来るには<LF><TAB>まだ　早いんじゃないかしら？<LF><TAB>ウフフ。	"???: ""Oh? Aren't you a bit young to be coming here? Hee hee."""		Independent translation from the pinned Japanese GBA script. Preserve original event parameters, protagonist substitutions and page meaning.  Anonymous speaker remains ???.
completion.00b446f4	castle_tavern	＊「いらっしゃいませ。<LF><TAB>どうぞ　ごゆっくり。	"???: ""Welcome. Please make yourself at home."""		Independent translation from the pinned Japanese GBA script. Preserve original event parameters, protagonist substitutions and page meaning.  Anonymous speaker remains ???.
completion.00b447bc	castle_tavern	＊「なれない　お城の調理場で<LF><TAB>カタが　こっちゃったな～。<LF><TAB>オレには　ここが　いちばんだよ。	"???: ""Working in that unfamiliar castle kitchen left my shoulders stiff. This is where I belong."""		Independent translation from the pinned Japanese GBA script. Preserve original event parameters, protagonist substitutions and page meaning.  Anonymous speaker remains ???.
completion.00b44850	castle_tavern	＊「あたしだって　たまには<LF><TAB>飲みたいときが　あるのよ。<LF><TAB>グビグビ……。	"???: ""Even I feel like a drink now and then. Gulp, gulp..."""		Independent translation from the pinned Japanese GBA script. Preserve original event parameters, protagonist substitutions and page meaning.  Anonymous speaker remains ???.
completion.00b44898	castle_tavern	＊「あたしみたいな　若い女が<LF><TAB>ひとりで　飲んでちゃ　おかしい？	"???: ""Is it strange for a young woman like me to drink alone?"""		Independent translation from the pinned Japanese GBA script. Preserve original event parameters, protagonist substitutions and page meaning.  Anonymous speaker remains ???.
completion.00b44908	castle_tavern	＊「この町には　合成をできる鍛冶屋が<LF><TAB>いると聞いて　来たんですが<LF><TAB>どこに　いるのかなあ……	"???: ""I came because I heard a blacksmith here can do synthesis. Where could he be?"""	synthesis	Independent translation from the pinned Japanese GBA script. Preserve original event parameters, protagonist substitutions and page meaning. Existing synthesis terminology retained. Anonymous speaker remains ???.
completion.00b449fc	castle_tavern	＊「今度のお休みには　モンスター闘技場に<LF><TAB>行こうかしら。　戦うモンスターを<LF><TAB>見てると　ドキドキしてくるのよね。	"???: ""Maybe I'll visit the Monster arena on my next day off. Watching monsters fight is so exciting."""	interface.dungeon.026,place.journey.00873010	Independent translation from the pinned Japanese GBA script. Preserve original event parameters, protagonist substitutions and page meaning.  Anonymous speaker remains ???.
completion.00b44a9c	castle_tavern	＊「きゅうけい時間に　こういう店に<LF><TAB>出入りできるように　なるとは<LF><TAB>王さまも　おやさしくなったものです。	"???: ""The king has become kinder, letting us visit places like this during our breaks."""	role.king	Independent translation from the pinned Japanese GBA script. Preserve original event parameters, protagonist substitutions and page meaning.  Anonymous speaker remains ???.
completion.00b4e3ec	castle_smith	トビラには　カギがかかっている。<LF>どうやら　外の店員が<LF>出入りするためのものらしい。	The door is locked. It seems to be for the shopkeeper outside to come and go.		Independent translation from the pinned Japanese GBA script. Preserve original event parameters, protagonist substitutions and page meaning. 
completion.00b4e458	castle_smith	“合成屋　創業60年。<LF>一見さん　おことわり”	'Synthesis shop. Established 60 years. No first-time customers.'	synthesis	Independent translation from the pinned Japanese GBA script. Preserve original event parameters, protagonist substitutions and page meaning. Preserve the stated sixty-year business history and introduction-only policy.
completion.00b4e520	castle_smith	＊「りっぱな　学者になるって　お城に<LF><TAB>つとめたのに　結局　やめてしまって。<LF><TAB>何を　考えてるんだか……。	"???: ""He joined the castle to become a great scholar, then quit. What is he thinking...?"""		Independent translation from the pinned Japanese GBA script. Preserve original event parameters, protagonist substitutions and page meaning.  Anonymous speaker remains ???.
completion.00b4e588	castle_smith	＊「うちの　ムスコは　おじいさんの<LF><TAB>あとをついで　鍛冶屋に　なるのを<LF><TAB>いやがってね。	"???: ""My son didn't want to follow his grandfather and become a blacksmith."""		Independent translation from the pinned Japanese GBA script. Preserve original event parameters, protagonist substitutions and page meaning.  Anonymous speaker remains ???.
completion.00b4e5f8	castle_smith	＊「今は　城が　ざわついておって<LF><TAB>気がちって　たまらん。<LF><TAB>また　今度　来るがええ。	"???: ""All that commotion at the castle is distracting me. Come back another time."""		Independent translation from the pinned Japanese GBA script. Preserve original event parameters, protagonist substitutions and page meaning.  Anonymous speaker remains ???.
completion.00b4e64c	castle_smith	＊「フン……。　悪いが　わしゃ<LF><TAB>気分が　のったときにしか<LF><TAB>仕事を　しないんじゃよ。	"???: ""Hmph. Sorry, but I only work when I feel like it."""		Independent translation from the pinned Japanese GBA script. Preserve original event parameters, protagonist substitutions and page meaning.  Anonymous speaker remains ???.
completion.00b4e708	castle_smith	＊「うちの　ドラ息子が　やっと<LF><TAB>おじいさんの仕事を　勉強する気に<LF><TAB>なったみたいなのよ。	"???: ""My good-for-nothing son finally seems ready to learn his grandfather's trade."""		Independent translation from the pinned Japanese GBA script. Preserve original event parameters, protagonist substitutions and page meaning.  Anonymous speaker remains ???.
completion.00b4e778	castle_smith	＊「ええじゃろ。　あんたのためなら<LF><TAB>仕事をしてやるよ。　困った時には<LF><TAB>わしを　たずねて来るがええ。	"???: ""Very well. I'll work for you. Come and see me when you need something."""		Independent translation from the pinned Japanese GBA script. Preserve original event parameters, protagonist substitutions and page meaning.  Anonymous speaker remains ???.
completion.00b4e7dc	castle_smith	＊「フン……。　あんたの　おかげで<LF><TAB>お城が　静かになったようじゃな。	"???: ""Hmph. Thanks to you, things seem quieter at the castle."""		Independent translation from the pinned Japanese GBA script. Preserve original event parameters, protagonist substitutions and page meaning.  Anonymous speaker remains ???.
completion.00b4e83c	castle_smith	サムソン「これからは　心を入れかえて<LF><TAB>鍛冶屋の　仕事を　イチから<LF><TAB>勉強するつもりです。	"Samson: ""I'm turning over a new leaf. I'll learn smithing from the beginning."""	character.samson	Independent translation from the pinned Japanese GBA script. Preserve original event parameters, protagonist substitutions and page meaning. 
completion.00b4e894	castle_smith	サムソン「やあ　トルネコさん！<LF><TAB>昨日は　ありがとうございました。<LF><TAB>おかげで　決心がつきました。	"Samson: ""Hello, Torneko! Thank you for yesterday. You helped me make up my mind."""	torneko,character.samson	Independent translation from the pinned Japanese GBA script. Preserve original event parameters, protagonist substitutions and page meaning. 
completion.00b4e96c	castle_smith	＊「不器用なところも　ありますけど<LF><TAB>まじめに　はたらきますから<LF><TAB>きたえてやって　くださいね。	"???: ""He can be awkward, but he works hard. Please help him learn."""		Independent translation from the pinned Japanese GBA script. Preserve original event parameters, protagonist substitutions and page meaning.  Anonymous speaker remains ???.
completion.00b4e9cc	castle_smith	＊「あいさつが　おくれて　すみませんね。<LF><TAB>サムソンの母です。　このたびは<LF><TAB>息子を　よろしくお願いします。	"???: ""Forgive my late introduction. I'm Samson's mother. Please look after my son."""	character.samson	Independent translation from the pinned Japanese GBA script. Preserve original event parameters, protagonist substitutions and page meaning.  Anonymous speaker remains ???.
completion.00b4ea38	castle_smith	＊「おや　トルネコさん　わざわざ<LF><TAB>うちを　訪ねてくださったのかい？	"???: ""Oh, Torneko. Have you come all this way to visit us?"""	torneko	Independent translation from the pinned Japanese GBA script. Preserve original event parameters, protagonist substitutions and page meaning.  Anonymous speaker remains ???.
completion.00b4eabc	castle_smith	＊「ゴホッ！　ゴホッ！<LF><TAB>この　あたしが　カゼを引くなんて<LF><TAB>天変地異の　前ぶれだよ。	"???: ""Cough! Cough! Me, catching a cold? It must be a sign of disaster."""		Independent translation from the pinned Japanese GBA script. Preserve original event parameters, protagonist substitutions and page meaning.  Anonymous speaker remains ???.
completion.00b4eb40	castle_smith	＊「うん？　どうだい<LF><TAB>大事な武器　持ってきたかね。<LF><TAB>どれどれ……	"???: ""Hmm? Brought your precious weapon? Let me see..."""		Independent translation from the pinned Japanese GBA script. Preserve original event parameters, protagonist substitutions and page meaning.  Anonymous speaker remains ???.
completion.00b4ec14	castle_smith	サムソン「せめて　私も　祖父のウデを<LF><TAB>引きつげればと　ここで　毎日<LF><TAB>修行しています。	"Samson: ""I train here every day, hoping at least to inherit my grandfather's skill."""	character.samson	Independent translation from the pinned Japanese GBA script. Preserve original event parameters, protagonist substitutions and page meaning. 
completion.00b4ec6c	castle_smith	サムソン「やあ　こんにちは。<LF><TAB>$tさん　ご一家には　すっかり<LF><TAB>お世話になりっぱなしですね。	"Samson: ""Hello. I owe so much to you and your family, $t."""	character.samson,torneko,enemy_tipper	Independent translation from the pinned Japanese GBA script. Preserve original event parameters, protagonist substitutions and page meaning. 
completion.00b4ed38	castle_smith	＊「さあ　今夜は　なにを<LF><TAB>作ろうかねえ。	"???: ""Now, what shall I cook tonight?"""		Independent translation from the pinned Japanese GBA script. Preserve original event parameters, protagonist substitutions and page meaning.  Anonymous speaker remains ???.
completion.00b4ed64	castle_smith	＊「お城の　ごちそうより<LF><TAB>うちの　ごはんが　いちばん！	"???: ""Home cooking is better than the castle's fancy food!"""		Independent translation from the pinned Japanese GBA script. Preserve original event parameters, protagonist substitutions and page meaning.  Anonymous speaker remains ???.
completion.00b4edac	castle_smith	＊「ふん……　城の　祝典が終わったら<LF><TAB>大事な武器　もってきな。<LF><TAB>わしが　きたえてやるからよ。	"???: ""Hmph. Bring your precious weapon after the castle celebration. I'll strengthen it for you."""		Independent translation from the pinned Japanese GBA script. Preserve original event parameters, protagonist substitutions and page meaning.  Anonymous speaker remains ???.
completion.00b4ee24	castle_smith	サムソン「おかげさまで　祖父も　さらに<LF><TAB>やる気を出して　日夜　ボクを<LF><TAB>きたえてくれてますよ。　ははは…。	"Samson: ""Thanks to you, Grandfather is more eager than ever. He trains me day and night. Ha ha..."""	character.samson	Independent translation from the pinned Japanese GBA script. Preserve original event parameters, protagonist substitutions and page meaning. 
completion.00b4ee90	castle_smith	サムソン「やあ　トルネコさん！<LF><TAB>それに　息子さんも　すごい<LF><TAB>かつやく　でしたね！	"Samson: ""Hello, Torneko! You and your son did such remarkable things!"""	torneko,character.samson	Independent translation from the pinned Japanese GBA script. Preserve original event parameters, protagonist substitutions and page meaning. 
completion.00b4ef84	castle_smith	＊「さあ　わしの　気が変わらぬうちに<LF><TAB>用件を　言ってくんな。	"???: ""Come on, tell me what you want before I change my mind."""		Independent translation from the pinned Japanese GBA script. Preserve original event parameters, protagonist substitutions and page meaning.  Anonymous speaker remains ???.
completion.00b4efc4	castle_smith	＊「ふん……　わしは　ただの　鍛冶屋じゃ<LF><TAB>ないぞ。　このウデで　長いこと<LF><TAB>合成を　手がけてきた。	"???: ""Hmph. I'm no ordinary blacksmith. I've practiced synthesis with these hands for years."""	synthesis	Independent translation from the pinned Japanese GBA script. Preserve original event parameters, protagonist substitutions and page meaning.  Anonymous speaker remains ???.
completion.00b4f040	castle_smith	サムソン「この国を　すくってくださった<LF><TAB>トルネコさんたちへの　ご恩は<LF><TAB>一生忘れません。	"Samson: ""I'll never forget what you and your family did to save this kingdom, Torneko."""	torneko,character.samson	Independent translation from the pinned Japanese GBA script. Preserve original event parameters, protagonist substitutions and page meaning. 
completion.00b58440	castle_town_homes	『ネコの飼い方』<LF>ネコの世話や　遊ばせ方について<LF>くわしく書かれている。	'Keeping a Cat'<LF>It explains in detail how to care for cats and play with them.		Independent translation from the pinned Japanese GBA script. Preserve original event parameters, protagonist substitutions and page meaning. Project book title, not an external publication.
completion.00b58534	castle_town_homes	＊「どなたか　知りませんが<LF><TAB>もし　ミーコを　見つけてくださったら<LF><TAB>お礼をいたしますわ。	"???: ""I don't know who you are, but if you find Miko, I'll reward you."""	character.miko	Independent translation from the pinned Japanese GBA script. Preserve original event parameters, protagonist substitutions and page meaning.  Anonymous speaker remains ???.
completion.00b5858c	castle_town_homes	＊「ああ　私のかわいい　ミーコや<LF><TAB>どこに　行ったのかしらねえ？	"???: ""Oh, my sweet Miko. Where could you have gone?"""	character.miko	Independent translation from the pinned Japanese GBA script. Preserve original event parameters, protagonist substitutions and page meaning.  Anonymous speaker remains ???.
completion.00b58684	castle_town_homes	＊「ミーコは　私の<LF><TAB>大切な家族　なんですよ。<LF><TAB>本当に　ありがとうございました。	"???: ""Miko is a precious member of my family. Thank you so very much."""	character.miko	Independent translation from the pinned Japanese GBA script. Preserve original event parameters, protagonist substitutions and page meaning.  Anonymous speaker remains ???.
completion.00b586d4	castle_town_homes	＊「まあ　残念ですわ。　持ち物が<LF><TAB>いっぱいでしたのね。　ぜひまた<LF><TAB>後で　おいでくださいな。	"???: ""Oh, what a shame. Your bag is full. Please do come back later."""		Independent translation from the pinned Japanese GBA script. Preserve original event parameters, protagonist substitutions and page meaning.  Anonymous speaker remains ???.
completion.00b58730	castle_town_homes	＊「亡くなった　おじいさんが<LF><TAB>集めていた　めずらしいメダルですわ。<LF><TAB>さあ　どうぞ。	"???: ""A rare medal my late husband collected. Here, take it."""		Independent translation from the pinned Japanese GBA script. Preserve original event parameters, protagonist substitutions and page meaning. Source calls it a medal; inventory reward identity remains in the event/item table. Anonymous speaker remains ???.
completion.00b58784	castle_town_homes	＊「ありがとうございました。　お礼に<LF><TAB>これを　さしあげましょう。	"???: ""Thank you. Please accept this as your reward."""		Independent translation from the pinned Japanese GBA script. Preserve original event parameters, protagonist substitutions and page meaning.  Anonymous speaker remains ???.
completion.00b587c8	castle_town_homes	＊「あら　人ちがいかしら？<LF><TAB>ごめんなさいね。	"???: ""Oh, have I mistaken you for someone else? I'm sorry."""		Independent translation from the pinned Japanese GBA script. Preserve original event parameters, protagonist substitutions and page meaning.  Anonymous speaker remains ???.
completion.00b587f8	castle_town_homes	＊「おお　あなたは　きっと<LF><TAB>私の　かわいい　ミーコを<LF><TAB>助けてくださった方ですね？	"???: ""Oh, you must be the one who saved my sweet Miko, aren't you?"""	character.miko	Independent translation from the pinned Japanese GBA script. Preserve original event parameters, protagonist substitutions and page meaning.  Anonymous speaker remains ???.
completion.00b58874	castle_town_homes	ミーコ「にゃんにゃんにゃん！	"Miko: ""Meow, meow, meow!"""	character.miko	Independent translation from the pinned Japanese GBA script. Preserve original event parameters, protagonist substitutions and page meaning. 
completion.00b5896c	castle_town_homes	ミーコ「にゃ～ん。	"Miko: ""Meow..."""	character.miko	Independent translation from the pinned Japanese GBA script. Preserve original event parameters, protagonist substitutions and page meaning. 
completion.00b589a8	castle_town_homes	＊「おや　どなたさま　だったかしら？<LF><TAB>ごめんなさいね。　最近<LF><TAB>物忘れが　ひどくて。	"???: ""Oh, who were you again? I'm sorry. I've been so forgetful lately."""		Independent translation from the pinned Japanese GBA script. Preserve original event parameters, protagonist substitutions and page meaning.  Anonymous speaker remains ???.
completion.00b5f3c0	castle_town_homes	いろいろな調味料が<LF>ぎっしりと　並べられている。	The shelves are packed with all sorts of seasonings.		Independent translation from the pinned Japanese GBA script. Preserve original event parameters, protagonist substitutions and page meaning. 
completion.00b5f3f0	castle_town_homes	$tは　戸だなを　調べた。	$t examined the cupboard.	torneko,enemy_tipper	Independent translation from the pinned Japanese GBA script. Preserve original event parameters, protagonist substitutions and page meaning. 
completion.00b5f424	castle_town_homes	きれいな食器が<LF>ぎっしりと　並べられている。	The shelves are packed with lovely dishes.		Independent translation from the pinned Japanese GBA script. Preserve original event parameters, protagonist substitutions and page meaning. 
completion.00b5f560	castle_town_homes	＊「王妃さまだったら　きっと<LF><TAB>おそうじなんて　しなくていいのよね。<LF><TAB>うらやましいな～。	"???: ""The queen surely never has to clean. Lucky her!"""	role.queen	Independent translation from the pinned Japanese GBA script. Preserve original event parameters, protagonist substitutions and page meaning.  Anonymous speaker remains ???.
completion.00b5f5b8	castle_town_homes	＊「ふう……　おそうじって<LF><TAB>つかれるわ！	"???: ""Whew... Cleaning is exhausting!"""		Independent translation from the pinned Japanese GBA script. Preserve original event parameters, protagonist substitutions and page meaning.  Anonymous speaker remains ???.
completion.00b5f60c	castle_town_homes	＊「うと　うと……。	"???: ""...Zzz..."""		Independent translation from the pinned Japanese GBA script. Preserve original event parameters, protagonist substitutions and page meaning.  Anonymous speaker remains ???.
completion.00b5f6c4	castle_town_homes	＊「王妃さまだったら　きっと<LF><TAB>食事なんて　作らなくていいのよね。<LF><TAB>うらやましいな～。	"???: ""The queen surely never has to cook. Lucky her!"""	role.queen	Independent translation from the pinned Japanese GBA script. Preserve original event parameters, protagonist substitutions and page meaning.  Anonymous speaker remains ???.
completion.00b5f71c	castle_town_homes	＊「ふう……　食事のしたくって<LF><TAB>つかれるわ！	"???: ""Whew... Preparing meals is exhausting!"""		Independent translation from the pinned Japanese GBA script. Preserve original event parameters, protagonist substitutions and page meaning.  Anonymous speaker remains ???.
completion.00b5f77c	castle_town_homes	＊「夫は　また　宿屋のバーへ行ってるし<LF><TAB>息子のジョンも　どこかへ行ってるし<LF><TAB>うちの男どもは　いったい　なんなの！	"???: ""My husband's back at the inn's bar, and John's gone off! What's with the men in this family?!"""	character.castle_john	Independent translation from the pinned Japanese GBA script. Preserve original event parameters, protagonist substitutions and page meaning.  Anonymous speaker remains ???.
completion.00b5f848	castle_town_homes	＊「あの世からの　お迎えなら　いいけど<LF><TAB>魔物の　お迎えなんて　いやですよ。<LF><TAB>くわばら　くわばら。	"???: ""The next world may come to fetch me, but I don't want monsters doing it. Heaven preserve us!"""		Independent translation from the pinned Japanese GBA script. Preserve original event parameters, protagonist substitutions and page meaning.  Anonymous speaker remains ???.
completion.00b5f8dc	castle_town_homes	＊「祝典を　見に行くんだけど<LF><TAB>なにを　着ていこうかしら？	"???: ""I'm going to watch the celebration. What should I wear?"""		Independent translation from the pinned Japanese GBA script. Preserve original event parameters, protagonist substitutions and page meaning.  Anonymous speaker remains ???.
completion.00b5f978	castle_town_homes	＊「あなたたちの　おかげですよ。<LF><TAB>ありがとう　ありがとう……。	"???: ""It's all thanks to you. Thank you, thank you..."""		Independent translation from the pinned Japanese GBA script. Preserve original event parameters, protagonist substitutions and page meaning.  Anonymous speaker remains ???.
completion.00b5f9b8	castle_town_homes	＊「ああ　これで　やっと<LF><TAB>闇からではなく　あの世からの<LF><TAB>お迎えに　来てもらえそうだわ。	"???: ""Ah, now the next world can come for me in its own time, instead of the darkness."""		Independent translation from the pinned Japanese GBA script. Preserve original event parameters, protagonist substitutions and page meaning.  Anonymous speaker remains ???.
completion.00b5fa40	castle_town_homes	＊「ええと　祝典の　あの料理って<LF><TAB>こんな感じだったかしら……？	"???: ""Let's see... Was that dish at the celebration something like this...?"""		Independent translation from the pinned Japanese GBA script. Preserve original event parameters, protagonist substitutions and page meaning.  Anonymous speaker remains ???.
completion.00b64198	castle_well	ミーコ「にゃ～ん……。	"Miko: ""Meow..."""	character.miko	Independent translation from the pinned Japanese GBA script. Preserve original event parameters, protagonist substitutions and page meaning. 
completion.00b641b0	castle_well	どうやら　井戸に落ちてきて<LF>出られなくなってしまったようだ。<LF>助けてあげますか？	She seems to have fallen into the well and become trapped.<LF>Help her out?		Independent translation from the pinned Japanese GBA script. Preserve original event parameters, protagonist substitutions and page meaning. Named cat Miko; rescue question preserved.
completion.00b64200	castle_well	ミーコ「ふにゃお～ん……。	"Miko: ""Meeooow..."""	character.miko	Independent translation from the pinned Japanese GBA script. Preserve original event parameters, protagonist substitutions and page meaning. 
completion.00b6426c	castle_well	＊「し～っ！　静かに。<LF><TAB>魔物に　気づかれちゃうじゃないかっ。	"???: ""Shh! Quiet! The monsters will hear us!"""		Independent translation from the pinned Japanese GBA script. Preserve original event parameters, protagonist substitutions and page meaning.  Anonymous speaker remains ???.
completion.00b642bc	castle_well	マイキー「わうわうっ！	"Mikey: ""Woof, woof!"""	character.mikey	Independent translation from the pinned Japanese GBA script. Preserve original event parameters, protagonist substitutions and page meaning. 
completion.00b6f98c	tipper_shrine	＊「やあ　ポポロ　じゃないか。<LF><TAB>ひとりで　外を　歩き回って<LF><TAB>だいじょうぶなのかい。	"???: ""Oh, Tipper. Are you sure it's safe to wander outside on your own?"""	enemy_tipper	Independent translation from the pinned Japanese GBA script. Preserve original event parameters, protagonist substitutions and page meaning.  Anonymous speaker remains ???.
completion.00b6f9f8	tipper_shrine	＊「いくら　トルネコさんの　息子でも<LF><TAB>族長さまの　ゆるしがなけりゃ<LF><TAB>通すわけには　いかないな。	"???: ""Even Torneko's son can't pass without the chief's permission."""	torneko	Independent translation from the pinned Japanese GBA script. Preserve original event parameters, protagonist substitutions and page meaning.  Anonymous speaker remains ???.
completion.00b6fa58	tipper_shrine	＊「ここは　われら　バリナボの民の<LF><TAB>神聖な　ほこら。	"???: ""This is the sacred shrine of our people of Barinabo."""	place.barinabo	Independent translation from the pinned Japanese GBA script. Preserve original event parameters, protagonist substitutions and page meaning.  Anonymous speaker remains ???.
completion.00b6fde4	tipper_shrine	＊「オレたち　バリナボの民が　再び<LF><TAB>この世界の　案内人として<LF><TAB>役に立てて　うれしいよ。	"???: ""I'm glad we people of Barinabo can serve as guides to this world once again."""	place.barinabo	Independent translation from the pinned Japanese GBA script. Preserve original event parameters, protagonist substitutions and page meaning.  Anonymous speaker remains ???.
completion.00b6fe3c	tipper_shrine	＊「そうか　真実のトビラが<LF><TAB>開かれる時が　来たんだな。	"???: ""I see. The time has come for the Gate of Truth to open."""	lore.gate_of_truth	Independent translation from the pinned Japanese GBA script. Preserve original event parameters, protagonist substitutions and page meaning.  Anonymous speaker remains ???.
completion.00b6fe8c	tipper_shrine	＊「きっと　トルネコさんのもとに<LF><TAB>たどりつけるよう　祈ってるぞ。<LF><TAB>がんばれよ。	"???: ""I'll pray that you reach Torneko. Keep going!"""	torneko	Independent translation from the pinned Japanese GBA script. Preserve original event parameters, protagonist substitutions and page meaning.  Anonymous speaker remains ???.
completion.00b6fedc	tipper_shrine	＊「地下の　右奥深くの　トビラを<LF><TAB>調べれば　神々の星を<LF><TAB>はめこむことが　できるだろう。	"???: ""Examine the door deep on the right underground. You should be able to fit the Star of the Gods into it."""	lore.star_of_the_gods	Independent translation from the pinned Japanese GBA script. Preserve original event parameters, protagonist substitutions and page meaning. Preserve underground right-hand route; do not substitute the earlier left route. Anonymous speaker remains ???.
completion.00bc8e54	lighthouse_house	『海竜さまと灯台』<LF>海竜島の伝説が　子どもにも<LF>わかりやすく　書かれた本だ。	'The Sea Dragon and the Lighthouse'<LF>This book tells Sea Dragon Isle's legends in words even children can understand.	place.journey.0087310c,lore.sea_dragon	Independent translation from the pinned Japanese GBA script. Preserve original event parameters, protagonist substitutions and page meaning. Project book title; original island legend, not an outside publication.
completion.00bc8f34	lighthouse_house	カベには　地図が　かけられている。<LF>中央　左の方に　小さく描かれたものが<LF>この島のようだ。	A map hangs on the wall. The small island drawn to the left of center seems to be this one.		Independent translation from the pinned Japanese GBA script. Preserve original event parameters, protagonist substitutions and page meaning. 
completion.00bc908c	lighthouse_house	＊「今日のおかずは　何にしようかねえ。<LF><TAB>竜のタテガミで作った　パンは<LF><TAB>おいしく焼けたけど……。	"???: ""What shall I cook today? The bread made with Dragon's mane came out nicely, but..."""	bread,lore.dragons_mane	Independent translation from the pinned Japanese GBA script. Preserve original event parameters, protagonist substitutions and page meaning.  Anonymous speaker remains ???.
completion.00bc9124	lighthouse_house	＊「魔物が住み着いたりしたら　それこそ<LF><TAB>二度と　聖なる炎を　灯すことは<LF><TAB>できなくなるからってな。	"???: ""He says if monsters settled there, the sacred flame could never be lit again."""	lore.sea_dragon_flame	Independent translation from the pinned Japanese GBA script. Preserve original event parameters, protagonist substitutions and page meaning.  Anonymous speaker remains ???.
completion.00bc9188	lighthouse_house	＊「そいつの兄キは　今でも　ガンコに<LF><TAB>炎の祭壇を　守ってるんだよ。	"???: ""His brother still stubbornly guards the flame's altar."""		Independent translation from the pinned Japanese GBA script. Preserve original event parameters, protagonist substitutions and page meaning.  Anonymous speaker remains ???.
completion.00bc9224	lighthouse_house	＊「彼は　私の兄なんです。<LF><TAB>ああ見えても　根っから<LF><TAB>マジメな男なんですよ。	"???: ""He's my brother. Despite appearances, he's a serious man through and through."""		Independent translation from the pinned Japanese GBA script. Preserve original event parameters, protagonist substitutions and page meaning.  Anonymous speaker remains ???.
completion.00bc9270	lighthouse_house	＊「……な～んて<LF><TAB>そんなこと　起きるわけないよね。	"???: ""...Well, not that anything like that could happen."""		Independent translation from the pinned Japanese GBA script. Preserve original event parameters, protagonist substitutions and page meaning.  Anonymous speaker remains ???.
completion.00bc92a4	lighthouse_house	＊「そうですか。　では　もし　あなたが<LF><TAB>聖なる炎を　とりもどせたなら<LF><TAB>ぜひ　兄のところに　届けてください。	"???: ""I see. If you do recover the sacred flame, please take it to my brother."""	lore.sea_dragon_flame	Independent translation from the pinned Japanese GBA script. Preserve original event parameters, protagonist substitutions and page meaning.  Anonymous speaker remains ???.
completion.00bc9310	lighthouse_house	＊「灯台守の男に　会いましたか？	"???: ""Have you met the lighthouse keeper?"""	role.lighthouse_keeper	Independent translation from the pinned Japanese GBA script. Preserve original event parameters, protagonist substitutions and page meaning.  Anonymous speaker remains ???.
completion.00bc941c	lighthouse_house	＊「今では　地下に　埋もれていますが<LF><TAB>その　奥深くに　神の聖なる炎が<LF><TAB>封印されているとの　言い伝えですよ。	"???: ""They're buried underground now, but legend says the god's sacred flame is sealed deep within."""	lore.sea_dragon_flame	Independent translation from the pinned Japanese GBA script. Preserve original event parameters, protagonist substitutions and page meaning.  Anonymous speaker remains ???.
completion.00bc9488	lighthouse_house	＊「この島の北には　なん百年も昔<LF><TAB>まだ　島が栄えていたころの<LF><TAB>遺跡があります。	"???: ""North of this island are ruins from hundreds of years ago, when the island still prospered."""		Independent translation from the pinned Japanese GBA script. Preserve original event parameters, protagonist substitutions and page meaning.  Anonymous speaker remains ???.
completion.00bc94d8	lighthouse_house	＊「ならば　可能性はあるかもしれん。<LF><TAB>悪魔によって　封印された　神の炎の<LF><TAB>ゆくえを　お教えしましょう。	"???: ""Then perhaps there is hope. I'll tell you where to find the divine flame sealed away by a fiend."""		Independent translation from the pinned Japanese GBA script. Preserve original event parameters, protagonist substitutions and page meaning.  Anonymous speaker remains ???.
completion.00bc9540	lighthouse_house	＊「おや　旅の人ですかな？<LF><TAB>……ふ～む。　あなたは<LF><TAB>よい目をしておられる。	"???: ""Oh, a traveler? ...Hmm. You have good, honest eyes."""		Independent translation from the pinned Japanese GBA script. Preserve original event parameters, protagonist substitutions and page meaning.  Anonymous speaker remains ???.
completion.00bc960c	lighthouse_house	＊「よく　眠れたかえ？<LF><TAB>また　いつでも　来なされよ。	"???: ""Did you sleep well? Come back any time."""		Independent translation from the pinned Japanese GBA script. Preserve original event parameters, protagonist substitutions and page meaning.  Anonymous speaker remains ???.
completion.00bc9644	lighthouse_house	＊「では　ごゆっくり……。	"???: ""Rest well, then..."""		Independent translation from the pinned Japanese GBA script. Preserve original event parameters, protagonist substitutions and page meaning.  Anonymous speaker remains ???.
completion.00bc9660	lighthouse_house	＊「おや　そうかい。<LF><TAB>じゃあ　休みたくなったら<LF><TAB>また　いつでも　来なされよ。	"???: ""Oh, I see. Come back whenever you feel like resting."""		Independent translation from the pinned Japanese GBA script. Preserve original event parameters, protagonist substitutions and page meaning.  Anonymous speaker remains ???.
completion.00bc96b0	lighthouse_house	＊「よかったら　休んでいくかえ？	"???: ""Would you like to rest here?"""		Independent translation from the pinned Japanese GBA script. Preserve original event parameters, protagonist substitutions and page meaning.  Anonymous speaker remains ???.
completion.00bc96d4	lighthouse_house	＊「おやまあ　こんな所へ<LF><TAB>よく　おいでなすったね。	"???: ""Oh, my. Welcome! You've come quite a way."""		Independent translation from the pinned Japanese GBA script. Preserve original event parameters, protagonist substitutions and page meaning.  Anonymous speaker remains ???.
completion.00bc9778	lighthouse_house	＊「あんたも　言われただろ？<LF><TAB>まったく　ムカつくよなっ。	"???: ""He said it to you too, didn't he? Really gets on your nerves!"""		Independent translation from the pinned Japanese GBA script. Preserve original event parameters, protagonist substitutions and page meaning.  Anonymous speaker remains ???.
completion.00bc97b4	lighthouse_house	＊「となりの　エラそうな　オヤジ<LF><TAB>オレには　聖火を　取りもどすのは<LF><TAB>無理だと　ぬかしやがった！	"???: ""That pompous man next door said I could never recover the sacred flame!"""		Independent translation from the pinned Japanese GBA script. Preserve original event parameters, protagonist substitutions and page meaning.  Anonymous speaker remains ???.
completion.00bc994c	lighthouse_house	＊「これで　きっと<LF><TAB>竜のタテガミも　たくさん<LF><TAB>実るようになるよ。	"???: ""Now the Dragon's mane will surely grow in abundance again."""	lore.dragons_mane	Independent translation from the pinned Japanese GBA script. Preserve original event parameters, protagonist substitutions and page meaning.  Anonymous speaker remains ???.
completion.00bc9990	lighthouse_house	＊「おやまあ　海竜の聖火って<LF><TAB>本当に　あったんだねえ！	"???: ""Oh, my! The Sea Dragon's sacred flame really does exist!"""	lore.sea_dragon_flame	Independent translation from the pinned Japanese GBA script. Preserve original event parameters, protagonist substitutions and page meaning.  Anonymous speaker remains ???.
completion.00bc9a00	lighthouse_house	＊「その気持ちが　　きっと<LF><TAB>竜の神さまにも　通じたんだよ<LF><TAB>なあ　あんた！	"???: ""I'm sure those feelings reached the dragon god, too. Right, dear?"""		Independent translation from the pinned Japanese GBA script. Preserve original event parameters, protagonist substitutions and page meaning.  Anonymous speaker remains ???.
completion.00bc9a8c	lighthouse_house	＊「いや～　兄を見直しましたよ。<LF><TAB>ありがとう。	"???: ""I see my brother in a whole new light. Thank you."""		Independent translation from the pinned Japanese GBA script. Preserve original event parameters, protagonist substitutions and page meaning.  Anonymous speaker remains ???.
completion.00bc9abc	lighthouse_house	＊「ボク　じつは　灯台守の兄のこと<LF><TAB>時代おくれだし　マジメで<LF><TAB>つまらない男って思ってたんです。	"???: ""To be honest, I thought my brother, the keeper, was just an old-fashioned, serious bore."""	role.lighthouse_keeper	Independent translation from the pinned Japanese GBA script. Preserve original event parameters, protagonist substitutions and page meaning.  Anonymous speaker remains ???.
completion.00bc9b1c	lighthouse_house	＊「なんと　本当にあったんですね。<LF><TAB>海竜さまの聖火って。	"???: ""So the Sea Dragon's sacred flame really did exist."""	lore.sea_dragon,lore.sea_dragon_flame	Independent translation from the pinned Japanese GBA script. Preserve original event parameters, protagonist substitutions and page meaning.  Anonymous speaker remains ???.
completion.00bc9b78	lighthouse_house	＊「にゃっ！？<LF><TAB>ゴロゴロゴロ……。	"???: ""Meow?! Purrr..."""		Independent translation from the pinned Japanese GBA script. Preserve original event parameters, protagonist substitutions and page meaning.  Anonymous speaker remains ???.
completion.00bc9c84	lighthouse_house	＊「さあ　急いで最上階の祭壇へ！<LF><TAB>あなたが　お持ちなら　魔物に<LF><TAB>うばわれることもないでしょう。	"???: ""Hurry to the altar on the top floor! In your hands, the flame should be safe from monsters."""		Independent translation from the pinned Japanese GBA script. Preserve original event parameters, protagonist substitutions and page meaning.  Anonymous speaker remains ???.
completion.00bc9ce4	lighthouse_house	＊「な～に　ただ　その炎を<LF><TAB>祭壇へと近づければ<LF><TAB>自然とみちびかれるのですよ。	"???: ""Just bring the flame close to the altar. You'll be guided naturally."""		Independent translation from the pinned Japanese GBA script. Preserve original event parameters, protagonist substitutions and page meaning.  Anonymous speaker remains ???.
completion.00bc9d34	lighthouse_house	＊「え？　灯台の祭壇への<LF><TAB>炎のささげ方？	"???: ""Huh? How do you offer the flame at the lighthouse altar?"""		Independent translation from the pinned Japanese GBA script. Preserve original event parameters, protagonist substitutions and page meaning.  Anonymous speaker remains ???.
completion.00bc9d60	lighthouse_house	＊「う～む！　いや　すばらしい！<LF><TAB>私の目に　まちがいは<LF><TAB>なかったようですな。	"???: ""Hmm! Wonderful! It seems I judged you correctly."""		Independent translation from the pinned Japanese GBA script. Preserve original event parameters, protagonist substitutions and page meaning.  Anonymous speaker remains ???.
completion.00bc9dc0	lighthouse_house	＊「ほんに　よかったねえ。<LF><TAB>さあ　早く　祭壇に炎を<LF><TAB>灯しておくれ。	"???: ""That's wonderful. Now hurry and light the flame on the altar."""		Independent translation from the pinned Japanese GBA script. Preserve original event parameters, protagonist substitutions and page meaning.  Anonymous speaker remains ???.
completion.00bc9e6c	lighthouse_house	＊「…………なんだよ　話しかけるなよ。<LF><TAB>今　忙しいんだからよ。	"???: ""...What? Don't talk to me. I'm busy."""		Independent translation from the pinned Japanese GBA script. Preserve original event parameters, protagonist substitutions and page meaning.  Anonymous speaker remains ???.
completion.00bc9fec	lighthouse_house	＊「ごめんよ。　うちの者に<LF><TAB>食べさせる分しか　残ってないのよ。<LF><TAB>また今度　来ておくれ。	"???: ""Sorry. There's only enough left for my family. Come back another time."""		Independent translation from the pinned Japanese GBA script. Preserve original event parameters, protagonist substitutions and page meaning.  Anonymous speaker remains ???.
completion.00bca044	lighthouse_house	＊「おや？　トルネコさんも　このパンが<LF><TAB>ほしいのかい？	"???: ""Oh? Would you like this bread too, Torneko?"""	bread,torneko	Independent translation from the pinned Japanese GBA script. Preserve original event parameters, protagonist substitutions and page meaning.  Anonymous speaker remains ???.
completion.00bca07c	lighthouse_house	＊「竜のタテガミが<LF><TAB>よく育つようになった　おかげで<LF><TAB>パンの味も　よくなったみたいねえ。	"???: ""Now the Dragon's mane grows so well, the bread seems to taste better, too."""	bread,lore.dragons_mane	Independent translation from the pinned Japanese GBA script. Preserve original event parameters, protagonist substitutions and page meaning.  Anonymous speaker remains ???.
completion.00bca0d4	lighthouse_house	＊「どこかで　持ち物を　売るか<LF><TAB>捨てるかしてから<LF><TAB>また　来ておくれよ。	"???: ""Sell or discard something, then come back."""		Independent translation from the pinned Japanese GBA script. Preserve original event parameters, protagonist substitutions and page meaning.  Anonymous speaker remains ???.
completion.00bca11c	lighthouse_house	＊「……と思ったら　あんた<LF><TAB>持ち物がいっぱいみたいだね。	"???: ""...Oh, but your bag seems to be full."""		Independent translation from the pinned Japanese GBA script. Preserve original event parameters, protagonist substitutions and page meaning.  Anonymous speaker remains ???.
completion.00bca158	lighthouse_house	＊「じゃあ　持っておゆき！<LF><TAB>焼きたての　ホヤホヤだよ。	"???: ""Here, take it! Fresh from the oven!"""		Independent translation from the pinned Japanese GBA script. Preserve original event parameters, protagonist substitutions and page meaning.  Anonymous speaker remains ???.
completion.00bca190	lighthouse_house	＊「おや　そうかい。<LF><TAB>それじゃ　あたしが　ふたり分<LF><TAB>いただこうかね。	"???: ""Oh, I see. Then I'll have both portions myself."""		Independent translation from the pinned Japanese GBA script. Preserve original event parameters, protagonist substitutions and page meaning.  Anonymous speaker remains ???.
completion.00bca1d8	lighthouse_house	＊「おや？　トルネコさんじゃないか。<LF><TAB>よかったら　あんたも　この<LF><TAB>おいしいパンを　持ってくかい？	"???: ""Oh, Torneko! Would you like to take some of this delicious bread?"""	bread,torneko	Independent translation from the pinned Japanese GBA script. Preserve original event parameters, protagonist substitutions and page meaning.  Anonymous speaker remains ???.
completion.00bca23c	lighthouse_house	＊「今日のおかずは　何にしようかねえ。<LF><TAB>竜のタテガミで作った　パンは<LF><TAB>おいしく焼けたけど……	"???: ""What shall I cook today? The bread made with Dragon's mane came out nicely, but..."""	bread,lore.dragons_mane	Independent translation from the pinned Japanese GBA script. Preserve original event parameters, protagonist substitutions and page meaning.  Anonymous speaker remains ???.
completion.00bca2bc	lighthouse_house	＊「にゃんにゃんにゃん！	"???: ""Meow, meow, meow!"""		Independent translation from the pinned Japanese GBA script. Preserve original event parameters, protagonist substitutions and page meaning.  Anonymous speaker remains ???.
completion.00bca3a8	lighthouse_house	＊「いつか　あなたの手助けとなる<LF><TAB>伝説を　解き明かしましょう。<LF><TAB>いずれ　そのときに　また……。	"???: ""...and someday uncover a legend that may help you. Until we meet again then..."""		Independent translation from the pinned Japanese GBA script. Preserve original event parameters, protagonist substitutions and page meaning. Continues the preceding promise to keep researching. Anonymous speaker remains ???.
completion.00bca408	lighthouse_house	＊「私が　今のところ知っているのは<LF><TAB>この島についてのこと　だけですが<LF><TAB>この先も　研究を続け……	"???: ""So far, I know only about this island. But I shall continue my research..."""		Independent translation from the pinned Japanese GBA script. Preserve original event parameters, protagonist substitutions and page meaning.  Anonymous speaker remains ???.
completion.00bca468	lighthouse_house	＊「きっと　はるか海の底までも<LF><TAB>あたたかな光が　届いたことでしょう。	"???: ""Its warm light must have reached even the depths of the sea."""		Independent translation from the pinned Japanese GBA script. Preserve original event parameters, protagonist substitutions and page meaning.  Anonymous speaker remains ???.
completion.00bca4b0	lighthouse_house	＊「おお　トルネコどの。<LF><TAB>おかげで　この島や　まわりの海が<LF><TAB>ふたたび聖火に　照らされました。	"???: ""Ah, Torneko. Thanks to you, the sacred flame shines on this island and its seas once more."""	torneko	Independent translation from the pinned Japanese GBA script. Preserve original event parameters, protagonist substitutions and page meaning.  Anonymous speaker remains ???.
completion.00bca538	lighthouse_house	＊「ズゴー　ズゴー。<LF><TAB>むにゃむにゃ……　もう飲めねえよ！<LF><TAB>…んがっ。	"???: ""Snooore... Mmm... I can't drink another drop! ...Snort."""		Independent translation from the pinned Japanese GBA script. Preserve original event parameters, protagonist substitutions and page meaning.  Anonymous speaker remains ???.
completion.00bca600	lighthouse_house	＊「おやまあ　あんた<LF><TAB>トルネコさんじゃ　ないかえ？	"???: ""Oh, my! Aren't you Torneko?"""	torneko	Independent translation from the pinned Japanese GBA script. Preserve original event parameters, protagonist substitutions and page meaning.  Anonymous speaker remains ???.
completion.00bca7f4	lighthouse_house	＊「と思ったら　持ち物がいっぱいねえ。<LF><TAB>どこかで　売るか　捨てるかして<LF><TAB>また　おいでよ。	"???: ""Oh, but your bag's full. Sell or discard something, then come back."""		Independent translation from the pinned Japanese GBA script. Preserve original event parameters, protagonist substitutions and page meaning.  Anonymous speaker remains ???.
completion.00bca850	lighthouse_house	＊「そのパンは　特別なタテガミで<LF><TAB>作ったから　ちょっとやそっとじゃ<LF><TAB>くさらないんだよ。	"???: ""That bread is made with special mane wheat. It won't spoil easily."""	bread	Independent translation from the pinned Japanese GBA script. Preserve original event parameters, protagonist substitutions and page meaning. Preserve resistance to spoilage without asserting absolute immunity. Anonymous speaker remains ???.
completion.00bca8a8	lighthouse_house	＊「おやっ！　黄金のタテガミを<LF><TAB>もってきたのかい？　それじゃあ<LF><TAB>この　特別のパンを　あげようね。	"???: ""Oh! You've brought Golden mane? Then I'll give you this special bread."""	bread,lore.golden_mane	Independent translation from the pinned Japanese GBA script. Preserve original event parameters, protagonist substitutions and page meaning.  Anonymous speaker remains ???.
completion.00bca90c	lighthouse_house	＊「悪いけど　これは　黄金のタテガミが<LF><TAB>ないと　やけない特別なパンだから<LF><TAB>そのタテガミが　ないとねえ……。	"???: ""Sorry, this special bread can only be baked with Golden mane. You'll need to bring some..."""	bread,lore.golden_mane	Independent translation from the pinned Japanese GBA script. Preserve original event parameters, protagonist substitutions and page meaning.  Anonymous speaker remains ???.
completion.00bca978	lighthouse_house	＊「え？　この　特別なパンが<LF><TAB>ほしいの？	"???: ""Huh? You want this special bread?"""	bread	Independent translation from the pinned Japanese GBA script. Preserve original event parameters, protagonist substitutions and page meaning.  Anonymous speaker remains ???.
completion.00bca9a4	lighthouse_house	＊「ラララ～　おいしいパンを<LF><TAB>焼きましょね～！　ふっくら金色<LF><TAB>召し上がれ～！	"???: ""La la la! Let's bake delicious bread! Fluffy and golden, come and have some!"""	bread	Independent translation from the pinned Japanese GBA script. Preserve original event parameters, protagonist substitutions and page meaning. Sung prose rendered without an unsupported music-note glyph. Anonymous speaker remains ???.
completion.00bcabfc	statue_advice	＊「なお　この石像には<LF><TAB>きとうしの　姿が<LF><TAB>ほり込まれているようです。	"???: ""The figure of a Shaman appears to be carved into this statue."""	enemy_shaman	Independent translation from the pinned Japanese GBA script. Preserve original event parameters, protagonist substitutions and page meaning. Exact reviewed きとうし species, not a generic priest. Anonymous speaker remains ???.
completion.00bcac44	statue_advice	＊「気をつけてくださいね。	"???: ""Please be careful."""		Independent translation from the pinned Japanese GBA script. Preserve original event parameters, protagonist substitutions and page meaning.  Anonymous speaker remains ???.
completion.00bcac60	statue_advice	＊「敵と味方が　入れ替わった時に<LF><TAB>ゆだんしていると　そのまま攻撃されて<LF><TAB>ピンチになってしまうことがあります。	"???: ""Stay alert when foes and allies swap places. An immediate attack could leave you in trouble."""		Independent translation from the pinned Japanese GBA script. Preserve original event parameters, protagonist substitutions and page meaning.  Anonymous speaker remains ???.
completion.00bcacd0	statue_advice	＊「それほど　たいした効果はないように<LF><TAB>思うかもしれませんが……	"???: ""You might think the effect isn't much to worry about, but..."""		Independent translation from the pinned Japanese GBA script. Preserve original event parameters, protagonist substitutions and page meaning.  Anonymous speaker remains ???.
completion.00bcad14	statue_advice	＊「場所替えの石像ですね。<LF><TAB>これは　同じ部屋にいるものを<LF><TAB>入れ替えてしまう　石像です。	"???: ""The Swap statue. It swaps the positions of those in the same room."""	combined_item_334	Independent translation from the pinned Japanese GBA script. Preserve original event parameters, protagonist substitutions and page meaning.  Anonymous speaker remains ???.
completion.00bcad6c	statue_advice	＊「もし　石像を壊せるなら<LF><TAB>早めに　壊してしまった方が<LF><TAB>いいでしょうね。	"???: ""If you can destroy the statue, it's best to do so quickly."""		Independent translation from the pinned Japanese GBA script. Preserve original event parameters, protagonist substitutions and page meaning.  Anonymous speaker remains ???.
completion.00bcadb8	statue_advice	＊「かといって　どこに落ちるか<LF><TAB>分かりませんから　よけることも<LF><TAB>できないし……。	"???: ""But you can't tell where it will land, so you can't dodge it..."""		Independent translation from the pinned Japanese GBA script. Preserve original event parameters, protagonist substitutions and page meaning.  Anonymous speaker remains ???.
completion.00bcae0c	statue_advice	＊「もし　その下じきになったら<LF><TAB>たまりませんよ。	"???: ""Being crushed beneath it would be awful."""		Independent translation from the pinned Japanese GBA script. Preserve original event parameters, protagonist substitutions and page meaning.  Anonymous speaker remains ???.
completion.00bcae40	statue_advice	＊「ビッグモアイの石像ですね。<LF><TAB>これは　時どき　浮かび上がって<LF><TAB>空から落ちてくるそうです。	"???: ""The Big Moai statue. They say it sometimes floats up, then falls from the sky."""	combined_item_333	Independent translation from the pinned Japanese GBA script. Preserve original event parameters, protagonist substitutions and page meaning.  Anonymous speaker remains ???.
completion.00bcae9c	statue_advice	＊「おそってくるモンスターも<LF><TAB>仲間のモンスターも　この像を<LF><TAB>あなただと思って行動します。	"???: ""Both attacking monsters and your companions act as though this statue were you."""		Independent translation from the pinned Japanese GBA script. Preserve original event parameters, protagonist substitutions and page meaning. Preserve effects on both sides. Anonymous speaker remains ???.
completion.00bcaef8	statue_advice	＊「身代わりの石像ですね。<LF><TAB>これは　名の通り　あなたの<LF><TAB>身代わりになってくれる像です。	"???: ""The Decoy statue. As its name suggests, it takes your place as a decoy."""	combined_item_315	Independent translation from the pinned Japanese GBA script. Preserve original event parameters, protagonist substitutions and page meaning.  Anonymous speaker remains ???.
completion.00bcaf50	statue_advice	＊「もし　私だったら<LF><TAB>ひたすら　よけて通るでしょうね。	"???: ""Personally, I'd simply keep well away."""		Independent translation from the pinned Japanese GBA script. Preserve original event parameters, protagonist substitutions and page meaning.  Anonymous speaker remains ???.
completion.00bcaf88	statue_advice	＊「よっぽど　体力に自信があれば<LF><TAB>モンスターを近づけて<LF><TAB>利用してもいいかもしれませんが……	"???: ""If you're very confident in your health, you could lure monsters close and make use of it..."""		Independent translation from the pinned Japanese GBA script. Preserve original event parameters, protagonist substitutions and page meaning.  Anonymous speaker remains ???.
completion.00bcafe4	statue_advice	＊「近づいただけで　炎の攻撃を<LF><TAB>受けてしまうようです。	"???: ""Just approaching it seems to bring a fiery attack."""		Independent translation from the pinned Japanese GBA script. Preserve original event parameters, protagonist substitutions and page meaning.  Anonymous speaker remains ???.
completion.00bcb01c	statue_advice	＊「火炎の石像ですね。<LF><TAB>これは　決して　無用心に<LF><TAB>近づかない方がいい石像です。	"???: ""The Flame statue. Never approach this one carelessly."""	combined_item_326	Independent translation from the pinned Japanese GBA script. Preserve original event parameters, protagonist substitutions and page meaning.  Anonymous speaker remains ???.
completion.00bcb06c	statue_advice	＊「ただし　眠っている者や<LF><TAB>空を飛んでいる者などは<LF><TAB>転ばずにすむようです。	"???: ""However, those who are asleep or flying seem to avoid being tripped."""		Independent translation from the pinned Japanese GBA script. Preserve original event parameters, protagonist substitutions and page meaning. Preserve sleep and flight exceptions. Anonymous speaker remains ???.
completion.00bcb0b8	statue_advice	＊「落としたくないアイテムなどを<LF><TAB>持っているような時は　特に<LF><TAB>気をつけないと　いけませんね。	"???: ""Be especially careful when carrying items you don't want to drop."""		Independent translation from the pinned Japanese GBA script. Preserve original event parameters, protagonist substitutions and page meaning.  Anonymous speaker remains ???.
completion.00bcb118	statue_advice	＊「転びの石像ですね。<LF><TAB>この像があると　時どき　誰かが<LF><TAB>転ばされてしまうようです。	"???: ""The Tripping statue. While it's present, someone may be tripped up now and then."""	combined_item_322	Independent translation from the pinned Japanese GBA script. Preserve original event parameters, protagonist substitutions and page meaning.  Anonymous speaker remains ???.
completion.00bcb16c	statue_choices	やめる	Cancel		Independent translation from the pinned Japanese GBA script. Preserve original event parameters, protagonist substitutions and page meaning. End the six-row statue-topic menu.
completion.00bcb174	statue_choices	場所替えの石像	Swap statue	combined_item_334	Independent translation from the pinned Japanese GBA script. Preserve original event parameters, protagonist substitutions and page meaning. Existing reviewed full statue name.
completion.00bcb184	statue_choices	ビッグモアイの石像	Big Moai statue	combined_item_333	Independent translation from the pinned Japanese GBA script. Preserve original event parameters, protagonist substitutions and page meaning. Existing reviewed full statue name.
completion.00bcb198	statue_choices	身代わりの石像	Decoy statue	combined_item_315	Independent translation from the pinned Japanese GBA script. Preserve original event parameters, protagonist substitutions and page meaning. Existing reviewed full statue name.
completion.00bcb1a8	statue_choices	火炎の石像	Flame statue	combined_item_326	Independent translation from the pinned Japanese GBA script. Preserve original event parameters, protagonist substitutions and page meaning. Existing reviewed full statue name.
completion.00bcb1b4	statue_choices	転びの石像	Tripping statue	combined_item_322	Independent translation from the pinned Japanese GBA script. Preserve original event parameters, protagonist substitutions and page meaning. Existing reviewed full statue name.
completion.00bcb1c0	statue_advice	＊「よろしければ　石像について<LF><TAB>私が調べたことを　お話しますか？	"???: ""Would you like to hear what I've learned about statues?"""		Independent translation from the pinned Japanese GBA script. Preserve original event parameters, protagonist substitutions and page meaning.  Anonymous speaker remains ???.
completion.00bcb204	statue_advice	＊「私は　世界のどこかの　ダンジョンに<LF><TAB>存在するという　不思議な石像について<LF><TAB>研究を　進めてきました。	"???: ""I've been researching the mysterious statues said to exist in dungeons somewhere in the world."""	character.castle_john	Independent translation from the pinned Japanese GBA script. Preserve original event parameters, protagonist substitutions and page meaning.  Anonymous speaker remains ???.
completion.00bcb344	lighthouse_house	＊「おや　そうかい。<LF><TAB>こんな　ばあさんでも　ベッドは<LF><TAB>きちんと　ととのえとるがねえ……。	"???: ""Oh, I see. I may be old, but I still keep the beds properly made..."""		Independent translation from the pinned Japanese GBA script. Preserve original event parameters, protagonist substitutions and page meaning.  Anonymous speaker remains ???.
completion.00bcb3a0	lighthouse_house	＊「おや　お客さんかえ？<LF><TAB>よかったら　休んで行くかね？	"???: ""Oh, a guest? Would you like to rest here?"""		Independent translation from the pinned Japanese GBA script. Preserve original event parameters, protagonist substitutions and page meaning.  Anonymous speaker remains ???.
completion.00bd293c	journey_rest_stops	＊「悪いけど　今は　ないんだ。<LF><TAB>しばらくしてから　また来てよ。	"???: ""Sorry, I don't have any right now. Come back in a while."""		Independent translation from the pinned Japanese GBA script. Preserve original event parameters, protagonist substitutions and page meaning.  Anonymous speaker remains ???.
completion.00bd297c	journey_rest_stops	＊「え？　また　毒けし草がほしいの？	"???: ""Huh? You want another Antidotal herb?"""	combined_item_286	Independent translation from the pinned Japanese GBA script. Preserve original event parameters, protagonist substitutions and page meaning.  Anonymous speaker remains ???.
completion.00bd29a4	journey_rest_stops	＊「残念だけど　また　今度ね。	"???: ""Sorry. Maybe next time."""		Independent translation from the pinned Japanese GBA script. Preserve original event parameters, protagonist substitutions and page meaning.  Anonymous speaker remains ???.
completion.00bd29c4	journey_rest_stops	＊「……と思ったら　なんだ<LF><TAB>持ち物が　いっぱいじゃないか。	"???: ""...Or so I thought. Your bag's full!"""		Independent translation from the pinned Japanese GBA script. Preserve original event parameters, protagonist substitutions and page meaning.  Anonymous speaker remains ???.
completion.00bd2a00	journey_rest_stops	＊「よし。　お近づきの　しるしに<LF><TAB>この　毒けし草を　あげよう。	"???: ""Here! Have this Antidotal herb as a token of our new friendship."""	combined_item_286	Independent translation from the pinned Japanese GBA script. Preserve original event parameters, protagonist substitutions and page meaning.  Anonymous speaker remains ???.
completion.00bd2a40	journey_rest_stops	＊「おおっと！<LF><TAB>こんなところで　人に会うとは<LF><TAB>びっくりしたな～　もう！	"???: ""Whoa! I sure didn't expect to meet anyone here! You startled me!"""		Independent translation from the pinned Japanese GBA script. Preserve original event parameters, protagonist substitutions and page meaning.  Anonymous speaker remains ???.
completion.00bdb0d4	journey_rest_stops	トビラは　かたく　閉ざされている！<LF>どうやら　こちら側からは<LF>開かないトビラのようだ。	The door is firmly shut! It seems it can't be opened from this side.		Independent translation from the pinned Japanese GBA script. Preserve original event parameters, protagonist substitutions and page meaning. 
completion.00bdb15c	journey_rest_stops	＊「いや　とんでもない洞くつへ<LF><TAB>入っちゃいましたよ。　これじゃ<LF><TAB>もとの町へだって　帰れないかも。	"???: ""What an awful cave I've wandered into! I might not even make it back to my own town."""		Independent translation from the pinned Japanese GBA script. Preserve original event parameters, protagonist substitutions and page meaning.  Anonymous speaker remains ???.
completion.00bdb1c0	journey_rest_stops	＊「私は　港町に住んでいた　商人です。<LF><TAB>他の島へ　行けば　さらに大きい<LF><TAB>商売ができると思ったのですが……。	"???: ""I'm a merchant from the port town. I thought I could do even bigger business on another island..."""		Independent translation from the pinned Japanese GBA script. Preserve original event parameters, protagonist substitutions and page meaning.  Anonymous speaker remains ???.
completion.00bdb22c	journey_rest_stops	＊「おや？　あなたも　この北の<LF><TAB>グレートバレイナ島の人ですか？	"???: ""Oh? Are you from Great Baleina Isle to the north, too?"""	place.journey.008730f8	Independent translation from the pinned Japanese GBA script. Preserve original event parameters, protagonist substitutions and page meaning.  Anonymous speaker remains ???.
completion.00bdb28c	journey_rest_stops	＊「もし　グレートバレイナへ<LF><TAB>たどりついても　ここへは　二度と<LF><TAB>もどれないかもしれないからな。	"???: ""Even if you reach Great Baleina, you might never be able to return here."""		Independent translation from the pinned Japanese GBA script. Preserve original event parameters, protagonist substitutions and page meaning.  Anonymous speaker remains ???.
completion.00bdb2ec	journey_rest_stops	＊「よほどの　かくごが無ければ<LF><TAB>この上へは　行かない方がいい。	"???: ""Unless you're truly prepared, you'd best not go up there."""		Independent translation from the pinned Japanese GBA script. Preserve original event parameters, protagonist substitutions and page meaning.  Anonymous speaker remains ???.
completion.00bdb32c	journey_rest_stops	＊「この上の　ダンジョンをこえた<LF><TAB>グレートバレイナ島は<LF><TAB>大変なことに　なっているぞ。	"???: ""Great Baleina Isle, beyond the dungeon above, is in terrible trouble."""	place.journey.008730f8,character.castle_john	Independent translation from the pinned Japanese GBA script. Preserve original event parameters, protagonist substitutions and page meaning.  Anonymous speaker remains ???.
completion.00bdb3b4	journey_rest_stops	＊「ここまで　逃げてきたはいいが<LF><TAB>恐ろしくて　先に進むことも<LF><TAB>できなくて……。	"???: ""I managed to flee this far, but I'm too frightened to go any farther..."""		Independent translation from the pinned Japanese GBA script. Preserve original event parameters, protagonist substitutions and page meaning.  Anonymous speaker remains ???.
completion.00bdb404	journey_rest_stops	＊「私は　北の　コスタリベラという町に<LF><TAB>住んでいた者です。	"???: ""I used to live in Costa Libera, a town to the north."""	place.journey.00873188	Independent translation from the pinned Japanese GBA script. Preserve original event parameters, protagonist substitutions and page meaning.  Anonymous speaker remains ???.
completion.00bdb468	journey_rest_stops	＊「うっ　うっ……。<LF><TAB>町は寒いし　ダンジョンには<LF><TAB>魔物がいるし……　どうしたらいいの？	"???: ""Sob... The town is freezing, and the dungeon's full of monsters... What should I do?"""	character.castle_john	Independent translation from the pinned Japanese GBA script. Preserve original event parameters, protagonist substitutions and page meaning.  Anonymous speaker remains ???.
completion.00bdb4f0	journey_rest_stops	＊「そこの人たちに　聞いたら<LF><TAB>町は　大変なことになってるとか。<LF><TAB>ああ　私の娘は　いったい……？	"???: ""Those people told me the town's in terrible trouble. Oh, what could have happened to my daughter?"""		Independent translation from the pinned Japanese GBA script. Preserve original event parameters, protagonist substitutions and page meaning.  Anonymous speaker remains ???.
completion.00bdb550	journey_rest_stops	＊「私は　港町に住んでいた　商人です。<LF><TAB>ダンジョンに巣くう　魔物商人に負けて<LF><TAB>家に　帰ることにしたんですけど……	"???: ""I trade in the port town. The dungeon's monster merchants beat me, so I decided to go home..."""	character.castle_john	Independent translation from the pinned Japanese GBA script. Preserve original event parameters, protagonist substitutions and page meaning.  Anonymous speaker remains ???.
completion.00bdb624	journey_rest_stops	＊「北の島が　大変なことに　なったのだが<LF><TAB>この先は　さらにヒドイかもしれぬので<LF><TAB>ここで　見張りをしているのだ。	"???: ""The northern island is in trouble, but things ahead may be worse. I'm keeping watch here."""		Independent translation from the pinned Japanese GBA script. Preserve original event parameters, protagonist substitutions and page meaning.  Anonymous speaker remains ???.
completion.00bdb71c	journey_rest_stops	＊「ややっ！？<LF><TAB>まだ　こんな所まで<LF><TAB>やって来る者が　いたとは！	"???: ""What?! To think there are still people coming all the way out here!"""		Independent translation from the pinned Japanese GBA script. Preserve original event parameters, protagonist substitutions and page meaning.  Anonymous speaker remains ???.
completion.00bdb81c	journey_rest_stops	＊「どうやら　世界が平和になったらしい。<LF><TAB>これを機会に　私も　もう一度<LF><TAB>旅の商人として　がんばってみます。	"???: ""The world seems to be at peace. I'll take this chance to become a traveling merchant again."""		Independent translation from the pinned Japanese GBA script. Preserve original event parameters, protagonist substitutions and page meaning.  Anonymous speaker remains ???.
completion.00be3eb0	journey_rest_stops	＊「おはようございます。<LF><TAB>では　気をつけて<LF><TAB>いってらっしゃいまし。	"???: ""Good morning. Take care on your travels."""		Independent translation from the pinned Japanese GBA script. Preserve original event parameters, protagonist substitutions and page meaning.  Anonymous speaker remains ???.
completion.00be3f14	journey_rest_stops	＊「そうですか。　旅は　けわしいもの。<LF><TAB>あまり　無理はなさいませんよう。	"???: ""I see. The road is a hard one. Please don't push yourself too much."""		Independent translation from the pinned Japanese GBA script. Preserve original event parameters, protagonist substitutions and page meaning.  Anonymous speaker remains ???.
completion.00be3f60	journey_rest_stops	＊「わたしは　旅の尼。<LF><TAB>よろしかったら　こちらで<LF><TAB>休んで　いかれますか？	"???: ""I'm a traveling nun. Would you care to rest here for a while?"""		Independent translation from the pinned Japanese GBA script. Preserve original event parameters, protagonist substitutions and page meaning.  Anonymous speaker remains ???.
completion.00be3fd4	journey_rest_stops	＊「ぐご～　ぐご～！	"???: ""Snorrr... Snorrr!"""		Independent translation from the pinned Japanese GBA script. Preserve original event parameters, protagonist substitutions and page meaning.  Anonymous speaker remains ???.
completion.00be4024	journey_rest_stops	＊「むっ？　おぬしは　まだ<LF><TAB>子供ではないか！　わっはっは！<LF><TAB>とても　この先へは　進めまい。	"???: ""Hm? You're only a child! Ha ha ha! You'll never make it any farther."""		Independent translation from the pinned Japanese GBA script. Preserve original event parameters, protagonist substitutions and page meaning.  Anonymous speaker remains ???.
completion.00be4080	journey_rest_stops	＊「ここに来る者は　皆　勇者を目指す<LF><TAB>ツワモノばかりだ。	"???: ""Everyone who comes here is a seasoned warrior hoping to become a hero."""		Independent translation from the pinned Japanese GBA script. Preserve original event parameters, protagonist substitutions and page meaning.  Anonymous speaker remains ???.
completion.00be40fc	journey_rest_stops	＊「その夫婦は　伝説では　神の使いと<LF><TAB>言われた　バリナボという一族の<LF><TAB>まつえい　らしい。	"???: ""They seem to be descendants of the Barinabo tribe, said in legend to be messengers of the gods."""	place.barinabo	Independent translation from the pinned Japanese GBA script. Preserve original event parameters, protagonist substitutions and page meaning.  Anonymous speaker remains ???.
completion.00be4158	journey_rest_stops	＊「ずっと昔　ここより北の島で<LF><TAB>大嵐にあって　流されたという<LF><TAB>夫婦を……。	"???: ""A couple swept away long ago by a great storm on an island north of here..."""		Independent translation from the pinned Japanese GBA script. Preserve original event parameters, protagonist substitutions and page meaning.  Anonymous speaker remains ???.
completion.00be41a4	journey_rest_stops	＊「わたしは　見た。	"???: ""I saw them."""		Independent translation from the pinned Japanese GBA script. Preserve original event parameters, protagonist substitutions and page meaning.  Anonymous speaker remains ???.
completion.00be4394	journey_rest_stops	＊「むっ？　おぬし……<LF><TAB>なかなか　デキそうだな！	"???: ""Hm? You... You look quite capable!"""		Independent translation from the pinned Japanese GBA script. Preserve original event parameters, protagonist substitutions and page meaning.  Anonymous speaker remains ???.
completion.00bee8f4	journey_rest_stops	＊「ここは　海で迷った者が<LF><TAB>流れ着く　密林の島。<LF><TAB>まあ　ゆっくり　して行きなよ。	"???: ""This is Jungle Isle, where those lost at sea wash ashore. Take your time and relax."""		Independent translation from the pinned Japanese GBA script. Preserve original event parameters, protagonist substitutions and page meaning.  Anonymous speaker remains ???.
completion.00bee948	journey_rest_stops	＊「あ　いや　まてよ……<LF><TAB>何年か昔　ちびっこい　モンスターが<LF><TAB>迷い込んで　来たっけ。	"???: ""Oh, wait... A little monster did wander in here some years ago."""		Independent translation from the pinned Japanese GBA script. Preserve original event parameters, protagonist substitutions and page meaning.  Anonymous speaker remains ???.
completion.00bee9a0	journey_rest_stops	＊「おや　こんな所に　お客さんが<LF><TAB>やってくるなんて　初めてだなあ！	"???: ""Well! This is the first time we've had a visitor out here!"""		Independent translation from the pinned Japanese GBA script. Preserve original event parameters, protagonist substitutions and page meaning.  Anonymous speaker remains ???.
completion.00beea14	journey_rest_stops	＊「悪いことは　言わねえ。<LF><TAB>おとなしく　お家に　帰んな。	"???: ""Take my advice. Be a good boy and go home."""		Independent translation from the pinned Japanese GBA script. Preserve original event parameters, protagonist substitutions and page meaning.  Anonymous speaker remains ???.
completion.00beea50	journey_rest_stops	＊「この先は　オレだって　手こずる<LF><TAB>ダンジョンだ。	"???: ""Even I have trouble with the dungeon ahead."""	character.castle_john	Independent translation from the pinned Japanese GBA script. Preserve original event parameters, protagonist substitutions and page meaning.  Anonymous speaker remains ???.
completion.00beea84	journey_rest_stops	＊「おい　ボウズ！<LF><TAB>まさか　この先へ　行こうってのか？	"???: ""Hey, kid! You're not planning to go farther, are you?"""		Independent translation from the pinned Japanese GBA script. Preserve original event parameters, protagonist substitutions and page meaning.  Anonymous speaker remains ???.
completion.00bf72f4	journey_rest_stops	カベには　地図が　かけられている。<LF>中央　右の方に　小さく描かれたものが<LF>この島のようだ。	A map hangs on the wall. The tiny island just right of the center seems to be this one.		Independent translation from the pinned Japanese GBA script. Preserve original event parameters, protagonist substitutions and page meaning. 
completion.00bf7448	journey_rest_stops	＊「私が　かつて　暮らした村は<LF><TAB>バリナボといって　神々に守られた<LF><TAB>とても　いい村じゃった。	"???: ""The village I once lived in was called Barinabo. It was a lovely place, protected by the gods."""	place.barinabo	Independent translation from the pinned Japanese GBA script. Preserve original event parameters, protagonist substitutions and page meaning.  Anonymous speaker remains ???.
completion.00bf74a4	journey_rest_stops	＊「……　私も　旅の途中といえば<LF><TAB>そうかもしれん。　なにしろ　ふるさとを<LF><TAB>なくしてしまったのだから。	"???: ""...I suppose you could say I'm still on a journey, too. After all, I've lost my home."""		Independent translation from the pinned Japanese GBA script. Preserve original event parameters, protagonist substitutions and page meaning.  Anonymous speaker remains ???.
completion.00bf750c	journey_rest_stops	＊「おや　お客さんかね。<LF><TAB>見たところ　旅の途中のようだが。	"???: ""Oh, a visitor? You look as though you're in the middle of a journey."""		Independent translation from the pinned Japanese GBA script. Preserve original event parameters, protagonist substitutions and page meaning.  Anonymous speaker remains ???.
completion.00bf75f0	journey_rest_stops	＊「今は　せめて　命あるかぎり<LF><TAB>密林に抱かれた　この島で　村の人々に<LF><TAB>祈りをささげてゆくつもりです。	"???: ""For the rest of my life, I can at least pray for our villagers here, on this island embraced by jungle."""		Independent translation from the pinned Japanese GBA script. Preserve original event parameters, protagonist substitutions and page meaning.  Anonymous speaker remains ???.
completion.00bf7658	journey_rest_stops	＊「私たちには　故郷に帰る<LF><TAB>すべがありませんでした。	"???: ""We had no way to return home."""		Independent translation from the pinned Japanese GBA script. Preserve original event parameters, protagonist substitutions and page meaning.  Anonymous speaker remains ???.
completion.00bf7690	journey_rest_stops	＊「たまたま　通りかかった　船に<LF><TAB>助けられ　この島へ　やってきたのですが……	"???: ""A passing ship happened to rescue us and bring us to this island, but..."""		Independent translation from the pinned Japanese GBA script. Preserve original event parameters, protagonist substitutions and page meaning.  Anonymous speaker remains ???.
completion.00bf76e0	journey_rest_stops	＊「そして　私と夫だけが　なぜか<LF><TAB>遠くの海へ　流されてしまいました。	"???: ""For some reason, only my husband and I were swept far out to sea."""		Independent translation from the pinned Japanese GBA script. Preserve original event parameters, protagonist substitutions and page meaning.  Anonymous speaker remains ???.
completion.00bf7728	journey_rest_stops	＊「しかし　ある時　おそろしい呪いの嵐が<LF><TAB>村の人々を　おそったのです。	"???: ""But one day, a terrible, cursed storm struck our village."""		Independent translation from the pinned Japanese GBA script. Preserve original event parameters, protagonist substitutions and page meaning.  Anonymous speaker remains ???.
completion.00bf7770	journey_rest_stops	＊「私たち　夫婦は　故郷の村で<LF><TAB>父である族長とともに　神の使命を守り<LF><TAB>幸せに　暮らしておりました。	"???: ""My husband and I lived happily in our home village with my father, the Chief, upholding our divine mission."""		Independent translation from the pinned Japanese GBA script. Preserve original event parameters, protagonist substitutions and page meaning.  Anonymous speaker remains ???.
completion.00bf783c	journey_rest_stops	$tは　ワラの上に　横になった。	$t lay down on the straw.	torneko,enemy_tipper	Independent translation from the pinned Japanese GBA script. Preserve original event parameters, protagonist substitutions and page meaning. 
completion.00bf785c	journey_rest_stops	せいけつな　ワラ布団が　しかれている。<LF>ここで　休ませてもらいますか？	Clean straw has been laid out for bedding. Would you like to rest here?		Independent translation from the pinned Japanese GBA script. Preserve original event parameters, protagonist substitutions and page meaning. 
completion.00bf7944	journey_rest_stops	＊「なんとも　不思議な言葉じゃな。<LF><TAB>では　お気をつけて。	"???: ""Such strange words. Well, take care."""		Independent translation from the pinned Japanese GBA script. Preserve original event parameters, protagonist substitutions and page meaning.  Anonymous speaker remains ???.
completion.00bf7980	journey_rest_stops	＊「念のため　もう一度　言おうかね？	"???: ""Shall I repeat it, just to be sure?"""		Independent translation from the pinned Japanese GBA script. Preserve original event parameters, protagonist substitutions and page meaning.  Anonymous speaker remains ???.
completion.00bf79a8	journey_rest_stops	＊「このような　言葉　でしたぞ。<LF><TAB>いったい　なんのためのものかは<LF><TAB>分かりませんがな。	"???: ""Those were the words. I have no idea what they're meant for, though."""		Independent translation from the pinned Japanese GBA script. Preserve original event parameters, protagonist substitutions and page meaning.  Anonymous speaker remains ???.
completion.00bf7a14	journey_rest_stops	＊「うむ　そういえば　なにやら<LF><TAB>意味の分からない　言葉を<LF><TAB>聞いたような……　う～む　確か……	"???: ""Hmm, come to think of it, I did hear some words I couldn't make sense of... Now, what were they...?"""		Independent translation from the pinned Japanese GBA script. Preserve original event parameters, protagonist substitutions and page meaning.  Anonymous speaker remains ???.
completion.00bf7a74	journey_rest_stops	＊「おや　前にも　お会いしましたかな？<LF><TAB>え？　私が　モンスターから<LF><TAB>大事な話を　聞いたかですと？	"???: ""Oh, have we met before? What's that? Did I hear something important from a monster?"""		Independent translation from the pinned Japanese GBA script. Preserve original event parameters, protagonist substitutions and page meaning.  Anonymous speaker remains ???.
completion.00bf7c20	journey_rest_stops	＊「あん？　ここに住んでた<LF><TAB>老夫婦なら　ふるさとに　もどるって<LF><TAB>出て行ったそうだぜ。	"???: ""Huh? The old couple who lived here? I hear they left to go back to their home village."""		Independent translation from the pinned Japanese GBA script. Preserve original event parameters, protagonist substitutions and page meaning.  Anonymous speaker remains ???.
completion.00bf7cc0	journey_rest_stops	＊「モンスターでも　出たら<LF><TAB>どうするつもりなのよ！<LF><TAB>ぶつぶつ……。	"???: ""What's he going to do if monsters turn up?! Grumble, grumble..."""		Independent translation from the pinned Japanese GBA script. Preserve original event parameters, protagonist substitutions and page meaning.  Anonymous speaker remains ???.
completion.00bf7d04	journey_rest_stops	＊「この人ったら　どうして<LF><TAB>こんな　へんぴな　森の中の小屋が<LF><TAB>好きなのかしらねえ。	"???: ""Why does my husband like such a remote little hut in the woods?"""		Independent translation from the pinned Japanese GBA script. Preserve original event parameters, protagonist substitutions and page meaning.  Anonymous speaker remains ???.
completion.00bf86c4	journey_rest_stops	＊「昔と　ちがって　この山には<LF><TAB>魔物が　巣くっていて　キケンなのだ。<LF><TAB>さあ　もどってくれ！	"???: ""This mountain is dangerous now, unlike in the old days. Monsters live here. Turn back!"""		Independent translation from the pinned Japanese GBA script. Preserve original event parameters, protagonist substitutions and page meaning.  Anonymous speaker remains ???.
completion.00bf8720	journey_rest_stops	＊「ちょっと　待った！<LF><TAB>グレートバレイナ王の許可がなければ<LF><TAB>ここを通すわけには　いかん。	"???: ""Hold it! I can't let you pass without permission from the King of Great Baleina."""		Independent translation from the pinned Japanese GBA script. Preserve original event parameters, protagonist substitutions and page meaning.  Anonymous speaker remains ???.
completion.00bf8844	journey_rest_stops	＊「それは　おつかれさまです！<LF><TAB>さあ　どうぞ　お通りください。	"???: ""Thank you for your service! Please, go right through."""		Independent translation from the pinned Japanese GBA script. Preserve original event parameters, protagonist substitutions and page meaning.  Anonymous speaker remains ???.
completion.00bf8884	journey_rest_stops	＊「なんと　王さまに　たのまれて<LF><TAB>占いババさまの所へ？	"???: ""What? The King sent you to see the Fortune-teller?"""	role.king,role.fortune_teller	Independent translation from the pinned Japanese GBA script. Preserve original event parameters, protagonist substitutions and page meaning.  Anonymous speaker remains ???.
completion.00bf8914	journey_rest_stops	＊「これは　おつかれさまです！<LF><TAB>どうぞ　お通りください。	"???: ""Thank you for your service! Please, go right through."""		Independent translation from the pinned Japanese GBA script. Preserve original event parameters, protagonist substitutions and page meaning.  Anonymous speaker remains ???.
completion.00bf8980	journey_rest_stops	＊「ゴホゴホ！　魔物が　入ってこないよう<LF><TAB>ここで　見張りをしております！<LF><TAB>……ゴホゴホ！	"???: ""Cough, cough! I'm keeping watch to stop monsters getting in! ...Cough!"""		Independent translation from the pinned Japanese GBA script. Preserve original event parameters, protagonist substitutions and page meaning.  Anonymous speaker remains ???.
completion.00bf8a7c	journey_rest_stops	＊「う～ん　う～ん……<LF><TAB>や　やられた……。	"???: ""Ugh... Ugh... Th-they got me..."""		Independent translation from the pinned Japanese GBA script. Preserve original event parameters, protagonist substitutions and page meaning.  Anonymous speaker remains ???.
completion.00c0b4c4	journey_finale	階段の下が　くずれていて<LF>中に　入ることが出来ない。	The bottom of the stairs has collapsed. You can't get inside.		Independent translation from the pinned Japanese GBA script. Preserve original event parameters, protagonist substitutions and page meaning. 
completion.00c0b670	journey_finale	さわっても　冷たいまま　動かない……。<LF>どうやら　ヘルジャスティスの　呪文が<LF>かけられているようだ。	Cold to the touch, and motionless... It seems to be under Hell Justice's spell.	enemy_hell_justice	Independent translation from the pinned Japanese GBA script. Preserve original event parameters, protagonist substitutions and page meaning. 
completion.00c0b6d4	journey_finale	なんと　石にされた　トルネコが<LF>飾られている！	Torneko has been turned to stone and put on display!	torneko	Independent translation from the pinned Japanese GBA script. Preserve original event parameters, protagonist substitutions and page meaning. 
completion.00c0b8bc	journey_finale	ロサ「この世界の　どこかで<LF><TAB>オレたちの　オヤジに　会ったら<LF><TAB>よろしくな。　あばよ！	"Rosa: ""If you meet our dad somewhere out in the world, say hi for us. See ya!"""	enemy_rosa	Independent translation from the pinned Japanese GBA script. Preserve original event parameters, protagonist substitutions and page meaning. 
completion.00c0b910	journey_finale	ロサ「あんたたちに　会えて<LF><TAB>本当に　楽しかったよ。	"Rosa: ""Meeting you all was a lot of fun."""	enemy_rosa	Independent translation from the pinned Japanese GBA script. Preserve original event parameters, protagonist substitutions and page meaning. 
completion.00c0b944	journey_finale	イネス「私たちは　いるべき場所へ<LF><TAB>帰ります。　どうか　お元気で……。	"Ines: ""We're going back where we belong. Please take care..."""	enemy_ines	Independent translation from the pinned Japanese GBA script. Preserve original event parameters, protagonist substitutions and page meaning. 
completion.00c0b98c	journey_finale	イネス「トルネコさん　そして　ポポロ。<LF><TAB>あなたたちの旅は　終わり<LF><TAB>私たちの　役目も　終わりました。	"Ines: ""Torneko, Tipper... Your journey is over, and so is our task."""	torneko,enemy_ines,enemy_tipper	Independent translation from the pinned Japanese GBA script. Preserve original event parameters, protagonist substitutions and page meaning. 
completion.00c0b9f0	journey_finale	ポポロ「パパっ！！<LF><TAB>もとに　もどったんだねっ！？	"Tipper: ""Dad!! You're back to normal?!"""	enemy_tipper	Independent translation from the pinned Japanese GBA script. Preserve original event parameters, protagonist substitutions and page meaning. 
completion.00c0ba24	journey_finale	イネス「ふふふ…。　ロサも<LF><TAB>時には　マジメになるのね。<LF><TAB>じゃあ　行くわよ……。	"Ines: ""Hee hee... Even you can be serious sometimes, Rosa. Let's begin..."""	enemy_rosa,enemy_ines	Independent translation from the pinned Japanese GBA script. Preserve original event parameters, protagonist substitutions and page meaning. 
completion.00c0ba74	journey_finale	ロサ「さあ　ねえさん。　早いとこ<LF><TAB>呪文を　といてやらなきゃ<LF><TAB>あまり　時間が　ないぜ。	"Rosa: ""Come on, Sis. We'd better break the spell. We haven't got much time."""	enemy_rosa	Independent translation from the pinned Japanese GBA script. Preserve original event parameters, protagonist substitutions and page meaning. 
completion.00c0bacc	journey_finale	イネス「私たちは　あまり<LF><TAB>役に立てなかったけど　あなたの<LF><TAB>お父さんを　助けることはできそうよ。	"Ines: ""We haven't been much help, but it looks like we can save your father."""	enemy_ines	Independent translation from the pinned Japanese GBA script. Preserve original event parameters, protagonist substitutions and page meaning. 
completion.00c0bb2c	journey_finale	イネス「ポポロ……　ここまで<LF><TAB>がんばってくれて　ありがとう。	"Ines: ""Tipper... Thank you for working so hard to get this far."""	enemy_ines,enemy_tipper	Independent translation from the pinned Japanese GBA script. Preserve original event parameters, protagonist substitutions and page meaning. 
completion.00c151ac	journey_finale	どうやら　なにかの呪文で<LF>封印されているようだ……。	It seems to be sealed by some kind of spell...		Independent translation from the pinned Japanese GBA script. Preserve original event parameters, protagonist substitutions and page meaning. 
completion.00c151e0	journey_finale	しかし　押しても　引いても<LF>ビクともしない！	But no matter how you push or pull, it won't budge!		Independent translation from the pinned Japanese GBA script. Preserve original event parameters, protagonist substitutions and page meaning. 
completion.00c1520c	journey_finale	りっぱな木の根元に　なにやら<LF>石のトビラのようなものが<LF>埋め込まれている……。	Something like a stone door is set into the base of the magnificent tree...		Independent translation from the pinned Japanese GBA script. Preserve original event parameters, protagonist substitutions and page meaning. 
completion.00c1532c	journey_finale	しかし　石のトビラは　ちんもくしたまま<LF>何も　起きなかった……。	But the stone door remained silent. Nothing happened...		Independent translation from the pinned Japanese GBA script. Preserve original event parameters, protagonist substitutions and page meaning. 
completion.00c1536c	journey_finale	しかし　呪文の言葉が<LF>分からなかった！	But you didn't know the words of the spell!		Independent translation from the pinned Japanese GBA script. Preserve original event parameters, protagonist substitutions and page meaning. 
completion.00c153a4	journey_finale	トビラの問いかけに<LF>呪文の言葉で　答えてみますか？	Will you answer the door's question with the words of the spell?		Independent translation from the pinned Japanese GBA script. Preserve original event parameters, protagonist substitutions and page meaning. 
completion.00c153d8	journey_finale	コケむした　石のトビラが<LF>なにやら　語りかけてくるようだ……。	The moss-covered stone door seems to be speaking to you...		Independent translation from the pinned Japanese GBA script. Preserve original event parameters, protagonist substitutions and page meaning. 
completion.00c21688	journey_finale	トルネコは　海竜の聖火を<LF>大切に　しまった。	Torneko carefully put away the Sea Dragon's sacred flame.	torneko,lore.sea_dragon_flame	Independent translation from the pinned Japanese GBA script. Preserve original event parameters, protagonist substitutions and page meaning. 
completion.00c216b4	journey_finale	なんと　海竜の聖火を　見つけた！	You found the Sea Dragon's sacred flame!	lore.sea_dragon_flame	Independent translation from the pinned Japanese GBA script. Preserve original event parameters, protagonist substitutions and page meaning. 
completion.00c216d8	journey_finale	宝箱からあふれる　神秘的な光が<LF>あたりをてらす……。	Mysterious light pours from the treasure chest, illuminating the surroundings...		Independent translation from the pinned Japanese GBA script. Preserve original event parameters, protagonist substitutions and page meaning. 
completion.00c2170c	journey_finale	トルネコは　宝箱を開けた！	Torneko opened the treasure chest!	torneko	Independent translation from the pinned Japanese GBA script. Preserve original event parameters, protagonist substitutions and page meaning. 
completion.00c3079c	journey_finale	占いババ「お前さんには　まだまだ<LF><TAB>分からんかも　しれんがのう。<LF><TAB>ふぉっほっほっほ！	"Fortune-teller: ""You may not understand yet, of course. Ho ho ho ho!"""	role.fortune_teller	Independent translation from the pinned Japanese GBA script. Preserve original event parameters, protagonist substitutions and page meaning. 
completion.00c307f0	journey_finale	占いババ「女が　若く　美しくいるには<LF><TAB>ホレた男に　夢中になるのが<LF><TAB>１番じゃて。	"Fortune-teller: ""The best way for a woman to stay young and beautiful is to lose herself in love for a man."""	role.fortune_teller	Independent translation from the pinned Japanese GBA script. Preserve original event parameters, protagonist substitutions and page meaning. 
completion.00c30840	journey_finale	占いババ「ありゃ　わしの先祖からの<LF><TAB>秘伝の　ホレ薬じゃよ。	"Fortune-teller: ""It's a secret love potion passed down from my ancestors."""	role.fortune_teller	Independent translation from the pinned Japanese GBA script. Preserve original event parameters, protagonist substitutions and page meaning. 
completion.00c3087c	journey_finale	占いババ「うん？　アレかい？<LF><TAB>ええじゃろう　教えてあげよう。	"Fortune-teller: ""Hm? That? Very well, I'll tell you."""	role.fortune_teller	Independent translation from the pinned Japanese GBA script. Preserve original event parameters, protagonist substitutions and page meaning. 
completion.00c308bc	journey_finale	ロサ「それより　ばあさん。　オイラ<LF><TAB>気になってたんだけどさ。　王妃さまに<LF><TAB>あげた　クスリって　何だったわけ？	"Rosa: ""Hey, Granny. I've been wondering... What was that medicine you gave the Queen?"""	enemy_rosa,role.queen	Independent translation from the pinned Japanese GBA script. Preserve original event parameters, protagonist substitutions and page meaning. 
completion.00c3092c	journey_finale	イネス「……　ところで　おばあさん。　私<LF><TAB>気になってたんですけど　王妃さまに<LF><TAB>あげたクスリって　何だったんです？	"Ines: ""...By the way, Granny. I've been wondering... What was the medicine you gave the Queen?"""	enemy_ines,role.queen	Independent translation from the pinned Japanese GBA script. Preserve original event parameters, protagonist substitutions and page meaning. 
completion.00c309a0	journey_finale	占いババ「いよいよ　お前さんの　息子と<LF><TAB>ご対面だね。　もうすぐ　元気に<LF><TAB>してやるから　安心おし。	"Fortune-teller: ""At last, I'll meet your son. I'll have him well again soon, so don't worry."""	role.fortune_teller	Independent translation from the pinned Japanese GBA script. Preserve original event parameters, protagonist substitutions and page meaning. 
completion.00c30a04	journey_finale	占いババ「まあ　なんにしろ　バリナボ島へ<LF><TAB>近づいとるのは　確かじゃろ。	"Fortune-teller: ""Well, one thing's certain. We're getting closer to Barinabo Isle."""	place.barinabo,role.fortune_teller	Independent translation from the pinned Japanese GBA script. Preserve original event parameters, protagonist substitutions and page meaning. 
completion.00c30a4c	journey_finale	占いババ「おや　そうかい？<LF><TAB>わしのカンも　にぶったかねえ。	"Fortune-teller: ""Oh, really? Perhaps my intuition has grown dull."""	role.fortune_teller	Independent translation from the pinned Japanese GBA script. Preserve original event parameters, protagonist substitutions and page meaning. 
completion.00c30a88	journey_finale	占いババ「たまには　船旅ってのも<LF><TAB>いいもんだね。　そろそろ　海竜島の<LF><TAB>西くらいには　来たんじゃないかい？	"Fortune-teller: ""A sea voyage is nice now and then. We must be west of Sea Dragon Isle by now, eh?"""	place.journey.0087310c,role.fortune_teller	Independent translation from the pinned Japanese GBA script. Preserve original event parameters, protagonist substitutions and page meaning. 
completion.00c30bec	journey_finale	ネネ「ああ　楽しみだわ。<LF><TAB>早く　コスタリベラに<LF><TAB>着かないかしら？	"Tessie: ""Oh, I'm so excited! I can't wait to reach Costa Libera."""	place.journey.00873188	Independent translation from the pinned Japanese GBA script. Preserve original event parameters, protagonist substitutions and page meaning. 
completion.00c30c30	journey_finale	ネネ「私たちも　新しいお店が<LF><TAB>できたことだし　がんばらなくちゃね。	"Tessie: ""Now that we have a new shop, we must work hard, too."""		Independent translation from the pinned Japanese GBA script. Preserve original event parameters, protagonist substitutions and page meaning. 
completion.00c30c74	journey_finale	ネネ「ポポロが　たのもしい勇者に<LF><TAB>育つ日を　想像するなんて。<LF><TAB>ウフフ。	"Tessie: ""Just imagining Tipper growing into a dependable hero... Hee hee."""	enemy_tipper	Independent translation from the pinned Japanese GBA script. Preserve original event parameters, protagonist substitutions and page meaning. 
completion.00c30cbc	journey_finale	ネネ「……なんて　考えすぎよね。<LF><TAB>母親のひいき目かしら？	"Tessie: ""...I'm getting carried away, aren't I? Perhaps it's a mother's bias."""		Independent translation from the pinned Japanese GBA script. Preserve original event parameters, protagonist substitutions and page meaning. 
completion.00c30cf8	journey_finale	ネネ「あなたが　昔　勇者さまたちと<LF><TAB>共に　たたかったように<LF><TAB>世界になにか　あったときのために。	"Tessie: ""For when trouble comes to the world, just as you once fought alongside the heroes."""		Independent translation from the pinned Japanese GBA script. Preserve original event parameters, protagonist substitutions and page meaning. 
completion.00c30d58	journey_finale	ネネ「もしかしたら　神さまが<LF><TAB>そんなポポロを見て　旅立つよう<LF><TAB>みちびいていらっしゃるのかしら？	"Tessie: ""Perhaps the gods saw that in Tipper and are guiding him to set out on his journey."""	enemy_tipper	Independent translation from the pinned Japanese GBA script. Preserve original event parameters, protagonist substitutions and page meaning. 
completion.00c30db8	journey_finale	ネネ「いつの間にか　あんなに<LF><TAB>男の子らしく　成長していたなんて……<LF><TAB>私も　トシをとるわけよね？	"Tessie: ""He's grown into such a fine young boy before I knew it... I suppose I'm getting older, too."""		Independent translation from the pinned Japanese GBA script. Preserve original event parameters, protagonist substitutions and page meaning. 
completion.00c30e18	journey_finale	ネネ「でも　ポポロが　村に残るって<LF><TAB>言うなんて　びっくりしたわ。	"Tessie: ""But I was surprised when Tipper said he would stay in the village."""	enemy_tipper	Independent translation from the pinned Japanese GBA script. Preserve original event parameters, protagonist substitutions and page meaning. 
completion.00c30e5c	journey_finale	ネネ「こうして　また　船に乗るなんて<LF><TAB>少し　こわかったけど<LF><TAB>海もきれいだし　気持ちいいわね。	"Tessie: ""I was a little scared to go to sea again, but the ocean is beautiful. It feels lovely out here."""		Independent translation from the pinned Japanese GBA script. Preserve original event parameters, protagonist substitutions and page meaning. 
