offset	chapter	english	notes
BB35EC	lighthouse	Return to the dungeon\nSeabed mountain - Summit?	
BB39E4	lighthouse	"Keeper: ""I'm the lighthouse keeper here."""	
BB3A08	lighthouse	"Keeper: ""Mind you, the sacred flame went out two keepers before my time."""	Two predecessors, not necessarily two generations of family.
BB3A58	lighthouse	"???: ""I'm the lighthouse keeper here."""	
BB3A98	lighthouse	"???: ""Meow..."""	
BB3AE4	lighthouse	"???: ""Luckily, once I escaped safely, my level went back to what it had been before."""	
BB3B3C	lighthouse	"???: ""You can't take items in, and your level drops to 1. It's like a puzzle!"""	
BB3BA8	lighthouse	"???: ""I was walking outside when a strange dungeon suddenly appeared."""	
BB3BEC	lighthouse	"???: ""Well! That gave me quite a surprise."""	
BB3C7C	lighthouse	"???: ""Our wheat is the legendary Dragon's mane. It was once offered to the castle!"""	
BB3CE0	lighthouse	"???: ""For us folk living on this tiny island, these fields are our lifeline."""	
BB3D38	lighthouse	"???: ""Welcome to Sea Dragon Lighthouse!"""	
BB3D68	lighthouse	"???: ""This is Sea Dragon Lighthouse. All travellers of pure heart are welcome."""	
BB3E00	lighthouse	"Keeper: ""...Sorry. Could you come back in a little while? I need to gather my wits..."""	
BB3E60	lighthouse	"Keeper: ""Y-you can't spring this on me! Er... How do I offer it at the altar again...?"""	
BB3EC4	lighthouse	"Keeper: ""To think the Sea Dragon's sacred flame would really return..."""	
BB3F08	lighthouse	"Keeper: ""Whoa! Y-you! Is that... divine light!?"""	
BB3F6C	lighthouse	"???: ""Meow! Meow! Meow!"""	
BB3FCC	lighthouse	"???: ""Whoa! That light... It feels like it's cleansing my very soul. ...Anyway..."""	
BB4088	lighthouse	"???: ""Wha!? B-blimey, that's bright! What's that flame you've got!?"""	
BB40D4	lighthouse	"???: ""Whoa! That's bright!"""	
BB40FC	lighthouse	"???: ""Aaaah! D-don't point that at me!"""	
BB4414	lighthouse	That night's feast was a humble one,\nbut the elders' tales of bygone days\ncontinued until dawn...	
BB4474	lighthouse	Believers rejoiced. Those who had\nforgotten the legend awoke in wonder\nto their duty to guard the flame.	
BB44E8	lighthouse	And so the sacred flame burned\nonce more in Sea Dragon Lighthouse.	
BB4524	lighthouse	"Keeper: ""Hey! Everyone! Come quickly! The Sea Dragon's flame is alight!"""	
BB4578	lighthouse	"Keeper: ""...Oh! No time to stand around!"""	
BB45A8	lighthouse	"Keeper: ""It's all thanks to you. Why not go and see how they're doing?"""	
BB45FC	lighthouse	"Keeper: ""The folk in Undersea House must be delighted to have the sacred flame back."""	
BB4654	lighthouse	"Keeper: ""By the way, you must've come across the seabed to reach this island..."""	
BB46AC	lighthouse	"Keeper: ""Oh, well. I'm a generous sort, you know. I'll keep it between us."""	
BB470C	lighthouse	"Keeper: ""...Hang on! That was my job! You could've left it to me!"""	
BB4760	lighthouse	"Keeper: ""What!? The sacred flame... The Sea Dragon's flame is burning again!?"""	
BB47AC	lighthouse	Torneko offered the Sea Dragon's sacred flame at the altar!	
BB47D8	lighthouse	Offer the Sea Dragon's sacred flame at the altar?	
BB4800	lighthouse	The sacred flame blazed up, as though drawn towards the altar!	
BB4B98	lighthouse	"???: ""Now that's Dragon's mane! Good enough for the castle or anywhere else!"""	
BB4BF0	lighthouse	"???: ""Ever since the Sea Dragon's flame came back, this wheat's grown like a dream!"""	
BB4C2C	lighthouse	"???: ""Well, I'll be! What a sight!"""	
BB4CBC	lighthouse	"???: ""It's a real drag, though. Being a hero is hard work."""	
BB4CFC	lighthouse	"???: ""My brother became a hero as lighthouse keeper. I'll become one by farming!"""	
BB4D9C	lighthouse	"Keeper: ""I'm the man who lit the sacred flame for the first time in decades! Hahaha!"""	
BB4DE4	lighthouse	"Keeper: ""Oh, it's you! Thanks to you, I'm quite the hero now."""	
BB4EBC	lighthouse	"???: ""Hello, Torneko! When we get married, do come and celebrate with us. Hee hee!"""	
BB4F1C	lighthouse	"???: ""Sell or throw away something to make room, then come back."""	
BB4F68	lighthouse	"???: ""...Or I would, but it looks like you're carrying too much."""	
BB4FA4	lighthouse	"???: ""Here, take this medal with you."""	
BB4FD8	lighthouse	"???: ""Oh, yes! I've got a little something to thank you."""	
BB5008	lighthouse	"???: ""Thanks for keeping quiet. Now I get to be a hero's wife! Hee hee!"""	
BB5058	lighthouse	"???: ""I know you lit the flame. He'd never have the courage to do something like that."""	
BB50C4	lighthouse	"???: ""To tell you the truth, I was engaged to him."""	
BB5120	lighthouse	"???: ""This is Sea Dragon Lighthouse, home to the guardians of the sacred flame."""	
BB52A4	lighthouse	"Keeper: ""Hey! Everyone! The Sea Dragon's sacred flame is back in the lighthouse!"""	
BB5308	lighthouse	"Keeper: ""H-how did it... Oh, who cares about that!?"""	
BB534C	lighthouse	"Keeper: ""Whoa! Th-that's the Sea Dragon's sacred flame, all right!"""	
BB538C	lighthouse	"Keeper: ""Huh?"""	
BB539C	lighthouse	"Keeper: ""Well, here I am again, guarding an altar with no sacred flame..."""	
BB5668	lighthouse	"???: ""I'll pop it in your pocket. Give it to my wife upstairs for some special bread."""	Second floor retained as upstairs in a two-floor lighthouse service context.
BB56D4	lighthouse	"???: ""It's precious stuff, so only one at a time."""	
BB570C	lighthouse	"???: ""Eh? Must've been hearing things."""	
BB5730	lighthouse	"???: ""Eh? You want some Golden mane, do you?"""	
BB5770	lighthouse	"???: ""Golden mane! The finest of the legendary Dragon's mane! Just look at this crop!"""	
BB57F4	lighthouse	"???: ""My, my! It really is quite a sight."""	
BB5824	lighthouse	"???: ""I travelled here after hearing the legend of the Sea Dragon's sacred flame."""	
BB5880	lighthouse	"???: ""Meeow!"""	
BB58B0	lighthouse	"Keeper: ""I risked my life to get it back, you see. Hahaha!"""	
BB58F8	lighthouse	"Keeper: ""A demon called Hell-something cursed the flame, and it went out for a while."""	Keep the speaker's partial recollection; do not replace it with the full Hell Justice name.
BB5958	lighthouse	"Keeper: ""I'm guardian of the Sea Dragon's sacred flame. This lighthouse's hero!"""	
BB59B8	lighthouse	"???: ""He does exaggerate a little, but that's what makes him so sweet."""	
BB5A14	lighthouse	"???: ""We're married now!"""	
BBDF6C	lighthouse	Continue into the dungeon\nLighthouse basement?	
BBE148	lighthouse	"???: ""May divine protection be with you..."""	
BBE17C	lighthouse	"???: ""Ah, $t. Welcome back."""	
BBE24C	lighthouse	"???: ""You might like to revisit places you've been to and do some shopping."""	
BBE2A0	lighthouse	"???: ""The dungeons ahead will be tough. Make sure you're ready before setting out."""	
BBE300	lighthouse	"???: ""Please, go on through."""	
BBE324	lighthouse	"???: ""I see. Speak to me again whenever you're ready."""	
BBE36C	lighthouse	"???: ""Would you like to enter the tunnel?"""	
BBE38C	lighthouse	"???: ""The evil darkness welling up below seems gone. Perhaps the flame drove it away."""	
BBE3EC	lighthouse	"???: ""Ah, Torneko! So you're heading on from here too."""	
BBE540	lighthouse	"???: ""After all, it's a dead end up ahead. You'll have to go back the way you came."""	
BBE594	lighthouse	"???: ""Well, a traveller! We don't see many of those. Stay for a drink."""	
BBE60C	lighthouse	"???: ""But these days, that duty is all but forgotten..."""	
BBE640	lighthouse	"???: ""We folk of Sea Dragon Isle once lived to guard the holy flame in the lighthouse."""	
BBE6BC	lighthouse	"???: ""Since the sacred flame went out, evil has filled the place. No one can enter."""	
BBE720	lighthouse	"???: ""They say the lighthouse cellar has a tunnel to a large island far to the north."""	
BBE774	lighthouse	"???: ""You probably haven't heard, so let me tell you."""	
BBE7CC	lighthouse	"???: ""We must pass that down to the younger generations."""	
BBE80C	lighthouse	"???: ""Even if the holy flame is stolen, pure hearts will one day bring it back."""	
BBE870	lighthouse	"???: ""For generations, we have lived by the legends of Sea Dragon Isle."""	
BBE8C4	lighthouse	"???: ""My legs are tired! The priest talks for so long..."""	
BBE93C	lighthouse	"Priest: ""And furthermore... (much omitted)... May you be blessed."""	Adapt the source's parenthetical omission as a narrator's comic ellipsis, not new lore.
BBE980	lighthouse	"Priest: ""O ancestors, who trusted in the path you walked! Forgive us!"""	
BBE9D8	lighthouse	"Priest: ""Until then, and ever after, our duty is to guard this legendary lighthouse."""	
BBEA2C	lighthouse	"Priest: ""Though evil hands may seal the flame, a day will come when it returns."""	
BBEA90	lighthouse	"Priest: ""...Our god grieves!"""	
BBEAB8	lighthouse	"Priest: ""For generations, my family have served as priests on this island."""	
BBEB14	lighthouse	"???: ""The priest's sermon is as passionate as ever today. Now, then..."""	
BBEBB4	lighthouse	"???: ""It's dangerous. Please give up and go back the way you came."""	
BBEBF8	lighthouse	"???: ""The tunnel is ahead, but no one has entered it in all my life."""	
BBEDA8	lighthouse	"???: ""Oh! That is the Sea Dragon's sacred flame! ...Now, then..."""	
BBEDF0	lighthouse	"???: ""My! Your flame is the legendary sacred flame! This is no time for business!"""	
BBEE74	lighthouse	"???: ""Whoa! Wh-what is that light!? ...Ah, forgive me. Ahem."""	
BBEF20	lighthouse	"???: ""Whoa! We'll be celebrating tonight! I'd better get the food ready..."""	
BBEFE4	lighthouse	"???: ""...Eh? You're awfully bright. Don't point that odd thing at me! ...Zzz..."""	
BBF048	lighthouse	"???: ""But these days, that duty is all but forgotten... Hic!"""	
BBF084	lighthouse	"???: ""Hiiic! We folk of Sea Dragon Isle once lived to guard the holy flame."""	
BBF0F0	lighthouse	"???: ""Well, now! You look so mysterious and handsome!"""	
BBF168	lighthouse	"???: ""Incredible! Hurry to the lighthouse keeper!"""	
BBF1A8	lighthouse	"???: ""Could that be the Sea Dragon's sacred flame you're carrying!?"""	
BBF1E0	lighthouse	"???: ""...Oh? M-my goodness! Could that be...?"""	
BBF230	lighthouse	"???: ""Wow, mister! What a pretty light!"""	
BBF298	lighthouse	"Priest: ""A-a-aah... (much omitted)... A-a-aah..."""	Comic abridgement of the source's parenthetical omission.
BBF2CC	lighthouse	"Priest: ""You've brought it back! Er... The legend says you must be... a divine servant?"""	
BBF32C	lighthouse	"Priest: ""Gyaaah! Th-that's our Sea Dragon's sacred flame!"""	
BBF384	lighthouse	"???: ""You must be chosen by the Sea Dragon! If there is anything I can do for you..."""	
BBF42C	lighthouse	"???: ""Whatever happens, I put my heart and soul into every blow."""	
BBF4A0	lighthouse	"???: ""But perhaps you will be the first."""	
BBF4D8	lighthouse	"???: ""The tunnel is ahead. No one has entered it in all my life."""	
BBF6A0	lighthouse	"Priest: ""Please protect Torneko as he sets forth once more!"""	
BBF6E4	lighthouse	"Priest: ""O ancestors, who trusted in the path you walked!"""	
BBF724	lighthouse	"Priest: ""Yes, I can hear it. No, not hear it... I can feel it in my heart."""	
BBF784	lighthouse	"Priest: ""...Our god trembles with tears of gratitude!"""	
BBF7C8	lighthouse	"Priest: ""Eh? You aren't a divine servant? Such modesty..."""	
BBF810	lighthouse	"Priest: ""The flame's return is entirely thanks to you, servant of the divine!"""	
BBF874	lighthouse	"Priest: ""Ah, Torneko! You had a good rest last night."""	
BBF8D8	lighthouse	"Priest: ""Day and night, we must... (much omitted)... May you be blessed."""	Comic abridgement of the source's parenthetical omission.
BBF920	lighthouse	"Priest: ""As a descendant of a family who have served this island as priests for generations..."""	
BBF970	lighthouse	"Priest: ""Ah, Torneko! How goes your journey as a divine servant?"""	
BBF9F8	lighthouse	"???: ""Thank you for all you've done, traveller. Take care on your journey."""	
BBFA4C	lighthouse	"???: ""For generations, we've lived by this island's legends. And we always shall..."""	
BBFAE8	lighthouse	"???: ""Wonderful... Truly wonderful... Glug, glug..."""	
BBFB9C	lighthouse	"???: ""We'll be able to make some fine drink now."""	
BBFBC8	lighthouse	"???: ""Since the sacred flame returned, the Dragon's mane in the fields is thriving."""	
BBFCF4	lighthouse	"???: ""Meooow!"""	
BBFFC0	lighthouse	"???: ""I'm heading off ahead of you. See you!"""	
BBFFFC	lighthouse	"???: ""Heh! Only just showing up, are you?"""	
BC0098	lighthouse	Having heard the priest out, a strange sense of satisfaction brought peace of mind.	
BC00F4	lighthouse	$t nearly nodded off halfway through, but somehow managed to stay awake.	
BC014C	lighthouse	The priest delivered a very, very long and passionate sermon to $t.	
BC01D8	lighthouse	"???: ""Oh, a traveller! Hello! This is the lighthouse town."""	
BC027C	lighthouse	"???: ""Even when the world's at peace, people have all sorts of worries."""	
BC0378	lighthouse	"???: ""Nothing good comes of thinking only about how to take life easy."""	
BC03F8	lighthouse	"???: ""Isn't there some easier job that'd earn me everyone's respect?"""	
BC0448	lighthouse	"???: ""I meant to work hard in the fields, like my lighthouse keeper brother, but..."""	
BC04B4	lighthouse	"???: ""How shameful that it took a traveller, Torneko, to remind us of our duty."""	
BC0514	lighthouse	"???: ""We had forgotten our duty here at the lighthouse, and almost forgotten the legend."""	
9430A4	shared_repeats	Continue into the dungeon\nSea Dragon Isle ruins?	Reviewed standard dungeon-transition template; exact Japanese destination matched to existing dungeon glossary. Original Yes/No event parameters retained.
944864	shared_repeats	Return to the dungeon\nGreat Ruins cavern - North?	Reviewed standard dungeon-transition template; exact Japanese destination matched to existing dungeon glossary. Original Yes/No event parameters retained.
944C44	shared_repeats	Continue into the dungeon\nEvil wind cave?	Reviewed standard dungeon-transition template; exact Japanese destination matched to existing dungeon glossary. Original Yes/No event parameters retained.
945A04	shared_repeats	Rosa joined the party!	Reuses independently authored English from the exact Japanese source first-village/village.009c3f70.
945C9C	shared_repeats	Ines joined the party!	Reuses independently authored English from the exact Japanese source first-village/village.009c3638.
947964	shared_repeats	Continue into the dungeon\nMonster nest?	Reviewed standard dungeon-transition template; exact Japanese destination matched to existing dungeon glossary. Original Yes/No event parameters retained.
96A524	shared_repeats	"???: ""Meow! Meow! Meow!"""	Reuses independently authored English from the exact Japanese source story-completion/completion.00bb3f6c.
975614	shared_repeats	"???: ""Meow!"""	Reuses independently authored English from the exact Japanese source first-village/village.009ea5cc.
9758C0	shared_repeats	"???: ""Meow! Meow! Meow!"""	Reuses independently authored English from the exact Japanese source story-completion/completion.00bb3f6c.
9A7268	shared_repeats	"???: ""Welcome back, $t!"""	Reuses independently authored English from the exact Japanese source early-journey/journey.00b8748c.
9EA160	shared_repeats	"???: ""Welcome back, $t!"""	Reuses independently authored English from the exact Japanese source early-journey/journey.00b8748c.
9F9924	shared_repeats	"???: ""Welcome back, $t!"""	Reuses independently authored English from the exact Japanese source early-journey/journey.00b8748c.
9FED80	shared_repeats	"???: ""Zzz... Zzz..."""	Reuses independently authored English from the exact Japanese source early-journey/journey.00b93328.
9FFB24	shared_repeats	A map hangs on the wall. The small island drawn far to the south seems to be this one.	Reuses independently authored English from the exact Japanese source first-village/village.009e178c.
A00158	shared_repeats	"???: ""Meow!"""	Reuses independently authored English from the exact Japanese source first-village/village.009ea5cc.
A1B980	shared_repeats	"???: ""O Lord! May your holy blessing be upon this traveller!"""	Reuses independently authored English from the exact Japanese source early-journey/journey.00b87450.
A1B9BC	shared_repeats	"???: ""Welcome back, $t!"""	Reuses independently authored English from the exact Japanese source early-journey/journey.00b8748c.
ABFE6C	shared_repeats	There is a bed here. Will you rest in it?	Reuses independently authored English from the exact Japanese source first-village/village.009e1f14.
AD0700	shared_repeats	Return to the dungeon\nPath of trials?	Reviewed standard dungeon-transition template; exact Japanese destination matched to existing dungeon glossary. Original Yes/No event parameters retained.
AD07C0	shared_repeats	Continue into the dungeon\nJungle graveyard?	Reviewed standard dungeon-transition template; exact Japanese destination matched to existing dungeon glossary. Original Yes/No event parameters retained.
AD0B2C	shared_repeats	"???: ""O Lord! May your holy blessing be upon this traveller!"""	Reuses independently authored English from the exact Japanese source early-journey/journey.00b87450.
AD0B68	shared_repeats	"???: ""Welcome back, $t!"""	Reuses independently authored English from the exact Japanese source early-journey/journey.00b8748c.
ADF884	shared_repeats	"???: ""Welcome back, $t!"""	Reuses independently authored English from the exact Japanese source early-journey/journey.00b8748c.
AFD158	shared_repeats	Continue into the dungeon\nOtherworld labyrinth?	Reviewed standard dungeon-transition template; exact Japanese destination matched to existing dungeon glossary. Original Yes/No event parameters retained.
AFD1B8	shared_repeats	Continue into the dungeon\nSealed cavern?	Reviewed standard dungeon-transition template; exact Japanese destination matched to existing dungeon glossary. Original Yes/No event parameters retained.
AFE230	shared_repeats	Continue into the dungeon\nIllusion cavern?	Reviewed standard dungeon-transition template; exact Japanese destination matched to existing dungeon glossary. Original Yes/No event parameters retained.
AFE278	shared_repeats	Continue into the dungeon\nMysterious treasury?	Reviewed standard dungeon-transition template; exact Japanese destination matched to existing dungeon glossary. Original Yes/No event parameters retained.
B2C0A8	shared_repeats	"???: ""O Lord! May your holy blessing be upon this traveller!"""	Reuses independently authored English from the exact Japanese source early-journey/journey.00b87450.
B2C0E4	shared_repeats	"???: ""Welcome back, $t!"""	Reuses independently authored English from the exact Japanese source early-journey/journey.00b8748c.
BCB2B4	shared_repeats	"???: ""Zzz... Zzz..."""	Reuses independently authored English from the exact Japanese source early-journey/journey.00b93328.
BD2698	shared_repeats	Return to the dungeon\nLighthouse basement?	Reviewed standard dungeon-transition template; exact Japanese destination matched to existing dungeon glossary. Original Yes/No event parameters retained.
BD275C	shared_repeats	Continue into the dungeon\nGreat Ruins cavern - South?	Reviewed standard dungeon-transition template; exact Japanese destination matched to existing dungeon glossary. Original Yes/No event parameters retained.
BDAD54	shared_repeats	Return to the dungeon\nGreat Ruins cavern - South?	Reviewed standard dungeon-transition template; exact Japanese destination matched to existing dungeon glossary. Original Yes/No event parameters retained.
BDAE1C	shared_repeats	Continue into the dungeon\nGreat Ruins cavern - North?	Reviewed standard dungeon-transition template; exact Japanese destination matched to existing dungeon glossary. Original Yes/No event parameters retained.
BDAF2C	shared_repeats	Return to the dungeon\nJungle Island dig site?	Reviewed standard dungeon-transition template; exact Japanese destination matched to existing dungeon glossary. Original Yes/No event parameters retained.
BE3BD0	shared_repeats	Return to the dungeon\nPath of the gods?	Reviewed standard dungeon-transition template; exact Japanese destination matched to existing dungeon glossary. Original Yes/No event parameters retained.
BE3C90	shared_repeats	Continue into the dungeon\nPath of trials?	Reviewed standard dungeon-transition template; exact Japanese destination matched to existing dungeon glossary. Original Yes/No event parameters retained.
BE3EF4	shared_repeats	"???: ""Make yourself comfortable."""	Reuses independently authored English from the exact Japanese source early-journey/journey.00b875e8.
BEE678	shared_repeats	Return to the dungeon\nJungle graveyard?	Reviewed standard dungeon-transition template; exact Japanese destination matched to existing dungeon glossary. Original Yes/No event parameters retained.
BEE73C	shared_repeats	Continue into the dungeon\nJungle Island dig site?	Reviewed standard dungeon-transition template; exact Japanese destination matched to existing dungeon glossary. Original Yes/No event parameters retained.
BF8598	shared_repeats	Continue into the dungeon\nMountain ridge?	Reviewed standard dungeon-transition template; exact Japanese destination matched to existing dungeon glossary. Original Yes/No event parameters retained.
C01D5C	shared_repeats	Return to the dungeon\nMountain ridge?	Reviewed standard dungeon-transition template; exact Japanese destination matched to existing dungeon glossary. Original Yes/No event parameters retained.
C0B3D8	shared_repeats	Return to the dungeon\nEvil wind cave?	Reviewed standard dungeon-transition template; exact Japanese destination matched to existing dungeon glossary. Original Yes/No event parameters retained.
C0B4F8	shared_repeats	Continue into the dungeon\nDark chamber?	Reviewed standard dungeon-transition template; exact Japanese destination matched to existing dungeon glossary. Original Yes/No event parameters retained.
9407E8	journey_companions	"Rosa: ""Right, let's go!"""	
940804	journey_companions	"Rosa: ""Got all that? Want me to go over it again?"""	
940844	journey_companions	"Rosa: ""I'm not all that tough, so look out for me now and then, will you?"""	
940898	journey_companions	"Rosa: ""In a dungeon, use START to face me if you want to talk."""	
9408FC	journey_companions	"Rosa: ""By the way, Torneko. I forgot to mention something."""	
940938	journey_companions	"Ines: ""Shall we go, then?"""	
94095C	journey_companions	"Ines: ""Did you understand all that? Shall I explain again?"""	
9409A4	journey_companions	"Ines: ""I do know a few spells. Perhaps I can be of some help."""	
9409F8	journey_companions	"Ines: ""If you need me in a dungeon, use START to face me and speak to me."""	
940A5C	journey_companions	"Ines: ""Oh, Torneko! I forgot to tell you something important."""	
940B98	journey_companions	"Rosa: ""Not some little cave! Oh, don't you want to pray back in the village? Up to you."""	
940C04	journey_companions	"Rosa: ""Ugh, what a drag. If we're going adventuring, Torneko, let's do it properly!"""	
940C68	journey_companions	"Ines: ""Oh, now that we've escaped, it might be wise to pray in the village."""	
940CCC	journey_companions	"Ines: ""Phew... Doesn't it seem strange to find a cave like this on the surface?"""	
943020	journey_companions	Before entering, it would be wise to speak to someone who knows about these ruins.	
94306C	journey_companions	These seem to be ancient ruins that have stood here for a very long time.	
944F70	journey_companions	"Rosa: ""Sell or store something, then come back."""	
944FB8	journey_companions	"Rosa: ""Huh? You're carrying too much!"""	
944FF0	journey_companions	"Rosa: ""When you've finished your business and head back to Barinabo, I'll join you."""	
945044	journey_companions	"Rosa: ""I'll take it easy round here. And after that... Let's see..."""	
945090	journey_companions	"Rosa: ""Wave it at a monster, and it turns into an item! Here you go, Torneko!"""	
945100	journey_companions	"Rosa: ""It's my prized possession, an Itemizing staff. It's a pretty fun little thing."""	Uses existing exact item identity combined_item_080.
94515C	journey_companions	"Rosa: ""I'm impressed. Here, I'd like you to have this."""	
9451B0	journey_companions	"Rosa: ""You really put up with a lot, having me for a guide, Torneko."""	
9451FC	journey_companions	"Rosa: ""Well, that's my job done. Though I was more of a burden, really. Heh heh."""	
945268	journey_companions	"Rosa: ""Grandpa Gamlan said the person you're looking for should be somewhere here."""	
9452CC	journey_companions	"Rosa: ""That's right. Great Baleina Isle, in the far north, a long way from Barinabo."""	
94532C	journey_companions	"Rosa: ""As one of Barinabo's people of the earth, I can sense it. Our journey ends here."""	
945390	journey_companions	"Rosa: ""Ahh! Isn't the air up here great, Torneko? What do you think?"""	
9453D4	journey_companions	"Ines: ""Until then, I'll enjoy the change of air from Barinabo."""	
945424	journey_companions	"Ines: ""After this... When you've done what you came for, I'll return to Barinabo with you."""	
945488	journey_companions	"Ines: ""I'll leave you here. You won't need my guidance now. I'd only be a burden."""	
9454F4	journey_companions	"Ines: ""My task is over now. Though I've been more of a burden than a help..."""	
94554C	journey_companions	"Ines: ""Grandfather said the person you're seeking should be somewhere on this island."""	
9455B4	journey_companions	"Ines: ""Great Baleina Isle, far to the north, a long way from Barinabo."""	
9455FC	journey_companions	"Ines: ""As one of Barinabo's people of the earth, I can sense it. Our journey ends here."""	
945650	journey_companions	"Ines: ""Ahh! The air on the surface really is lovely, Torneko!"""	
9457CC	journey_companions	"Rosa: ""Hey, Torneko. Ready to take my present now?"""	
945A24	journey_companions	"Rosa: ""But if it looks too tough on you, I'll come back here on my own."""	
945A84	journey_companions	"Rosa: ""You're a funny one. Well, if you insist, I'll come along."""	
945AD4	journey_companions	"Rosa: ""See you when you've found who you're looking for and head back to Barinabo."""	
945B30	journey_companions	"Rosa: ""See you when you've finished your business and head back to Barinabo."""	
945B8C	journey_companions	"Rosa: ""Thought so. Honestly, it's a wonder we got this far! Hahaha!"""	
945BE0	journey_companions	"Rosa: ""Eh? What? You want me to go into a dungeon with you again?"""	
945C38	journey_companions	"Rosa: ""Well, now... Maybe I'll just hang around here until you're done."""	
945CBC	journey_companions	"Ines: ""But if I'm no help, I'll return here on my own. I'll be counting on you."""	
945D28	journey_companions	"Ines: ""I see... If you insist, I'll come with you."""	
945D6C	journey_companions	"Ines: ""I'm sure I'll only get in your way. Do you really want to take me?"""	
945DCC	journey_companions	"Ines: ""Of course. You can adventure on your own now, Torneko. Good luck!"""	
945E30	journey_companions	"Ines: ""You have to enter another dungeon? Surely you don't mean to take me along?"""	
945E9C	journey_companions	"Ines: ""Oh, Torneko. Have you met the king of Great Baleina?"""	
945F64	journey_companions	You can just make out the cavern entrance, but it's filled with evil. You can't get in!	
946014	journey_companions	"???: ""Ugh... My chest... It's too dangerous to enter the dungeon now... Guh..."""	
946180	journey_companions	The evil presence vanished from the cavern entrance.	
9461AC	journey_companions	Holy light burst forth from the Prayer crystal!	
952720	castle	A map hangs on the wall. The large island drawn to the north seems to be this one.	
952798	castle	It depicts a distinguished young king and his subjects.	
9527C8	castle	Title: 'Trust and Glory'	
9527E8	castle	$t examined the painting hanging on the wall.	
952930	castle	"???: ""Welcome to Great Baleina Castle."""	
952970	castle	"???: ""The king is in the throne room, but for your own sake, you'd best stay away for now."""	
9529CC	castle	"???: ""Huh? The gatekeeper opened the main doors?"""	
952AB0	castle	"???: ""Ah... I should have resigned too, like my fellow scholar who left before me."""	
952B0C	castle	"???: ""The king thinks I'm utterly useless now."""	
952B54	castle	"???: ""I've searched the old books, but found nothing about how to make a youth potion."""	
952BBC	castle	"???: ""Ah... The world outside is so bright and refreshing..."""	
952C68	castle	"???: ""Any woman fears growing old. It must be worse for someone as beautiful as she is..."""	
952CD8	castle	"???: ""Still, I do worry about the queen's health."""	
952D10	castle	"???: ""Oh, stop! Beautiful as I am, I could hardly compare with the queen. Ho ho ho!"""	
952D70	castle	"???: ""Oh? Perhaps I misheard you. Ho ho ho!"""	
952DA4	castle	"???: ""My! You think I'm the queen?"""	
952E54	castle	"???: ""The king seems to have spoiled her a little too much."""	
952E88	castle	"???: ""The king loves her so, and everyone here adores her. What more could she want?"""	
952EE0	castle	"???: ""The queen's illness is of the heart, not the body."""	
952F78	castle	"???: ""Hah! I'm not done yet! Hyaah!"""	
952FA0	castle	"???: ""Hyaaaah!"""	
95303C	castle	"???: ""With the queen confined to bed, the prince dines alone. How lonely it must be."""	
953108	castle	"Prince: ""You can have this awful food if you want it. Hmph!"""	
95313C	castle	"Prince: ""Who are you? I've never seen you before."""	
95316C	castle	"Prince: ""Tch! Even my dog Rudolph wouldn't eat food this bad!"""	
9531C8	castle	"Rudolph: ""Grrr! Woof, woof! Ruff, ruff!"""	
953224	castle	"???: ""The captain may already have set off somewhere by now."""	
953268	castle	"???: ""A little while ago, the king's shouting could be heard all the way down here."""	
9533FC	castle	"???: ""If you find the potion, could you secretly spare a little for me?"""	
953450	castle	"???: ""The king asked you to visit the old fortune-teller, didn't he?"""	
95361C	castle	"???: ""He really does care about his father and his country."""	
953660	castle	"???: ""For a child, he can seem so detached. As his attendant, I was rather worried..."""	
9536C4	castle	"???: ""I was surprised to see the prince go up to the throne room earlier."""	
9537F8	castle	"???: ""Welcome back! Please, go on through to the king!"""	
95382C	castle	"Captain: ""Yes. Sorry to worry you. I'm taking the fortune-teller to the king now."""	
953888	castle	"???: ""Ah, Captain! Welcome back!"""	
953C30	castle	"Captain: ""Ah, that'll do. Torneko, please ask your questions."""	
953C88	castle	"Samson: ""That's what I was told. Of course, I'd be happy to do anything else you ask."""	
953CE4	castle	"Samson: ""While your family stays here, I am to look after you all and mind the shop."""	
953D44	castle	"Samson: ""And prepare the shop before you return from the southern island."""	
953DA8	castle	"Samson: ""Yes. First, prepare the king's villa in Costa Libera for your family to live in."""	
953E18	castle	"Captain: ""First, do you understand the duties explained when you applied?"""	
953E84	castle	"Captain: ""Right, let's begin. Torneko, over here, please."""	
953EC4	castle	"Samson: ""My name is Samson. I've applied to work in your shop, Torneko. Pleased to meet you."""	
953F28	castle	"???: ""Our first applicant! Samson, please come in!"""	
953F58	castle	"???: ""Ah, Captain! Thank you for coming. I'll call in the first applicant."""	
953FB4	castle	"Captain: ""This way, please."""	
953FDC	castle	"Captain: ""Understandable. This has all happened rather suddenly. I'll explain again."""	
00954048	castle	"Captain: ""Shall we begin the interviews with the two candidates?"""	
00954088	castle	"Captain: ""Please judge whether they can keep your shop running while you are away."""	
009540E8	castle	"Captain: ""He was so eager that the king agreed to grant him an interview."""	
0095413C	castle	"Captain: ""The other is Douglas, a ruffian who works at the inn in the castle town."""	
009541A0	castle	"Captain: ""First is Samson, the blacksmith's grandson. He used to be a scholar here."""	
00954200	castle	"Captain: ""Let me see... The king has chosen these two applicants to meet you."""	
00954264	castle	"Captain: ""In fact, we have already sought applicants and prepared the interviews."""	
00954308	castle	"Rosa: ""Hey, Torneko! I know you like me, but don't go making me your shopkeeper!"""	
00954370	castle	"Ines: ""Interviews? This is turning into quite an occasion! Good luck, Torneko."""	
00954A08	castle	"Rosa: ""Well, the old fortune-teller's waiting at the gate, right? Let's go."""	
00954A50	castle	"Rosa: ""You hired a pretty interesting guy! You've got a good eye, Torneko."""	
00954AAC	castle	"Ines: ""Well, that took a strange turn. You must be tired, Torneko."""	
00954B00	castle	"Captain: ""Still, it is your decision, Torneko. I have no right to criticize."""	
00954B5C	castle	"Captain: ""I know they say the most hopeless fellows can be hard to dislike, but..."""	
00954BC0	castle	"Captain: ""Wh-what a man... Are you truly going to hire that fellow, Torneko?"""	
00954C1C	castle	"Douglas: ""All right! Thanks a bunch! See you in Costa Libera!"""	
00954C60	castle	"Rosa: ""What a serious, dull-looking fellow. I'd have hired Douglas myself..."""	
00954CC4	castle	"Ines: ""Let's go and see the fortune-teller at the castle gate."""	
00954D04	castle	"Ines: ""He seems so honest. I'm glad you found a nice shopkeeper, Torneko."""	
00954D58	castle	"Captain: ""I apologize for taking up so much of your time."""	
00954D90	castle	"Captain: ""By the way, the fortune-teller appears to be waiting for you outside."""	
00954DE4	castle	"Captain: ""Thank you for your time. I shall send your new shopkeeper to Costa Libera."""	
00954E48	castle	"Captain: ""Understood. I'm sure Samson will run an honest business for you."""	
00954EA4	castle	"Captain: ""What! You mean to say that you prefer Douglas?"""	
00954EE8	castle	"Captain: ""Wh-what a man... Well, that settles it. You'll hire Samson, won't you?"""	
00954F3C	castle	"Douglas: ""Well, take your time and let me know what you decide. I'll be off, then!"""	
00954FA0	castle	"Douglas: ""Huh. You're a pretty cautious fellow, aren't you, Torneko?"""	
00954FE4	castle	"Douglas: ""I'll get straight to the point! Will you hire me?"""	
0095502C	castle	"Douglas: ""Uh-huh. I see. Then I'll be able to put my talents to full use!"""	
00955084	castle	"Douglas: ""Hey, you'll go broke being that soft! I know how you feel, though."""	
009550E8	castle	"Douglas: ""Do you mind if your customers lose out a little, so long as you turn a profit?"""	
0095514C	castle	"Douglas: ""As you can see, I'm a whiz at business. I'm sure I could help you out..."""	
009551AC	castle	"Douglas: ""Hold on a second! Let me ask a question, too!"""	
009551F8	castle	"Captain: ""Er... Yes, I understand. Now, Torneko, please ask your questions."""	
0095525C	castle	"Douglas: ""Sure! I'm gonna do some roaring business in Torneko's great big shop!"""	
009552B8	castle	"Douglas: ""Hey, what's that supposed to mean? Don't judge a man by his looks!"""	
0095531C	castle	"Captain: ""No... I am asking whether you understand what this job involves..."""	
00955374	castle	"Douglas: ""Huh?"""	
00955384	castle	"Captain: ""...Hmm. Well, let us begin."""	
009553BC	castle	"Douglas: ""Ha ha ha! Sorry about that! I'm Douglas. Pleased to meet you!"""	
00955414	castle	"Douglas: ""Whoops! My mistake!"""	
00955434	castle	"???: ""Next applicant! Douglas, please come in!"""	
00955460	castle	"???: ""Yes, of course."""	
00955480	castle	"Captain: ""Please send in the other applicant."""	
009554B4	castle	"Captain: ""Then I shall call him in."""	
009554D4	castle	"Captain: ""No need to worry. He has the king's approval. Now, let us call him in."""	
00955544	castle	"Captain: ""Oh, were you not ready? Well, I suppose Samson all but has the job already."""	
009555AC	castle	"Captain: ""May I call in the next man, Douglas?"""	
009555EC	castle	"Captain: ""Well, what a fine young man."""	
00955618	castle	"Samson: ""Yes. Thank you very much for your time. I'll take my leave."""	
00955664	castle	"Captain: ""Thank you, Samson. We'll inform you of the result. Please wait back home."""	
009556CC	castle	"Captain: ""Then let us finish here."""	
009556F8	castle	"Captain: ""Please continue your questions for Samson."""	
0095573C	castle	"Captain: ""Shall we bring the interview to a close?"""	
00955774	castle	"Captain: ""Come, Torneko. Let us continue the interview."""	
00955890	castle	"???: ""Oh, did you want something...?"""	
00955A10	castle	"Samson: ""If you ever keep any pets, I'd be delighted to look after them."""	
00955A5C	castle	"Samson: ""If I had to pick something... Perhaps caring for animals."""	
00955AA4	castle	"Samson: ""Huh? My hobbies? Hmm... I'm rather a dull man. Nothing comes to mind..."""	
00955B00	castle	"Samson: ""I've learned to handle and appraise goods at the smithy. That should help."""	
00955B68	castle	"Samson: ""My skills? Well, my work as a scholar taught me bookkeeping and paperwork..."""	
00955BD4	castle	"Samson: ""I left for personal reasons. Since then, I've helped at my grandfather's smithy."""	
00955C2C	castle	"Samson: ""My background? Yes. I used to work at the castle as an apprentice scholar."""	
00955CA8	castle	"Samson: ""Yes. What would you like to know?"""	
00955D68	castle	"???: ""Oh, where are you going? Your interviews aren't over yet."""	
00955F0C	castle	"???: ""Thank you for your hard work. Please get plenty of rest tonight."""	
00956174	castle	"???: ""Torneko! You truly are the savior of our kingdom!"""	
009561C4	castle	"???: ""I wanted to work in your shop too, Torneko. Oh, woe is me..."""	
009562B0	castle	"???: ""From now on, I'll strive to be a fine scholar worthy of the king's recognition."""	
00956304	castle	"???: ""All I thought about was escaping my hard work. What a fool I've been."""	
00956380	castle	"???: ""I haven't got any younger. How strange..."""	
009563B8	castle	"???: ""I asked the old fortune-teller for the same medicine the queen had, but..."""	
00956480	castle	"???: ""That old fortune-teller must be quite remarkable to have cured her."""	
009564C8	castle	"???: ""The queen's illness was of the heart, not the body."""	
009565CC	castle	"Rosa: ""Huh? Where are you going? The fortune-teller's waiting at the gate. Let's go!"""	
0095662C	castle	"Ines: ""The fortune-teller's waiting at the castle gate, isn't she? Let's go."""	
0095667C	castle	"Ines: ""Oh, Torneko! Where are you going?"""	
009566AC	castle	The interviews took quite a while. It would be best to hurry outside the castle.	
009566FC	castle	Torneko remembered that the fortune-teller was waiting outside the castle.	
00956810	castle	"???: ""Please come back and visit once your son is well again."""	
00956854	castle	"???: ""Torneko! You truly are the savior of our kingdom."""	
0095690C	castle	"???: ""Well, fortune-teller! I've seen your skill with my own eyes!"""	
00956954	castle	"???: ""Ah, as they say, there's nothing quite like a woman in love."""	Source leaves the proverb unfinished; preserve suggestive romantic observation.
009569B8	castle	"???: ""Oh, the dog has had a little accident here... Honestly, Your Highness!"""	Urine euphemism; later smell interaction retains the joke.
00956A4C	castle	...Or so it seemed.	
00956A64	castle	An awful stench assailed $t's nose! $t's strength fell by 1!	Preserve strength amount and both native protagonist substitutions; next page reveals apparent effect.
00956AB0	castle	$t held his nose to keep out the smell.	
00956AD8	castle	An unbearable smell wafts this way...\nTake a closer look?	
00956B1C	castle	$t checked the ground at his feet!	
00956C90	castle	"???: ""If a man like that appears, I'll try the medicine again."""	
00956CD4	castle	"???: ""I'm not convinced... But never mind. There aren't any charming men around now."""	
00956D38	castle	"???: ""Oh, do you think so...?"""	
00956D54	castle	"Fortune-teller: ""Oh, is that so? Don't worry. You'll see the effects in time."""	
00956DB8	castle	"???: ""Oh, fortune-teller! The medicine you gave me doesn't seem to work at all."""	
00956F18	castle	"???: ""Your father is upstairs. Do go on up."""	
0095702C	castle	"???: ""Welcome to Great Baleina Castle!"""	
00957064	castle	"???: ""His Majesty is upstairs."""	
009570AC	castle	"???: ""No, perhaps I'm reading too much into it."""	
009570D8	castle	"???: ""Could the legendary gods have guided Torneko here?"""	
0095711C	castle	"???: ""Who could ever have imagined it would come to this?!"""	
00957180	castle	"???: ""Perhaps I should try another dose of the fortune-teller's medicine."""	
009571CC	castle	"???: ""Oh, oh... I'm so scared! I don't know what to do."""	
0095723C	castle	"???: ""I believe in you..."""	
009572B0	castle	"???: ""Hah! This is nothing!"""	
009572DC	castle	"???: ""Grr! I'm not done yet! Take that!"""	
00957328	castle	"???: ""The prince isn't even afraid at a time like this... I'm rather impressed."""	
009573DC	castle	"Prince: ""Your father owes me a favor. Don't forget it."""	
00957428	castle	"Prince: ""Oh, it's you, Tipper. Working hard?"""	
0095745C	castle	"Prince: ""Right! Torneko and Tipper, save this kingdom! Then we'll be even."""	
009574B4	castle	"Prince: ""Come to think of it, Torneko still owes me a favor."""	
00957510	castle	"Rudolph: ""Grrrr..."""	
0095753C	castle	"???: ""You are the saviors of our kingdom! Thank you so very much!"""	
00957598	castle	"???: ""Ah, Torneko! Tessie is waiting in the banquet hall at the back."""	
009575F8	castle	"???: ""We owe everything to you. Thank you so very much."""	
00957644	castle	"???: ""Do you remember me? I'm the captain's wife, always praying in the church."""	
0095773C	castle	"???: ""Hooray! There's a festival tonight!"""	
00957788	castle	"???: ""I haven't felt this excited in decades! Ho ho ho!"""	
009577F4	castle	"???: ""What's come over me? Why does this old gentleman make my heart flutter...?"""	
00957860	castle	"???: ""The prince looks so happy dining with Tessie."""	
009578DC	castle	"Prince: ""Tessie is quite amusing, actually. She may visit the castle now and then."""	
00957940	castle	"Prince: ""Ah, Torneko and his son Tipper! So you're back!"""	
00957990	castle	"Rudolph: ""Yelp! Woof, woof..."""	
00957A30	castle	"Tessie: ""It might be a good idea to pray at the church, too."""	
00957A6C	castle	"Tessie: ""Don't worry about me. Go and show everyone in town that you're back."""	
00957AB4	castle	"Tessie: ""Once the dark mist lifted, I felt so much better. My strength came back, too."""	
00957B08	castle	"Tessie: ""Everyone in the castle and town looks so happy..."""	
00957B44	castle	"Tessie: ""I knew you would both come home safely. Thank you so much."""	
00957B9C	castle	"Tessie: ""Darling... Tipper...! Welcome home!"""	
00957C74	castle	"Captain: ""The celebration is ready. Please, come this way!"""	
00957CB4	castle	"Captain: ""Ah, Torneko! We've been waiting for you."""	
00957D78	castle	"???: ""Ah, $t! Please, come through."""	
00957DB8	castle	"???: ""You can still feel the excitement of the celebration in the castle."""	
00957E04	castle	"???: ""My husband's been going to some monster arena lately. I'm worried..."""	
00957EF8	castle	"???: ""Hooray! Where shall I play today?"""	
00957F74	castle	"???: ""What's come over me? I think I want to marry this old gentleman."""	
00957FD4	castle	"???: ""At last, the prince likes the food!"""	
00958054	castle	"Prince: ""Which means it's thanks to you... I suppose I'll have to thank you, then."""	
009580A8	castle	"Prince: ""It's because Dragon's mane can grow on Sea Dragon Isle like it used to."""	
009580F4	castle	"Prince: ""Mmm, delicious! This bread is wonderfully fluffy, and it smells so good..."""	
00958160	castle	"Rudolph: ""Woof, woof!"""	
00955C9C	castle_interview_choices	Background	Samson interview topic; native choice order retained.
00955C94	castle_interview_choices	Skills	Samson interview topic; native choice order retained.
00955C8C	castle_interview_choices	Hobbies	Samson interview topic; native choice order retained.
00955C84	castle_interview_choices	Finish	Ends the interview questions; not a gameplay cancellation.
009642B8	castle_royal	Spears and other weapons lean against the wall. They seem to belong to the castle soldiers.	
00964324	castle_royal	But there are a few scratches on it. Someone seems to have used it for sword practice.	
0096436C	castle_royal	It is an impressive suit of armor, with a certain sense of history about it.	
009643A0	castle_royal	$t gazed at the armor in front of him.	
009643E0	castle_royal	...On closer inspection, it's rusty. It must be quite old.	
00964520	castle_royal	"???: ""Shh! Quiet, please! His Majesty is praying."""	
00964590	castle_royal	"???: ""...Zzz... Zzz..."""	Nodding off; preserve sleep rather than audible speech.
00964658	castle_royal	"Minister: ""The prince is the late queen's child... Oh, I fear I've said too much."""	
009646C4	castle_royal	"Minister: ""You see, he lost his previous queen to a dreadful illness while she was young."""	
00964710	castle_royal	"Minister: ""It's only natural that the king should care so deeply for the queen."""	
00964760	castle_royal	"Minister: ""All of us who serve the king are at a loss, too..."""	
009647A4	castle_royal	"Minister: ""I'm terribly sorry that the king's behavior has caused everyone such worry."""	
0096481C	castle_royal	"???: ""...Mmm, don't wake me. I've only just come off duty..."""	
00964888	castle_royal	"???: ""These are the captain's quarters. He's away on duty at the moment."""	
009649C8	castle_royal	"King: ""Where are you going? Do not ignore me! Get back here!"""	
00964A0C	castle_royal	"King: ""............ Hey!"""	
00964D90	castle_royal	"???: ""Y-yes, sire!"""	
00964DA8	castle_royal	"King: ""Soldiers, release our guest."""	
00964DDC	castle_royal	"King: ""I'm sorry, my guest. I should not have taken my anger out on you."""	
00964E2C	castle_royal	"King: ""...... Hmm. I see... You're right."""	
00964E60	castle_royal	"King: ""Wh-what insolence... ......"""	
00964E90	castle_royal	"Prince: ""Stop making everyone miserable! Mother won't get better with you acting like this!"""	
00964EF8	castle_royal	"Prince: ""Father! That's enough! You're embarrassing yourself!"""	
00964F34	castle_royal	"???: ""Wait a minute!"""	Anonymous source before the prince is identified.
00964F54	castle_royal	"???: ""Y-yes, sire!!"""	
00964F70	castle_royal	"King: ""Get this man out of here at once!"""	
00964FA0	castle_royal	"King: ""Soldiers! Did I not order you to let no one into the castle?!"""	
00964FE8	castle_royal	"King: ""And you have the gall to bring me such a message?!"""	
00965044	castle_royal	"King: ""Wh-what?! Outrageous! And he calls himself captain of this kingdom's soldiers!"""	
00965094	castle_royal	"King: ""Don't defend him! Outrageous! And he calls himself captain of our soldiers!"""	
009650F8	castle_royal	"King: ""Don't tell me... Is it bad news? Did the captain flee to avoid telling me himself?"""	
00965160	castle_royal	"King: ""Then why has the captain not come to see me himself?"""	
009651A0	castle_royal	"King: ""Hmm? What? A message from the captain?"""	
009651D0	castle_royal	"King: ""Oh...? Then it must be a matter of great importance."""	
00965208	castle_royal	"King: ""I see. Then leave at once!"""	
0096523C	castle_royal	"King: ""...I am praying for something very important. Do you still wish to speak to me?"""	
009652A0	castle_royal	"King: ""...... ...... ...... ......"""	
009654C0	castle_royal	"Prince: ""Well, after what just happened, you owe me a favor, don't you?"""	
0096550C	castle_royal	"Prince: ""Well, either way, it's nothing to do with me."""	
00965540	castle_royal	"Prince: ""You're awfully obliging. Or was there some reason you wanted to see Father?"""	
009656CC	castle_royal	"King: ""For my queen and your son, I am counting on you, Torneko!"""	
00965718	castle_royal	"King: ""Cross the caves in the northern mountains, and you should reach the fortune-teller."""	
00965778	castle_royal	"King: ""Good! I knew you would! I am certain you can do it. We're counting on you!"""	
009657C8	castle_royal	"King: ""Ha ha ha! Don't be absurd!"""	
009657F8	castle_royal	"King: ""Well? Will you cross the mountains for the sake of my queen and your son?"""	
00965848	castle_royal	"King: ""As a child, I heard that the old woman could make any medicine imaginable."""	
009658A8	castle_royal	"King: ""She was terribly old, so I cannot promise she still lives. But it's worth a try."""	
00965900	castle_royal	"King: ""Cross the caves in the mountains north of here to reach the fortune-teller beyond."""	
00965964	castle_royal	"King: ""It was so dangerous that I ordered no one to enter, but..."""	
009659A4	castle_royal	"King: ""Torneko, if you came from that island far to the south, you may cross the mountains, too."""	King does not recall the island name; no specific place inserted.
00965A18	castle_royal	"King: ""...Wait. Perhaps we could resolve this along with the queen's illness."""	
00965A74	castle_royal	"King: ""...Hmm? Your son? Oh, dear. That is most troubling."""	
00965AB4	castle_royal	"King: ""You surely came for more than the captain's message. Is something troubling you?"""	
00965B18	castle_royal	"King: ""Forgive my outburst. I am king of this land. And you are... Ah, Torneko."""	
00965BB4	castle_royal	"???: ""You are a brave man. I misjudged you."""	
00965C04	castle_royal	"???: ""I wonder if the king noticed I was asleep..."""	
00965C44	castle_royal	"???: ""Oh, that startled me! It was so quiet, I dozed off."""	
00965FA4	castle_royal	"King: ""You must be exhausted. I shall have a maid prepare a room. Please rest well."""	
00966010	castle_royal	"King: ""I don't know what medicine the fortune-teller brought, but my wife will surely recover."""	
00966074	castle_royal	"King: ""Now, Torneko. Forgive my belated thanks. You have done us a great service."""	
009660CC	castle_royal	"Captain: ""Th-thank you for your kind words! I am m-most grateful! I'll take my leave..."""	
00966124	castle_royal	"King: ""You may go. Return to your usual duties in the castle."""	
00966164	castle_royal	"King: ""Enough! I, too, have things to reflect on."""	
009661A8	castle_royal	"Captain: ""Y-yes, sire! I'm terribly sorry! Your anger is entirely justified..."""	
009661FC	castle_royal	"King: ""...... Hey!"""	
00966214	castle_royal	"Minister: ""Wha- Y-yes, sire! At once! Please, come this way!"""	
00966254	castle_royal	"King: ""Minister! What are you waiting for? Take our guest to my wife at once!"""	
009662A4	castle_royal	"King: ""Wonderful! Thank you! You truly are worthy of your legend!"""	
009662E4	castle_royal	"Fortune-teller: ""I've brought just the medicine for your wife. Now take me to her."""	
0096634C	castle_royal	"Fortune-teller: ""No need to explain! Torneko here has told me all about it."""	
0096639C	castle_royal	"King: ""Forgive my terrible manners. I am the present king of Great Baleina. The truth is..."""	
009663F8	castle_royal	"King: ""Your appearance is unmistakable! You are the fortune-teller the last king spoke of!"""	
00966454	castle_royal	"King: ""Oh! F-forgive me! I've been waiting for you with all my heart!"""	
009664AC	castle_royal	"Fortune-teller: ""What's all this? I come all the way over the mountains, and you ignore me?!"""	
00966514	castle_royal	"Captain: ""Oh-oh-oh-oh..."""	Frightened stammer; not a substantive reply.
00966530	castle_royal	"King: ""A wretch who fled in the middle of his duty, despite being captain of the soldiers."""	
0096658C	castle_royal	"King: ""Come to think of it, there was a fellow here a while ago..."""	
009665C8	castle_royal	"King: ""Hmm? Who might you be? I don't recall you at all..."""	
00966618	castle_royal	"Captain: ""Your Majesty, King of Great Baleina! I have returned from my long assignment!"""	
00966A38	castle_royal	"Rosa: ""That old woman's medicine seems a bit fishy to me..."""	
00966A78	castle_royal	"Rosa: ""Come on, let's hurry and see how the king and queen are doing."""	
00966AC4	castle_royal	"Rosa: ""How long are you gonna sleep? It's past noon!"""	
00966AF8	castle_royal	"Ines: ""Come on, let's go and see the king and queen."""	
00966B34	castle_royal	"Ines: ""Oh, Torneko! You're awake? It's already past noon."""	
00966BFC	castle_royal	"???: ""You had a good rest. Have a pleasant day."""	
00966C84	castle_royal	"Minister: ""Thanks to you, the queen seems quite herself again. How can we ever thank you?"""	
00966CE8	castle_royal	"Minister: ""Ah, good morning, Torneko."""	
00966D94	castle_royal	"Captain: ""Well, what a night! Ha ha ha!"""	
00966DC8	castle_royal	"Captain: ""The king told me to lend you my quarters. I was up all night!"""	
00966E2C	castle_royal	"Captain: ""Ah, Torneko! You saw me at my worst yesterday."""	
00966E8C	castle_royal	"???: ""The king and queen are in their bedchamber upstairs. Please take the stairs at the back."""	
00966EF4	castle_royal	"???: ""She asks that you meet her at the castle gate later."""	
00966F2C	castle_royal	"???: ""Good morning! The old fortune-teller has gone out for a walk."""	
00967060	castle_royal	"Minister: ""The king has asked me to convey his thanks. Please, come this way!"""	
009670B4	castle_royal	"Minister: ""Thanks to you, the queen is so full of life. It's as though she's grown young again."""	
0096710C	castle_royal	"Minister: ""Ah, Torneko! Have you spoken to the king?"""	
0096761C	castle_royal	"Captain: ""Please, come this way!"""	
00967640	castle_royal	"Captain: ""Oh, what a relief! I mean, congratulations! Let us prepare at once!"""	
009676A8	castle_royal	"Captain: ""And Torneko, the villa even has a pool. It gets a good flow of customers, too."""	
0096770C	castle_royal	"Captain: ""But... I'll lose my job... I mean, His Majesty's generous offer..."""	
00967768	castle_royal	"Captain: ""What do you think? Will you accept His Majesty's gift?"""	
009677B8	castle_royal	"Captain: ""If you open a shop, there are people who would love to work for you."""	
00967818	castle_royal	"Captain: ""Of course, you have a shop in your hometown. You could use this as a holiday home..."""	
00967884	castle_royal	"Captain: ""That is all. His Majesty trusts your skill as a merchant and is most eager."""	
009678F0	castle_royal	"Captain: ""...grants merchant Torneko his Costa Libera villa, with permission to run a shop.'"""	Second page of the formal royal grant; preserve business permission.
00967960	castle_royal	"Captain: ""Ahem! 'The third king of Great Baleina, in recognition of Torneko's service..."""	First page of the formal royal grant; preserve third king.
009679C0	castle_royal	"Captain: ""Yes, sire! Understood."""	
009679E4	castle_royal	"Minister: ""Now, Captain. Explain everything to him properly."""	
00967B70	castle_royal	The fortune-teller joined the party!	
00967B94	castle_royal	"Fortune-teller: ""Well then, let's be on our way."""	
00967BC8	castle_royal	"King: ""Travel safely. I pray you will return soon, once your son has recovered."""	
00967C30	castle_royal	"King: ""Before leaving for the southern island, you should have a look at the villa."""	
00967C80	castle_royal	"King: ""I've already sent your chosen shopkeeper to prepare the villa in Costa Libera."""	
00967CE4	castle_royal	"King: ""My ship awaits you at Costa Libera's harbor. You may return home with peace of mind."""	
00967D38	castle_royal	"King: ""I worry for your son, but with the fortune-teller going, he will surely recover."""	
00967D9C	castle_royal	"King: ""You have done so much for us, Torneko. Thank you."""	
00967EFC	castle_royal	"Queen: ""He looks even more dashing on his throne. Oh..."""	
00967FAC	castle_royal	"Minister: ""Ah, Torneko. Setting off at last? Please take care."""	
00968014	castle_royal	"???: ""Well, whatever the reason, I envy him."""	
00968040	castle_royal	"???: ""Was the queen always quite so smitten with the king?"""	
009680AC	castle_royal	"???: ""...Zzz... Zzz..."""	Drowsing; parallels earlier nodding-off source.
00968120	castle_royal	"Captain: ""Snooore... Snooore!"""	
009683BC	castle_royal	Torneko cast Zoom!	
009683E0	castle_royal	Torneko saw how much Tipper had matured. He nodded firmly and began to recall his travels.	Growth in maturity; not an asserted time skip or adult age.
0096843C	castle_royal	"King: ""Oh, thank you! Please take care!"""	
0096846C	castle_royal	"King: ""But please, reconsider! I promise to protect Tessie while you're away. Do you trust me?"""	
009684D8	castle_royal	"King: ""No, please don't worry. It is only natural for you to feel that way."""	
00968528	castle_royal	"King: ""Torneko, you know the Zoom spell, don't you? Will you leave at once?"""	
00968588	castle_royal	"King: ""Torneko, Tipper. The fortune-teller may know how to enter the Evil wind cave."""	
009685E8	castle_royal	"Captain: ""Yes, sire! Understood! I shall protect Tessie with my life!"""	
00968644	castle_royal	"King: ""Of course, I shall send the captain to guard Tessie in Costa Libera while you're away."""	
009686B4	castle_royal	"King: ""This must be divine guidance! Now, both of you, go to the fortune-teller's house!"""	
0096870C	castle_royal	"King: ""Looking at Tipper now, surely you must agree?"""	
00968750	castle_royal	"King: ""But Torneko! You have gained a truly dependable ally!"""	
00968798	castle_royal	"King: ""I see. You came safely, all on your own... You must be shocked to find us in this state."""	
00968804	castle_royal	"King: ""Torneko told me you were following him on a journey of your own."""	
00968870	castle_royal	"King: ""Come, Tipper! Over here!"""	
009688A4	castle_royal	"King: ""Yes, there is no mistaking you! Tipper, the son Torneko has been waiting for!"""	
009688F8	castle_royal	"King: ""Could that be... Ah, it is you, isn't it?"""	
00968930	castle_royal	"King: ""Hmm, that is worrying. We must act as quickly as... Oh?"""	
00968980	castle_royal	"Queen: ""Please, Torneko. Protect the fortune-teller. She has done so much for us."""	
009689EC	castle_royal	"Queen: ""Darling, I worry for the fortune-teller, too. What if the evil mist has made her ill?"""	
00968A60	castle_royal	"King: ""Perhaps the fortune-teller to the north knows something..."""	
00968AAC	castle_royal	"King: ""First, we must solve the mystery of the Evil wind cave that appeared to the northwest."""	
00968B0C	castle_royal	"King: ""Hmm. If you are so determined, I will not stop you, but..."""	
00968B54	castle_royal	"King: ""Then you still intend to fight that monster called Hell Justice, Torneko?"""	
00968DCC	castle_royal	"King: ""Torneko and Tipper, you are Great Baleina's hope. We shall await you with faith!"""	
00968E2C	castle_royal	"King: ""Hmm? What is wrong? You seem rather downhearted."""	
00968E6C	castle_royal	"King: ""Ah, Tipper! Welcome back!"""	
00968E98	castle_royal	"King: ""Torneko and Tipper are our last hope. Please, we beg you!"""	
00968EEC	castle_royal	"King: ""Soldiers guard the castle town and Costa Libera, but the people grow weaker by the day."""	
00968F50	castle_royal	"King: ""Welcome back! So the fortune-teller did know the secret of the Evil wind cave."""	
00968FC8	castle_royal	"Queen: ""How worrying. This evil mist must be cleared away as soon as possible..."""	
00969018	castle_royal	"Queen: ""Oh, the fortune-teller has fallen ill?"""	
00969058	castle_royal	"Minister: ""It seems he simply enjoys tormenting this kingdom."""	
0096909C	castle_royal	"Minister: ""But what could Hell Justice be after?"""	
009690F4	castle_royal	"???: ""I must do my best, for my wife and children."""	
00969120	castle_royal	"???: ""I've come from Costa Libera to volunteer as a soldier."""	
00969168	castle_royal	"???: ""...Zzz... Ah! No sleeping! I've been keeping watch all night lately, so..."""	
00969204	castle_royal	"???: ""Huh? It isn't? Oh, don't do that to me. Zzz..."""	
00969244	castle_royal	"???: ""Mmm... Is it time to change shifts already?"""	
00969314	castle_royal	"???: ""Good morning. Please take care on your travels."""	
0096934C	castle_royal	"???: ""Well then, rest well..."""	
00969370	castle_royal	"???: ""I see. Just let me know whenever you'd like to rest."""	
009693B8	castle_royal	"???: ""You must be tired from your hard journey. Would you like to rest here?"""	
0096954C	castle_royal	"King: ""Your wife Tessie is already waiting in the banquet hall below. Until later..."""	
009695B4	castle_royal	"King: ""While we prepare the celebration, please hear what everyone has to say."""	
00969608	castle_royal	"King: ""Everyone in the castle and town is eager to express their thanks."""	
00969664	castle_royal	"King: ""The whole kingdom will celebrate today. Please do join us."""	
009696AC	castle_royal	"King: ""Your brave deeds have saved our people. You have my heartfelt thanks."""	
00969708	castle_royal	"King: ""Torneko, Tipper! Welcome home, safe and sound!"""	
00969798	castle_royal	"Captain: ""I underestimated you both! You truly are our saviors!"""	
00969804	castle_royal	"Minister: ""Torneko, your family's deeds will be passed down through our kingdom's history."""	
0096985C	castle_royal	"Minister: ""Thank you so very much."""	
00969894	castle_royal	"???: ""You are true heroes! Thank you!"""	
009698F0	castle_royal	"???: ""But we're at peace. Surely a little nap won't hurt... Right?"""	
0096993C	castle_royal	"???: ""...Zzz... Oh! No! I've dozed off again..."""	
00969CEC	castle_royal	"King: ""...Now, let us go before all that fine food gets cold."""	
00969D34	castle_royal	"King: ""Yes... The sound of our people's happiness, perhaps."""	
00969D6C	castle_royal	"King: ""I've been hearing a curious sound for a while. How can I describe it...?"""	
00969DBC	castle_royal	"King: ""By the way, Torneko, can you hear it? There, that sound."""	
00969E00	castle_royal	"King: ""Come this way, Torneko and Tipper. You too, Tessie."""	
00969E54	castle_royal	"King: ""Let us skip the formal speeches and feast with everyone! To the banquet hall!"""	
00969EC0	castle_royal	"King: ""Now, let Great Baleina's celebration of peace begin!"""	
00969F0C	castle_royal	"King: ""Soldiers! Give the signal that the celebration has begun!"""	
00969F44	castle_royal	"King: ""Welcome, Tessie. This is a small token of our kingdom's thanks. Let us begin."""	
00969FA8	castle_royal	"King: ""Ah, Torneko and Tipper. Thank you for your patience."""	
0096A5B4	castle_royal	"Minister: ""Having nothing to worry about brings troubles of its own."""	
0096A5F8	castle_royal	"Minister: ""Peace is welcome, but the king still seems to be in a festive mood..."""	
0096A6D4	castle_royal	"???: ""All is well here!"""	
0096A704	castle_royal	"???: ""Oh, dear... It's time to change shifts, but the captain won't wake up."""	
0096A798	castle_royal	"Captain: ""Snooore... Mmm... What?! The long-shot Slime?! Grr..."""	Dreaming about an arena upset; 大穴 is a long-odds entrant, not a dungeon name.
00974CD0	castle_chambers	"???: ""Purrr..."""	Animal purring; unnamed source stays anonymous.
00974DA0	castle_chambers	"???: ""Oh, the queen is having nightmares... Poor thing."""	
00974DD8	castle_chambers	"Queen: ""Mmm... Oh, wrinkles on my face... Mmm..."""	
00974E1C	castle_chambers	"???: ""Oh, Your Majesty! What's wrong?"""	
00974E44	castle_chambers	"Queen: ""Mmm..."""	
00974E58	castle_chambers	"???: ""Shh! The queen is resting. Please leave her in peace."""	
009750F0	castle_chambers	"Queen: ""I love you, darling."""	
00975110	castle_chambers	"Queen: ""I feel like a young girl again. My heart races just from your gaze..."""	
0097516C	castle_chambers	"Queen: ""Oh, darling, even your voice is wonderful. I don't know what's come over me."""	
009751BC	castle_chambers	"King: ""What are you saying? You are the loveliest woman in the world, Sylvia..."""	Queen Sylvia is a different character from DQ XI Sylvando despite shared Japanese spelling.
00975218	castle_chambers	"???: ""Oh... How can you be so wonderful?"""	
00975488	castle_chambers	And the queen's face shines with a youthful radiance...	
009754C8	castle_chambers	She gazes at the king with glistening eyes, seemingly unaware of anyone else.	
00975534	castle_chambers	"???: ""But a potion of youth? Surely not. What medicine could it have been?"""	
0097559C	castle_chambers	"???: ""I'm so glad the fortune-teller has made the queen well again."""	
00975684	castle_chambers	"King: ""Well then, farewell..."""	
009756A0	castle_chambers	"King: ""I've told the staff about your rewards. Please accept them without hesitation."""	
00975700	castle_chambers	"King: ""Ah, Torneko. Forgive me, but I'm rather occupied at the moment."""	
009757CC	castle_chambers	"???: ""Please take care, all of you."""	
00975810	castle_chambers	"???: ""Meow..."""	
00975844	castle_chambers	"???: ""Neither the king nor the queen seems to rest these days. I hope they're all right..."""	
00975920	castle_chambers	"Queen: ""My husband and I will strive to protect this kingdom. Thank you so very much."""	
0097598C	castle_chambers	"Queen: ""Perhaps that evil being targeted us because my husband and I neglected our duties."""	
009759F4	castle_chambers	"Queen: ""I truly don't know how to thank you for all you've done..."""	
00975A6C	castle_chambers	"King: ""One day, when I give up the throne, I'd like to travel the world as you do, Torneko."""	
00975AC4	castle_chambers	"King: ""Ha ha ha! Peace is a wonderful thing, eh, $t?"""	
0097F13C	castle_kitchens	All sorts of seasonings are neatly arranged.	
0097F16C	castle_kitchens	$t examined the cupboard in front of him.	
0097F1AC	castle_kitchens	Various bottles stand in a row. They seem to contain cooking wine and oil.	
0097F248	castle_kitchens	"???: ""This is the castle treasury. I cannot open it without the king's permission."""	
0097F2CC	castle_kitchens	"???: ""Hey, ma'am! Is the food ready yet?"""	
0097F358	castle_kitchens	"???: ""I made the queen's favorite vegetable soup... But she probably won't touch it today, either."""	
0097F448	castle_kitchens	"???: ""Anyone would get sick without eating properly! ...You look healthy, though."""	
0097F4F4	castle_kitchens	"Prince: ""...By the way, you haven't forgotten, have you? You owe me a favor."""	
0097F548	castle_kitchens	"Prince: ""Oh, you're still here? Isn't your son in trouble? You'd better hurry to Costa Libera."""	
0097F620	castle_kitchens	"???: ""The queen should be well again, but she's lost her appetite. What's going on?"""	
0097F710	castle_kitchens	"???: ""The queen is so full of love for the king, there's no room for food. Lucky her!"""	
0097F760	castle_kitchens	"???: ""At his age, you'd think my husband would understand a woman's heart!"""	
0097F7B8	castle_kitchens	"Rudolph: ""Grr! Grrrr..."""	
0097F890	castle_kitchens	"???: ""The king has ordered us to give you the castle's treasure. Please, come in."""	
0097F8F0	castle_kitchens	"???: ""Huh? None of our soldiers passed on the message? ...I do apologize."""	
0097F958	castle_kitchens	"???: ""Ah, Torneko! We've been waiting for you!"""	
0097FA50	castle_kitchens	"???: ""The king has ordered us to give you the castle's treasure. Please help yourself."""	
0097FABC	castle_kitchens	"???: ""This is the castle treasury. Please help yourself."""	
0097FB8C	castle_kitchens	"???: ""Just when the queen gets better, this happens. What a mess..."""	
0097FC58	castle_kitchens	"???: ""It makes me so angry! What did we ever do? I'd like to fry those monsters!"""	
0097FCD0	castle_kitchens	"???: ""We'll follow your example, Torneko and Tipper, and strive to be better soldiers!"""	
0097FD80	castle_kitchens	"???: ""Hey, you helping out! Get that soup started! It won't be ready for the celebration!"""	
0097FE64	castle_kitchens	"???: ""How many years has it been since the castle felt this lively?"""	
0097FECC	castle_kitchens	"???: ""Right! The starter's ready, with plenty of caviar and foie gras! Put it on the plates!"""	
0097FF40	castle_kitchens	"???: ""I've never cooked anything this fancy. I don't know what to do! Oh, dear..."""	
0097FFA4	castle_kitchens	"???: ""They brought me in from the castle town to help prepare the celebration, but..."""	
0098002C	castle_kitchens	"???: ""After such a grand celebration, I feel rather empty. Maybe I'll make some noodles..."""	Ramen simplified to familiar food, without implying another game's recipe or item.
009800B8	castle_kitchens	"???: ""...Zzz... Zzz..."""	
0098C324	castle_gate	"Samson: ""Ah, I've come here again... However much I long for her, the queen is beyond my reach."""	
0098C384	castle_gate	"???: ""I'm Samson. A wretch who quit as a castle scholar because his hopeless dream hurt too much."""	
0098C3E8	castle_gate	"???: ""Ah, I've come here again... However much I long for her, the queen is beyond my reach."""	Same words as named Samson version; source anonymous prefix retained.
0098C48C	castle_gate	"???: ""Please wait a little longer for the captain to return from the port of Costa Libera."""	
0098C4F0	castle_gate	"???: ""I'm sorry, but the king has ordered us to let no one into the castle."""	
0098C638	castle_gate	"???: ""Oh, I see! Forgive me. Please, come in."""	
0098C690	castle_gate	"???: ""...Huh? You bring the king a message from the captain in Costa Libera?"""	
0098C6FC	castle_gate	"???: ""Thank you for your trouble. Please, go and see the king!"""	
0098C964	castle_gate	"Captain: ""Come, let us go! To the king of Great Baleina!"""	
0098C9A8	castle_gate	"Captain: ""What perfect timing! I'd returned expecting to lose my job, but..."""	
0098CA08	castle_gate	"Captain: ""And Torneko, whom I asked a favor of in Costa Libera!"""	
0098CA50	castle_gate	"Captain: ""Oh? Aren't you that famous old fortune-teller... I mean, esteemed fortune-teller?!"""	
0098CAB0	castle_gate	"Captain: ""Wah! You startled me! When did you..."""	
0098CAE0	castle_gate	"Captain: ""...Hmm?"""	
0098CC7C	castle_gate	"???: ""Ah, Torneko! Thank you for all your hard work!"""	
0098CD10	castle_gate	"Fortune-teller: ""Well... Let's get a good rest tonight and leave early tomorrow morning."""	
0098CD6C	castle_gate	"Fortune-teller: ""It'll take a little longer, but I'll go by ship."""	
0098CDAC	castle_gate	"Fortune-teller: ""Perhaps it's my age, but I don't get on well with Zoom."""	
0098CDEC	castle_gate	"Fortune-teller: ""And a ship in Costa Libera will take us to the southern island, eh?"""	
0098CE38	castle_gate	"Fortune-teller: ""Oh, finished the interviews? A villa as your reward! The king is a generous man."""	
0098CF08	castle_gate	"???: ""Oh, you're not the captain. Guarding the castle is rather dull in peacetime."""	
0098CF64	castle_gate	"???: ""Sir! All is well here!"""	
0098CFF4	castle_gate	"???: ""Ah, Torneko! Please take care!"""	
0098D09C	castle_gate	"???: ""Welcome back! Please, come through."""	
0098D0F4	castle_gate	"???: ""We're on high alert! Though there isn't much we can actually do..."""	
0098D170	castle_gate	"???: ""I can barely see where I'm stepping in this creepy mist."""	
0098D1B4	castle_gate	"???: ""Argh! I've stepped in dog poo!"""	
0098D248	castle_gate	"???: ""All is well here! But the thick mist makes rooftop patrols tough. Cough, cough..."""	
0098D2F4	castle_gate	"???: ""Ah, the fresh air! I'll make certain your deeds are recorded in our kingdom's history."""	
0098D378	castle_gate	"???: ""Before speaking to everyone in town, please let Tessie see you're back."""	
0098D3C4	castle_gate	"???: ""Oh, are you going into the castle town?"""	
0098D450	castle_gate	"???: ""I can't wait to see what delicious food they'll serve at the celebration."""	
0098D49C	castle_gate	"???: ""Ah, $t! Welcome to Great Baleina Castle."""	
0098D4EC	castle_gate	"???: ""I think that creepy mist gave me a cold..."""	
0098D524	castle_gate	"???: ""Ah... Ah... Achoo! Oh, pardon me."""	
0098D574	castle_gate	"???: ""Some of the dishes at the celebration weren't all that great, were they?"""	
0098D5F4	castle_gate	"???: ""I hear there are fewer shipwrecks now the sacred flame burns in the lighthouse far south."""	
009A4DB4	monster_lodge	"???: ""Hmm. Yes, you certainly have the sort of eyes monsters would trust..."""	
009A4DFC	monster_lodge	"???: ""Hmm? It seems you've made a monster your companion."""	
009A4E40	monster_lodge	"???: ""Right. I have some useful advice for you. Speak to my assistant."""	
009A4E84	monster_lodge	"???: ""Hmm? You have the sort of eyes monsters would trust."""	
009A4EC8	monster_lodge	"???: ""I am the monster elder, famous in a certain world."""	Preserve the allusion without identifying an unstated crossover world.
009A5064	monster_lodge	"Inatts: ""You look rather strong. I'm sure any monster would be happy to fight by your side."""	
009A50D0	monster_lodge	"Inatts: ""Oh, really? See you again, then."""	
009A50FC	monster_lodge	"Inatts: ""That's all I know. Good luck!"""	
009A5138	monster_lodge	"Inatts: ""To give a monster its tactics in a dungeon, stand beside it and give your orders."""	
009A51A0	monster_lodge	"Inatts: ""To choose which monsters to take on your adventure, speak to the monster elder."""	
009A5200	monster_lodge	"Inatts: ""But unless you both return alive, the monster keeps none of its new experience. Be careful!"""	Preserve permanent companion experience retention condition, not another game's rules.
009A5260	monster_lodge	"Inatts: ""Once a monster is truly your companion, it's all right if it falls in a dungeon."""	
009A52BC	monster_lodge	"Inatts: ""First, when a monster joins you in a dungeon, make sure you both return alive."""	
009A5314	monster_lodge	"Inatts: ""Right, let's go over the main points. Let's see..."""	
009A5344	monster_lodge	"Inatts: ""Well then, good luck!"""	
009A5368	monster_lodge	"Inatts: ""Did you understand? Shall I go over the main points?"""	
009A53AC	monster_lodge	"Inatts: ""Let's see... For example, Fight Wisely or No Abilities."""	Use the existing reviewed tactics labels verbatim.
009A5400	monster_lodge	"Inatts: ""You can give them tactics to guide how they fight."""	
009A5464	monster_lodge	"Inatts: ""While you're in a dungeon, stand beside a monster companion and talk to it..."""	
009A54B0	monster_lodge	"Inatts: ""Oh, one thing you mustn't forget is to give your monster companions orders."""	
009A5510	monster_lodge	"Inatts: ""Stop here and speak to the monster elder before setting out."""	
009A5560	monster_lodge	"Inatts: ""If you want to take along a monster staying here, or choose which ones to bring..."""	
009A55C8	monster_lodge	"Inatts: ""But unless you both return alive, the monster keeps none of its new experience. Be careful!"""	Same survival condition as 009A5200.
009A5624	monster_lodge	"Inatts: ""Even if it falls in a dungeon, it'll come back here. So don't worry."""	
009A5684	monster_lodge	"Inatts: ""Then it'll be ready to travel with you on your next adventure, too."""	
009A56D4	monster_lodge	"Inatts: ""But once you return together, that monster becomes your true companion."""	
009A5734	monster_lodge	"Inatts: ""Otherwise, it'll go back to its wild ways and leave you."""	
009A5790	monster_lodge	"Inatts: ""Do your best to make sure you both return alive."""	
009A57D4	monster_lodge	"Inatts: ""Okay! Listen carefully. When a monster joins you in a dungeon..."""	
009A5830	monster_lodge	"Inatts: ""Oh, hello. Would you like to hear more about monster companions?"""	
009A5884	monster_lodge	"Inatts: ""Would you like to hear more about monster companions?"""	
009A58C4	monster_lodge	"???: ""Hello. I'm Inatts, the monster elder's assistant."""	Source introduces the assistant under an anonymous speaker tag.
009A5958	medal_king	"???: ""Then I won't tell you."""	
009A5978	medal_king	"???: ""A Golden staff!"""	Reward name uses the existing reviewed item glossary.
009A5990	medal_king	"???: ""A Parrying ring, a Metal king sword, a Metal king shield, and..."""	Reward names use the existing reviewed item glossary.
009A59D8	medal_king	"???: ""Cannonballs, a Kamaitachi blade, an Extending staff, and..."""	Reward names use the existing reviewed item glossary; plural Cannonballs is ordinary prose inflection.
009A5A0C	medal_king	"???: ""The Medal King's rewards include things like... Let me see..."""	
009A5A58	medal_king	"???: ""Then I'll tell you something good."""	
009A5A80	medal_king	"???: ""Do you think I'm a bad Slime?"""	
009A5B10	medal_king	"???: ""I hope you earn lots of rewards, too."""	
009A5B50	medal_king	"???: ""Nonsense. We've lived here for decades."""	
009A5BA0	medal_king	"???: ""Huh? You say this castle wasn't here before?"""	
009A5BD0	medal_king	"???: ""Hello. This is the Medal King's castle."""	
009A6FBC	tipper_village	'Travelers' rest hut. Please come in.'	Sign text; retain separate quote treatment without inventing a named facility.
009A6FF0	tipper_village	$t read the sign.	
009A7010	tipper_village	But the sign is old, and the writing is hard to read.	
009A7048	tipper_village	It seems to say, 'Rest hut for travelers.'	
009A7228	tipper_village	"???: ""O heavens and earth! May the earth's protection be upon this traveler!"""	
009A73DC	tipper_village	"???: ""Oh, of course! Right, let's launch our boat!"""	
009A7410	tipper_village	"???: ""Hey! Stop daydreaming and get the little boat out!"""	
009A7448	tipper_village	"???: ""Hmm... Isn't that the crest of the king far to the north? Then Torneko must finally..."""	
009A74B0	tipper_village	"???: ""Oh? That's quite a ship. If a vessel like that is coming to our village..."""	
009A7508	tipper_village	"???: ""Hmm? What's that...?"""	
009A75D8	tipper_village	"???: ""Ah, Tipper. Another fine day, isn't it?"""	
009A762C	tipper_village	"???: ""Meow, meow, meow..."""	
009A7670	tipper_village	"???: ""I hear he collects strange things and calls himself a king."""	
009A76C0	tipper_village	"???: ""Some odd fellow seems to have settled on the island lately."""	
009A7704	tipper_village	"???: ""Take care if you're heading out, Tipper."""	
009A7748	tipper_village	"???: ""I wonder how your mother and the others are. Starting to miss them? Hee hee."""	
009A77D4	tipper_village	"???: ""And I know something else! Somewhere in the world, there's a place that looks after monsters!"""	
009A7838	tipper_village	"???: ""Aw... I want to explore a dungeon, too!"""	
009A78E4	tipper_village	"???: ""This is Barinabo, in the far south. The village is safe, but be careful outside."""	
009A7948	tipper_village	"???: ""Sorry, but please keep your monsters in the caves. You'll frighten everyone."""	
009A79B0	tipper_village	"???: ""This is Barinabo, in the far south. Oh, have you made some monster friends?"""	
009A7A3C	tipper_village	"???: ""There must be a god there, bringing forth the source of all living things."""	Unnamed deity; do not identify it as another named series god.
009A7A98	tipper_village	"???: ""Have you ever wondered where the far end of this sea leads?"""	
009A7AFC	tipper_village	"???: ""I hope you can reach your parents soon."""	
009A7B38	tipper_village	"???: ""It's good to see everyone in the village full of life again."""	
009A7B98	tipper_village	"???: ""Someone who checked the Shrine of the Gods saw a castle standing to the northwest."""	
009A7C00	tipper_village	"???: ""Maybe it's my imagination, but we're catching far more fish than before that storm."""	
009A7C80	tipper_village	"???: ""Don't worry. I'll teach you all about fishing."""	
009A7CB4	tipper_village	"???: ""Oh, you're keen, lad! You could stay in our village and train to be a man of the sea."""	
009A7D7C	tipper_village	"Rosa: ""Well, if there's anything about dungeons you don't understand, just ask me."""	
009A7DE0	tipper_village	"Rosa: ""I hear you've finally got permission to leave the village."""	
009A7E28	tipper_village	"Rosa: ""...There you go, acting tough again. You're a pretty endearing kid."""	
009A7E84	tipper_village	"Rosa: ""Huh? You entered a dungeon outside the village and even made a monster your friend?"""	
009A7EE0	tipper_village	"Rosa: ""Hey, Tipper! Thanks to you, I got to leave home and live here. Lucky me!"""	
009A7F94	tipper_village	"???: ""Huh? That storm long ago? Well... It was so long ago, I don't remember it myself."""	
009A8004	tipper_village	"???: ""If you need anything, the chief will always help you."""	
009A8044	tipper_village	"???: ""Oh, Tipper. What's wrong? You look worried."""	
009A80BC	tipper_village	"???: ""When you travel alone, sometimes it's hard to tell what's true and what's a lie."""	
009A8134	tipper_village	"???: ""I wonder how Torneko and Tessie are doing. I hope they're well..."""	
009A81E8	tipper_village	"???: ""Huh? What does 'true form' mean? Hmm... I don't know."""	
009A8230	tipper_village	"???: ""Pass the Shrine of the Gods' Gate of Truth, and one day you'll see the world's true form."""	
009A8294	tipper_village	"???: ""The Shrine of the Gods has a Gate of Truth... They say entering it reveals the world's true form."""	
009A82FC	tipper_village	"???: ""Hey! Want to hear what the grown-ups told me about this island?"""	
009A83AC	tipper_village	"???: ""This is Barinabo, in the far south. A lonely island surrounded by vast seas."""	
009A8438	tipper_village	"???: ""Put simply, our lives come from the same source. Even apart, our hearts are together."""	
009A84A8	tipper_village	"???: ""There must be a god there, bringing forth the source of all living things."""	Same theological statement as 009A7A3C, with a dialectal wording variant.
009A8558	tipper_village	"???: ""Perhaps the god was trying to tell you something from the very beginning."""	
009A85B8	tipper_village	"???: ""Your eyes are so honest and true..."""	
009A85F0	tipper_village	"???: ""But you mustn't give up. A path will surely open."""	
009A8638	tipper_village	"???: ""You've been separated from your parents, haven't you?"""	
009A86BC	tipper_village	"???: ""There's no way to reach another island."""	
009A86E8	tipper_village	"???: ""Sorry, but this boat can only take us fishing a little way offshore."""	
009A8730	tipper_village	"???: ""Right. All we can do with this boat is catch enough fish to get by each day."""	
009A8784	tipper_village	"???: ""Huh? You want to borrow this little boat?"""	
009A8820	tipper_village	"???: ""Well, in a storm like that, it would've been stranger if anyone else had survived."""	
009A8870	tipper_village	"???: ""Huh? Ines and Rosa's parents? Yes... Those poor two..."""	
009A88C0	tipper_village	"???: ""I'm sure Torneko's waiting and worrying about you right now."""	
009A8904	tipper_village	"???: ""Oh, lad! You're back safe and sound!"""	
009A8934	tipper_village	"???: ""Don't worry, lad. Your parents are all right. This island's god is watching over them."""	Speaker's reassurance; not confirmation of unseen events.
009A8988	tipper_village	"???: ""Rosa and Ines were heartbroken when their parents vanished in a great storm long ago..."""	
009A89E0	tipper_village	"???: ""You were meant to be following your father. Things have taken quite a turn."""	
009A8A58	tipper_village	"Rosa: ""Well, if there's anything about dungeons you don't understand, just ask me."""	
009A8ABC	tipper_village	"???: ""Hey, Tipper! Haven't seen you in a while. You're looking a bit cheekier!"""	
009B47CC	tipper_village	"???: ""With the village boat washed away, I'll have to show the youngsters my shore-net skills!"""	
009B4830	tipper_village	"???: ""I really thought the next world had come to fetch me this time! Ho ho ho!"""	
009B48A0	tipper_village	"???: ""Something at the edge of my memory troubles me, but at my age, I can't quite recall it."""	
009B4908	tipper_village	"???: ""If that storm wasn't the next world coming to fetch us, what on earth was it?"""	
009B4998	tipper_village	"???: ""I feel that what's happening to Tipper may be divine guidance, too."""	
009B49F0	tipper_village	"???: ""I wonder why Tipper decided to set out on his own."""	
009B4A4C	tipper_village	"???: ""What a brave decision Tipper has made. His father must be proud."""	
009C4AA8	tipper_awakening	"Chief: ""Well then, until later..."""	
009C4AC4	tipper_awakening	"Chief: ""The whole village will celebrate tonight. Please enjoy it with your family."""	
009C4B28	tipper_awakening	"Chief: ""Torneko, madam. I am so glad Tipper has awakened."""	
009C4B7C	tipper_awakening	"Chief: ""Oh, of course. Please come to my house."""	
009C4BB4	tipper_awakening	"Fortune-teller: ""Well now, I think I'll have a word with the chief."""	
009C4BF8	tipper_awakening	"Fortune-teller: ""Take your time remembering. For now, you must rest quietly."""	
009C4C58	tipper_awakening	"Tipper: ""Huh? I've been asleep all this time? I do seem to remember a dream..."""	
009C4CAC	tipper_awakening	"Tessie: ""We've been so terribly worried! You were asleep for months and months..."""	
009C4D04	tipper_awakening	"Tessie: ""Tipper!! Oh, thank goodness! You're awake!"""	
009C4D38	tipper_awakening	"Tipper: ""H-huh? Where am I? What happened to me?"""	
009C4D70	tipper_awakening	"Fortune-teller: ""Be it curse or spell upon this child, let all its power be swept away!"""	Unnamed incantation; not assigned an official spell identity.
009C4DD0	tipper_awakening	"Fortune-teller: ""Whoops! Oh, dear! That was the love potion from before!"""	Retain accidental use of the earlier potion and its story connection.
009C4E10	tipper_awakening	"Fortune-teller: ""Let's begin at once. There!"""	
009C4E40	tipper_awakening	"Fortune-teller: ""First, I'll sprinkle this powder over him, then strengthen its effect with magic."""	
009C4EA0	tipper_awakening	"Fortune-teller: ""Yes, it seems medicine alone won't wake him..."""	
009C4EF8	tipper_awakening	"Fortune-teller: ""...may have been clashing, keeping Tipper asleep."""	Continues the preceding page about the sealing spell and his resistance.
009C4F44	tipper_awakening	"Fortune-teller: ""My divination is unclear, but an evil sealing spell and Tipper's will to resist it..."""	
009C4FB0	tipper_awakening	"Fortune-teller: ""Like when the Demon King feared a hero and tried to seal away that hero's power..."""	Generic story title; no unstated series villain identity supplied.
009C500C	tipper_awakening	"Fortune-teller: ""Perhaps this boy has a special gift, different from Torneko's."""	
009C506C	tipper_awakening	"Fortune-teller: ""As if some evil will is trying to suppress the power hidden within Tipper..."""	
009C50CC	tipper_awakening	"Fortune-teller: ""Hmm... I sense something evil here. This is..."""	
009C5110	tipper_awakening	"Fortune-teller: ""Hmm, so this boy is Tipper. I see..."""	
009C53DC	tipper_awakening	"Ines: ""Don't worry. You'll reach your father, I'm sure. You are Torneko's son, after all."""	
009C5444	tipper_awakening	"Ines: ""Oh, hello. So you're finally going to hone your adventuring skills."""	
009C54A0	tipper_awakening	"Ines: ""I'd like to help, but I can't stay away from the village for long... I'm sorry."""	
009C5500	tipper_awakening	"Ines: ""Oh, hello. You're already exploring dungeons, then."""	
009C5568	tipper_awakening	"Ines: ""Or does some evil being still have its sights on this world...?"""	
009C55C4	tipper_awakening	"Ines: ""It's as if the Gate of Truth in the Shrine of the Gods is calling to you."""	
009C5618	tipper_awakening	"Ines: ""The path Torneko took has been closed off..."""	
009C5684	tipper_awakening	"???: ""It's as though villagers were living here until just recently."""	
009C56C0	tipper_awakening	"???: ""I'm surprised to find such a fine inn in a village this remote."""	
009D7324	tipper_departure	"Chief: ""Take care out there. Even a small cave is no place to let down your guard."""	
009D737C	tipper_departure	"Chief: ""There is no need to follow Torneko's route until we've seen what you can do."""	
009D73DC	tipper_departure	"Chief: ""In the caves around the village, some monsters may be drawn to that power."""	
009D7434	tipper_departure	"Chief: ""The fortune-teller's medicine may bring out your special power."""	
009D7484	tipper_departure	"Chief: ""First, explore this island and hone your skills in some shallow dungeons."""	
009D74D8	tipper_departure	"Chief: ""Your parents entrusted you to my care. I cannot let you set out so lightly."""	
009D7544	tipper_departure	"Chief: ""You must be bored staying in the village, but I made a promise to your parents."""	
009D759C	tipper_departure	"Chief: ""Hmm... Actually, I think it may be time to let you venture outside."""	
009D75FC	tipper_departure	"Chief: ""It has been three days since your parents and the fortune-teller left. Settling in?"""	
009D765C	tipper_departure	"Chief: ""Tipper, are you awake? Come, sit down."""	
009D77FC	tipper_departure	"???: ""Oh, will you help me? You're such a kind boy, Tipper."""	
009D7844	tipper_departure	"???: ""Oh, but your bag seems to be full. Come back later."""	
009D7898	tipper_departure	"???: ""Here, take some freshly baked Bread with you."""	Existing item name retained; no new bread variant introduced.
009D78C8	tipper_departure	"???: ""I'm so glad you've come to stay, Tipper."""	
009D7964	tipper_departure	"Chief: ""I'll tell the Shrine of the Gods' keeper to open the entrance. Take care out there."""	
009D79C8	tipper_departure	"Chief: ""Perhaps it is time for you to follow Torneko. Hmm..."""	
009D7A18	tipper_departure	"Chief: ""Whatever the reason, I'm glad you have a reliable companion."""	
009D7A68	tipper_departure	"Chief: ""The medicine the fortune-teller put on you by mistake may play a part, too. Ho ho ho!"""	
009D7ACC	tipper_departure	"Chief: ""I see. A heart so pure it can reform even monsters. So that is your gift."""	
009D7B20	tipper_departure	"Chief: ""Yes. The fortune-teller said some special power dwells within you..."""	
009D7B7C	tipper_departure	"Chief: ""Hmm... A monster in a dungeon became your companion, you say?"""	
009D7BC8	tipper_departure	"Chief: ""Oh, Tipper, you're back. Hmm? What is it? You look as if you have something to say."""	
009D7D08	tipper_departure	"Chief: ""Torneko has traveled that path, but you must still be careful. Take care out there."""	
009D7D60	tipper_departure	"Chief: ""Ah, Tipper, you're back. You're starting to look quite dependable."""	
009D808C	tipper_departure	"Chief: ""You are the first from Barinabo to open the Gate of Truth."""	
009D80E8	tipper_departure	"Chief: ""But please, stay strong and see your journey through."""	
009D8128	tipper_departure	"Chief: ""Many things must not go as you wish. You have surely felt frustrated at times."""	
009D818C	tipper_departure	"Chief: ""Ah, Tipper! Is your journey going well?"""	
009D81C0	tipper_departure	"Chief: ""By then, the long mission of our people of Barinabo should also be at an end."""	
009D8214	tipper_departure	"Chief: ""...you will be able to see the true form of this land of Barinabo, too."""	Continues the preceding page's future condition.
009D825C	tipper_departure	"Chief: ""Truth can sometimes be harsh. When you reach the land far to the north..."""	
009D82B8	tipper_departure	"Chief: ""Fit it into the door of the northern shrine. Then the way to truth will open."""	Descriptive path, not an invented dungeon name or the distinct divine path.
009D8314	tipper_departure	"Chief: ""Use a few items, or discard anything you do not need, then come back."""	
009D836C	tipper_departure	"Chief: ""Hmm? Oh, you cannot carry anything more."""	
009D83AC	tipper_departure	"Chief: ""Now, go. You already have the courage to face the truth."""	
009D8408	tipper_departure	"Chief: ""These are Seabird claws. I'm certain they will serve you well."""	Existing reviewed weapon identity and plural English form.
009D8454	tipper_departure	"Chief: ""And Tipper... Before you leave, I shall give you this weapon, handed down in Barinabo."""	
009D84A8	tipper_departure	"Chief: ""Only with both your powers can you face the darkness that shrouds this world."""	
009D8508	tipper_departure	"Chief: ""But never give up. Keep going, and you will surely reach Torneko."""	
009D856C	tipper_departure	"Chief: ""And Tipper, once you pass through that door, greater hardships will await you."""	
009D85D0	tipper_departure	"Chief: ""Fit it into the door deep inside the northern shrine. Then the way to truth will open."""	
009D8634	tipper_departure	"Chief: ""When the Star of the Gods lights the earth, the Gate of Truth shall open."""	
009D8674	tipper_departure	Tipper obtained the Star of the Gods!	
009D8698	tipper_departure	The chief took out a small, sparkling jewel.	
009D86CC	tipper_departure	"Chief: ""At last, my questions are answered. Very well. I shall give you this Star of the Gods!"""	
009D872C	tipper_departure	"Chief: ""And why the Earth God guided you to this land..."""	
009D8774	tipper_departure	"Chief: ""Why you were put to sleep by evil magic..."""	
009D87A8	tipper_departure	"Chief: ""I see. Since ancient times, that heroic spirit is what evil has hated most."""	
009D8808	tipper_departure	"Chief: ""You wished to protect your parents from that danger, too."""	
009D8854	tipper_departure	"Chief: ""And the reason you decided to travel alone..."""	
009D888C	tipper_departure	"Chief: ""Hmm... So it was as I thought. So young, yet resolved to face the darkness..."""	
009D88F0	tipper_departure	"Chief: ""...foretold that fate. You remember that, don't you?"""	Completes the preceding page about the dream's prophecy.
009D8928	tipper_departure	"Chief: ""But you vaguely recall that dream, of the world shrouded in darkness..."""	Pairs with 009D88F0; retain vague memory, not certainty.
009D896C	tipper_departure	"Chief: ""Hmm, you don't remember much? No wonder, after all you've been through."""	
009D89D0	tipper_departure	"Chief: ""Let me ask plainly. Before you woke from your long sleep, did you dream of a world in darkness?"""	
009D8A3C	tipper_departure	"Chief: ""A fiend who sought to shroud the land in dark mist and offer its despairing people to his master."""	The master is the Demon King identified on the preceding page.
009D8A98	tipper_departure	"Chief: ""Most likely... Hell Justice, the Demon King's servant, whom the god sealed away."""	Do not identify an unstated series villain as the Demon King.
009D8ADC	tipper_departure	"Chief: ""It seems an evil will is returning somewhere in the world."""	
009D8B28	tipper_departure	"Chief: ""Hmm... How can this be? The Sea Dragon's sacred flame, left by the god, has been put out...?"""	
009D8B8C	tipper_departure	"Chief: ""Hmm? What? The path Torneko took has been closed off?"""	
009D8BE0	tipper_departure	"Chief: ""Oh, Tipper, what is wrong? You look pale."""	
009D8CE4	tipper_departure	"???: ""I'm worried about you, Tipper. Please be careful out there."""	
009D8D58	tipper_departure	"???: ""Luckily, we have help. We should be able to restore the village within my lifetime."""	
009D8DC4	tipper_departure	"???: ""I finally made up my mind and came back to rebuild this village."""	
009D8E00	tipper_departure	"???: ""For certain reasons, I was away from here for a long time..."""	
009D8E3C	tipper_departure	"???: ""Hmm, have we met somewhere? I belong to the family of the chief who once ruled this village."""	Do not equate the descendant with the earlier chief; preserve later-state reveal.
009D8EB0	tipper_departure	"???: ""Oh, a traveler? There isn't much here, but please make yourself at home."""	
009E9EE4	barinabo_truth	'Travelers' rest hut. Please come in.'	Exact Japanese repeat of 009A6FBC; independent wording retained.
009E9F18	barinabo_truth	$t read the sign.	
009E9F38	barinabo_truth	But the sign is old, and the writing is hard to read.	
009E9F70	barinabo_truth	It seems to say, 'Rest hut for travelers.'	
009EA120	barinabo_truth	"???: ""O heavens and earth! May the earth's protection be upon this traveler!"""	
009EBFEC	barinabo_truth	"Priest: ""Yet I've never known a place so peaceful to the heart. What once happened in this village?"""	
009EC054	barinabo_truth	"Priest: ""I am a traveling priest. I've walked all over the world with my daughter."""	
009EC0B4	barinabo_truth	"???: ""They say this used to be a village called Barinabo."""	
009EC10C	barinabo_truth	"???: ""Meow..."""	
009EC1A0	barinabo_truth	"???: ""For everyone who died in that storm, I intend to protect this village from now on."""	
009EC1FC	barinabo_truth	"???: ""The sea is peaceful now, and we can send some boats out again."""	
009EC24C	barinabo_truth	"???: ""I came here while searching for Lady Viola and her husband."""	
009EC298	barinabo_truth	"???: ""...I was bedridden for a long time. Then, the other day, my memories suddenly returned."""	
009EC2F4	barinabo_truth	"???: ""We were thrown into the raging sea, and the boat carrying the villagers sank."""	
009EC344	barinabo_truth	"???: ""But then an eerie bolt of lightning struck us. Lady Viola, her husband and I..."""	
009EC3A0	barinabo_truth	"???: ""Lady Viola was worried about me and held me close the whole time."""	
009EC3F0	barinabo_truth	"???: ""I was only a child. All I could do was cling to the base of the mast in terror."""	
009EC450	barinabo_truth	"???: ""My father, a fisherman, ran about the deck trying to protect the boat and everyone aboard."""	
009EC498	barinabo_truth	"???: ""That storm was terrible. It was as if some evil will was trying to destroy us..."""	
009EC508	barinabo_truth	"???: ""Decades ago, the shock of that storm made me ill. I lost my memories for all those years."""	
009F96FC	village_celebration	But the sign is old, and the writing is hard to read.	
009F9734	village_celebration	It seems to say, 'Rest hut for travelers.'	
009F98E4	village_celebration	"???: ""O heavens and earth! May the earth's protection be upon this traveler!"""	
009F99D8	village_celebration	"???: ""It's been so long since I enjoyed a night like this. It brings back distant memories..."""	
009F9A3C	village_celebration	"Chief: ""Perhaps this, too, is divine guidance."""	
009F9A70	village_celebration	"Chief: ""I shall take responsibility for Tipper. Please set your mind at ease."""	
009F9AE4	village_celebration	"Fortune-teller: ""That dream Tipper had troubles me... Though perhaps I'm thinking too much of it."""	
009F9B4C	village_celebration	"Fortune-teller: ""They say to let a beloved child see the world. Still, it took courage to agree."""	Independent rendering of the proverb; retain the parent's difficult decision.
009F9BBC	village_celebration	"Ines: ""Please stay well. We'll pray here for all of you to be safe."""	
009F9C10	village_celebration	"Ines: ""...But it's a happy occasion. I must offer my heartfelt congratulations, too."""	
009F9C6C	village_celebration	"Ines: ""It's rather sad to think this is Torneko and Tessie's last night here."""	
009F9CE8	village_celebration	"Rosa: ""Turns out you're quite a guy. I see you in a whole new light."""	
009F9D2C	village_celebration	"Rosa: ""Back then, I thought you were just some fat old fellow, Torneko."""	
009F9D7C	village_celebration	"Rosa: ""I remember when you and your family washed up in this village, Torneko..."""	
009F9ECC	village_celebration	"???: ""Darling! Take my hand and let's dance. Just like the old days!"""	
009FA020	village_celebration	"???: ""H-hey! Stop that, dear..."""	
009FA144	village_celebration	"???: ""Ooh, my head's spinning! Did I get carried away and drink too much? La la la!"""	Musical note represented by sung wording; no unsupported font glyph.
009FA294	village_celebration	"???: ""Our house looks lovely now, doesn't it? Hee hee. Come on, dance! La la la!"""	
009FA2EC	village_celebration	"???: ""Oh, Torneko! Our house finally has a roof!"""	
009FA34C	village_celebration	"???: ""I wonder if we people of Barinabo were able to help a little."""	
009FA394	village_celebration	"???: ""Torneko has saved his son splendidly."""	
009FA3EC	village_celebration	"???: ""I'm not sleepy yet!"""	
009FA43C	village_celebration	"???: ""Snooore! Snooore!"""	
009FA464	village_celebration	"???: ""Oh, where are you going on a night like this? ...Hic!"""	
009FA4C8	village_celebration	"???: ""It seems to say the truth will reveal itself one day... By the way..."""	
009FA51C	village_celebration	"???: ""I hear it... I hear it... Whose voice could that be?"""	
009FA578	village_celebration	"???: ""Meooow..."""	
009FA8E4	village_celebration	"Chief: ""Now, tonight is a celebration. Relax and enjoy yourselves."""	
009FA934	village_celebration	"Chief: ""Ha ha ha! Torneko, I envy you, having such a dependable son."""	
009FA98C	village_celebration	"Tipper: ""Yeah! ...Oh, yes! I understand."""	Retain self-correction to polite response.
009FA9C0	village_celebration	"Fortune-teller: ""The island where Costa Libera stands is very far away."""	
009FAA10	village_celebration	"Fortune-teller: ""You may not see your parents for a long time, until you finish following your father's path."""	
009FAA7C	village_celebration	"Fortune-teller: ""But Tipper, now that you've decided, there is one thing you mustn't forget."""	
009FAACC	village_celebration	"Tipper: ""Hooray! Thank you, Chief!"""	
009FAB04	village_celebration	"Chief: ""Very well. I shall take responsibility for Tipper's care."""	
009FAB64	village_celebration	"Chief: ""He is Torneko's son, after all."""	
009FAB9C	village_celebration	"Chief: ""Hmm... Perhaps Tipper truly is more than an ordinary child."""	
009FABF8	village_celebration	"Fortune-teller: ""He looks like a little hero to me. Ho ho ho!"""	
009FAC4C	village_celebration	"Fortune-teller: ""Oh, my. After such a brave decision, you still call Tipper just a little child?"""	
009FACB0	village_celebration	"Chief: ""Wait a moment, Torneko! Are you serious? Your son is still so young..."""	
009FAD0C	village_celebration	"Tipper: ""Hooray! I knew you'd understand, Dad!"""	
009FAD34	village_celebration	"Tipper: ""Please? Is it all right?"""	
009FAD50	village_celebration	"Tipper: ""Aww! Please ask him for me. You're always going on adventures yourself, Dad."""	
009FADB8	village_celebration	"Tipper: ""Will you ask the chief too, Dad? Ask if I can stay here?"""	
009FAE14	village_celebration	"Tipper: ""Please, Dad? I want to explore the caves you traveled through."""	
009FAE68	village_celebration	"Tipper: ""That's why I want to travel and work hard like you, Dad, so I can become strong."""	
009FAEB4	village_celebration	"Tipper: ""And I wondered if I have these dreams because I'm a coward."""	
009FAF04	village_celebration	"Tipper: ""Um... I had another strange dream. Everything went dark, and there was thunder..."""	
009FAF68	village_celebration	"Chief: ""What do you wish to do here on your own, Tipper?"""	
009FAFA0	village_celebration	"Chief: ""What? You want to stay in the village? But your parents are going to Costa Libera."""	
009FB000	village_celebration	"Tipper: ""Um... Chief, and Dad... Actually, I'd like to stay in this village..."""	
009FB05C	village_celebration	"Chief: ""Hmm? What is it, Tipper?"""	
009FB088	village_celebration	"Chief: ""It is rather sad to say farewell. Please take care on your journey."""	
009FB0EC	village_celebration	"Chief: ""Your wife told me you're going to the port far to the north. Wonderful news."""	
009FB14C	village_celebration	"Chief: ""Ah, Torneko! Tonight, let us celebrate your family's new beginning!"""	
009FB1A8	village_celebration	"???: ""Ah, the guest of honor has arrived! Come over here!"""	
009FD058	village_celebration	"???: ""With a ship that size, perhaps we would have been safe... Oh, I mean long ago. Ho ho ho."""	
009FD0C4	village_celebration	"???: ""A king from the city certainly has an impressive ship."""	
009FDF64	village_celebration	"Tipper: ""Okaaay!"""	
009FDF78	village_celebration	"Tessie: ""It's lovely of everyone to celebrate for us, but don't stay up too late."""	
009FDFD0	village_celebration	"Tessie: ""Tipper, your father traveled a long way to help you. He's tired."""	
009FE02C	village_celebration	"Tipper: ""Everyone in the village is waiting to celebrate with us. Come on, let's go!"""	
009FE080	village_celebration	"Tipper: ""You're finally awake, Dad! Just when I woke up, you went to sleep!"""	
009FE104	village_celebration	"Tessie: ""I can't wait to see the house and shop the king gave you. We have nothing to worry about now."""	
009FE170	village_celebration	"Tessie: ""You're home, and Tipper's well again. I'm so happy."""	
009FE32C	village_celebration	"Tessie: ""Yes. We have an early start tomorrow. Let's get some rest."""	
009FE36C	village_celebration	"Tessie: ""Really? Then take your time and enjoy yourself."""	
009FE3A0	village_celebration	"Tessie: ""I feel bad leaving our celebration, but if you're sleepy too, shall we go to bed?"""	
009FE404	village_celebration	"Tessie: ""...Zzz... Oh! How embarrassing. Now I can relax, I seem to have dozed off."""	
009FF4BC	village_celebration	"???: ""Oh, Torneko and Tipper! I'm so glad. Your wife must be relieved, too."""	
00A0AC38	costa_libera	'Welcome to Costa Libera, port of travel and culture!'	
00A0AC70	costa_libera	$t read the sign.	
00A0ACD4	costa_libera	'Welcome to Torneko's shop, Costa Libera branch!'	
00A0AD08	costa_libera	'Property of the King of Great Baleina. No unauthorized entry.'	
00A0B23C	costa_libera	"???: ""Hello there! This is the port town of Costa Libera."""	
00A0B2D8	costa_libera	"???: ""Come one, come all! Rare imports, fresh off the ship!"""	
00A0B364	costa_libera	"???: ""Oh, what a lovely customer! We're offering special service today!"""	Keep sales pitch without inventing a numerical discount.
00A0B3D4	costa_libera	"???: ""Hey, you're a traveler, right? I'd avoid buying from the shop opposite!"""	
00A0B420	costa_libera	"???: ""Come and get your freshly caught fish! Still flipping and flapping!"""	
00A0B4A4	costa_libera	"???: ""What shall I cook today...?"""	
00A0B504	costa_libera	"???: ""If this pool were fed by a hot spring, we could use it any time of year..."""	
00A0B574	costa_libera	"???: ""Young sailors today are hopeless! Now, in the old days... Grumble, grumble."""	
00A0B600	costa_libera	"???: ""He was terribly upset to be taken off the king's ship just because he was too old."""	
00A0B654	costa_libera	"???: ""My husband does nothing but complain these days..."""	
00A0B6BC	costa_libera	"???: ""Leaving the shop and inn to fend for themselves! Honestly, that man..."""	
00A0B700	costa_libera	"???: ""My father went off traveling, saying he wanted to expand the business."""	
00A0B7AC	costa_libera	"???: ""Purrr..."""	
00A0B89C	costa_libera	"???: ""Right, if you understand, go away."""	
00A0B8D0	costa_libera	"???: ""Come on, Marin. Please? Just for a little while."""	
00A0B914	costa_libera	"???: ""Oh, but your bag's full..."""	
00A0B948	costa_libera	"???: ""Oh, stop pestering me! Fine, take this and go away. Please? Please?"""	
00A0B9A4	costa_libera	"???: ""What do you want? Things were just getting good. Don't interrupt!"""	
00A0BA30	costa_libera	"Captain: ""It seems they don't sell it here."""	
00A0BA64	costa_libera	"Captain: ""The king of Great Baleina sent me to find a certain item, but..."""	
00A0BADC	costa_libera	"???: ""Is it snack time yet...?"""	
00A0BBC4	costa_libera	"Captain: ""Oh, no, never mind. I leave it in your hands."""	
00A0BC08	costa_libera	"Captain: ""But be careful. When it comes to the queen, His Majesty becomes a different man..."""	
00A0BC68	costa_libera	"Captain: ""If a merchant like you told him, the king might give up on finding a potion of youth."""	
00A0BCD0	costa_libera	"Captain: ""If a merchant like you told him, the king might give up. I'm counting on you."""	
00A0BD34	costa_libera	"Captain: ""Yes! Perhaps we were meant to meet. Would you tell the king for me?"""	
00A0BD8C	costa_libera	"Captain: ""I know there's probably no such medicine. But it's so hard to tell His Majesty."""	
00A0BDFC	costa_libera	"Captain: ""What, you were joking? That was unkind of you."""	
00A0BE38	costa_libera	But Torneko didn't actually know of any such place!	
00A0BE78	costa_libera	"Captain: ""Well, I'm looking for a potion of youth. Do you know where I might find one?"""	
00A0BEE0	costa_libera	"Captain: ""Hmm? Come to think of it, you look like a merchant yourself. A seasoned traveler, too."""	
00A0BF48	costa_libera	"Captain: ""No shop sells it, and the traveling merchants know nothing. Hmm, what a problem..."""	
00A0BFD4	costa_libera	"???: ""I'm hungry. Is the food ready yet...?"""	
00A0C0E0	costa_libera	"???: ""Come one, come all! Only a few of our rare imports left!"""	
00A0C1BC	costa_libera	"???: ""Oh, you're Torneko, aren't you? I hear you're opening a shop. I can't wait!"""	
00A0C214	costa_libera	"???: ""It'll be lonely here once the harbor stalls pack up..."""	
00A0C280	costa_libera	"???: ""Mmm... Grandpa, your food's ready! ...Zzz..."""	Drowsy line preserved without assigning an unstated speaker identity.
00A0C2F8	costa_libera	"???: ""I thought we could make this an open-air bath for everyone, but the priest objected."""	Mixed bathing rendered as for everyone; preserve proposal and priest's objection.
00A0C394	costa_libera	"???: ""They called my husband back as captain for his experience. Thank you so much."""	
00A0C3FC	costa_libera	"???: ""I hear the king's ship is taking you to an island far to the south, Torneko."""	
00A0C460	costa_libera	"???: ""Oh, you're Torneko, aren't you? Let me thank you on my husband's behalf."""	
00A0C53C	costa_libera	"???: ""Let's both do our best as fellow merchants. Now, setting that aside..."""	
00A0C584	costa_libera	"???: ""Oh, you're Torneko. You're opening a shop over there, aren't you?"""	
00A0C62C	costa_libera	"???: ""This pancake is burnt... It tastes bitter."""	
00A0C694	costa_libera	"???: ""Mom may be gone, but you've still got Dad. Cheer up."""	
00A0C740	costa_libera	"???: ""If you ever tire of this house and shop, just leave them to me. Ha ha ha!"""	
00A0C7A0	costa_libera	"???: ""Still, you seem rather fond of traveling yourself."""	
00A0C7DC	costa_libera	"???: ""I hear the king gave you this house and shop. How I envy you."""	
00A0C940	costa_libera	"???: ""Hmm? Oh, you again. Persistent, aren't you? I've nothing left to give you."""	
00A0CB14	costa_libera	"Douglas: ""Take your time on that southern island. Leave everything to me."""	
00A0CB58	costa_libera	"Douglas: ""I'll have this place all ready to open by the time you get back, boss."""	
00A0CBBC	costa_libera	"Douglas: ""Oh, and of course I'm grateful you hired me."""	
00A0CC04	costa_libera	"Douglas: ""Pretty nice place! You did well for yourself, boss."""	
00A0CC54	costa_libera	"Douglas: ""Hey, boss! Finally made it, Torneko?"""	
00A0CC90	costa_libera	"Samson: ""Please take care on your journey!"""	
00A0CCC8	costa_libera	"Samson: ""I'll have everything ready to open by the time you return from the southern island, sir."""	
00A0CD30	costa_libera	"Samson: ""Thank you for hiring me. I'll do my very best."""	
00A0CD98	costa_libera	"Samson: ""Ah, Mr. Torneko! I've been waiting for you, sir!"""	店長 conveyed by subordinate's manner, not inserted into the personal name.
00A0CE70	costa_libera	"???: ""Ever since that eerie mist covered everything, it's been freezing cold."""	
00A0CEC0	costa_libera	"???: ""Brrr... So cold! This is the port town of Costa Libera."""	
00A0CF20	costa_libera	"???: ""Cough, cough! Wheeze... It's hard, but I'll keep going for my customers."""	
00A0CF90	costa_libera	"???: ""You're working hard even at a time like this. I'd better do my best, too."""	
00A0D00C	costa_libera	"???: ""Mmm, a customer...? Only a few rare imports left..."""	
00A0D0B4	costa_libera	"???: ""Oh, what a lovely customer! Even now, I'll do my best to give you special service!"""	
00A0D154	costa_libera	"???: ""Mew..."""	
00A0D19C	costa_libera	"???: ""I don't even have the energy to swim in the pool anymore..."""	
00A0D1C8	costa_libera	"???: ""Oh, it's all over! I hear some mighty monster called Hell Justice will rule the world."""	
00A0D268	costa_libera	"Captain: ""That voyage, taking Torneko on the king's ship... The man who will surely save this kingdom."""	Ship captain, distinct from the army captain despite shared English role label.
00A0D2D0	costa_libera	"Captain: ""I'll never forget it!"""	Ship captain.
00A0D320	costa_libera	"???: ""Is this kingdom truly finished? I don't want to believe it."""	
00A0D3A0	costa_libera	"???: ""If this goes on, someday... Oh, I don't want to think about it!"""	
00A0D3D4	costa_libera	"???: ""The people of this town seem much weaker, too."""	
00A0D444	costa_libera	"???: ""At least he didn't have to see this kingdom on the brink of a monster attack."""	
00A0D498	costa_libera	"???: ""I was angry when Father left to expand the business. But now, perhaps it was for the best."""	
00A0D584	costa_libera	"???: ""Waaah! You're mean!"""	
00A0D5A0	costa_libera	"???: ""You're right. That won't happen."""	
00A0D5CC	costa_libera	"???: ""Will the monsters eat me, too?"""	
00A0D654	costa_libera	"???: ""Oh! Just once before I die, I wanted to own a shop..."""	
00A0D69C	costa_libera	"???: ""Oh-oh-oh... I think the evil mist is even thicker than yesterday."""	
00A0D95C	costa_libera	"Douglas: ""Though come to think of it, I'm not sure the shop's making much profit. Ha ha ha!"""	
00A0D9BC	costa_libera	"Douglas: ""I'm good enough to sell for more than other shops, so I can pay more for stock, too."""	Preserve higher resale AND purchase price explanation; do not import a percentage.
00A0DA28	costa_libera	"Douglas: ""The difference between that and what customers pay covers the shop's costs and my wages..."""	
00A0DA80	costa_libera	"Douglas: ""We buy the goods you bring in at our stock price, $t."""	Preserve native protagonist substitution.
00A0DAD8	costa_libera	"Samson: ""The owner acting as his own wholesaler! What a clever system. Just like you, Mr. Torneko."""	
00A0DB3C	costa_libera	"Samson: ""The difference between that and our selling price covers the shop's costs and my wages."""	
00A0DB98	costa_libera	"Samson: ""We buy the goods you and your party bring in at our stock price, $t."""	
00A0DBE8	costa_libera	"Douglas: ""You do pretty well yourself. Just what I'd expect from Torneko's son."""	
00A0DC3C	costa_libera	"Douglas: ""That's Torneko's only boy for you! Now, get inside and have a rest."""	
00A0DC98	costa_libera	"Douglas: ""Ah, I thought so! I was worried you'd gone and died in some dungeon..."""	
00A0DD00	costa_libera	"Douglas: ""Hmm? Aren't you the boss's son, Tipper?"""	
00A0DD48	costa_libera	"Samson: ""Please, go inside and have a rest."""	
00A0DD88	costa_libera	"Samson: ""Torneko and Tessie have been terribly worried about you!"""	
00A0DDD0	costa_libera	"Samson: ""With the kingdom in this state, we feared something might happen to you traveling alone..."""	
00A0DE30	costa_libera	"Samson: ""Oh! Could it be young Master Tipper?!"""	
00A0DFD4	costa_libera	The stray dog walked away sadly...	
00A0E090	costa_libera	Then, will you let this dog go free?	Pet release confirmation; actual name entry and save fields remain separately reviewed.
00A0E0C0	costa_libera	It seems to want a name.\nWill you think of one?	
00A0E104	costa_libera	The dog gazes at you with terribly sorrowful eyes...	
00A0E144	costa_libera	"???: ""Whine, whine!"""	
00A0E66C	costa_libera	"???: ""The owner hasn't returned from his travels in ages. If I play my cards right... Ha ha ha!"""	
00A0E6CC	costa_libera	"???: ""I just couldn't give up my dream of owning a shop, so I decided to work here."""	
00A0E790	costa_libera	"???: ""The town is back to normal. We owe it all to Torneko and Tipper."""	
00A0E818	costa_libera	"???: ""Mom's gone, but now I'm getting a different mom. I wonder if she's good at making pancakes."""	
00A0E8A4	costa_libera	"???: ""What shall I cook tonight?"""	
00A0E920	costa_libera	"???: ""Now we're at peace, ships are sailing again and bringing in rare goods!"""	
00A0E978	costa_libera	"???: ""Come in, come in!"""	
00A0E9D0	costa_libera	"???: ""Oh, welcome! I'll give you special service!"""	
00A0EA30	costa_libera	"???: ""I'd avoid buying from the shop opposite!"""	
00A0EA9C	costa_libera	"???: ""I'll leave home and get married myself..."""	
00A0EAD0	costa_libera	"???: ""He abandoned our shop and never came back. I'm forgetting all about Father."""	
00A0EB48	costa_libera	"???: ""The other night, I saw the priest from that church standing here quietly..."""	
00A0EBA4	costa_libera	"???: ""Who looks after the water in this pool, anyway?"""	
00A0EC10	costa_libera	"???: ""That voyage, taking Torneko on the king's ship... The man who saved this kingdom."""	Anonymous source tag retained despite earlier named captain version.
00A0EC70	costa_libera	"???: ""I'll never forget it!"""	
00A0ECBC	costa_libera	"???: ""My husband has been in such good spirits lately. Thank you so much."""	
00A1BA88	costa_services	"???: ""Oh, no, never mind. Please forget I said anything."""	
00A1BAD8	costa_services	"???: ""His one fault is that he becomes a different man where the queen is concerned..."""	
00A1BB18	costa_services	"???: ""The king is very generous. I'm sure he will help you."""	
00A1BB78	costa_services	"???: ""Have you visited Great Baleina Castle to the north?"""	
00A1BC2C	costa_services	"???: ""She said town life was too noisy and went to live far away, beyond the mountains."""	
00A1BC90	costa_services	"???: ""What a shame. There used to be an old fortune-teller here who could cure any illness..."""	
00A1BCF4	costa_services	"???: ""Come to think of it, I heard the queen had fallen ill. Could that be why?"""	
00A1BD54	costa_services	"???: ""Huh? The king has ordered the castle closed to visitors? Oh, dear..."""	
00A1BE20	costa_services	"???: ""I hear fearsome monsters have settled in the northern mountains lately..."""	
00A1BE68	costa_services	"???: ""Please take care. May divine protection be with you."""	
00A1BEB0	costa_services	"???: ""Oh, what a task. I hear fearsome monsters have settled in the northern mountains lately..."""	
00A1BF1C	costa_services	"???: ""What? The king has asked you to visit the old fortune-teller?"""	
00A1BF9C	costa_services	"???: ""You're returning to the southern island now, then. Please take care."""	
00A1BFE4	costa_services	"???: ""I knew you would achieve what you set out to do."""	
00A1C024	costa_services	"???: ""Welcome to the church. Torneko, wasn't it?"""	
00A1C090	costa_services	"???: ""Welcome to the church. Surely even that evil mist cannot enter this holy place."""	
00A1C128	costa_services	"???: ""I'd have liked to go, too... Oh, listen to me! Please forget I said that."""	
00A1C194	costa_services	"???: ""The celebration at Great Baleina Castle must have been truly wonderful."""	
00A2167C	costa_services	'Dreams and Their Stories'\nIt seems to be a book of research into dreams.	Project book title, not an external publication.
00A216C0	costa_services	$t examined the bookcase.	
00A21774	costa_services	"???: ""Perhaps people feel more uneasy precisely when the world is at peace."""	
00A217C8	costa_services	"???: ""I've been having bad dreams these past few days."""	
00A217F4	costa_services	"???: ""Mmm... Mmm... Oh! Ah, a visitor."""	
00A218B4	costa_services	"???: ""But I think I also dreamed that a savior would appear from somewhere."""	
00A21900	costa_services	"???: ""So this is what all those unpleasant dreams were about."""	
00A21978	costa_services	"???: ""Mmm... Mmm..."""	
00A219C4	costa_services	"???: ""At last, I can sleep in peace. Zzz..."""	
00A26F80	costa_services	"???: ""Have a pleasant journey. Take care."""	
00A26FB4	costa_services	"???: ""Well then, enjoy your rest."""	
00A26FD4	costa_services	"???: ""Come back whenever you'd like to rest."""	
00A27004	costa_services	"???: ""Welcome. Would you like to rest?"""	
00A2712C	costa_services	"???: ""A remarkable man like you must sell remarkable goods. I look forward to seeing them! Ha ha!"""	
00A27194	costa_services	"???: ""I've heard the rumors. You made the queen young again, they say."""	Speaker's rumor preserved as a rumor.
00A271D8	costa_services	"???: ""Ah, you must be Torneko, our new neighbor."""	
00A272D4	costa_services	"???: ""Good morning. Somehow, I slept very well last night. Have a pleasant day."""	
00A27334	costa_services	"???: ""Well then, rest well..."""	
00A27358	costa_services	"???: ""Oh, what a shame. Please come again."""	
00A2739C	costa_services	"???: ""If you don't mind sleeping beside me, would you like to rest?"""	Preserve the source's unusual adjacent sleeping offer; not a generic paid-room rewrite.
00A273D0	costa_services	"???: ""Urgh... Cough, cough! Welcome... This is the inn."""	
00A274D0	costa_services	"???: ""Good morning. Have a pleasant day."""	
00A2BCA4	costa_services	"???: ""Oh? I'd be happy to, but your bag seems to be full."""	
00A2BCE4	costa_services	"???: ""Here, take this with you."""	
00A2BD08	costa_services	"???: ""I see. Let me know if you decide you'd like some."""	
00A2BD50	costa_services	"???: ""I do have some Bread. Would you like some?"""	
00A2BD84	costa_services	"???: ""Oh, a guest? I'm sorry, that person has eaten all the food."""	
00A2BE08	costa_services	"???: ""Mmm, delicious! The food at this inn is quite something!"""	
00A2BE78	costa_services	"???: ""Ah, at last I can have my own meal. Time to eat!"""	
00A2BEC8	costa_services	"???: ""Sigh... I have no appetite. Is it because the sky is so gloomy?"""	
00A2BF74	costa_services	"???: ""Our inn has delicious food! Stay here, and you'll have a full belly and a happy heart."""	
00A320B8	costa_services	'The Priest's Guide, Volumes 1-15'\nBooks on becoming a priest fill the shelves.	Project book title; preserve all fifteen volumes.
00A32110	costa_services	$t examined the bookcase.	
00A321BC	costa_services	"???: ""I must work hard. I don't want to turn out like the prince."""	
00A32204	costa_services	"???: ""Sorry, I'm studying to become a priest. Please keep quiet."""	
00A32274	costa_services	"???: ""I don't want to owe that prince a favor! You be careful, too."""	
00A322D4	costa_services	"???: ""The prince offered me an interesting book, but I turned him down."""	
00A32334	costa_services	"???: ""When the king summoned my father to the castle for work, I went along."""	
00A323BC	costa_services	"???: ""After all, I only studied so hard to have an easy life in the future..."""	
00A32414	costa_services	"???: ""O god! Please protect this kingdom!"""	Unnamed deity, not a newly assigned series identity.
00A32494	costa_services	"???: ""I'm tired of thinking about the future."""	
00A32F84	costa_services	"???: ""But it belongs to the king in the northern castle. He'll sell only to a trusted merchant. A pity..."""	
00A32FF0	costa_services	"???: ""It has a pool, after all, and it's a fine place to do business."""	
00A33038	costa_services	"???: ""Are you hoping to buy this house and shop, too?"""	
00A330CC	costa_services	"Marina: ""I hope your son recovers soon. Please take care on your journey."""	
00A33120	costa_services	"Marina: ""The house is empty now, but I'll have it furnished by the time you return, Mr. Torneko."""	
00A33184	costa_services	"???: ""My name is Marina. The king of Great Baleina sent me."""	
00A331C8	costa_services	"???: ""Oh, Mr. Torneko! Welcome back!"""	
00A475C4	arena_visitors	"???: ""Mmm... Huh? Lost again? No fair! Zzz..."""	
00A47638	arena_visitors	"???: ""Hey, it's me! I'm home! Wake up!"""	
00A476B8	arena_visitors	"???: ""Mmm... Huh? Lost again? Isn't that cheating?! Zzz..."""	
00A47738	arena_visitors	"???: ""Hey, it's me! I've come home from a long journey! Wake up already!"""	
00A477D4	arena_visitors	"???: ""Oh, I can't gamble feeling like this! When will we have peace again...?"""	
00A4784C	arena_visitors	"???: ""My wife came back. The arena staff carried her home after she collapsed there. Ha ha..."""	
00A47904	arena_visitors	"???: ""Oh, stop it!"""	Coy exclamation; no unstated identity supplied.
00A4798C	arena_visitors	"???: ""Ah! D-did you want something? Ha ha ha..."""	
00A4C80C	arena_visitors	"???: ""Welcome to the Monster arena! Relax and enjoy our palace of entertainment."""	
00A4C894	arena_visitors	"???: ""Please enter the monsters you've raised!"""	
00A4C8D4	arena_visitors	"???: ""This is a proper arena where monsters battle."""	
00A4C934	arena_visitors	"???: ""Wow! So this is the famous Monster arena, the palace of entertainment!"""	
00A4C9B8	arena_visitors	"???: ""If only I'd stopped then... Yes, that's it. Right! Next time, I will."""	
00A4CA0C	arena_visitors	"???: ""Damn it! Damn it all! I've lost everything again today..."""	
00A4CAF8	arena_visitors	"???: ""So a very old hand will be captain instead. I hope he'll be all right."""	
00A4CB44	arena_visitors	"???: ""The king's ship is going on a very long voyage, so I turned the job down."""	
00A4CC4C	arena_visitors	"???: ""This is a palace of entertainment. Whatever happens outside, forget it and enjoy yourself!"""	
00A4CCAC	arena_visitors	"???: ""Welcome to the Monster arena!"""	
00A4CD00	arena_visitors	"???: ""Oh, little boy! Aren't you a bit young for a place like this? Hee hee."""	
00A4CD84	arena_visitors	"???: ""Sorry, I can't sell you tokens. Come back when you're grown up."""	Use the existing reviewed casino currency; do not change the age restriction.
00A4CDD4	arena_visitors	"???: ""Oh, children mustn't play here."""	
00A4CE54	arena_visitors	"???: ""After losing that much, my life's over..."""	
00A4CE94	arena_visitors	"???: ""Ah... It's hopeless..."""	
00A4CFBC	arena_visitors	"???: ""No wonder the captain is so taken with this place."""	
00A4CFF8	arena_visitors	"???: ""I got the king's permission to come. It's every bit as lively as they say."""	
00A4D05C	arena_visitors	"???: ""Hey! How did the Muddy hand win?! Isn't that cheating?!"""	Use the reviewed species identity, retaining the speaker's surprise.
00A4D104	arena_visitors	"???: ""An old pal of mine is fighting in the arena, so I came to cheer him on. Will he win today...?"""	せんぱい is a senior/acquaintance, not an inferred monster species or personal name.
00A74270	costa_home	A map hangs on the wall. The large island drawn to the north seems to be this one.	
00A745E0	costa_home	The stray cat walked away sadly...	
00A746A4	costa_home	Then, will you let this cat go free?	
00A746D4	costa_home	It seems to want a name.\nWill you think of one?	Same independently authored naming prompt as the dog; name buffer remains separate.
00A74718	costa_home	The cat gazes at you with pleading eyes...	
00A74758	costa_home	"???: ""Meooow..."""	
00A74890	costa_home	"Captain: ""All is well so far. Please rest assured."""	
00A748D4	costa_home	"Captain: ""Ah, $t. Tessie is resting upstairs."""	Original second floor; upstairs appropriate in this house.
00A74990	costa_home	"Tessie: ""Now, I must finish knitting Tipper's socks."""	
00A749D4	costa_home	"Tessie: ""Such a peaceful, refreshing day has finally come. Everything will be all right now."""	
00A74A2C	costa_home	"Tessie: ""When you think it's all right for Tipper to go adventuring, have a word with him."""	
00A74A8C	costa_home	"Tessie: ""Tipper is eager to adventure, too. Let's send him out to find stock now and then."""	
00A74B00	costa_home	"Tessie: ""If you do go out, don't travel too far this time."""	
00A74B44	costa_home	"Tessie: ""...Though you may already be itching to set off in search of stock again."""	
00A74BA8	costa_home	"Tessie: ""We can enjoy this happiness a little longer, can't we?"""	
00A74BF0	costa_home	"Tessie: ""It's about time to end our long holiday and return to our dear old home, but..."""	
00A74C48	costa_home	"Tessie: ""It still feels like a dream, relaxing together as a family."""	
00A74D60	costa_home	"Tessie: ""I'm good at cooking, but I've been hopeless at crafts since I was little."""	Spoken to Tipper; preserve the change from spouse to maternal voice.
00A74DB8	costa_home	"Tessie: ""I'm taking forever to knit Tipper's socks. I made another mistake just now..."""	
00A74E14	costa_home	"Tessie: ""You're not like that, are you? Hee hee."""	
00A74E48	costa_home	"Tessie: ""A neighbor told me her husband got so hooked that he hasn't come home in weeks."""	
00A74EBC	costa_home	"Tessie: ""Darling, you haven't been visiting the Monster arena in town, have you?"""	
00A74FA8	costa_home	Torneko decided to head out in Tipper's place.	
00A74FDC	costa_home	Torneko smiled and patted Tipper on the shoulder.	
00A7500C	costa_home	Switch adventurers to Torneko?	Protagonist switch confirmation, not a permanent name change.
00A75030	costa_home	Torneko nodded gently.	
00A750EC	costa_home	Tipper decided to head out in Torneko's place.	
00A75120	costa_home	Tipper hung his head in disappointment.	
00A75144	costa_home	Switch adventurers to Tipper?	
00A75168	costa_home	Tipper nodded happily!	
00A751E8	costa_home	None of the books seem particularly unusual.	
00A7520C	costa_home	$t examined the bookcase.	
00A75240	costa_home	A family portrait, painted in beautiful colors. Looking at it brings a feeling of happiness...	
00A75290	costa_home	$t looked at the framed picture.	
00A75EEC	shared_repeats	A map hangs on the wall. The large island drawn to the north seems to be this one.	Exact Japanese match to our independent translation in translations/story-completion.json, completion.00952720. No external patch text used.
00A7625C	shared_repeats	The stray cat walked away sadly...	Exact Japanese match to our independent translation in translations/story-completion.json, completion.00a745e0. No external patch text used.
00A76320	shared_repeats	Then, will you let this cat go free?	Exact Japanese match to our independent translation in translations/story-completion.json, completion.00a746a4. No external patch text used.
00A76350	shared_repeats	It seems to want a name.\nWill you think of one?	Exact Japanese match to our independent translation in translations/story-completion.json, completion.00a0e0c0. No external patch text used.
00A76394	shared_repeats	The cat gazes at you with pleading eyes...	Exact Japanese match to our independent translation in translations/story-completion.json, completion.00a74718. No external patch text used.
00A763D4	shared_repeats	"???: ""Meooow..."""	Exact Japanese match to our independent translation in translations/story-completion.json, completion.00a74758. No external patch text used.
00A7650C	shared_repeats	"Captain: ""All is well so far. Please rest assured."""	Exact Japanese match to our independent translation in translations/story-completion.json, completion.00a74890. No external patch text used.
00A76550	shared_repeats	"Captain: ""Ah, $t. Tessie is resting upstairs."""	Exact Japanese match to our independent translation in translations/story-completion.json, completion.00a748d4. No external patch text used.
00A7660C	shared_repeats	"Tessie: ""Now, I must finish knitting Tipper's socks."""	Exact Japanese match to our independent translation in translations/story-completion.json, completion.00a74990. No external patch text used.
00A76650	shared_repeats	"Tessie: ""Such a peaceful, refreshing day has finally come. Everything will be all right now."""	Exact Japanese match to our independent translation in translations/story-completion.json, completion.00a749d4. No external patch text used.
00A766A8	shared_repeats	"Tessie: ""When you think it's all right for Tipper to go adventuring, have a word with him."""	Exact Japanese match to our independent translation in translations/story-completion.json, completion.00a74a2c. No external patch text used.
00A76708	shared_repeats	"Tessie: ""Tipper is eager to adventure, too. Let's send him out to find stock now and then."""	Exact Japanese match to our independent translation in translations/story-completion.json, completion.00a74a8c. No external patch text used.
00A7677C	shared_repeats	"Tessie: ""If you do go out, don't travel too far this time."""	Exact Japanese match to our independent translation in translations/story-completion.json, completion.00a74b00. No external patch text used.
00A767C0	shared_repeats	"Tessie: ""...Though you may already be itching to set off in search of stock again."""	Exact Japanese match to our independent translation in translations/story-completion.json, completion.00a74b44. No external patch text used.
00A76824	shared_repeats	"Tessie: ""We can enjoy this happiness a little longer, can't we?"""	Exact Japanese match to our independent translation in translations/story-completion.json, completion.00a74ba8. No external patch text used.
00A7686C	shared_repeats	"Tessie: ""It's about time to end our long holiday and return to our dear old home, but..."""	Exact Japanese match to our independent translation in translations/story-completion.json, completion.00a74bf0. No external patch text used.
00A768C4	shared_repeats	"Tessie: ""It still feels like a dream, relaxing together as a family."""	Exact Japanese match to our independent translation in translations/story-completion.json, completion.00a74c48. No external patch text used.
00A769DC	shared_repeats	"Tessie: ""I'm good at cooking, but I've been hopeless at crafts since I was little."""	Exact Japanese match to our independent translation in translations/story-completion.json, completion.00a74d60. No external patch text used.
00A76A34	shared_repeats	"Tessie: ""I'm taking forever to knit Tipper's socks. I made another mistake just now..."""	Exact Japanese match to our independent translation in translations/story-completion.json, completion.00a74db8. No external patch text used.
00A76A90	shared_repeats	"Tessie: ""You're not like that, are you? Hee hee."""	Exact Japanese match to our independent translation in translations/story-completion.json, completion.00a74e14. No external patch text used.
00A76AC4	shared_repeats	"Tessie: ""A neighbor told me her husband got so hooked that he hasn't come home in weeks."""	Exact Japanese match to our independent translation in translations/story-completion.json, completion.00a74e48. No external patch text used.
00A76B38	shared_repeats	"Tessie: ""Darling, you haven't been visiting the Monster arena in town, have you?"""	Exact Japanese match to our independent translation in translations/story-completion.json, completion.00a74ebc. No external patch text used.
00A76C24	shared_repeats	Torneko decided to head out in Tipper's place.	Exact Japanese match to our independent translation in translations/story-completion.json, completion.00a74fa8. No external patch text used.
00A76C58	shared_repeats	Torneko smiled and patted Tipper on the shoulder.	Exact Japanese match to our independent translation in translations/story-completion.json, completion.00a74fdc. No external patch text used.
00A76C88	shared_repeats	Switch adventurers to Torneko?	Exact Japanese match to our independent translation in translations/story-completion.json, completion.00a7500c. No external patch text used.
00A76CAC	shared_repeats	Torneko nodded gently.	Exact Japanese match to our independent translation in translations/story-completion.json, completion.00a75030. No external patch text used.
00A76D68	shared_repeats	Tipper decided to head out in Torneko's place.	Exact Japanese match to our independent translation in translations/story-completion.json, completion.00a750ec. No external patch text used.
00A76D9C	shared_repeats	Tipper hung his head in disappointment.	Exact Japanese match to our independent translation in translations/story-completion.json, completion.00a75120. No external patch text used.
00A76DC0	shared_repeats	Switch adventurers to Tipper?	Exact Japanese match to our independent translation in translations/story-completion.json, completion.00a75144. No external patch text used.
00A76DE4	shared_repeats	Tipper nodded happily!	Exact Japanese match to our independent translation in translations/story-completion.json, completion.00a75168. No external patch text used.
00A76E64	shared_repeats	None of the books seem particularly unusual.	Exact Japanese match to our independent translation in translations/story-completion.json, completion.00a751e8. No external patch text used.
00A76E88	shared_repeats	$t examined the bookcase.	Exact Japanese match to our independent translation in translations/story-completion.json, completion.00a216c0. No external patch text used.
00A76EBC	shared_repeats	A family portrait, painted in beautiful colors. Looking at it brings a feeling of happiness...	Exact Japanese match to our independent translation in translations/story-completion.json, completion.00a75240. No external patch text used.
00A76F0C	shared_repeats	$t looked at the framed picture.	Exact Japanese match to our independent translation in translations/story-completion.json, completion.00a75290. No external patch text used.
00A77B68	shared_repeats	A map hangs on the wall. The large island drawn to the north seems to be this one.	Exact Japanese match to our independent translation in translations/story-completion.json, completion.00952720. No external patch text used.
00A77ED8	shared_repeats	The stray cat walked away sadly...	Exact Japanese match to our independent translation in translations/story-completion.json, completion.00a745e0. No external patch text used.
00A77F9C	shared_repeats	Then, will you let this cat go free?	Exact Japanese match to our independent translation in translations/story-completion.json, completion.00a746a4. No external patch text used.
00A77FCC	shared_repeats	It seems to want a name.\nWill you think of one?	Exact Japanese match to our independent translation in translations/story-completion.json, completion.00a0e0c0. No external patch text used.
00A78010	shared_repeats	The cat gazes at you with pleading eyes...	Exact Japanese match to our independent translation in translations/story-completion.json, completion.00a74718. No external patch text used.
00A78050	shared_repeats	"???: ""Meooow..."""	Exact Japanese match to our independent translation in translations/story-completion.json, completion.00a74758. No external patch text used.
00A78188	shared_repeats	"Captain: ""All is well so far. Please rest assured."""	Exact Japanese match to our independent translation in translations/story-completion.json, completion.00a74890. No external patch text used.
00A781CC	shared_repeats	"Captain: ""Ah, $t. Tessie is resting upstairs."""	Exact Japanese match to our independent translation in translations/story-completion.json, completion.00a748d4. No external patch text used.
00A78288	shared_repeats	"Tessie: ""Now, I must finish knitting Tipper's socks."""	Exact Japanese match to our independent translation in translations/story-completion.json, completion.00a74990. No external patch text used.
00A782CC	shared_repeats	"Tessie: ""Such a peaceful, refreshing day has finally come. Everything will be all right now."""	Exact Japanese match to our independent translation in translations/story-completion.json, completion.00a749d4. No external patch text used.
00A78324	shared_repeats	"Tessie: ""When you think it's all right for Tipper to go adventuring, have a word with him."""	Exact Japanese match to our independent translation in translations/story-completion.json, completion.00a74a2c. No external patch text used.
00A78384	shared_repeats	"Tessie: ""Tipper is eager to adventure, too. Let's send him out to find stock now and then."""	Exact Japanese match to our independent translation in translations/story-completion.json, completion.00a74a8c. No external patch text used.
00A783F8	shared_repeats	"Tessie: ""If you do go out, don't travel too far this time."""	Exact Japanese match to our independent translation in translations/story-completion.json, completion.00a74b00. No external patch text used.
00A7843C	shared_repeats	"Tessie: ""...Though you may already be itching to set off in search of stock again."""	Exact Japanese match to our independent translation in translations/story-completion.json, completion.00a74b44. No external patch text used.
00A784A0	shared_repeats	"Tessie: ""We can enjoy this happiness a little longer, can't we?"""	Exact Japanese match to our independent translation in translations/story-completion.json, completion.00a74ba8. No external patch text used.
00A784E8	shared_repeats	"Tessie: ""It's about time to end our long holiday and return to our dear old home, but..."""	Exact Japanese match to our independent translation in translations/story-completion.json, completion.00a74bf0. No external patch text used.
00A78540	shared_repeats	"Tessie: ""It still feels like a dream, relaxing together as a family."""	Exact Japanese match to our independent translation in translations/story-completion.json, completion.00a74c48. No external patch text used.
00A78658	shared_repeats	"Tessie: ""I'm good at cooking, but I've been hopeless at crafts since I was little."""	Exact Japanese match to our independent translation in translations/story-completion.json, completion.00a74d60. No external patch text used.
00A786B0	shared_repeats	"Tessie: ""I'm taking forever to knit Tipper's socks. I made another mistake just now..."""	Exact Japanese match to our independent translation in translations/story-completion.json, completion.00a74db8. No external patch text used.
00A7870C	shared_repeats	"Tessie: ""You're not like that, are you? Hee hee."""	Exact Japanese match to our independent translation in translations/story-completion.json, completion.00a74e14. No external patch text used.
00A78740	shared_repeats	"Tessie: ""A neighbor told me her husband got so hooked that he hasn't come home in weeks."""	Exact Japanese match to our independent translation in translations/story-completion.json, completion.00a74e48. No external patch text used.
00A787B4	shared_repeats	"Tessie: ""Darling, you haven't been visiting the Monster arena in town, have you?"""	Exact Japanese match to our independent translation in translations/story-completion.json, completion.00a74ebc. No external patch text used.
00A788A0	shared_repeats	Torneko decided to head out in Tipper's place.	Exact Japanese match to our independent translation in translations/story-completion.json, completion.00a74fa8. No external patch text used.
00A788D4	shared_repeats	Torneko smiled and patted Tipper on the shoulder.	Exact Japanese match to our independent translation in translations/story-completion.json, completion.00a74fdc. No external patch text used.
00A78904	shared_repeats	Switch adventurers to Torneko?	Exact Japanese match to our independent translation in translations/story-completion.json, completion.00a7500c. No external patch text used.
00A78928	shared_repeats	Torneko nodded gently.	Exact Japanese match to our independent translation in translations/story-completion.json, completion.00a75030. No external patch text used.
00A789E4	shared_repeats	Tipper decided to head out in Torneko's place.	Exact Japanese match to our independent translation in translations/story-completion.json, completion.00a750ec. No external patch text used.
00A78A18	shared_repeats	Tipper hung his head in disappointment.	Exact Japanese match to our independent translation in translations/story-completion.json, completion.00a75120. No external patch text used.
00A78A3C	shared_repeats	Switch adventurers to Tipper?	Exact Japanese match to our independent translation in translations/story-completion.json, completion.00a75144. No external patch text used.
00A78A60	shared_repeats	Tipper nodded happily!	Exact Japanese match to our independent translation in translations/story-completion.json, completion.00a75168. No external patch text used.
00A78AE0	shared_repeats	None of the books seem particularly unusual.	Exact Japanese match to our independent translation in translations/story-completion.json, completion.00a751e8. No external patch text used.
00A78B04	shared_repeats	$t examined the bookcase.	Exact Japanese match to our independent translation in translations/story-completion.json, completion.00a216c0. No external patch text used.
00A78B38	shared_repeats	A family portrait, painted in beautiful colors. Looking at it brings a feeling of happiness...	Exact Japanese match to our independent translation in translations/story-completion.json, completion.00a75240. No external patch text used.
00A78B88	shared_repeats	$t looked at the framed picture.	Exact Japanese match to our independent translation in translations/story-completion.json, completion.00a75290. No external patch text used.
00A797E4	shared_repeats	A map hangs on the wall. The large island drawn to the north seems to be this one.	Exact Japanese match to our independent translation in translations/story-completion.json, completion.00952720. No external patch text used.
00A79B54	shared_repeats	The stray cat walked away sadly...	Exact Japanese match to our independent translation in translations/story-completion.json, completion.00a745e0. No external patch text used.
00A79C18	shared_repeats	Then, will you let this cat go free?	Exact Japanese match to our independent translation in translations/story-completion.json, completion.00a746a4. No external patch text used.
00A79C48	shared_repeats	It seems to want a name.\nWill you think of one?	Exact Japanese match to our independent translation in translations/story-completion.json, completion.00a0e0c0. No external patch text used.
00A79C8C	shared_repeats	The cat gazes at you with pleading eyes...	Exact Japanese match to our independent translation in translations/story-completion.json, completion.00a74718. No external patch text used.
00A79CCC	shared_repeats	"???: ""Meooow..."""	Exact Japanese match to our independent translation in translations/story-completion.json, completion.00a74758. No external patch text used.
00A79E04	shared_repeats	"Captain: ""All is well so far. Please rest assured."""	Exact Japanese match to our independent translation in translations/story-completion.json, completion.00a74890. No external patch text used.
00A79E48	shared_repeats	"Captain: ""Ah, $t. Tessie is resting upstairs."""	Exact Japanese match to our independent translation in translations/story-completion.json, completion.00a748d4. No external patch text used.
00A79F04	shared_repeats	"Tessie: ""Now, I must finish knitting Tipper's socks."""	Exact Japanese match to our independent translation in translations/story-completion.json, completion.00a74990. No external patch text used.
00A79F48	shared_repeats	"Tessie: ""Such a peaceful, refreshing day has finally come. Everything will be all right now."""	Exact Japanese match to our independent translation in translations/story-completion.json, completion.00a749d4. No external patch text used.
00A79FA0	shared_repeats	"Tessie: ""When you think it's all right for Tipper to go adventuring, have a word with him."""	Exact Japanese match to our independent translation in translations/story-completion.json, completion.00a74a2c. No external patch text used.
00A7A000	shared_repeats	"Tessie: ""Tipper is eager to adventure, too. Let's send him out to find stock now and then."""	Exact Japanese match to our independent translation in translations/story-completion.json, completion.00a74a8c. No external patch text used.
00A7A074	shared_repeats	"Tessie: ""If you do go out, don't travel too far this time."""	Exact Japanese match to our independent translation in translations/story-completion.json, completion.00a74b00. No external patch text used.
00A7A0B8	shared_repeats	"Tessie: ""...Though you may already be itching to set off in search of stock again."""	Exact Japanese match to our independent translation in translations/story-completion.json, completion.00a74b44. No external patch text used.
00A7A11C	shared_repeats	"Tessie: ""We can enjoy this happiness a little longer, can't we?"""	Exact Japanese match to our independent translation in translations/story-completion.json, completion.00a74ba8. No external patch text used.
00A7A164	shared_repeats	"Tessie: ""It's about time to end our long holiday and return to our dear old home, but..."""	Exact Japanese match to our independent translation in translations/story-completion.json, completion.00a74bf0. No external patch text used.
00A7A1BC	shared_repeats	"Tessie: ""It still feels like a dream, relaxing together as a family."""	Exact Japanese match to our independent translation in translations/story-completion.json, completion.00a74c48. No external patch text used.
00A7A2D4	shared_repeats	"Tessie: ""I'm good at cooking, but I've been hopeless at crafts since I was little."""	Exact Japanese match to our independent translation in translations/story-completion.json, completion.00a74d60. No external patch text used.
00A7A32C	shared_repeats	"Tessie: ""I'm taking forever to knit Tipper's socks. I made another mistake just now..."""	Exact Japanese match to our independent translation in translations/story-completion.json, completion.00a74db8. No external patch text used.
00A7A388	shared_repeats	"Tessie: ""You're not like that, are you? Hee hee."""	Exact Japanese match to our independent translation in translations/story-completion.json, completion.00a74e14. No external patch text used.
00A7A3BC	shared_repeats	"Tessie: ""A neighbor told me her husband got so hooked that he hasn't come home in weeks."""	Exact Japanese match to our independent translation in translations/story-completion.json, completion.00a74e48. No external patch text used.
00A7A430	shared_repeats	"Tessie: ""Darling, you haven't been visiting the Monster arena in town, have you?"""	Exact Japanese match to our independent translation in translations/story-completion.json, completion.00a74ebc. No external patch text used.
00A7A51C	shared_repeats	Torneko decided to head out in Tipper's place.	Exact Japanese match to our independent translation in translations/story-completion.json, completion.00a74fa8. No external patch text used.
00A7A550	shared_repeats	Torneko smiled and patted Tipper on the shoulder.	Exact Japanese match to our independent translation in translations/story-completion.json, completion.00a74fdc. No external patch text used.
00A7A580	shared_repeats	Switch adventurers to Torneko?	Exact Japanese match to our independent translation in translations/story-completion.json, completion.00a7500c. No external patch text used.
00A7A5A4	shared_repeats	Torneko nodded gently.	Exact Japanese match to our independent translation in translations/story-completion.json, completion.00a75030. No external patch text used.
00A7A660	shared_repeats	Tipper decided to head out in Torneko's place.	Exact Japanese match to our independent translation in translations/story-completion.json, completion.00a750ec. No external patch text used.
00A7A694	shared_repeats	Tipper hung his head in disappointment.	Exact Japanese match to our independent translation in translations/story-completion.json, completion.00a75120. No external patch text used.
00A7A6B8	shared_repeats	Switch adventurers to Tipper?	Exact Japanese match to our independent translation in translations/story-completion.json, completion.00a75144. No external patch text used.
00A7A6DC	shared_repeats	Tipper nodded happily!	Exact Japanese match to our independent translation in translations/story-completion.json, completion.00a75168. No external patch text used.
00A7A75C	shared_repeats	None of the books seem particularly unusual.	Exact Japanese match to our independent translation in translations/story-completion.json, completion.00a751e8. No external patch text used.
00A7A780	shared_repeats	$t examined the bookcase.	Exact Japanese match to our independent translation in translations/story-completion.json, completion.00a216c0. No external patch text used.
00A7A7B4	shared_repeats	A family portrait, painted in beautiful colors. Looking at it brings a feeling of happiness...	Exact Japanese match to our independent translation in translations/story-completion.json, completion.00a75240. No external patch text used.
00A7A804	shared_repeats	$t looked at the framed picture.	Exact Japanese match to our independent translation in translations/story-completion.json, completion.00a75290. No external patch text used.
00A7B460	shared_repeats	A map hangs on the wall. The large island drawn to the north seems to be this one.	Exact Japanese match to our independent translation in translations/story-completion.json, completion.00952720. No external patch text used.
00A7B7D0	shared_repeats	The stray cat walked away sadly...	Exact Japanese match to our independent translation in translations/story-completion.json, completion.00a745e0. No external patch text used.
00A7B894	shared_repeats	Then, will you let this cat go free?	Exact Japanese match to our independent translation in translations/story-completion.json, completion.00a746a4. No external patch text used.
00A7B8C4	shared_repeats	It seems to want a name.\nWill you think of one?	Exact Japanese match to our independent translation in translations/story-completion.json, completion.00a0e0c0. No external patch text used.
00A7B908	shared_repeats	The cat gazes at you with pleading eyes...	Exact Japanese match to our independent translation in translations/story-completion.json, completion.00a74718. No external patch text used.
00A7B948	shared_repeats	"???: ""Meooow..."""	Exact Japanese match to our independent translation in translations/story-completion.json, completion.00a74758. No external patch text used.
00A7BA80	shared_repeats	"Captain: ""All is well so far. Please rest assured."""	Exact Japanese match to our independent translation in translations/story-completion.json, completion.00a74890. No external patch text used.
00A7BAC4	shared_repeats	"Captain: ""Ah, $t. Tessie is resting upstairs."""	Exact Japanese match to our independent translation in translations/story-completion.json, completion.00a748d4. No external patch text used.
00A7BB80	shared_repeats	"Tessie: ""Now, I must finish knitting Tipper's socks."""	Exact Japanese match to our independent translation in translations/story-completion.json, completion.00a74990. No external patch text used.
00A7BBC4	shared_repeats	"Tessie: ""Such a peaceful, refreshing day has finally come. Everything will be all right now."""	Exact Japanese match to our independent translation in translations/story-completion.json, completion.00a749d4. No external patch text used.
00A7BC1C	shared_repeats	"Tessie: ""When you think it's all right for Tipper to go adventuring, have a word with him."""	Exact Japanese match to our independent translation in translations/story-completion.json, completion.00a74a2c. No external patch text used.
00A7BC7C	shared_repeats	"Tessie: ""Tipper is eager to adventure, too. Let's send him out to find stock now and then."""	Exact Japanese match to our independent translation in translations/story-completion.json, completion.00a74a8c. No external patch text used.
00A7BCF0	shared_repeats	"Tessie: ""If you do go out, don't travel too far this time."""	Exact Japanese match to our independent translation in translations/story-completion.json, completion.00a74b00. No external patch text used.
00A7BD34	shared_repeats	"Tessie: ""...Though you may already be itching to set off in search of stock again."""	Exact Japanese match to our independent translation in translations/story-completion.json, completion.00a74b44. No external patch text used.
00A7BD98	shared_repeats	"Tessie: ""We can enjoy this happiness a little longer, can't we?"""	Exact Japanese match to our independent translation in translations/story-completion.json, completion.00a74ba8. No external patch text used.
00A7BDE0	shared_repeats	"Tessie: ""It's about time to end our long holiday and return to our dear old home, but..."""	Exact Japanese match to our independent translation in translations/story-completion.json, completion.00a74bf0. No external patch text used.
00A7BE38	shared_repeats	"Tessie: ""It still feels like a dream, relaxing together as a family."""	Exact Japanese match to our independent translation in translations/story-completion.json, completion.00a74c48. No external patch text used.
00A7BF50	shared_repeats	"Tessie: ""I'm good at cooking, but I've been hopeless at crafts since I was little."""	Exact Japanese match to our independent translation in translations/story-completion.json, completion.00a74d60. No external patch text used.
00A7BFA8	shared_repeats	"Tessie: ""I'm taking forever to knit Tipper's socks. I made another mistake just now..."""	Exact Japanese match to our independent translation in translations/story-completion.json, completion.00a74db8. No external patch text used.
00A7C004	shared_repeats	"Tessie: ""You're not like that, are you? Hee hee."""	Exact Japanese match to our independent translation in translations/story-completion.json, completion.00a74e14. No external patch text used.
00A7C038	shared_repeats	"Tessie: ""A neighbor told me her husband got so hooked that he hasn't come home in weeks."""	Exact Japanese match to our independent translation in translations/story-completion.json, completion.00a74e48. No external patch text used.
00A7C0AC	shared_repeats	"Tessie: ""Darling, you haven't been visiting the Monster arena in town, have you?"""	Exact Japanese match to our independent translation in translations/story-completion.json, completion.00a74ebc. No external patch text used.
00A7C198	shared_repeats	Torneko decided to head out in Tipper's place.	Exact Japanese match to our independent translation in translations/story-completion.json, completion.00a74fa8. No external patch text used.
00A7C1CC	shared_repeats	Torneko smiled and patted Tipper on the shoulder.	Exact Japanese match to our independent translation in translations/story-completion.json, completion.00a74fdc. No external patch text used.
00A7C1FC	shared_repeats	Switch adventurers to Torneko?	Exact Japanese match to our independent translation in translations/story-completion.json, completion.00a7500c. No external patch text used.
00A7C220	shared_repeats	Torneko nodded gently.	Exact Japanese match to our independent translation in translations/story-completion.json, completion.00a75030. No external patch text used.
00A7C2DC	shared_repeats	Tipper decided to head out in Torneko's place.	Exact Japanese match to our independent translation in translations/story-completion.json, completion.00a750ec. No external patch text used.
00A7C310	shared_repeats	Tipper hung his head in disappointment.	Exact Japanese match to our independent translation in translations/story-completion.json, completion.00a75120. No external patch text used.
00A7C334	shared_repeats	Switch adventurers to Tipper?	Exact Japanese match to our independent translation in translations/story-completion.json, completion.00a75144. No external patch text used.
00A7C358	shared_repeats	Tipper nodded happily!	Exact Japanese match to our independent translation in translations/story-completion.json, completion.00a75168. No external patch text used.
00A7C3D8	shared_repeats	None of the books seem particularly unusual.	Exact Japanese match to our independent translation in translations/story-completion.json, completion.00a751e8. No external patch text used.
00A7C3FC	shared_repeats	$t examined the bookcase.	Exact Japanese match to our independent translation in translations/story-completion.json, completion.00a216c0. No external patch text used.
00A7C430	shared_repeats	A family portrait, painted in beautiful colors. Looking at it brings a feeling of happiness...	Exact Japanese match to our independent translation in translations/story-completion.json, completion.00a75240. No external patch text used.
00A7C480	shared_repeats	$t looked at the framed picture.	Exact Japanese match to our independent translation in translations/story-completion.json, completion.00a75290. No external patch text used.
00A82C5C	shared_repeats	$t looked at the framed picture.	Exact Japanese match to our independent translation in translations/story-completion.json, completion.00a75290. No external patch text used.
00A838DC	shared_repeats	$t looked at the framed picture.	Exact Japanese match to our independent translation in translations/story-completion.json, completion.00a75290. No external patch text used.
00A8455C	shared_repeats	$t looked at the framed picture.	Exact Japanese match to our independent translation in translations/story-completion.json, completion.00a75290. No external patch text used.
00AB0C0C	shared_repeats	$t read the sign.	Exact Japanese match to our independent translation in translations/story-completion.json, completion.00a0ac70. No external patch text used.
00AB9168	shared_repeats	None of the books seem particularly unusual.	Exact Japanese match to our independent translation in translations/story-completion.json, completion.00a751e8. No external patch text used.
00AB918C	shared_repeats	$t examined the bookcase.	Exact Japanese match to our independent translation in translations/story-completion.json, completion.00a216c0. No external patch text used.
00ABFC10	shared_repeats	A map hangs on the wall. The large island drawn to the north seems to be this one.	Exact Japanese match to our independent translation in translations/story-completion.json, completion.00952720. No external patch text used.
00ADF844	shared_repeats	"???: ""O heavens and earth! May the earth's protection be upon this traveler!"""	Exact Japanese match to our independent translation in translations/story-completion.json, completion.009a7228. No external patch text used.
00AE92AC	shared_repeats	"???: ""Well then, enjoy your rest."""	Exact Japanese match to our independent translation in translations/story-completion.json, completion.00a26fb4. No external patch text used.
00B3E0BC	shared_repeats	A map hangs on the wall. The large island drawn to the north seems to be this one.	Exact Japanese match to our independent translation in translations/story-completion.json, completion.00952720. No external patch text used.
00B4E484	shared_repeats	$t read the sign.	Exact Japanese match to our independent translation in translations/story-completion.json, completion.00a0ac70. No external patch text used.
00B58488	shared_repeats	$t examined the bookcase.	Exact Japanese match to our independent translation in translations/story-completion.json, completion.00a216c0. No external patch text used.
00BC8EA0	shared_repeats	$t examined the bookcase.	Exact Japanese match to our independent translation in translations/story-completion.json, completion.00a216c0. No external patch text used.
00BC9010	shared_repeats	"???: ""Meow..."""	Exact Japanese match to our independent translation in translations/story-completion.json, completion.00975810. No external patch text used.
00A7D170	costa_home_crisis	"Tessie: ""Now you'll be able to help your father, too."""	
00A7D1B0	costa_home_crisis	"Tessie: ""Tipper, I'm amazed you traveled all this way on your own, but..."""	
00A7D20C	costa_home_crisis	"Tessie: ""He must be wondering if there's anything he can do to save this kingdom."""	
00A7D268	costa_home_crisis	"Tessie: ""Cough, cough! Oh, that's right. Your father has gone to the castle to see the king."""	
00A7D2C4	costa_home_crisis	"Tessie: ""But I'm so glad... Just to see you safe and well, Tipper..."""	
00A7D310	costa_home_crisis	"Tessie: ""I was terribly worried about you, too!"""	
00A7D344	costa_home_crisis	"Tessie: ""Soon after we came here and opened the shop, that evil mist swept over the kingdom..."""	
00A7D39C	costa_home_crisis	"Tessie: ""Oh, thank goodness... You're safe!"""	
00A7D3C8	costa_home_crisis	"Tessie: ""Oh! Tipper! It really is you!"""	
00A7D514	costa_home_crisis	"Tessie: ""Cough, cough! You believe it too, don't you, Tipper? That you can save your father."""	
00A7D574	costa_home_crisis	"Tessie: ""I believe in you, Tipper. Your father must be waiting for you, too."""	
00A7D5CC	costa_home_crisis	"Tessie: ""But... But you believe it too, don't you, Tipper? That you can save your father."""	
00A7D62C	costa_home_crisis	"Tessie: ""What? Your father?! Oh, how terrible...!"""	
00A7D664	costa_home_crisis	"Tessie: ""Oh, Tipper, what's wrong? You look so sad..."""	
00A7D6A8	costa_home_crisis	"Tessie: ""Good morning, darling. I know you must go, so I won't stop you... But please be careful."""	
00A7D710	costa_home_crisis	"Tessie: ""Well then, good night..."""	
00A7D734	costa_home_crisis	"Tessie: ""Really? Tell me when you'd like to rest. Cough, cough!"""	
00A7D778	costa_home_crisis	"Tessie: ""You must be tired yourself. Will you rest here today?"""	
00A7D7B8	costa_home_crisis	"Tessie: ""Welcome home, darling. Cough, cough! Don't worry about me."""	
00A7DABC	costa_furnishings	"Marina: ""We have all the furniture we need. Now for the daily cleaning... I must do my best!"""	
00A7DB1C	costa_furnishings	"Marina: ""Somehow, I feel very happy, too."""	
00A7DB54	costa_furnishings	"Marina: ""Somehow, I feel very happy, too. Hee hee."""	
00A7DB94	costa_furnishings	"Marina: ""I hear it's enchanted to make anyone who looks at it feel happy."""	Speaker's account, not a claim of a gameplay stat effect.
00A7DBF0	costa_furnishings	"Marina: ""They say a famous foreign artist painted it, and that it's very valuable."""	Keep the reported account distinct from the later inspection's different explanation.
00A7DC50	costa_furnishings	"Marina: ""Your family portrait in the living room is lovely, isn't it?"""	
00A7DC98	costa_furnishings	"Marina: ""It should arrive by the time you return. How exciting!"""	
00A7DCE8	costa_furnishings	"Marina: ""They're choosing something to commemorate your family, Mr. Torneko."""	
00A7DD2C	costa_furnishings	"Marina: ""Your shop is so popular that even the castle is sending a gift to congratulate you!"""	
00A7DD90	costa_furnishings	"Marina: ""Shall we celebrate with some new furnishings?"""	
00A7DDC8	costa_furnishings	"Marina: ""Your shop is doing better and better, Mr. Torneko. I'm so pleased."""	
00A7DE18	costa_furnishings	"Marina: ""If you and Tipper bring in stock and the shop prospers even more..."""	
00A7DE7C	costa_furnishings	"Marina: ""New furniture makes a home feel so cheerful, doesn't it?"""	
00A7DEC8	costa_furnishings	"Marina: ""I'll have it ordered by the time you return."""	
00A7DF14	costa_furnishings	"Marina: ""Perhaps it's time for some new furnishings."""	
00A7DF5C	costa_furnishings	"Marina: ""Your shop has more goods and is doing well, Mr. Torneko."""	
00A7DF9C	costa_furnishings	"Marina: ""...we can add even lovelier furniture and decorations. How exciting!"""	Continues the stock/prosperity condition from 00A7DFE8.
00A7DFE8	costa_furnishings	"Marina: ""If you and Tipper keep bringing in goods and the shop prospers, I'm sure..."""	
00A7E050	costa_furnishings	"Marina: ""But there's still so little furniture. It feels rather empty."""	
00A7E0A0	costa_furnishings	"Marina: ""Your wife always keeps everything so tidy that I hardly have any work to do."""	
00A7E2B4	costa_mirror	He thought his face really did resemble his mother Tessie's more than his father Torneko's...	Tipper-specific mirror observation.
00A7E304	costa_mirror	He felt he looked a little more grown-up.	
00A7E334	costa_mirror	He seemed to have lost a little weight on the long journey.	
00A7E368	costa_mirror	There seemed to be a few more wrinkles...	
00A7E398	costa_mirror	A small smudge caught his eye, so he wiped it away with his sleeve.	
00A7E3D4	costa_mirror	The long journey seemed to have left him quite suntanned...	
00A7E404	costa_mirror	Tessie's cosmetics are neatly arranged in front of the mirror.	
00A7E440	costa_mirror	On closer inspection, he decided he didn't look half bad.	
00A7E470	costa_mirror	He seemed to look paler than usual...	
00A7E498	costa_mirror	The spotless room is reflected in the mirror.	
00A7E4C4	costa_mirror	$t looked in the mirror.	
00A828A8	costa_bedroom	"Marina: ""I've kept the room ready so Master Tipper could arrive at any time."""	
00A82908	costa_bedroom	"Marina: ""Oh! Master Tipper, is that you?! I'm so glad you're safe..."""	
00A829A0	costa_bedroom	$t decided to rest in his own bed.	
00A829C8	costa_bedroom	It's Tipper's bed.\nRest here?	
00A82A1C	costa_bedroom	"Marina: ""I'm proud to serve you and Tipper, Mr. Torneko."""	
00A82AEC	costa_bedroom	It's Tipper's bed.\nIt seems a little too small for $t to rest in...	Preserve native protagonist substitution and bed-size observation.
00A82BBC	costa_bedroom	The beautiful new frame gives it the air of a masterpiece...	
00A82C18	costa_bedroom	Apparently, Tessie had an artist she knew paint this picture some time ago.	Preserve inspection's account; do not reconcile it with Marina's reported foreign-master claim.
00A8C3B8	royal_voyage	"???: ""I'd like to sail on a ship like this one day."""	
00A8C3F4	royal_voyage	"???: ""Big, isn't she? This ship belongs to the king at Great Baleina Castle to the north."""	
00A8C674	royal_voyage	"Captain: ""Right, follow me aboard. We'll set sail at once!"""	Ship captain role.
00A8C6C4	royal_voyage	"Captain: ""I see. Come back when you're ready."""	
00A8C70C	royal_voyage	"Captain: ""Torneko, is everyone ready to set sail?"""	
00A8C748	royal_voyage	"Captain: ""Never mind. You'll see what I can do soon enough. Now, I'd like to set sail..."""	
00A8C7B0	royal_voyage	"Captain: ""...So you're that old fortune-teller. Your tongue is as sharp as they say."""	
00A8C7FC	royal_voyage	"Fortune-teller: ""Oh, my! The captain is an old man even frailer than I am! Will we be all right?"""	
00A8C868	royal_voyage	"Captain: ""It'll be a long voyage, but I'll take you safely to the southern island."""	
00A8C8C4	royal_voyage	"???: ""Ah, you're here. I'm the captain the king has entrusted with this voyage."""	
00A8C920	royal_voyage	"???: ""The king's ship is this way. Please, come aboard!"""	
00A8C950	royal_voyage	"???: ""Ah, Mr. Torneko! The king of Great Baleina ordered us to await you!"""	
00A8C9A8	royal_voyage	"???: ""We're still preparing to sail. I'm sorry, but please wait a little longer."""	
00A8CA04	royal_voyage	"???: ""Ah, Mr. Torneko! The king of Great Baleina has told us about you."""	
00A8CC54	royal_voyage	"Rosa: ""I'd like to have a bit more fun here, but... Oh, well. Let's go."""	
00A8CCBC	royal_voyage	"Rosa: ""Hey, Torneko! We're finally going back to Barinabo, eh?"""	
00A8CCF8	royal_voyage	"Ines: ""I'm sure Tipper will get better. Let's hurry back to him."""	
00A8CD40	royal_voyage	"Ines: ""Torneko, we're finally returning to Barinabo."""	
00A8CDA4	royal_voyage	"???: ""You and your friends must be remarkable people, Torneko."""	
00A8CDD4	royal_voyage	"???: ""This is the first time the king of Great Baleina has sent guests home on his ship."""	
00A8CE90	royal_voyage	"Captain: ""The ship is completely ready to sail."""	
00A8D088	royal_voyage	"???: ""We're setting sail! Raise the gangplank!"""	
00A8D0B8	royal_voyage	"Rosa: ""Right. Let's go, then!"""	
00A8D0DC	royal_voyage	"Rosa: ""Did you get all that? Want me to say it again?"""	
00A8D11C	royal_voyage	"Rosa: ""I'll put it in the pot in my kitchen later. Don't forget to pick it up."""	Physical household pot, not an inventory pot identity.
00A8D178	royal_voyage	"Rosa: ""Oh, by the way, Torneko. I haven't given you my present yet, have I?"""	
00A8D400	royal_voyage	"???: ""Sorry. There's no way we can put a ship to sea in these conditions."""	
00A8D484	royal_voyage	"???: ""Don't let this trip put you off. Please enjoy another sea voyage sometime."""	
00A8D4C4	royal_voyage	"???: ""The sea is wonderful. Your homeland is far across it, too, isn't it, Torneko?"""	
00A7EEF8	shared_repeats	"Tessie: ""Now you'll be able to help your father, too."""	Exact Japanese match to our independent translation in translations/story-completion.json, completion.00a7d170. No external patch text used.
00A7EF38	shared_repeats	"Tessie: ""Tipper, I'm amazed you traveled all this way on your own, but..."""	Exact Japanese match to our independent translation in translations/story-completion.json, completion.00a7d1b0. No external patch text used.
00A7EF94	shared_repeats	"Tessie: ""He must be wondering if there's anything he can do to save this kingdom."""	Exact Japanese match to our independent translation in translations/story-completion.json, completion.00a7d20c. No external patch text used.
00A7EFF0	shared_repeats	"Tessie: ""Cough, cough! Oh, that's right. Your father has gone to the castle to see the king."""	Exact Japanese match to our independent translation in translations/story-completion.json, completion.00a7d268. No external patch text used.
00A7F04C	shared_repeats	"Tessie: ""But I'm so glad... Just to see you safe and well, Tipper..."""	Exact Japanese match to our independent translation in translations/story-completion.json, completion.00a7d2c4. No external patch text used.
00A7F098	shared_repeats	"Tessie: ""I was terribly worried about you, too!"""	Exact Japanese match to our independent translation in translations/story-completion.json, completion.00a7d310. No external patch text used.
00A7F0CC	shared_repeats	"Tessie: ""Soon after we came here and opened the shop, that evil mist swept over the kingdom..."""	Exact Japanese match to our independent translation in translations/story-completion.json, completion.00a7d344. No external patch text used.
00A7F124	shared_repeats	"Tessie: ""Oh, thank goodness... You're safe!"""	Exact Japanese match to our independent translation in translations/story-completion.json, completion.00a7d39c. No external patch text used.
00A7F150	shared_repeats	"Tessie: ""Oh! Tipper! It really is you!"""	Exact Japanese match to our independent translation in translations/story-completion.json, completion.00a7d3c8. No external patch text used.
00A7F29C	shared_repeats	"Tessie: ""Cough, cough! You believe it too, don't you, Tipper? That you can save your father."""	Exact Japanese match to our independent translation in translations/story-completion.json, completion.00a7d514. No external patch text used.
00A7F2FC	shared_repeats	"Tessie: ""I believe in you, Tipper. Your father must be waiting for you, too."""	Exact Japanese match to our independent translation in translations/story-completion.json, completion.00a7d574. No external patch text used.
00A7F354	shared_repeats	"Tessie: ""But... But you believe it too, don't you, Tipper? That you can save your father."""	Exact Japanese match to our independent translation in translations/story-completion.json, completion.00a7d5cc. No external patch text used.
00A7F3B4	shared_repeats	"Tessie: ""What? Your father?! Oh, how terrible...!"""	Exact Japanese match to our independent translation in translations/story-completion.json, completion.00a7d62c. No external patch text used.
00A7F3EC	shared_repeats	"Tessie: ""Oh, Tipper, what's wrong? You look so sad..."""	Exact Japanese match to our independent translation in translations/story-completion.json, completion.00a7d664. No external patch text used.
00A7F430	shared_repeats	"Tessie: ""Good morning, darling. I know you must go, so I won't stop you... But please be careful."""	Exact Japanese match to our independent translation in translations/story-completion.json, completion.00a7d6a8. No external patch text used.
00A7F498	shared_repeats	"Tessie: ""Well then, good night..."""	Exact Japanese match to our independent translation in translations/story-completion.json, completion.00a7d710. No external patch text used.
00A7F4BC	shared_repeats	"Tessie: ""Really? Tell me when you'd like to rest. Cough, cough!"""	Exact Japanese match to our independent translation in translations/story-completion.json, completion.00a7d734. No external patch text used.
00A7F500	shared_repeats	"Tessie: ""You must be tired yourself. Will you rest here today?"""	Exact Japanese match to our independent translation in translations/story-completion.json, completion.00a7d778. No external patch text used.
00A7F540	shared_repeats	"Tessie: ""Welcome home, darling. Cough, cough! Don't worry about me."""	Exact Japanese match to our independent translation in translations/story-completion.json, completion.00a7d7b8. No external patch text used.
00A7F844	shared_repeats	"Marina: ""We have all the furniture we need. Now for the daily cleaning... I must do my best!"""	Exact Japanese match to our independent translation in translations/story-completion.json, completion.00a7dabc. No external patch text used.
00A7F8A4	shared_repeats	"Marina: ""Somehow, I feel very happy, too."""	Exact Japanese match to our independent translation in translations/story-completion.json, completion.00a7db1c. No external patch text used.
00A7F8DC	shared_repeats	"Marina: ""Somehow, I feel very happy, too. Hee hee."""	Exact Japanese match to our independent translation in translations/story-completion.json, completion.00a7db54. No external patch text used.
00A7F91C	shared_repeats	"Marina: ""I hear it's enchanted to make anyone who looks at it feel happy."""	Exact Japanese match to our independent translation in translations/story-completion.json, completion.00a7db94. No external patch text used.
00A7F978	shared_repeats	"Marina: ""They say a famous foreign artist painted it, and that it's very valuable."""	Exact Japanese match to our independent translation in translations/story-completion.json, completion.00a7dbf0. No external patch text used.
00A7F9D8	shared_repeats	"Marina: ""Your family portrait in the living room is lovely, isn't it?"""	Exact Japanese match to our independent translation in translations/story-completion.json, completion.00a7dc50. No external patch text used.
00A7FA20	shared_repeats	"Marina: ""It should arrive by the time you return. How exciting!"""	Exact Japanese match to our independent translation in translations/story-completion.json, completion.00a7dc98. No external patch text used.
00A7FA70	shared_repeats	"Marina: ""They're choosing something to commemorate your family, Mr. Torneko."""	Exact Japanese match to our independent translation in translations/story-completion.json, completion.00a7dce8. No external patch text used.
00A7FAB4	shared_repeats	"Marina: ""Your shop is so popular that even the castle is sending a gift to congratulate you!"""	Exact Japanese match to our independent translation in translations/story-completion.json, completion.00a7dd2c. No external patch text used.
00A7FB18	shared_repeats	"Marina: ""Shall we celebrate with some new furnishings?"""	Exact Japanese match to our independent translation in translations/story-completion.json, completion.00a7dd90. No external patch text used.
00A7FB50	shared_repeats	"Marina: ""Your shop is doing better and better, Mr. Torneko. I'm so pleased."""	Exact Japanese match to our independent translation in translations/story-completion.json, completion.00a7ddc8. No external patch text used.
00A7FBA0	shared_repeats	"Marina: ""If you and Tipper bring in stock and the shop prospers even more..."""	Exact Japanese match to our independent translation in translations/story-completion.json, completion.00a7de18. No external patch text used.
00A7FC04	shared_repeats	"Marina: ""New furniture makes a home feel so cheerful, doesn't it?"""	Exact Japanese match to our independent translation in translations/story-completion.json, completion.00a7de7c. No external patch text used.
00A7FC50	shared_repeats	"Marina: ""I'll have it ordered by the time you return."""	Exact Japanese match to our independent translation in translations/story-completion.json, completion.00a7dec8. No external patch text used.
00A7FC9C	shared_repeats	"Marina: ""Perhaps it's time for some new furnishings."""	Exact Japanese match to our independent translation in translations/story-completion.json, completion.00a7df14. No external patch text used.
00A7FCE4	shared_repeats	"Marina: ""Your shop has more goods and is doing well, Mr. Torneko."""	Exact Japanese match to our independent translation in translations/story-completion.json, completion.00a7df5c. No external patch text used.
00A7FD24	shared_repeats	"Marina: ""...we can add even lovelier furniture and decorations. How exciting!"""	Exact Japanese match to our independent translation in translations/story-completion.json, completion.00a7df9c. No external patch text used.
00A7FD70	shared_repeats	"Marina: ""If you and Tipper keep bringing in goods and the shop prospers, I'm sure..."""	Exact Japanese match to our independent translation in translations/story-completion.json, completion.00a7dfe8. No external patch text used.
00A7FDD8	shared_repeats	"Marina: ""But there's still so little furniture. It feels rather empty."""	Exact Japanese match to our independent translation in translations/story-completion.json, completion.00a7e050. No external patch text used.
00A7FE28	shared_repeats	"Marina: ""Your wife always keeps everything so tidy that I hardly have any work to do."""	Exact Japanese match to our independent translation in translations/story-completion.json, completion.00a7e0a0. No external patch text used.
00A8003C	shared_repeats	He thought his face really did resemble his mother Tessie's more than his father Torneko's...	Exact Japanese match to our independent translation in translations/story-completion.json, completion.00a7e2b4. No external patch text used.
00A8008C	shared_repeats	He felt he looked a little more grown-up.	Exact Japanese match to our independent translation in translations/story-completion.json, completion.00a7e304. No external patch text used.
00A800BC	shared_repeats	He seemed to have lost a little weight on the long journey.	Exact Japanese match to our independent translation in translations/story-completion.json, completion.00a7e334. No external patch text used.
00A800F0	shared_repeats	There seemed to be a few more wrinkles...	Exact Japanese match to our independent translation in translations/story-completion.json, completion.00a7e368. No external patch text used.
00A80120	shared_repeats	A small smudge caught his eye, so he wiped it away with his sleeve.	Exact Japanese match to our independent translation in translations/story-completion.json, completion.00a7e398. No external patch text used.
00A8015C	shared_repeats	The long journey seemed to have left him quite suntanned...	Exact Japanese match to our independent translation in translations/story-completion.json, completion.00a7e3d4. No external patch text used.
00A8018C	shared_repeats	Tessie's cosmetics are neatly arranged in front of the mirror.	Exact Japanese match to our independent translation in translations/story-completion.json, completion.00a7e404. No external patch text used.
00A801C8	shared_repeats	On closer inspection, he decided he didn't look half bad.	Exact Japanese match to our independent translation in translations/story-completion.json, completion.00a7e440. No external patch text used.
00A801F8	shared_repeats	He seemed to look paler than usual...	Exact Japanese match to our independent translation in translations/story-completion.json, completion.00a7e470. No external patch text used.
00A80220	shared_repeats	The spotless room is reflected in the mirror.	Exact Japanese match to our independent translation in translations/story-completion.json, completion.00a7e498. No external patch text used.
00A8024C	shared_repeats	$t looked in the mirror.	Exact Japanese match to our independent translation in translations/story-completion.json, completion.00a7e4c4. No external patch text used.
00A80C80	shared_repeats	"Tessie: ""Now you'll be able to help your father, too."""	Exact Japanese match to our independent translation in translations/story-completion.json, completion.00a7d170. No external patch text used.
00A80CC0	shared_repeats	"Tessie: ""Tipper, I'm amazed you traveled all this way on your own, but..."""	Exact Japanese match to our independent translation in translations/story-completion.json, completion.00a7d1b0. No external patch text used.
00A80D1C	shared_repeats	"Tessie: ""He must be wondering if there's anything he can do to save this kingdom."""	Exact Japanese match to our independent translation in translations/story-completion.json, completion.00a7d20c. No external patch text used.
00A80D78	shared_repeats	"Tessie: ""Cough, cough! Oh, that's right. Your father has gone to the castle to see the king."""	Exact Japanese match to our independent translation in translations/story-completion.json, completion.00a7d268. No external patch text used.
00A80DD4	shared_repeats	"Tessie: ""But I'm so glad... Just to see you safe and well, Tipper..."""	Exact Japanese match to our independent translation in translations/story-completion.json, completion.00a7d2c4. No external patch text used.
00A80E20	shared_repeats	"Tessie: ""I was terribly worried about you, too!"""	Exact Japanese match to our independent translation in translations/story-completion.json, completion.00a7d310. No external patch text used.
00A80E54	shared_repeats	"Tessie: ""Soon after we came here and opened the shop, that evil mist swept over the kingdom..."""	Exact Japanese match to our independent translation in translations/story-completion.json, completion.00a7d344. No external patch text used.
00A80EAC	shared_repeats	"Tessie: ""Oh, thank goodness... You're safe!"""	Exact Japanese match to our independent translation in translations/story-completion.json, completion.00a7d39c. No external patch text used.
00A80ED8	shared_repeats	"Tessie: ""Oh! Tipper! It really is you!"""	Exact Japanese match to our independent translation in translations/story-completion.json, completion.00a7d3c8. No external patch text used.
00A81024	shared_repeats	"Tessie: ""Cough, cough! You believe it too, don't you, Tipper? That you can save your father."""	Exact Japanese match to our independent translation in translations/story-completion.json, completion.00a7d514. No external patch text used.
00A81084	shared_repeats	"Tessie: ""I believe in you, Tipper. Your father must be waiting for you, too."""	Exact Japanese match to our independent translation in translations/story-completion.json, completion.00a7d574. No external patch text used.
00A810DC	shared_repeats	"Tessie: ""But... But you believe it too, don't you, Tipper? That you can save your father."""	Exact Japanese match to our independent translation in translations/story-completion.json, completion.00a7d5cc. No external patch text used.
00A8113C	shared_repeats	"Tessie: ""What? Your father?! Oh, how terrible...!"""	Exact Japanese match to our independent translation in translations/story-completion.json, completion.00a7d62c. No external patch text used.
00A81174	shared_repeats	"Tessie: ""Oh, Tipper, what's wrong? You look so sad..."""	Exact Japanese match to our independent translation in translations/story-completion.json, completion.00a7d664. No external patch text used.
00A811B8	shared_repeats	"Tessie: ""Good morning, darling. I know you must go, so I won't stop you... But please be careful."""	Exact Japanese match to our independent translation in translations/story-completion.json, completion.00a7d6a8. No external patch text used.
00A81220	shared_repeats	"Tessie: ""Well then, good night..."""	Exact Japanese match to our independent translation in translations/story-completion.json, completion.00a7d710. No external patch text used.
00A81244	shared_repeats	"Tessie: ""Really? Tell me when you'd like to rest. Cough, cough!"""	Exact Japanese match to our independent translation in translations/story-completion.json, completion.00a7d734. No external patch text used.
00A81288	shared_repeats	"Tessie: ""You must be tired yourself. Will you rest here today?"""	Exact Japanese match to our independent translation in translations/story-completion.json, completion.00a7d778. No external patch text used.
00A812C8	shared_repeats	"Tessie: ""Welcome home, darling. Cough, cough! Don't worry about me."""	Exact Japanese match to our independent translation in translations/story-completion.json, completion.00a7d7b8. No external patch text used.
00A815CC	shared_repeats	"Marina: ""We have all the furniture we need. Now for the daily cleaning... I must do my best!"""	Exact Japanese match to our independent translation in translations/story-completion.json, completion.00a7dabc. No external patch text used.
00A8162C	shared_repeats	"Marina: ""Somehow, I feel very happy, too."""	Exact Japanese match to our independent translation in translations/story-completion.json, completion.00a7db1c. No external patch text used.
00A81664	shared_repeats	"Marina: ""Somehow, I feel very happy, too. Hee hee."""	Exact Japanese match to our independent translation in translations/story-completion.json, completion.00a7db54. No external patch text used.
00A816A4	shared_repeats	"Marina: ""I hear it's enchanted to make anyone who looks at it feel happy."""	Exact Japanese match to our independent translation in translations/story-completion.json, completion.00a7db94. No external patch text used.
00A81700	shared_repeats	"Marina: ""They say a famous foreign artist painted it, and that it's very valuable."""	Exact Japanese match to our independent translation in translations/story-completion.json, completion.00a7dbf0. No external patch text used.
00A81760	shared_repeats	"Marina: ""Your family portrait in the living room is lovely, isn't it?"""	Exact Japanese match to our independent translation in translations/story-completion.json, completion.00a7dc50. No external patch text used.
00A817A8	shared_repeats	"Marina: ""It should arrive by the time you return. How exciting!"""	Exact Japanese match to our independent translation in translations/story-completion.json, completion.00a7dc98. No external patch text used.
00A817F8	shared_repeats	"Marina: ""They're choosing something to commemorate your family, Mr. Torneko."""	Exact Japanese match to our independent translation in translations/story-completion.json, completion.00a7dce8. No external patch text used.
00A8183C	shared_repeats	"Marina: ""Your shop is so popular that even the castle is sending a gift to congratulate you!"""	Exact Japanese match to our independent translation in translations/story-completion.json, completion.00a7dd2c. No external patch text used.
00A818A0	shared_repeats	"Marina: ""Shall we celebrate with some new furnishings?"""	Exact Japanese match to our independent translation in translations/story-completion.json, completion.00a7dd90. No external patch text used.
00A818D8	shared_repeats	"Marina: ""Your shop is doing better and better, Mr. Torneko. I'm so pleased."""	Exact Japanese match to our independent translation in translations/story-completion.json, completion.00a7ddc8. No external patch text used.
00A81928	shared_repeats	"Marina: ""If you and Tipper bring in stock and the shop prospers even more..."""	Exact Japanese match to our independent translation in translations/story-completion.json, completion.00a7de18. No external patch text used.
00A8198C	shared_repeats	"Marina: ""New furniture makes a home feel so cheerful, doesn't it?"""	Exact Japanese match to our independent translation in translations/story-completion.json, completion.00a7de7c. No external patch text used.
00A819D8	shared_repeats	"Marina: ""I'll have it ordered by the time you return."""	Exact Japanese match to our independent translation in translations/story-completion.json, completion.00a7dec8. No external patch text used.
00A81A24	shared_repeats	"Marina: ""Perhaps it's time for some new furnishings."""	Exact Japanese match to our independent translation in translations/story-completion.json, completion.00a7df14. No external patch text used.
00A81A6C	shared_repeats	"Marina: ""Your shop has more goods and is doing well, Mr. Torneko."""	Exact Japanese match to our independent translation in translations/story-completion.json, completion.00a7df5c. No external patch text used.
00A81AAC	shared_repeats	"Marina: ""...we can add even lovelier furniture and decorations. How exciting!"""	Exact Japanese match to our independent translation in translations/story-completion.json, completion.00a7df9c. No external patch text used.
00A81AF8	shared_repeats	"Marina: ""If you and Tipper keep bringing in goods and the shop prospers, I'm sure..."""	Exact Japanese match to our independent translation in translations/story-completion.json, completion.00a7dfe8. No external patch text used.
00A81B60	shared_repeats	"Marina: ""But there's still so little furniture. It feels rather empty."""	Exact Japanese match to our independent translation in translations/story-completion.json, completion.00a7e050. No external patch text used.
00A81BB0	shared_repeats	"Marina: ""Your wife always keeps everything so tidy that I hardly have any work to do."""	Exact Japanese match to our independent translation in translations/story-completion.json, completion.00a7e0a0. No external patch text used.
00A81DC4	shared_repeats	He thought his face really did resemble his mother Tessie's more than his father Torneko's...	Exact Japanese match to our independent translation in translations/story-completion.json, completion.00a7e2b4. No external patch text used.
00A81E14	shared_repeats	He felt he looked a little more grown-up.	Exact Japanese match to our independent translation in translations/story-completion.json, completion.00a7e304. No external patch text used.
00A81E44	shared_repeats	He seemed to have lost a little weight on the long journey.	Exact Japanese match to our independent translation in translations/story-completion.json, completion.00a7e334. No external patch text used.
00A81E78	shared_repeats	There seemed to be a few more wrinkles...	Exact Japanese match to our independent translation in translations/story-completion.json, completion.00a7e368. No external patch text used.
00A81EA8	shared_repeats	A small smudge caught his eye, so he wiped it away with his sleeve.	Exact Japanese match to our independent translation in translations/story-completion.json, completion.00a7e398. No external patch text used.
00A81EE4	shared_repeats	The long journey seemed to have left him quite suntanned...	Exact Japanese match to our independent translation in translations/story-completion.json, completion.00a7e3d4. No external patch text used.
00A81F14	shared_repeats	Tessie's cosmetics are neatly arranged in front of the mirror.	Exact Japanese match to our independent translation in translations/story-completion.json, completion.00a7e404. No external patch text used.
00A81F50	shared_repeats	On closer inspection, he decided he didn't look half bad.	Exact Japanese match to our independent translation in translations/story-completion.json, completion.00a7e440. No external patch text used.
00A81F80	shared_repeats	He seemed to look paler than usual...	Exact Japanese match to our independent translation in translations/story-completion.json, completion.00a7e470. No external patch text used.
00A81FA8	shared_repeats	The spotless room is reflected in the mirror.	Exact Japanese match to our independent translation in translations/story-completion.json, completion.00a7e498. No external patch text used.
00A81FD4	shared_repeats	$t looked in the mirror.	Exact Japanese match to our independent translation in translations/story-completion.json, completion.00a7e4c4. No external patch text used.
00A83528	shared_repeats	"Marina: ""I've kept the room ready so Master Tipper could arrive at any time."""	Exact Japanese match to our independent translation in translations/story-completion.json, completion.00a828a8. No external patch text used.
00A83588	shared_repeats	"Marina: ""Oh! Master Tipper, is that you?! I'm so glad you're safe..."""	Exact Japanese match to our independent translation in translations/story-completion.json, completion.00a82908. No external patch text used.
00A83620	shared_repeats	$t decided to rest in his own bed.	Exact Japanese match to our independent translation in translations/story-completion.json, completion.00a829a0. No external patch text used.
00A83648	shared_repeats	It's Tipper's bed.\nRest here?	Exact Japanese match to our independent translation in translations/story-completion.json, completion.00a829c8. No external patch text used.
00A8369C	shared_repeats	"Marina: ""I'm proud to serve you and Tipper, Mr. Torneko."""	Exact Japanese match to our independent translation in translations/story-completion.json, completion.00a82a1c. No external patch text used.
00A8376C	shared_repeats	It's Tipper's bed.\nIt seems a little too small for $t to rest in...	Exact Japanese match to our independent translation in translations/story-completion.json, completion.00a82aec. No external patch text used.
00A8383C	shared_repeats	The beautiful new frame gives it the air of a masterpiece...	Exact Japanese match to our independent translation in translations/story-completion.json, completion.00a82bbc. No external patch text used.
00A83898	shared_repeats	Apparently, Tessie had an artist she knew paint this picture some time ago.	Exact Japanese match to our independent translation in translations/story-completion.json, completion.00a82c18. No external patch text used.
00A841A8	shared_repeats	"Marina: ""I've kept the room ready so Master Tipper could arrive at any time."""	Exact Japanese match to our independent translation in translations/story-completion.json, completion.00a828a8. No external patch text used.
00A84208	shared_repeats	"Marina: ""Oh! Master Tipper, is that you?! I'm so glad you're safe..."""	Exact Japanese match to our independent translation in translations/story-completion.json, completion.00a82908. No external patch text used.
00A842A0	shared_repeats	$t decided to rest in his own bed.	Exact Japanese match to our independent translation in translations/story-completion.json, completion.00a829a0. No external patch text used.
00A842C8	shared_repeats	It's Tipper's bed.\nRest here?	Exact Japanese match to our independent translation in translations/story-completion.json, completion.00a829c8. No external patch text used.
00A8431C	shared_repeats	"Marina: ""I'm proud to serve you and Tipper, Mr. Torneko."""	Exact Japanese match to our independent translation in translations/story-completion.json, completion.00a82a1c. No external patch text used.
00A843EC	shared_repeats	It's Tipper's bed.\nIt seems a little too small for $t to rest in...	Exact Japanese match to our independent translation in translations/story-completion.json, completion.00a82aec. No external patch text used.
00A844BC	shared_repeats	The beautiful new frame gives it the air of a masterpiece...	Exact Japanese match to our independent translation in translations/story-completion.json, completion.00a82bbc. No external patch text used.
00A84518	shared_repeats	Apparently, Tessie had an artist she knew paint this picture some time ago.	Exact Japanese match to our independent translation in translations/story-completion.json, completion.00a82c18. No external patch text used.
00AB0BC0	fortune_teller	But the sign is very old, and the writing has almost faded away.	
00AB0BF8	fortune_teller	'Fortunes told here'	
00AB0D58	fortune_teller	The fortune-teller cast Zoom!	
00AB0D7C	fortune_teller	"Fortune-teller: ""I'm too old to walk to the castle. I'll borrow your memories of the journey."""	
00AB91E8	fortune_teller	'Human food is pretty tasty too, koro.'	Diary retains Koroppi's speech tic as an explicit project voice choice.
00AB9220	fortune_teller	'Date: ??/??. Sunny.\nToday, Granny gave me warm cinnamon fried bread.'	Food in a diary, not a newly named inventory item; unknown day/month preserved.
00AB927C	fortune_teller	$t put the diary back between the books.	
00AB92A0	fortune_teller	A notebook that looks like a diary is tucked between thick books...\nRead it?	
00AB930C	fortune_teller	The shelves are packed with difficult-looking books.	
00AB94C4	fortune_teller	He doesn't seem to want to talk...	Koroppi's silent response; not an assertion about his species.
00AB96FC	fortune_teller	"Rosa: ""Come on, let's go upstairs and rest. I'm worn out!"""	
00AB9740	fortune_teller	"Rosa: ""Well, she'll make the queen's medicine, at least. Your son might be all right, too."""	
00AB97A0	fortune_teller	"Rosa: ""...What a suspicious old woman. Saying there's something odd about our village..."""	
00AB97FC	fortune_teller	"Ines: ""Come on, let's go upstairs and get some rest."""	
00AB9834	fortune_teller	"Ines: ""At least the queen's medicine is settled. Let's pray that Tipper can be helped, too."""	
00AB989C	fortune_teller	"Ines: ""I don't know much about our village's past myself... My memories are hazy, too."""	
00AB98F4	fortune_teller	"Ines: ""Is something wrong with our village? The old woman seemed to know something..."""	
00AB9954	fortune_teller	"Fortune-teller: ""Well, we'll be busy now. Koroppi, come and help me."""	
00AB9990	fortune_teller	"Fortune-teller: ""Torneko, rest in the bed upstairs. We'll leave early tomorrow."""	
00AB99F0	fortune_teller	"Fortune-teller: ""Tonight, I must mix the queen's medicine and prepare something for your son, too."""	
00AB9A5C	fortune_teller	"Fortune-teller: ""Don't worry. This Torneko fellow looks handy in a fight."""	
00AB9AB8	fortune_teller	"Fortune-teller: ""Hmm? What's this? Are you worried about me?"""	
00AB9AF0	fortune_teller	"Fortune-teller: ""It seems I'll have to go and see your son myself."""	
00AB9B34	fortune_teller	"Fortune-teller: ""This isn't good... Medicine alone won't be enough to help him."""	
00AB9B90	fortune_teller	"Fortune-teller: ""...... Hmm..."""	
00AB9BB8	fortune_teller	"Fortune-teller: ""Bah, no use puzzling over it! Let's ask my crystal."""	
00AB9C08	fortune_teller	"Fortune-teller: ""If I remember, that village... A long time ago..."""	Do not disclose the later village reveal here.
00AB9C3C	fortune_teller	"Fortune-teller: ""And you said you came from Barinabo Village. How strange..."""	
00AB9C98	fortune_teller	"Fortune-teller: ""Your son is the more difficult matter."""	
00AB9CDC	fortune_teller	"Fortune-teller: ""Don't worry about the queen. One night is all I need to mix a good medicine."""	
00AB9D3C	fortune_teller	"Fortune-teller: ""Hmm... I see. So that's what's been happening at Great Baleina Castle."""	
00ABA148	fortune_teller	"Fortune-teller: ""It may take a few days, but don't worry. Wait here in the house."""	
00ABA1A8	fortune_teller	"Fortune-teller: ""Yes, yes, I know. We'll be off, then."""	
00ABA1EC	fortune_teller	"Fortune-teller: ""I've made just the thing for the queen. We'll take care of that first."""	
00ABA25C	fortune_teller	"Fortune-teller: ""It seems I'll still have to see your son in person, but..."""	
00ABA2B8	fortune_teller	"Fortune-teller: ""Well then, let's be on our way."""	
00ABA2EC	fortune_teller	"Fortune-teller: ""Oh, you're awake. You seem to have slept well."""	
00ABA718	fortune_teller	"Koroppi: ""But I can't remember the spell to open it. I think I told the old man on Jungle Isle, koro..."""	The actual password hint at 00ABAAD4 is held for the linked input/comparison investigation.
00ABA77C	fortune_teller	"Koroppi: ""There's an entrance there that leads back to my homeland, koro."""	
00ABA7C4	fortune_teller	"Koroppi: ""Yeah, I remember now. The roots of the great big tree to the northwest."""	
00ABA814	fortune_teller	"Fortune-teller: ""...Come to think of it, hadn't you remembered a little of your past?"""	
00ABA86C	fortune_teller	"Fortune-teller: ""Quiet, Koroppi. I'm watching the Sea Dragon Lighthouse in this crystal."""	
00ABA8CC	fortune_teller	"Koroppi: ""Granny's better! I'm so happy, koro!"""	
00ABA980	fortune_teller	"Fortune-teller: ""Oh, welcome, $t. There isn't much here, but make yourself at home."""	
00ABAA80	fortune_teller	"Koroppi: ""But I'm not going back. Granny is my family now."""	
00ABAB24	fortune_teller	"Koroppi: ""Oh, the old man on Jungle Isle taught you the spell, koro..."""	
00ABAB70	fortune_teller	"Koroppi: ""But I can't remember the spell to open it. I think I told the old man on Jungle Isle, koro..."""	
00ABABD8	fortune_teller	"Koroppi: ""There's an entrance there that leads back to my homeland, koro."""	
00ABAC20	fortune_teller	"Koroppi: ""I remember now. The roots of the great big tree to the northwest."""	
00ABFB9C	fortune_teller	Old dishes are carefully arranged.	
00ABFBC8	fortune_teller	$t examined the cupboard in front of him.	
00ABFCE0	fortune_teller	Freshly baked bread was here a moment ago. Its lovely smell lingers.	
00ABFD20	fortune_teller	But $t's bag was full...	
00ABFD50	fortune_teller	$t merely sniffed the bread and put it back.	
00ABFD88	fortune_teller	The freshly baked bread smells delicious...\nSneak a piece?	
00AC000C	fortune_teller_crisis	"Fortune-teller: ""There's nothing more I can do to help. Go with care. Cough, cough!"""	
00AC0068	fortune_teller_crisis	"Fortune-teller: ""Hell Justice, deep in the Evil wind cave, is a dark lord who claims to be the true savior."""	Keep his claimed title distinct from the unnamed Demon King.
00AC00D8	fortune_teller_crisis	"Fortune-teller: ""...Cough, cough! Listen, Torneko. You must never let your guard down."""	
00AC012C	fortune_teller_crisis	"Fortune-teller: ""The cave that breeds the darkness should be there. This crystal should let you enter."""	
00AC0194	fortune_teller_crisis	"Fortune-teller: ""Far to the west of here is a place where the evil darkness is especially deep."""	
00AC01EC	fortune_teller_crisis	Torneko received the Prayer crystal!	
00AC0214	fortune_teller_crisis	The fortune-teller took out a crystal glowing blue.	
00AC0248	fortune_teller_crisis	"Fortune-teller: ""I thought you'd be coming soon. Here, take this with you."""	
00AC029C	fortune_teller_crisis	"Fortune-teller: ""...Oh, it's you... Cough, cough!"""	
00AC041C	fortune_teller_crisis	"Tipper: ""I'll be all right! I'll protect her, I promise. Be careful, Dad!"""	
00AC0474	fortune_teller_crisis	"Tipper: ""Dad! Leave this to me. Hurry to the cave far to the west!"""	
00AC04C4	fortune_teller_crisis	"Tipper: ""What are you doing to her?! Take that!"""	
00AC04FC	fortune_teller_crisis	"Fortune-teller: ""Urgh! Y-you're...?!"""	
00AC09A4	fortune_teller_crisis	"Tipper: ""I promised the queen I'd protect her, didn't I?"""	
00AC09E8	fortune_teller_crisis	"Tipper: ""We don't know when the monsters might come back, so I'll stay here."""	
00AC0A3C	fortune_teller_crisis	"Tipper: ""I managed to beat them, so we're all right."""	
00AC0A6C	fortune_teller_crisis	"Tipper: ""Oh, Dad! Did you come back because you were worried?"""	
00AC0AF8	fortune_teller_crisis	"Fortune-teller: ""I've got a bad feeling... Perhaps you'd better leave Tipper here."""	
00AC0B64	fortune_teller_crisis	"Fortune-teller: ""I'm sorry, Torneko. I worry about sending you alone, but..."""	
00AC0CEC	fortune_teller_crisis	"Fortune-teller: ""Go on, hurry! But never let your guard down!"""	
00AC0D38	fortune_teller_crisis	"Fortune-teller: ""Don't worry about me."""	
00AC0D68	fortune_teller_crisis	"Fortune-teller: ""Train along the mountain ridge before you go."""	
00AC0DAC	fortune_teller_crisis	"Fortune-teller: ""But as you are now, you wouldn't stand a chance in the Evil wind cave."""	
00AC0E08	fortune_teller_crisis	"Fortune-teller: ""Hmm. Very well. I won't stop you. Go to Torneko."""	
00AC0E5C	fortune_teller_crisis	"Fortune-teller: ""...I see. You had the same dream I did? It can't have been just a dream..."""	
00AC0EC4	fortune_teller_crisis	"Fortune-teller: ""What's wrong, Tipper? You suddenly started moaning in your sleep..."""	
00AC0F6C	fortune_teller_crisis	"Fortune-teller: ""Never let him find a weakness in your heart."""	
00AC0FA8	fortune_teller_crisis	"Fortune-teller: ""Yes, that's it! They say he uses strange arts to control people's minds."""	Mind-control warning; not an invented named spell or imported battle mechanic.
00AC1010	fortune_teller_crisis	"Fortune-teller: ""By the way, if my memory serves... That fellow Hell Justice..."""	
00AC4C74	fortune_teller	An old book lies on the floor.	
00AC4D78	fortune_teller	"Fortune-teller: ""Heave-ho... Right, let's go upstairs and hear your story."""	
00AC4DD8	fortune_teller	"Fortune-teller: ""I wonder if there's anything an old woman like me can do to help."""	
00AC4E30	fortune_teller	"???: ""I'm just an old fortune-teller, retired here in the mountains."""	
00AC4E74	fortune_teller	"???: ""No need to tell me. I understand well enough."""	
00AC4EAC	fortune_teller	"???: ""You look human. How did you get all the way here? It must have been quite a journey."""	
00AC4F0C	fortune_teller	"???: ""Hmm? Who are you, barging into my house?"""	
00AC5030	fortune_teller	"Fortune-teller: ""This is just the medicine to make the queen young again. Ho ho ho!"""	
00AC507C	fortune_teller	"Fortune-teller: ""Don't interrupt. This is the important part."""	
00AC50F4	fortune_teller	He seems to want to speak only to the fortune-teller...	
00AC5128	fortune_teller	"Koroppi: ""...... ......"""	
00AC5170	fortune_teller_crisis	"Koroppi: ""Granny's sick... I want to help her, but my medicine doesn't work at all, koro."""	
00AD0BE4	madame_gracos	"???: ""Welcome. This is Madame Gracos's bazaar."""	
00AD0C58	madame_gracos	"???: ""What a mess! I kept losing bets, and before I knew it, I was working here..."""	
00AD0D08	madame_gracos	"???: ""Then at least say hello to Madame Gracos before you leave."""	
00AD0D58	madame_gracos	"???: ""What's this? Are you a human?"""	
00AD0DF8	madame_gracos	"???: ""If you've obtained that, you must be no ordinary human!"""	
00AD0E38	madame_gracos	"???: ""What?! Could that be a Godspark staff?!"""	Use the existing provisional project item identity.
00AD0E70	madame_gracos	"???: ""I hear only someone who obtains fire, ice, sand and wind can create that staff."""	Preserve all four elements; no inferred recipe quantities or other-game mechanics.
00AD0ECC	madame_gracos	"???: ""Apparently, there's a way to get one."""	
00AD0F00	madame_gracos	"???: ""The Godspark staff, once called the mightiest staff of all."""	
00AD0F38	madame_gracos	"???: ""Heh heh heh. I'll tell you something good."""	
00AD0F84	madame_gracos	"???: ""What is this place? It's full of monsters!"""	
00AD1084	madame_gracos	"???: ""She even pays proper wages to the monsters who work here."""	
00AD10D4	madame_gracos	"???: ""Madame Gracos is a fine merchant with a very warm heart."""	
00AD11CC	madame_gracos	"???: ""That is Madame Gracos. Mind your manners."""	
00AD1230	madame_gracos	"???: ""A mere human mustn't disturb Madame."""	
00AD1268	madame_gracos	"???: ""Madame Gracos has something on her mind."""	
00AD1338	madame_gracos	"Madame: ""Well, if you ever visit that village, do be a dear and help the elder."""	Refined, affected manner adapts ザマス without adding an unrelated accent.
00AD13A0	madame_gracos	"Madame: ""At the very end of the world, of course, darling."""	
00AD13E0	madame_gracos	"Madame: ""Hmm? Where is Conklave Village?"""	
00AD1410	madame_gracos	"Madame: ""It's surely beyond you, but if you do prove useful, I'll sell you something lovely."""	
00AD1478	madame_gracos	"Madame: ""His village is in terrible trouble. I'd like to help, but it's proving rather difficult."""	
00AD14DC	madame_gracos	"Madame: ""I believe he was the elder of the Conklave..."""	
00AD151C	madame_gracos	"Madame: ""He was ever so tiny, but such a manly man."""	
00AD1568	madame_gracos	"Madame: ""An old acquaintance is giving me quite a headache just now."""	
00AD15AC	madame_gracos	"Madame: ""Dear me. I thought I smelled a human. Has another penniless traveler wandered in?"""	
00AD162C	madame_gracos	"???: ""Now she won't take it out on us anymore. What a relief."""	
00AD1670	madame_gracos	"???: ""Madame Gracos's worries finally seem to be over."""	
00AD17D8	madame_gracos	"Madame: ""But I'm a warmhearted woman. I'll let you take your time enjoying the bazaar."""	
00AD183C	madame_gracos	"Madame: ""Sell or discard something, then come back, darling."""	
00AD187C	madame_gracos	"Madame: ""...Oh, but your bag seems to be full."""	
00AD18BC	madame_gracos	"Madame: ""Here, take it away with you!"""	
00AD18E8	madame_gracos	"Madame: ""The price? Oh, about 150,000 gold, I'd say. But for you, it's free, darling."""	Preserve quoted valuation and actual free reward; not a purchase-price patch.
00AD1960	madame_gracos	"Madame: ""It's called Claw andrea. A truly lovely piece."""	Retain the full existing provisional project item name.
00AD199C	madame_gracos	"Madame: ""Despite appearances, I'm a warmhearted woman. I'll sell you something very special."""	
00AD19FC	madame_gracos	"Madame: ""...Or so I'd normally say. But it seems you did a great deal for my old friends, the Conklave."""	
00ADF4B0	conklave_village	Enter the Teleportal?	
00ADF7E8	conklave_village	"???: ""Is there anything I can do for you?"""	
00ADF81C	conklave_village	"???: ""Ah, $t! Welcome back!"""	
00ADF900	conklave_village	"???: ""Monster or human, all are equal before our god."""	
00ADF978	conklave_village	"???: ""Ah, a human! That's odd. Only we should know about this village."""	
00ADFA2C	conklave_village	"???: ""Our friends came back from the Sealed cavern! Amazing! Some humans are quite something."""	
00ADFA90	conklave_village	"???: ""This is Conklave Village, in another world."""	
00ADFB60	conklave_village	"Joe: ""Now the item shop owner is free of the seal, he's back to his old self."""	
00ADFBCC	conklave_village	"???: ""That's why she's so good at handling items."""	
00ADFC04	conklave_village	"???: ""The lady in this house is my dad's big sister. He's the one who runs the shop."""	
00ADFCBC	conklave_village	"???: ""You can reach all sorts of dungeons from here. But only if you're chosen."""	
00ADFDBC	conklave_village	"???: ""Hell Justice killed his parents... It's good that he's found a family now."""	Preserve the loss and new family; no new species identity inferred.
00ADFE24	conklave_village	"???: ""I hear Koroppi's living with a human?"""	
00ADFE9C	conklave_village	"???: ""This village smells rather human lately."""	
00AE915C	conklave_village	It's covered in writing, but none of it makes sense...	
00AE91A0	conklave_village	$t looked at the notice on the wall.	
00AE926C	conklave_village	"???: ""Good morning. Please come back any time."""	
00AE92CC	conklave_village	"???: ""Oh, what a shame. Please come back any time."""	
00AE9318	conklave_village	"???: ""Would you like to rest here?"""	
00AE934C	conklave_village	"???: ""Oh, welcome. Thanks to you, we can live in our village again."""	
00AF3168	conklave_village	"???: ""In any age, those who stay true to themselves must suffer for it. A harsh world indeed."""	
00AF31F8	conklave_village	"???: ""I'm not beaten yet, I tell you."""	
00AF3224	conklave_village	"???: ""Talos has become quite cheeky while he's been away."""	
00AF3308	conklave_village	"Talos: ""I'm shocked at how weak Dad's become. He used to be the toughest in the village."""	
00AF3370	conklave_village	"Talos: ""How many years was I trapped in the Sealed cavern?"""	
00AFCEA8	conklave_elder	"Elder: ""That is why those who complete the adventure are granted the highest glory."""	
00AFCEF8	conklave_elder	"Elder: ""Most items you find there will be unidentified. You will face great hardships."""	
00AFCF60	conklave_elder	"Elder: ""Hmm... The Otherworld labyrinth. Only highly skilled adventurers may enter it."""	
00AFCFC8	conklave_elder	"Elder: ""It is a formidable dungeon, but treasure is said to lie in its deepest reaches."""	
00AFD01C	conklave_elder	"Elder: ""Until you identify them, give them helpful names of your own. Use your ingenuity."""	
00AFD070	conklave_elder	"Elder: ""Some items found there cannot be identified until you use them or bring them to the surface."""	Preserve both identification routes stated by the Japanese.
00AFD0D0	conklave_elder	"Elder: ""Travelers call the Sealed cavern a Mystery Dungeon."""	Series concept rendered as Mystery Dungeon, distinct from the actual dungeon label.
00AFD120	conklave_choices	Back	Return from dungeon information to the preceding menu.
00AFD128	conklave_elder	"Elder: ""Which dungeon would you like to hear about?"""	
00AFD19C	conklave_elder	"Elder: ""Take care, then."""	
00AFD1FC	conklave_elder	$t decided not to enter.	
00AFD218	conklave_elder	"Elder: ""Speak to me again when you wish to go."""	
00AFD254	conklave_choices	Cancel	Leave the dungeon destination choice.
00AFD25C	conklave_choices	Dungeon information	Native choice, full wording fits font 0.
00AFD274	conklave_choices	Otherworld labyrinth	Existing reviewed full dungeon label.
00AFD284	conklave_choices	Sealed cavern	Existing reviewed full dungeon label.
00AFD294	conklave_elder	"Elder: ""Which dungeon will you visit?"""	
00AFD2BC	conklave_elder	"Elder: ""Ah, $t. Are you ready to set out for the caves?"""	
00AFD300	conklave_elder	"Elder: ""Once everyone is free, I shall reward your adventurous spirit by opening paths to more caves."""	
00AFD368	conklave_elder	"Elder: ""Please, I beg you! Free our companions from every sealed chamber in the cavern."""	
00AFD3C8	conklave_elder	"Elder: ""Find the chambers holding our companions and break their barriers. They can return on their own."""	
00AFD43C	conklave_elder	"Elder: ""If you grant my request, I shall open the path to that cavern at once."""	
00AFD498	conklave_elder	"Elder: ""Please, will you go to the Sealed cavern and free our companions from their seals?"""	
00AFD4E4	conklave_elder	"Elder: ""Anyone who defeated Hell Justice can surely rescue our companions!"""	
00AFD540	conklave_elder	"Elder: ""Hmm... What a turn of fate. I must ask for your help."""	
00AFD5A4	conklave_elder	"Elder: ""The shock may have cost him his memories and left him wandering."""	
00AFD5EC	conklave_elder	"Elder: ""Koroppi was sealed away, too. Somehow, he must have been thrown into the outside world."""	
00AFD654	conklave_elder	"Elder: ""Apart from a few of us elders, nearly everyone was imprisoned in the Sealed cavern."""	
00AFD6BC	conklave_elder	"Elder: ""But one tiny mistake brought Hell Justice's wrath upon us."""	
00AFD70C	conklave_elder	"Elder: ""Many years ago, we served his faction as representatives of the Conklave."""	
00AFD764	conklave_elder	"Elder: ""And Hell Justice himself has been destroyed? How can this be...?"""	
00AFD7B8	conklave_elder	"Elder: ""What? Koroppi, from our village, is being cared for by a human?"""	
00AFD7FC	conklave_elder	"Elder: ""Who might you be?"""	
00AFD81C	conklave_elder	"???: ""As you can see, I am this village's elder."""	
00AFDA3C	conklave_elder	"Elder: ""Rest a while, then come and see me again. You have my heartfelt thanks."""	
00AFDA9C	conklave_elder	"Elder: ""Ah, you're back! I was right to put my trust in you and your companions, $t."""	
00AFDF64	conklave_elder	"Elder: ""You will face a difficult struggle."""	
00AFDF8C	conklave_elder	"Elder: ""Oh, and defeating monsters in this dungeon earns no experience."""	Preserve dungeon-specific no-experience rule.
00AFDFE4	conklave_elder	"Elder: ""My advice is simple: flee and make for the stairs! That is all."""	
00AFE038	conklave_elder	"Elder: ""The Illusion cavern. It is a rather unusual dungeon."""	
00AFE084	conklave_elder	"Elder: ""Remember to bring food, Evac scrolls and other useful items."""	Existing reviewed Evac scroll, pluralized in prose.
00AFE0D8	conklave_elder	"Elder: ""In any case..."""	
00AFE0F0	conklave_elder	"Elder: ""They say a fearsome monster dwells deep within that dungeon."""	
00AFE138	conklave_elder	"Elder: ""And this is only a rumor, so I cannot say whether it is true, but..."""	
00AFE18C	conklave_elder	"Elder: ""But ordinary items are very scarce there, so you must prepare thoroughly."""	
00AFE1EC	conklave_elder	"Elder: ""Treasure is hidden in many places throughout the Mysterious treasury."""	
00AFE2C0	conklave_choices	Illusion cavern	Existing reviewed full dungeon label.
00AFE2D4	conklave_choices	Mysterious treasury	Existing reviewed full dungeon label.
00AFE2E4	conklave_elder	"Elder: ""Ah, $t. Do you wish to visit more caves?"""	
00AFE320	conklave_elder	"Elder: ""Speak to me when you are ready to set out."""	
00AFE360	conklave_elder	"Elder: ""There. I can now guide you to the dungeons whenever you wish."""	
00AFE3A0	conklave_elder	"Elder: ""Hmmm... Whew. It's been a while since I focused so hard. I'm quite tired."""	
00AFE3E4	conklave_elder	"Elder: ""As promised, I shall now reward your adventurous spirit by opening paths to more dungeons!"""	
00AFE43C	conklave_elder	"Elder: ""At last, all our sealed-away villagers have returned! What a joy!"""	
00B03F44	conklave_village	"???: ""I was trapped alone with the item shop lady the whole time. It was frightening!"""	
00B03FA8	conklave_village	"???: ""I'm happy to be looking after the elder again."""	
00B0D378	conklave_village	"???: ""When my husband was taken, I decided to close. Sorry you came all this way."""	Avoid claiming he died; later sources establish rescue from imprisonment.
00B0D3D0	conklave_village	"???: ""I used to run an item shop here."""	
00B162F0	conklave_village	"Joe: ""Looks like the item shop owner still hasn't been rescued."""	
00B16358	conklave_village	"???: ""Some monsters even defy the Demon King's orders..."""	
00B1639C	conklave_village	"???: ""As you can see, we are monsters. But that doesn't make us evil creatures."""	
00B219AC	castle_town	"???: ""Hello. Welcome to the castle town of Great Baleina."""	
00B21A30	castle_town	"???: ""Looking at beautiful flowers brings peace to the heart, doesn't it?"""	
00B21A70	castle_town	"???: ""Tending the flowers outside the church is an important part of our work as sisters."""	
00B21B10	castle_town	"???: ""The harbor must be bustling with stalls by now."""	
00B21B44	castle_town	"???: ""I hear a ship has returned to Costa Libera, the port to the south."""	
00B21BC0	castle_town	"???: ""No king in any land could love his queen more devotedly."""	
00B21C14	castle_town	"???: ""I served at the castle for many years, but..."""	
00B21C9C	castle_town	"???: ""He makes fun of my dog Mikey. Calls him a coward..."""	
00B21CEC	castle_town	"???: ""I hate that prince!"""	
00B21D38	castle_town	"Mikey: ""Woof, woof! Whine, whine..."""	
00B21D88	castle_town	"???: ""I hear the queen is terribly ill..."""	
00B21DBC	castle_town	"???: ""Oh, going to the castle? You may not know, being a traveler, but they won't let you in."""	
00B21E30	castle_town	"???: ""The poor queen, falling ill. She's such a kind and beautiful lady."""	
00B21EA8	castle_town	"???: ""You'd do well to stay out of it yourself."""	
00B21EE8	castle_town	"???: ""Honestly! Whenever the queen has a problem, the king makes impossible demands of his soldiers."""	
00B21FA0	castle_town	"Douglas: ""You a merchant? Got a shop? If you ever need someone to run it, give me a shout!"""	
00B22010	castle_town	"Douglas: ""But I always meant to run a shop on my own one day. I can't give up that dream..."""	
00B22080	castle_town	"???: ""I'm Douglas. The shop owner fired me, and the lady here took me in."""	
00B220E8	castle_town	"???: ""Here, chick, chick... What? Don't interrupt me while I'm tending the chickens."""	
00B22154	castle_town	"???: ""Cluck, cluck, cluck."""	
00B22190	castle_town	"???: ""Cluck, cluck, cluck!"""	
00B221FC	castle_town	"Miko: ""Meow, meow, meow!"""	
00B22304	castle_town	"???: ""The queen's well again, I hear. Now I can visit my soldier friend once more."""	
00B22380	castle_town	"???: ""Things seem back to normal at the castle. Whew. The king does make a fuss."""	
00B223F0	castle_town	"???: ""You must be Torneko. I hear the king gave you a villa. Lucky you. Very lucky indeed."""	
00B22454	castle_town	"???: ""I served at the castle for many years, but..."""	
00B224E8	castle_town	"???: ""Huh? You found some money? Oh, I see. You're an honest man."""	
00B2253C	castle_town	"???: ""Oh, is that all?"""	
00B2254C	castle_town	"???: ""Hey, was there something down the well?"""	
00B22578	castle_town	"???: ""Mikey only wants to walk around this well. What's got into him?"""	
00B22698	castle_town	"Mikey: ""Woof, woof, woof!"""	
00B2273C	castle_town	"???: ""The scent of flowers makes you feel so good, doesn't it?"""	
00B22848	castle_town	"???: ""Oh, goodness! What am I saying? Ho ho ho!"""	
00B22888	castle_town	"???: ""But never mind. Once he has a proper job, I'm sure he'll..."""	
00B228D4	castle_town	"???: ""You're Torneko, aren't you? This is all because you hired Douglas. Sniff..."""	
00B22938	castle_town	"???: ""Such a fine man... I mean, such a good caretaker. What a shame."""	
00B2297C	castle_town	"???: ""He said he'd look for a shop willing to hire him."""	
00B229BC	castle_town	"???: ""You're Torneko, aren't you? If you're after Douglas, he's left."""	
00B22A04	castle_town	"???: ""Argh! Chicken droppings on my precious shoes..."""	
00B22A38	castle_town	"???: ""Eek! Why should I have to look after chickens?!"""	
00B22AD0	castle_town	"???: ""We're on alert for monsters. You can't enter the castle. Go back to the port town."""	
00B22B24	castle_town	"???: ""Oh, little boy. What are you doing alone at a time like this?"""	
00B22C50	castle_town	"???: ""F-forgive me! Please, come this way!"""	
00B22C8C	castle_town	"???: ""Huh? You've come to see your father, Torneko? Th-then you must be his son, Tipper!"""	
00B22D6C	castle_town	"???: ""Ah, $t! Thank you for your hard work. All is well here!"""	
00B22DC8	castle_town	"???: ""By the time all these flowers wither... Oh! What an ominous thing to say!"""	
00B22E20	castle_town	"???: ""Even the flowers seem weakened by this evil air..."""	
00B22E74	castle_town	"???: ""I worked my hardest at the castle for many years. I have no regrets left."""	
00B22F28	castle_town	"???: ""Cluck, cluck, cluck..."""	
00B22F64	castle_town	"???: ""Cluck... Cluck-cluck..."""	
00B22F94	castle_town	"???: ""I hear noises from the bottom of the well. I hope it's not a monster."""	
00B23000	castle_town	"???: ""You're the heroes of this kingdom! Wonderful!"""	
00B23040	castle_town	"???: ""Peace is best of all! Nothing tastes sweeter than peace."""	
00B230A4	castle_town	"???: ""My daughter-in-law's cooking has been awful lately. I look forward to the castle feast."""	Older former castle servant's ヨメ interpreted as daughter-in-law in household context.
00B23118	castle_town	"???: ""Thank you so very much."""	
00B23140	castle_town	"???: ""Thanks to you, I'm well again. I can get out of bed and come outside now."""	
00B231B4	castle_town	"Miko: ""Meow..."""	
00B231E0	castle_town	"???: ""Lucky you! I wish I could have seen him, too."""	
00B2320C	castle_town	"???: ""Hey, what was Hell Justice like?"""	
00B23258	castle_town	"Mikey: ""Whine, whine!"""	
00B23294	castle_town	"???: ""Torneko, you're a shining example to merchants everywhere! Well done!"""	
00B232FC	castle_town	"???: ""Please, enter the castle."""	
00B23320	castle_town	"???: ""Oh, where are you going? If you've spoken to Tessie and everyone, the celebration should start soon."""	
00B23398	castle_town	"???: ""It's much better than being attacked by that dark mist again."""	
00B233E4	castle_town	"???: ""I wouldn't mind looking after chickens forever now."""	
00B2344C	castle_town	"???: ""Cluck! Cluck-cluck-cluck!"""	
00B23488	castle_town	"???: ""Cluck, cluck, cluck, cluck..."""	
00B234C4	castle_town	"???: ""Hello. This is the castle town of Great Baleina."""	
00B23540	castle_town	"???: ""Oh, $t. Another fine day, isn't it?"""	
00B235C0	castle_town	"???: ""Still, it's better than some of the strange things served among the dishes at the castle feast."""	
00B2362C	castle_town	"???: ""My daughter-in-law's cooking has been awful lately. What a nuisance."""	Same household relation as 00B230A4.
00B23774	castle_town	"???: ""Come along, dear little chickens. It's feeding time!"""	
00B2C1B8	castle_church	"???: ""Crying just because his mom, the queen, is sick! What a coward, and he's a boy, too."""	Preserve the child's unkind gendered teasing as characterization, not narrator endorsement.
00B2C210	castle_church	"???: ""I saw him! The prince was crying in the flower bed outside the castle."""	
00B2C26C	castle_church	"???: ""Welcome to the church. We pray for your safe travels."""	
00B2C2DC	castle_church	"???: ""All I can do is pray for my husband... May he find what he's looking for and return soon."""	
00B2C348	castle_church	"???: ""My husband has gone to the port town on the king's business."""	
00B2C430	castle_church	"???: ""What a coward, and he's a boy, too."""	Retain the child's teasing, not a narrator judgment.
00B2C458	castle_church	"???: ""But his owner, John, kept quiet because he didn't want the soldiers to scold him."""	
00B2C4B8	castle_church	"???: ""I saw it! Mikey the dog pooed in the castle flower bed."""	
00B2C554	castle_church	"???: ""Our god must have heard my prayers and sent you. Thank you."""	
00B2C5BC	castle_church	"???: ""My husband, the castle's captain, has returned safely from the port town!"""	
00B2C6A8	castle_church	"???: ""I haven't seen John or his dog Mikey lately. Did the monsters eat them?"""	Speculative child dialogue, not confirmation of their deaths.
00B2C740	castle_church	"???: ""I pray that my husband, the castle's captain, can fulfill his duty."""	
00B2C7DC	castle_church	"???: ""Torneko, Tipper, thank you for all you've done. May divine protection stay with you..."""	
00B2C83C	castle_church	"???: ""Our god dwells in every heart. That is why each of us must protect ourselves."""	
00B2C8D8	castle_church	"???: ""I thought it might be good to try believing in a god for once."""	
00B2C918	castle_church	"???: ""Come to think of it, we've spent our lives drinking and taking things easy."""	
00B2C9A4	castle_church	"???: ""Will we be all right...?"""	
00B2C9C4	castle_church	"???: ""But doesn't a god protect good people, like Torneko?"""	
00B2CA78	castle_church	"???: ""$t, thank you for all you've done. May divine protection stay with you..."""	
00AE93F0	shared_repeats	"???: ""Hell Justice killed his parents... It's good that he's found a family now."""	Exact Japanese match to our independent translation in translations/story-completion.json, completion.00adfdbc. No external patch text used.
00AE9458	shared_repeats	"???: ""I hear Koroppi's living with a human?"""	Exact Japanese match to our independent translation in translations/story-completion.json, completion.00adfe24. No external patch text used.
00AF30B0	shared_repeats	It's covered in writing, but none of it makes sense...	Exact Japanese match to our independent translation in translations/story-completion.json, completion.00ae915c. No external patch text used.
00AF30F4	shared_repeats	$t looked at the notice on the wall.	Exact Japanese match to our independent translation in translations/story-completion.json, completion.00ae91a0. No external patch text used.
00BC8ED4	shared_repeats	The shelves are packed with difficult-looking books.	Exact Japanese match to our independent translation in translations/story-completion.json, completion.00ab930c. No external patch text used.
00C1D854	shared_repeats	Enter the Teleportal?	Exact Japanese match to our independent translation in translations/story-completion.json, completion.00adf4b0. No external patch text used.
00B351D8	castle_town_homes	"???: ""Will this be all right...?"""	
00B351F0	castle_town_homes	"???: ""I've hired a new chicken keeper, but there's something rather wild about him."""	
00B352D8	castle_town_homes	"???: ""Good morning. You had a good rest. Have a pleasant day."""	
00B3532C	castle_town_homes	"???: ""Good night, then."""	
00B3534C	castle_town_homes	"???: ""Please come again."""	
00B35374	castle_town_homes	"???: ""Welcome. Will you be staying the night?"""	
00B35484	castle_town_homes	"???: ""Welcome. You've done remarkable things. Please take care."""	
00B354EC	castle_town_homes	"???: ""It's frightening outside, so I'm staying at home."""	
00B35524	castle_town_homes	"???: ""Hello. Welcome to the castle town of Great Baleina."""	
00B355F0	castle_town_homes	"???: ""Welcome. Would you like to stay at our inn?"""	
00B35714	castle_town_homes	"???: ""You're amazing! Thank you so much!"""	
00B35990	castle_town_homes	"Douglas: ""I turned it down, but I appreciated the offer."""	
00B359CC	castle_town_homes	"Douglas: ""Your dad once asked if I wanted to work in his shop."""	
00B35A24	castle_town_homes	"Douglas: ""Oh! So you're Torneko's son, lad?"""	
00B35A60	castle_town_homes	"Douglas: ""I've got married, too. I'm settling down here."""	
00B35AA0	castle_town_homes	"Douglas: ""I tried all sorts of shops, but couldn't find one I liked."""	
00B35AFC	castle_town_homes	"Douglas: ""Hey, it's you, $t! Thanks for what you did back then."""	
00B3E194	castle_town_homes	"???: ""What a liar! Sigh... Maybe I should go home."""	
00B3E1CC	castle_town_homes	"???: ""He said he knew the king, so I followed him from the port, hoping he'd help me find a job..."""	
00B3E260	castle_town_homes	"???: ""Snooore... Mmm, bunny girl... Puff, puff, puff..."""	Series puff-puff allusion; retain the dream's repeated syllables without adding explicit acts.
00B3E2E4	castle_town_homes	"???: ""She dumped me for being a liar... Could this all be a dream?"""	
00B3E348	castle_town_homes	"???: ""The moment I woke up, the bunny girl I'd brought from the port punched me."""	
00B3E3D4	castle_town_homes	"???: ""Puff-puff... I mean, I'll protect her!"""	
00B3E414	castle_town_homes	"???: ""Evil monsters? Who cares!"""	
00B3E460	castle_town_homes	"???: ""Wheeze... It's so hard to breathe..."""	
00B3E4C8	castle_town_homes	"???: ""Aw, you're making me blush! Ha ha ha! Maybe I'll ask her for a puff-puff later."""	
00B3E54C	castle_town_homes	"???: ""I see him in a new light, so I'll stay with him for a while. Hee hee."""	
00B3E598	castle_town_homes	"???: ""Who'd have thought this man would try to protect me from the dark mist...?"""	
00B3E624	castle_town_homes	"???: ""Aw, you're making me blush! Ha ha ha! Maybe tonight I'll finally get a puff-puff."""	
00B43688	castle_tavern	"???: ""Welcome! Make yourself at home."""	
00B436F4	castle_tavern	"???: ""Even I don't have medicine to cure the queen's illness."""	
00B4373C	castle_tavern	"???: ""What a problem. Usually, the king pays well for the goods I find on my travels."""	
00B437D4	castle_tavern	"???: ""But she was too eccentric to get along with everyone, so she left town."""	
00B4382C	castle_tavern	"???: ""Come to think of it, I once heard of an old fortune-teller in the port who could cure any illness."""	
00B438BC	castle_tavern	"???: ""The queen is a real beauty. No wonder the king is so smitten."""	
00B43954	castle_tavern	"???: ""Oh, it must be such a fun place. I'd love to go."""	
00B4399C	castle_tavern	"???: ""You're a traveler, aren't you? Have you been to the Monster arena beneath Costa Libera?"""	
00B43A38	castle_tavern	"???: ""Then the queen somehow fell ill... Did I do something wrong? Oh, dear..."""	
00B43AA4	castle_tavern	"???: ""As soon as I returned from my last voyage, I delivered the silver mirror the queen wanted."""	
00B43BB4	castle_tavern	"???: ""At times like that, a good swig of this is just the thing."""	
00B43BF8	castle_tavern	"???: ""You look as if something's troubling you, too. Are you all right?"""	
00B43CD4	castle_tavern	"???: ""My problem is that I'm too honest. Even with my last girlfriend..."""	
00B43D60	castle_tavern	"???: ""You really are honest. All right, I'll believe you. Hee hee."""	
00B43DE4	castle_tavern	"???: ""Your new shopkeeper left early this morning, all fired up about opening the shop in the port."""	
00B43E40	castle_tavern	"???: ""Oh? You're Torneko, aren't you? Should you be here?"""	
00B43EC4	castle_tavern	"???: ""The queen's grown younger and even more beautiful, they say. Lucky her!"""	
00B43FB4	castle_tavern	"???: ""Now things are peaceful at the castle, fewer people come for drinks. Just my luck."""	
00B44070	castle_tavern	"???: ""Welcome. We're open for business today, too."""	
00B440E4	castle_tavern	"???: ""Tch. A drink tastes awful when you're alone."""	
00B4412C	castle_tavern	"???: ""They say Hell Justice uses strange magic to control his followers' minds as he pleases."""	
00B44194	castle_tavern	"???: ""I've heard a rumor about it."""	
00B44200	castle_tavern	"???: ""The sky went black, and before we knew it, that dark mist covered everything."""	
00B44258	castle_tavern	"???: ""It was so sudden. First, a horrible wind blew..."""	
00B442DC	castle_tavern	"???: ""Drink is my monster. I want to stop, but I can't."""	
00B44370	castle_tavern	"Marin: ""But he wouldn't give up and followed me here... I surrender. Perhaps I'll marry him."""	Original character's response retained; not a general relationship recommendation.
00B443D8	castle_tavern	"Marin: ""With things like this, I quit my job at the Monster arena and came home to my family."""	
00B44464	castle_tavern	"???: ""A man has to be persistent! You keep pushing, pushing, pushing!"""	Retain this NPC's pushy advice as characterization.
00B444EC	castle_tavern	"???: ""Douglas was such a good cook... Argh!"""	
00B44524	castle_tavern	"???: ""I own this place! How can the food be so awful?!"""	
00B445B0	castle_tavern	"???: ""The owner was called away to help prepare the castle celebration."""	
00B445FC	castle_tavern	"???: ""I'm sorry. We're closed today."""	
00B44650	castle_tavern	"???: ""...Zzz..."""	
00B446A4	castle_tavern	"???: ""Oh? Aren't you a bit young to be coming here? Hee hee."""	
00B446F4	castle_tavern	"???: ""Welcome. Please make yourself at home."""	
00B447BC	castle_tavern	"???: ""Working in that unfamiliar castle kitchen left my shoulders stiff. This is where I belong."""	
00B44850	castle_tavern	"???: ""Even I feel like a drink now and then. Gulp, gulp..."""	
00B44898	castle_tavern	"???: ""Is it strange for a young woman like me to drink alone?"""	
00B44908	castle_tavern	"???: ""I came because I heard a blacksmith here can do synthesis. Where could he be?"""	Existing synthesis terminology retained.
00B449FC	castle_tavern	"???: ""Maybe I'll visit the Monster arena on my next day off. Watching monsters fight is so exciting."""	
00B44A9C	castle_tavern	"???: ""The king has become kinder, letting us visit places like this during our breaks."""	
00B4E3EC	castle_smith	The door is locked. It seems to be for the shopkeeper outside to come and go.	
00B4E458	castle_smith	'Synthesis shop. Established 60 years. No first-time customers.'	Preserve the stated sixty-year business history and introduction-only policy.
00B4E520	castle_smith	"???: ""He joined the castle to become a great scholar, then quit. What is he thinking...?"""	
00B4E588	castle_smith	"???: ""My son didn't want to follow his grandfather and become a blacksmith."""	
00B4E5F8	castle_smith	"???: ""All that commotion at the castle is distracting me. Come back another time."""	
00B4E64C	castle_smith	"???: ""Hmph. Sorry, but I only work when I feel like it."""	
00B4E708	castle_smith	"???: ""My good-for-nothing son finally seems ready to learn his grandfather's trade."""	
00B4E778	castle_smith	"???: ""Very well. I'll work for you. Come and see me when you need something."""	
00B4E7DC	castle_smith	"???: ""Hmph. Thanks to you, things seem quieter at the castle."""	
00B4E83C	castle_smith	"Samson: ""I'm turning over a new leaf. I'll learn smithing from the beginning."""	
00B4E894	castle_smith	"Samson: ""Hello, Torneko! Thank you for yesterday. You helped me make up my mind."""	
00B4E96C	castle_smith	"???: ""He can be awkward, but he works hard. Please help him learn."""	
00B4E9CC	castle_smith	"???: ""Forgive my late introduction. I'm Samson's mother. Please look after my son."""	
00B4EA38	castle_smith	"???: ""Oh, Torneko. Have you come all this way to visit us?"""	
00B4EABC	castle_smith	"???: ""Cough! Cough! Me, catching a cold? It must be a sign of disaster."""	
00B4EB40	castle_smith	"???: ""Hmm? Brought your precious weapon? Let me see..."""	
00B4EC14	castle_smith	"Samson: ""I train here every day, hoping at least to inherit my grandfather's skill."""	
00B4EC6C	castle_smith	"Samson: ""Hello. I owe so much to you and your family, $t."""	
00B4ED38	castle_smith	"???: ""Now, what shall I cook tonight?"""	
00B4ED64	castle_smith	"???: ""Home cooking is better than the castle's fancy food!"""	
00B4EDAC	castle_smith	"???: ""Hmph. Bring your precious weapon after the castle celebration. I'll strengthen it for you."""	
00B4EE24	castle_smith	"Samson: ""Thanks to you, Grandfather is more eager than ever. He trains me day and night. Ha ha..."""	
00B4EE90	castle_smith	"Samson: ""Hello, Torneko! You and your son did such remarkable things!"""	
00B4EF84	castle_smith	"???: ""Come on, tell me what you want before I change my mind."""	
00B4EFC4	castle_smith	"???: ""Hmph. I'm no ordinary blacksmith. I've practiced synthesis with these hands for years."""	
00B4F040	castle_smith	"Samson: ""I'll never forget what you and your family did to save this kingdom, Torneko."""	
00B58440	castle_town_homes	'Keeping a Cat'\nIt explains in detail how to care for cats and play with them.	Project book title, not an external publication.
00B58534	castle_town_homes	"???: ""I don't know who you are, but if you find Miko, I'll reward you."""	
00B5858C	castle_town_homes	"???: ""Oh, my sweet Miko. Where could you have gone?"""	
00B58684	castle_town_homes	"???: ""Miko is a precious member of my family. Thank you so very much."""	
00B586D4	castle_town_homes	"???: ""Oh, what a shame. Your bag is full. Please do come back later."""	
00B58730	castle_town_homes	"???: ""A rare medal my late husband collected. Here, take it."""	Source calls it a medal; inventory reward identity remains in the event/item table.
00B58784	castle_town_homes	"???: ""Thank you. Please accept this as your reward."""	
00B587C8	castle_town_homes	"???: ""Oh, have I mistaken you for someone else? I'm sorry."""	
00B587F8	castle_town_homes	"???: ""Oh, you must be the one who saved my sweet Miko, aren't you?"""	
00B58874	castle_town_homes	"Miko: ""Meow, meow, meow!"""	
00B5896C	castle_town_homes	"Miko: ""Meow..."""	
00B589A8	castle_town_homes	"???: ""Oh, who were you again? I'm sorry. I've been so forgetful lately."""	
00B5F3C0	castle_town_homes	The shelves are packed with all sorts of seasonings.	
00B5F3F0	castle_town_homes	$t examined the cupboard.	
00B5F424	castle_town_homes	The shelves are packed with lovely dishes.	
00B5F560	castle_town_homes	"???: ""The queen surely never has to clean. Lucky her!"""	
00B5F5B8	castle_town_homes	"???: ""Whew... Cleaning is exhausting!"""	
00B5F60C	castle_town_homes	"???: ""...Zzz..."""	
00B5F6C4	castle_town_homes	"???: ""The queen surely never has to cook. Lucky her!"""	
00B5F71C	castle_town_homes	"???: ""Whew... Preparing meals is exhausting!"""	
00B5F77C	castle_town_homes	"???: ""My husband's back at the inn's bar, and John's gone off! What's with the men in this family?!"""	
00B5F848	castle_town_homes	"???: ""The next world may come to fetch me, but I don't want monsters doing it. Heaven preserve us!"""	
00B5F8DC	castle_town_homes	"???: ""I'm going to watch the celebration. What should I wear?"""	
00B5F978	castle_town_homes	"???: ""It's all thanks to you. Thank you, thank you..."""	
00B5F9B8	castle_town_homes	"???: ""Ah, now the next world can come for me in its own time, instead of the darkness."""	
00B5FA40	castle_town_homes	"???: ""Let's see... Was that dish at the celebration something like this...?"""	
00B64198	castle_well	"Miko: ""Meow..."""	
00B641B0	castle_well	She seems to have fallen into the well and become trapped.\nHelp her out?	Named cat Miko; rescue question preserved.
00B64200	castle_well	"Miko: ""Meeooow..."""	
00B6426C	castle_well	"???: ""Shh! Quiet! The monsters will hear us!"""	
00B642BC	castle_well	"Mikey: ""Woof, woof!"""	
00B6F98C	tipper_shrine	"???: ""Oh, Tipper. Are you sure it's safe to wander outside on your own?"""	
00B6F9F8	tipper_shrine	"???: ""Even Torneko's son can't pass without the chief's permission."""	
00B6FA58	tipper_shrine	"???: ""This is the sacred shrine of our people of Barinabo."""	
00B6FDE4	tipper_shrine	"???: ""I'm glad we people of Barinabo can serve as guides to this world once again."""	
00B6FE3C	tipper_shrine	"???: ""I see. The time has come for the Gate of Truth to open."""	
00B6FE8C	tipper_shrine	"???: ""I'll pray that you reach Torneko. Keep going!"""	
00B6FEDC	tipper_shrine	"???: ""Examine the door deep on the right underground. You should be able to fit the Star of the Gods into it."""	Preserve underground right-hand route; do not substitute the earlier left route.
00BC8E54	lighthouse_house	'The Sea Dragon and the Lighthouse'\nThis book tells Sea Dragon Isle's legends in words even children can understand.	Project book title; original island legend, not an outside publication.
00BC8F34	lighthouse_house	A map hangs on the wall. The small island drawn to the left of center seems to be this one.	
00BC908C	lighthouse_house	"???: ""What shall I cook today? The bread made with Dragon's mane came out nicely, but..."""	
00BC9124	lighthouse_house	"???: ""He says if monsters settled there, the sacred flame could never be lit again."""	
00BC9188	lighthouse_house	"???: ""His brother still stubbornly guards the flame's altar."""	
00BC9224	lighthouse_house	"???: ""He's my brother. Despite appearances, he's a serious man through and through."""	
00BC9270	lighthouse_house	"???: ""...Well, not that anything like that could happen."""	
00BC92A4	lighthouse_house	"???: ""I see. If you do recover the sacred flame, please take it to my brother."""	
00BC9310	lighthouse_house	"???: ""Have you met the lighthouse keeper?"""	
00BC941C	lighthouse_house	"???: ""They're buried underground now, but legend says the god's sacred flame is sealed deep within."""	
00BC9488	lighthouse_house	"???: ""North of this island are ruins from hundreds of years ago, when the island still prospered."""	
00BC94D8	lighthouse_house	"???: ""Then perhaps there is hope. I'll tell you where to find the divine flame sealed away by a fiend."""	
00BC9540	lighthouse_house	"???: ""Oh, a traveler? ...Hmm. You have good, honest eyes."""	
00BC960C	lighthouse_house	"???: ""Did you sleep well? Come back any time."""	
00BC9644	lighthouse_house	"???: ""Rest well, then..."""	
00BC9660	lighthouse_house	"???: ""Oh, I see. Come back whenever you feel like resting."""	
00BC96B0	lighthouse_house	"???: ""Would you like to rest here?"""	
00BC96D4	lighthouse_house	"???: ""Oh, my. Welcome! You've come quite a way."""	
00BC9778	lighthouse_house	"???: ""He said it to you too, didn't he? Really gets on your nerves!"""	
00BC97B4	lighthouse_house	"???: ""That pompous man next door said I could never recover the sacred flame!"""	
00BC994C	lighthouse_house	"???: ""Now the Dragon's mane will surely grow in abundance again."""	
00BC9990	lighthouse_house	"???: ""Oh, my! The Sea Dragon's sacred flame really does exist!"""	
00BC9A00	lighthouse_house	"???: ""I'm sure those feelings reached the dragon god, too. Right, dear?"""	
00BC9A8C	lighthouse_house	"???: ""I see my brother in a whole new light. Thank you."""	
00BC9ABC	lighthouse_house	"???: ""To be honest, I thought my brother, the keeper, was just an old-fashioned, serious bore."""	
00BC9B1C	lighthouse_house	"???: ""So the Sea Dragon's sacred flame really did exist."""	
00BC9B78	lighthouse_house	"???: ""Meow?! Purrr..."""	
00BC9C84	lighthouse_house	"???: ""Hurry to the altar on the top floor! In your hands, the flame should be safe from monsters."""	
00BC9CE4	lighthouse_house	"???: ""Just bring the flame close to the altar. You'll be guided naturally."""	
00BC9D34	lighthouse_house	"???: ""Huh? How do you offer the flame at the lighthouse altar?"""	
00BC9D60	lighthouse_house	"???: ""Hmm! Wonderful! It seems I judged you correctly."""	
00BC9DC0	lighthouse_house	"???: ""That's wonderful. Now hurry and light the flame on the altar."""	
00BC9E6C	lighthouse_house	"???: ""...What? Don't talk to me. I'm busy."""	
00BC9FEC	lighthouse_house	"???: ""Sorry. There's only enough left for my family. Come back another time."""	
00BCA044	lighthouse_house	"???: ""Oh? Would you like this bread too, Torneko?"""	
00BCA07C	lighthouse_house	"???: ""Now the Dragon's mane grows so well, the bread seems to taste better, too."""	
00BCA0D4	lighthouse_house	"???: ""Sell or discard something, then come back."""	
00BCA11C	lighthouse_house	"???: ""...Oh, but your bag seems to be full."""	
00BCA158	lighthouse_house	"???: ""Here, take it! Fresh from the oven!"""	
00BCA190	lighthouse_house	"???: ""Oh, I see. Then I'll have both portions myself."""	
00BCA1D8	lighthouse_house	"???: ""Oh, Torneko! Would you like to take some of this delicious bread?"""	
00BCA23C	lighthouse_house	"???: ""What shall I cook today? The bread made with Dragon's mane came out nicely, but..."""	
00BCA2BC	lighthouse_house	"???: ""Meow, meow, meow!"""	
00BCA3A8	lighthouse_house	"???: ""...and someday uncover a legend that may help you. Until we meet again then..."""	Continues the preceding promise to keep researching.
00BCA408	lighthouse_house	"???: ""So far, I know only about this island. But I shall continue my research..."""	
00BCA468	lighthouse_house	"???: ""Its warm light must have reached even the depths of the sea."""	
00BCA4B0	lighthouse_house	"???: ""Ah, Torneko. Thanks to you, the sacred flame shines on this island and its seas once more."""	
00BCA538	lighthouse_house	"???: ""Snooore... Mmm... I can't drink another drop! ...Snort."""	
00BCA600	lighthouse_house	"???: ""Oh, my! Aren't you Torneko?"""	
00BCA7F4	lighthouse_house	"???: ""Oh, but your bag's full. Sell or discard something, then come back."""	
00BCA850	lighthouse_house	"???: ""That bread is made with special mane wheat. It won't spoil easily."""	Preserve resistance to spoilage without asserting absolute immunity.
00BCA8A8	lighthouse_house	"???: ""Oh! You've brought Golden mane? Then I'll give you this special bread."""	
00BCA90C	lighthouse_house	"???: ""Sorry, this special bread can only be baked with Golden mane. You'll need to bring some..."""	
00BCA978	lighthouse_house	"???: ""Huh? You want this special bread?"""	
00BCA9A4	lighthouse_house	"???: ""La la la! Let's bake delicious bread! Fluffy and golden, come and have some!"""	Sung prose rendered without an unsupported music-note glyph.
00BCABFC	statue_advice	"???: ""The figure of a Shaman appears to be carved into this statue."""	Exact reviewed きとうし species, not a generic priest.
00BCAC44	statue_advice	"???: ""Please be careful."""	
00BCAC60	statue_advice	"???: ""Stay alert when foes and allies swap places. An immediate attack could leave you in trouble."""	
00BCACD0	statue_advice	"???: ""You might think the effect isn't much to worry about, but..."""	
00BCAD14	statue_advice	"???: ""The Swap statue. It swaps the positions of those in the same room."""	
00BCAD6C	statue_advice	"???: ""If you can destroy the statue, it's best to do so quickly."""	
00BCADB8	statue_advice	"???: ""But you can't tell where it will land, so you can't dodge it..."""	
00BCAE0C	statue_advice	"???: ""Being crushed beneath it would be awful."""	
00BCAE40	statue_advice	"???: ""The Big Moai statue. They say it sometimes floats up, then falls from the sky."""	
00BCAE9C	statue_advice	"???: ""Both attacking monsters and your companions act as though this statue were you."""	Preserve effects on both sides.
00BCAEF8	statue_advice	"???: ""The Decoy statue. As its name suggests, it takes your place as a decoy."""	
00BCAF50	statue_advice	"???: ""Personally, I'd simply keep well away."""	
00BCAF88	statue_advice	"???: ""If you're very confident in your health, you could lure monsters close and make use of it..."""	
00BCAFE4	statue_advice	"???: ""Just approaching it seems to bring a fiery attack."""	
00BCB01C	statue_advice	"???: ""The Flame statue. Never approach this one carelessly."""	
00BCB06C	statue_advice	"???: ""However, those who are asleep or flying seem to avoid being tripped."""	Preserve sleep and flight exceptions.
00BCB0B8	statue_advice	"???: ""Be especially careful when carrying items you don't want to drop."""	
00BCB118	statue_advice	"???: ""The Tripping statue. While it's present, someone may be tripped up now and then."""	
00BCB16C	statue_choices	Cancel	End the six-row statue-topic menu.
00BCB174	statue_choices	Swap statue	Existing reviewed full statue name.
00BCB184	statue_choices	Big Moai statue	Existing reviewed full statue name.
00BCB198	statue_choices	Decoy statue	Existing reviewed full statue name.
00BCB1A8	statue_choices	Flame statue	Existing reviewed full statue name.
00BCB1B4	statue_choices	Tripping statue	Existing reviewed full statue name.
00BCB1C0	statue_advice	"???: ""Would you like to hear what I've learned about statues?"""	
00BCB204	statue_advice	"???: ""I've been researching the mysterious statues said to exist in dungeons somewhere in the world."""	
00BCB344	lighthouse_house	"???: ""Oh, I see. I may be old, but I still keep the beds properly made..."""	
00BCB3A0	lighthouse_house	"???: ""Oh, a guest? Would you like to rest here?"""	
00BD293C	journey_rest_stops	"???: ""Sorry, I don't have any right now. Come back in a while."""	
00BD297C	journey_rest_stops	"???: ""Huh? You want another Antidotal herb?"""	
00BD29A4	journey_rest_stops	"???: ""Sorry. Maybe next time."""	
00BD29C4	journey_rest_stops	"???: ""...Or so I thought. Your bag's full!"""	
00BD2A00	journey_rest_stops	"???: ""Here! Have this Antidotal herb as a token of our new friendship."""	
00BD2A40	journey_rest_stops	"???: ""Whoa! I sure didn't expect to meet anyone here! You startled me!"""	
00BDB0D4	journey_rest_stops	The door is firmly shut! It seems it can't be opened from this side.	
00BDB15C	journey_rest_stops	"???: ""What an awful cave I've wandered into! I might not even make it back to my own town."""	
00BDB1C0	journey_rest_stops	"???: ""I'm a merchant from the port town. I thought I could do even bigger business on another island..."""	
00BDB22C	journey_rest_stops	"???: ""Oh? Are you from Great Baleina Isle to the north, too?"""	
00BDB28C	journey_rest_stops	"???: ""Even if you reach Great Baleina, you might never be able to return here."""	
00BDB2EC	journey_rest_stops	"???: ""Unless you're truly prepared, you'd best not go up there."""	
00BDB32C	journey_rest_stops	"???: ""Great Baleina Isle, beyond the dungeon above, is in terrible trouble."""	
00BDB3B4	journey_rest_stops	"???: ""I managed to flee this far, but I'm too frightened to go any farther..."""	
00BDB404	journey_rest_stops	"???: ""I used to live in Costa Libera, a town to the north."""	
00BDB468	journey_rest_stops	"???: ""Sob... The town is freezing, and the dungeon's full of monsters... What should I do?"""	
00BDB4F0	journey_rest_stops	"???: ""Those people told me the town's in terrible trouble. Oh, what could have happened to my daughter?"""	
00BDB550	journey_rest_stops	"???: ""I trade in the port town. The dungeon's monster merchants beat me, so I decided to go home..."""	
00BDB624	journey_rest_stops	"???: ""The northern island is in trouble, but things ahead may be worse. I'm keeping watch here."""	
00BDB71C	journey_rest_stops	"???: ""What?! To think there are still people coming all the way out here!"""	
00BDB81C	journey_rest_stops	"???: ""The world seems to be at peace. I'll take this chance to become a traveling merchant again."""	
00BE3EB0	journey_rest_stops	"???: ""Good morning. Take care on your travels."""	
00BE3F14	journey_rest_stops	"???: ""I see. The road is a hard one. Please don't push yourself too much."""	
00BE3F60	journey_rest_stops	"???: ""I'm a traveling nun. Would you care to rest here for a while?"""	
00BE3FD4	journey_rest_stops	"???: ""Snorrr... Snorrr!"""	
00BE4024	journey_rest_stops	"???: ""Hm? You're only a child! Ha ha ha! You'll never make it any farther."""	
00BE4080	journey_rest_stops	"???: ""Everyone who comes here is a seasoned warrior hoping to become a hero."""	
00BE40FC	journey_rest_stops	"???: ""They seem to be descendants of the Barinabo tribe, said in legend to be messengers of the gods."""	
00BE4158	journey_rest_stops	"???: ""A couple swept away long ago by a great storm on an island north of here..."""	
00BE41A4	journey_rest_stops	"???: ""I saw them."""	
00BE4394	journey_rest_stops	"???: ""Hm? You... You look quite capable!"""	
00BEE8F4	journey_rest_stops	"???: ""This is Jungle Isle, where those lost at sea wash ashore. Take your time and relax."""	
00BEE948	journey_rest_stops	"???: ""Oh, wait... A little monster did wander in here some years ago."""	
00BEE9A0	journey_rest_stops	"???: ""Well! This is the first time we've had a visitor out here!"""	
00BEEA14	journey_rest_stops	"???: ""Take my advice. Be a good boy and go home."""	
00BEEA50	journey_rest_stops	"???: ""Even I have trouble with the dungeon ahead."""	
00BEEA84	journey_rest_stops	"???: ""Hey, kid! You're not planning to go farther, are you?"""	
00BF72F4	journey_rest_stops	A map hangs on the wall. The tiny island just right of the center seems to be this one.	
00BF7448	journey_rest_stops	"???: ""The village I once lived in was called Barinabo. It was a lovely place, protected by the gods."""	
00BF74A4	journey_rest_stops	"???: ""...I suppose you could say I'm still on a journey, too. After all, I've lost my home."""	
00BF750C	journey_rest_stops	"???: ""Oh, a visitor? You look as though you're in the middle of a journey."""	
00BF75F0	journey_rest_stops	"???: ""For the rest of my life, I can at least pray for our villagers here, on this island embraced by jungle."""	
00BF7658	journey_rest_stops	"???: ""We had no way to return home."""	
00BF7690	journey_rest_stops	"???: ""A passing ship happened to rescue us and bring us to this island, but..."""	
00BF76E0	journey_rest_stops	"???: ""For some reason, only my husband and I were swept far out to sea."""	
00BF7728	journey_rest_stops	"???: ""But one day, a terrible, cursed storm struck our village."""	
00BF7770	journey_rest_stops	"???: ""My husband and I lived happily in our home village with my father, the Chief, upholding our divine mission."""	
00BF783C	journey_rest_stops	$t lay down on the straw.	
00BF785C	journey_rest_stops	Clean straw has been laid out for bedding. Would you like to rest here?	
00BF7944	journey_rest_stops	"???: ""Such strange words. Well, take care."""	
00BF7980	journey_rest_stops	"???: ""Shall I repeat it, just to be sure?"""	
00BF79A8	journey_rest_stops	"???: ""Those were the words. I have no idea what they're meant for, though."""	
00BF7A14	journey_rest_stops	"???: ""Hmm, come to think of it, I did hear some words I couldn't make sense of... Now, what were they...?"""	
00BF7A74	journey_rest_stops	"???: ""Oh, have we met before? What's that? Did I hear something important from a monster?"""	
00BF7C20	journey_rest_stops	"???: ""Huh? The old couple who lived here? I hear they left to go back to their home village."""	
00BF7CC0	journey_rest_stops	"???: ""What's he going to do if monsters turn up?! Grumble, grumble..."""	
00BF7D04	journey_rest_stops	"???: ""Why does my husband like such a remote little hut in the woods?"""	
00BF86C4	journey_rest_stops	"???: ""This mountain is dangerous now, unlike in the old days. Monsters live here. Turn back!"""	
00BF8720	journey_rest_stops	"???: ""Hold it! I can't let you pass without permission from the King of Great Baleina."""	
00BF8844	journey_rest_stops	"???: ""Thank you for your service! Please, go right through."""	
00BF8884	journey_rest_stops	"???: ""What? The King sent you to see the Fortune-teller?"""	
00BF8914	journey_rest_stops	"???: ""Thank you for your service! Please, go right through."""	
00BF8980	journey_rest_stops	"???: ""Cough, cough! I'm keeping watch to stop monsters getting in! ...Cough!"""	
00BF8A7C	journey_rest_stops	"???: ""Ugh... Ugh... Th-they got me..."""	
00C0B4C4	journey_finale	The bottom of the stairs has collapsed. You can't get inside.	
00C0B670	journey_finale	Cold to the touch, and motionless... It seems to be under Hell Justice's spell.	
00C0B6D4	journey_finale	Torneko has been turned to stone and put on display!	
00C0B8BC	journey_finale	"Rosa: ""If you meet our dad somewhere out in the world, say hi for us. See ya!"""	
00C0B910	journey_finale	"Rosa: ""Meeting you all was a lot of fun."""	
00C0B944	journey_finale	"Ines: ""We're going back where we belong. Please take care..."""	
00C0B98C	journey_finale	"Ines: ""Torneko, Tipper... Your journey is over, and so is our task."""	
00C0B9F0	journey_finale	"Tipper: ""Dad!! You're back to normal?!"""	
00C0BA24	journey_finale	"Ines: ""Hee hee... Even you can be serious sometimes, Rosa. Let's begin..."""	
00C0BA74	journey_finale	"Rosa: ""Come on, Sis. We'd better break the spell. We haven't got much time."""	
00C0BACC	journey_finale	"Ines: ""We haven't been much help, but it looks like we can save your father."""	
00C0BB2C	journey_finale	"Ines: ""Tipper... Thank you for working so hard to get this far."""	
00C151AC	journey_finale	It seems to be sealed by some kind of spell...	
00C151E0	journey_finale	But no matter how you push or pull, it won't budge!	
00C1520C	journey_finale	Something like a stone door is set into the base of the magnificent tree...	
00C1532C	journey_finale	But the stone door remained silent. Nothing happened...	
00C1536C	journey_finale	But you didn't know the words of the spell!	
00C153A4	journey_finale	Will you answer the door's question with the words of the spell?	
00C153D8	journey_finale	The moss-covered stone door seems to be speaking to you...	
00C21688	journey_finale	Torneko carefully put away the Sea Dragon's sacred flame.	
00C216B4	journey_finale	You found the Sea Dragon's sacred flame!	
00C216D8	journey_finale	Mysterious light pours from the treasure chest, illuminating the surroundings...	
00C2170C	journey_finale	Torneko opened the treasure chest!	
00C3079C	journey_finale	"Fortune-teller: ""You may not understand yet, of course. Ho ho ho ho!"""	
00C307F0	journey_finale	"Fortune-teller: ""The best way for a woman to stay young and beautiful is to lose herself in love for a man."""	
00C30840	journey_finale	"Fortune-teller: ""It's a secret love potion passed down from my ancestors."""	
00C3087C	journey_finale	"Fortune-teller: ""Hm? That? Very well, I'll tell you."""	
00C308BC	journey_finale	"Rosa: ""Hey, Granny. I've been wondering... What was that medicine you gave the Queen?"""	
00C3092C	journey_finale	"Ines: ""...By the way, Granny. I've been wondering... What was the medicine you gave the Queen?"""	
00C309A0	journey_finale	"Fortune-teller: ""At last, I'll meet your son. I'll have him well again soon, so don't worry."""	
00C30A04	journey_finale	"Fortune-teller: ""Well, one thing's certain. We're getting closer to Barinabo Isle."""	
00C30A4C	journey_finale	"Fortune-teller: ""Oh, really? Perhaps my intuition has grown dull."""	
00C30A88	journey_finale	"Fortune-teller: ""A sea voyage is nice now and then. We must be west of Sea Dragon Isle by now, eh?"""	
00C30BEC	journey_finale	"Tessie: ""Oh, I'm so excited! I can't wait to reach Costa Libera."""	
00C30C30	journey_finale	"Tessie: ""Now that we have a new shop, we must work hard, too."""	
00C30C74	journey_finale	"Tessie: ""Just imagining Tipper growing into a dependable hero... Hee hee."""	
00C30CBC	journey_finale	"Tessie: ""...I'm getting carried away, aren't I? Perhaps it's a mother's bias."""	
00C30CF8	journey_finale	"Tessie: ""For when trouble comes to the world, just as you once fought alongside the heroes."""	
00C30D58	journey_finale	"Tessie: ""Perhaps the gods saw that in Tipper and are guiding him to set out on his journey."""	
00C30DB8	journey_finale	"Tessie: ""He's grown into such a fine young boy before I knew it... I suppose I'm getting older, too."""	
00C30E18	journey_finale	"Tessie: ""But I was surprised when Tipper said he would stay in the village."""	
00C30E5C	journey_finale	"Tessie: ""I was a little scared to go to sea again, but the ocean is beautiful. It feels lovely out here."""	
